_catalog_source,_catalog_ordinal,_catalog_role,_catalog_key_occurrence,candidate_id,cell_id,r,c,h0,v0,is_B1_route,coarse_class,family,sector,generation,color,structural_multisection,physical_family,generation_depth,rho_orbit,first_class_phase_return,first_orbit_phase_return,first_cell_phase_return,first_kinematic_state_return_within_108,first_kinematic_state_return_extended,turns,sheet_switches,carry_debt_total,carry_debt_final,delayed_carry_blocks,stable_decimal_triads_final,w6_repeat_K_to_Kplus9,prefix_memory_changes_K_to_Kplus9,nA_raw,sC_raw,kappa0_raw,nu120_raw,nu270_raw,tau12,w6_words,D1,D3,D4,D27,D36,Omega90_120,P6,K_D,K_Omega,kappa_D,kappa_Omega,Ract_factor_D,Ract_factor_Omega,route_status,route_genealogy_sha256,reader_sha256,cell_ledger_108_sha256
rutas,1,INTERNAL_ORIENTED_ROUTES,1,r1c1_h-1v-1,1,1,1,-1,-1,NO,charged_lepton_G4,charged_lepton,lepton,4,,charged_lepton_G4,charged_lepton,G4,"1,1;9,9",27,27,27,54,216,71,107,2,1,2,16,9,9,24,0,0,0,-12,+++---+++---,486 423 15 486 429 243 657 24 243 486 423 15 486 429 243 657 24 243,54,56,70,48,32,80,6,"(80,54,7)","(80,54,6)",79.60672133621751972652496,79.60661013979482758647091,1.000000055189889622315337,1.000000055189812531859140,TARGET_FREE_INTERNAL_ROUTE,effeba5464fe6134ce328276caffda457de9d85e22f3932aa8ce593a521c1040,32867437928eda79ef832344d5cde5886a4c715e968ad77746df4b890958246e,
rutas,2,INTERNAL_ORIENTED_ROUTES,1,r1c1_h-1v+1,1,1,1,-1,1,YES,charged_lepton_G4,charged_lepton,lepton,4,,charged_lepton_G4,charged_lepton,G4,"1,1;9,9",27,27,27,54,216,71,107,0,0,0,17,9,9,14,-4,0,0,-12,+++---+++---,507 504 585 507 510 510 666 672 510 507 504 585 507 510 510 666 672 510,78,28,78,36,24,80,6,"(60,78,25)","(80,54,6)",59.43358641016316702356304,79.60661013979482758647091,1.000000041204222405344905,1.000000055189812531859140,TARGET_FREE_INTERNAL_ROUTE,7cc1cc9f41e40afb8776ff845297b2b0b8b440b8724f822cc6fca90c7639f2df,85737ea39e08488f4972aa61178a8ccbedcd6662f8b923a8009c6ffeba7c5e7b,5e13be751c11cc8bf7ef794982848590e3ae4f7273685430f5f6144bfc16ebd7
rutas,3,INTERNAL_ORIENTED_ROUTES,1,r1c1_h+1v-1,1,1,1,1,-1,NO,charged_lepton_G4,charged_lepton,lepton,4,,charged_lepton_G4,charged_lepton,G4,"1,1;9,9",27,27,27,54,216,71,107,2,0,1,17,9,9,14,4,0,0,-12,+++---+++---,666 672 510 666 666 585 507 504 585 666 672 510 666 666 585 507 504 585,78,28,78,36,24,80,6,"(60,78,25)","(80,54,6)",59.43358641016316702356304,79.60661013979482758647091,1.000000041204222405344905,1.000000055189812531859140,TARGET_FREE_INTERNAL_ROUTE,aabfcc6099652e23f82f1a50e4ad66a28960ccdb0db840370dfdf043e39dd2d5,ecd7e3616b9a9821dc08227b0714d924426ca0d13867b735ffb5c614b0ed3390,
rutas,4,INTERNAL_ORIENTED_ROUTES,1,r1c1_h+1v+1,1,1,1,1,1,NO,charged_lepton_G4,charged_lepton,lepton,4,,charged_lepton_G4,charged_lepton,G4,"1,1;9,9",27,27,27,54,216,71,107,2,0,1,17,9,9,24,0,0,0,-12,+++---+++---,657 24 243 657 18 15 486 423 15 657 24 243 657 18 15 486 423 15,54,56,70,48,32,80,6,"(80,54,7)","(80,54,6)",79.60672133621751972652496,79.60661013979482758647091,1.000000055189889622315337,1.000000055189812531859140,TARGET_FREE_INTERNAL_ROUTE,cb1834fa28511686ade62a6327bd1ef9daabe103193e9e71583b231c288f5657,ce86abc79b701a0ec9ae2123d730f8c5eb0e88daf5bfa926378543688333fd17,
rutas,5,INTERNAL_ORIENTED_ROUTES,1,r1c2_h-1v-1,2,1,2,-1,-1,YES,neutrino_G4,neutrino,lepton,4,,neutrino_G4,neutrino,G4,"1,2;9,8",27,27,27,54,216,71,107,1,0,1,17,9,9,28,-6,0,-4,-12,+++---+++---,90 570 264 90 567 657 24 243 657 90 570 264 90 567 657 24 243 657,66,64,64,60,40,80,6,"(100,66,0)","(80,54,6)",99.51837473042726913417918,79.60661013979482758647091,1.000000068994276645021895,1.000000055189812531859140,TARGET_FREE_INTERNAL_ROUTE,7334be27187ca745a3c7e70d9f4fea4fb6d8c31f990e2382f7f91263fb447d0c,7677699b2a6f6153d139cc02ebcac4a1ff7f1894b6da0a7b1e46b74f55110f6a,e589bca4743ae3a8412d609f38a1cbca9ab5e81521c621f651183be2730acc06
rutas,6,INTERNAL_ORIENTED_ROUTES,1,r1c2_h-1v+1,2,1,2,-1,1,NO,neutrino_G4,neutrino,lepton,4,,neutrino_G4,neutrino,G4,"1,2;9,8",27,27,27,54,216,71,107,2,0,2,17,9,9,50,-6,2,-4,-8,+0+---+0+---,81 3 0 81 0 3 0 81 3 81 3 0 81 0 3 0 81 3,24,20,24,24,16,48,5,"(40,24,2)","(48,54,5)",39.82508593118257305617326,47.60649894337213544641686,1.000000027610006159514215,1.000000033004718053243084,TARGET_FREE_INTERNAL_ROUTE,56149b04962ed2f1a098af0dcf0fc19ff01c1fa5825b32f899d69dea426f1ddb,474a5b8cbea67b1d3d0ba8e289cb7ef30ed5d908887d6ba46fa80433e81f6993,
rutas,7,INTERNAL_ORIENTED_ROUTES,1,r1c2_h+1v-1,2,1,2,1,-1,NO,neutrino_G4,neutrino,lepton,4,,neutrino_G4,neutrino,G4,"1,2;9,8",27,27,27,54,216,71,107,0,0,0,17,9,9,50,6,-2,4,-8,+++-0-+++-0-,0 81 3 0 84 0 81 3 0 0 81 3 0 84 0 81 3 0,24,20,24,24,16,48,5,"(40,24,2)","(48,54,5)",39.82508593118257305617326,47.60649894337213544641686,1.000000027610006159514215,1.000000033004718053243084,TARGET_FREE_INTERNAL_ROUTE,ccb61e50f720be11f86bf136d02b36587f92d52c35df35bf4b86ef5d779f7bcf,e7c7e699830c4f17e88719d151c262a775f5cf6afccadf3b9ce34e426bc57b55,
rutas,8,INTERNAL_ORIENTED_ROUTES,1,r1c2_h+1v+1,2,1,2,1,1,NO,neutrino_G4,neutrino,lepton,4,,neutrino_G4,neutrino,G4,"1,2;9,8",27,27,27,54,216,71,107,0,0,0,17,9,9,28,6,0,4,-12,+++---+++---,24 243 657 24 246 264 90 570 264 24 243 657 24 246 264 90 570 264,66,64,64,60,40,80,6,"(100,66,0)","(80,54,6)",99.51837473042726913417918,79.60661013979482758647091,1.000000068994276645021895,1.000000055189812531859140,TARGET_FREE_INTERNAL_ROUTE,72b9df1397f2987ac2c70e5f7163572e0b8854825eee3b61db397f28ba9b9ba6,a1c4553cb5d2563a0a9a4d4d4659a3d9c9316bb9eb97544670b4f84225f0a4f5,
rutas,9,INTERNAL_ORIENTED_ROUTES,1,r1c3_h-1v-1,3,1,3,-1,-1,NO,charged_lepton_G4,charged_lepton,lepton,4,,charged_lepton_G4,charged_lepton,G4,"1,3;9,7",9,27,27,54,216,71,107,1,1,1,16,9,9,28,6,0,0,-12,+++---+++---,423 15 486 423 12 99 327 498 99 423 15 486 423 12 99 327 498 99,66,60,64,48,32,80,6,"(80,66,2)","(80,54,6)",79.51859712327265341428729,79.60661013979482758647091,1.000000055128794709248880,1.000000055189812531859140,TARGET_FREE_INTERNAL_ROUTE,fae367f8fb866c76b0300f5bd2cb0dbb059ab3e163b6df3c5e46e685e4d9fa74,716a4c36600c27b509736fc515d1943728ac458d23500627b24d70bd413dd168,
rutas,10,INTERNAL_ORIENTED_ROUTES,1,r1c3_h-1v+1,3,1,3,-1,1,YES,charged_lepton_G4,charged_lepton,lepton,4,,charged_lepton_G4,charged_lepton,G4,"1,3;9,7",27,27,27,54,216,71,107,1,0,1,17,9,9,8,-2,0,0,-12,+++---+++---,420 258 414 420 255 252 333 255 252 420 258 414 420 255 252 333 255 252,84,24,84,24,16,80,6,"(40,84,30)","(80,54,6)",39.39035827686092491784959,79.60661013979482758647091,1.000000027308617396708705,1.000000055189812531859140,TARGET_FREE_INTERNAL_ROUTE,1120c2a5d9a6516e9138153d5365283c7af167d9e5b3e46cf7ab8d55a1974cfc,cc519544fb45c5f0387e629c3a067329125f213d0292e9935aa46d4bcf1027b8,b1cc79b354042ce1877e1c4cf5347fc4f509c23577711204cf7cddec6beea6dc
rutas,11,INTERNAL_ORIENTED_ROUTES,1,r1c3_h+1v-1,3,1,3,1,-1,NO,charged_lepton_G4,charged_lepton,lepton,4,,charged_lepton_G4,charged_lepton,G4,"1,3;9,7",27,27,27,54,216,71,107,0,0,0,17,9,9,8,2,0,0,-12,+++---+++---,333 255 252 333 258 414 420 258 414 333 255 252 333 258 414 420 258 414,84,24,84,24,16,80,6,"(40,84,30)","(80,54,6)",39.39035827686092491784959,79.60661013979482758647091,1.000000027308617396708705,1.000000055189812531859140,TARGET_FREE_INTERNAL_ROUTE,d8f175e57deb40bea01359579d16ae6e1fdd0b458ebd8b41608e5eba1782d060,29304938102d297060297c362f9d81380336ecff5a81f6affe85c413e0670568,
rutas,12,INTERNAL_ORIENTED_ROUTES,1,r1c3_h+1v+1,3,1,3,1,1,NO,charged_lepton_G4,charged_lepton,lepton,4,,charged_lepton_G4,charged_lepton,G4,"1,3;9,7",18,27,27,54,216,71,107,2,1,2,16,9,9,28,-6,0,0,-12,+++---+++---,327 498 99 327 501 486 423 15 486 327 498 99 327 501 486 423 15 486,66,60,64,48,32,80,6,"(80,66,2)","(80,54,6)",79.51859712327265341428729,79.60661013979482758647091,1.000000055128794709248880,1.000000055189812531859140,TARGET_FREE_INTERNAL_ROUTE,13e342fa83db93f3f7dc13163653112faecbb1dd8aa9f872d9121b96007e8839,5aa200a36959917378a478532c886d1ad9e4958c7cd2fe476a7797fc5306366a,
rutas,13,INTERNAL_ORIENTED_ROUTES,1,r1c4_h-1v-1,4,1,4,-1,-1,NO,neutrino_G4,neutrino,lepton,4,,neutrino_G4,neutrino,G4,"1,4;9,6",27,27,27,54,216,71,107,2,1,2,16,9,9,30,6,-2,4,-8,+++0--+++0--,486 423 15 486 429 243 657 24 243 486 423 15 486 429 243 657 24 243,54,56,70,48,32,56,5,"(80,54,7)","(56,54,5)",79.60672133621751972652496,55.60649894337213544641686,1.000000055189889622315337,1.000000038550972354141645,TARGET_FREE_INTERNAL_ROUTE,db632f763af301d246516155fafabc14d1d401a29c7c7b631471a8d80c95591b,5f1e54557f63ee41bdd234e20df6fb367b00a65097cb906eb634fce766250a20,
rutas,14,INTERNAL_ORIENTED_ROUTES,1,r1c4_h-1v+1,4,1,4,-1,1,NO,neutrino_G4,neutrino,lepton,4,,neutrino_G4,neutrino,G4,"1,4;9,6",27,27,27,54,216,71,107,0,0,0,17,9,9,44,2,0,0,-12,+++---+++---,507 504 585 507 510 510 666 672 510 507 504 585 507 510 510 666 672 510,78,28,78,36,24,80,6,"(60,78,25)","(80,54,6)",59.43358641016316702356304,79.60661013979482758647091,1.000000041204222405344905,1.000000055189812531859140,TARGET_FREE_INTERNAL_ROUTE,aa7327659272d3089edbc1506b9b161ae47d6711976c8a2a4a11676939d76776,cb535d05a86f529c6b30d46bf87f9924e83bfc069b9f421b49a8bed1d576b346,
rutas,15,INTERNAL_ORIENTED_ROUTES,1,r1c4_h+1v-1,4,1,4,1,-1,NO,neutrino_G4,neutrino,lepton,4,,neutrino_G4,neutrino,G4,"1,4;9,6",27,27,27,54,216,71,107,2,0,1,17,9,9,44,-2,0,0,-12,+++---+++---,666 672 510 666 666 585 507 504 585 666 672 510 666 666 585 507 504 585,78,28,78,36,24,80,6,"(60,78,25)","(80,54,6)",59.43358641016316702356304,79.60661013979482758647091,1.000000041204222405344905,1.000000055189812531859140,TARGET_FREE_INTERNAL_ROUTE,de3386f8b28db7e8c79bad444dd9f558fb5ce61496e054c2ab24a7188cc309d4,e6136c800ce4e9ca12e80a5e90dbb68278b0c098aafeab826ff704d06ce3b1d1,
rutas,16,INTERNAL_ORIENTED_ROUTES,1,r1c4_h+1v+1,4,1,4,1,1,YES,neutrino_G4,neutrino,lepton,4,,neutrino_G4,neutrino,G4,"1,4;9,6",27,27,27,54,216,71,107,2,0,1,17,9,9,30,-6,2,-4,-8,0++---0++---,657 24 243 657 18 15 486 423 15 657 24 243 657 18 15 486 423 15,54,56,70,48,32,56,5,"(80,54,7)","(56,54,5)",79.60672133621751972652496,55.60649894337213544641686,1.000000055189889622315337,1.000000038550972354141645,TARGET_FREE_INTERNAL_ROUTE,1c8b5cdaa63332d1e8f0ae42fd515992f5d9e41e72975eaae772af08588c657a,338da10d5c8906ec03bdfade56c89b7fd502a0b0682074063adb644b01f77606,ce501e32503d7df09e2c5ae61ff9543fcb85dba7afa7a5396fb0f36909af84dc
rutas,17,INTERNAL_ORIENTED_ROUTES,1,r1c5_h-1v-1,5,1,5,-1,-1,NO,charged_lepton_G4,charged_lepton,lepton,4,,charged_lepton_G4,charged_lepton,G4,"1,5;9,5",27,27,27,54,216,71,107,1,0,1,17,9,9,34,0,-2,0,-8,+++-0-+++-0-,90 570 264 90 567 657 24 243 657 90 570 264 90 567 657 24 243 657,66,64,64,60,40,48,5,"(100,66,0)","(48,54,5)",99.51837473042726913417918,47.60649894337213544641686,1.000000068994276645021895,1.000000033004718053243084,TARGET_FREE_INTERNAL_ROUTE,e753e7cf912988efa9df9eda0afb8e532a8b8f33f921722587fb354551c5342c,9d043f03a6f5102411e0e8ecbc080c073548ea8ce98deaf70e4bb5ae9fbed35e,
rutas,18,INTERNAL_ORIENTED_ROUTES,1,r1c5_h-1v+1,5,1,5,-1,1,NO,charged_lepton_G4,charged_lepton,lepton,4,,charged_lepton_G4,charged_lepton,G4,"1,5;9,5",27,27,27,54,216,71,107,2,0,2,17,9,9,14,6,0,0,-12,+++---+++---,81 3 0 81 0 3 0 81 3 81 3 0 81 0 3 0 81 3,24,20,24,24,16,80,6,"(40,24,2)","(80,54,6)",39.82508593118257305617326,79.60661013979482758647091,1.000000027610006159514215,1.000000055189812531859140,TARGET_FREE_INTERNAL_ROUTE,959d954a11c429bdcfe3a0db7b21c1810828fff0868a1d0ac26ba7ef3e127805,b90ff070e1aae58cfca71a9ae8253522544bb269f70b257e4e6afd6c0c3c24f8,
rutas,19,INTERNAL_ORIENTED_ROUTES,1,r1c5_h+1v-1,5,1,5,1,-1,YES,charged_lepton_G4,charged_lepton,lepton,4,,charged_lepton_G4,charged_lepton,G4,"1,5;9,5",27,27,27,54,216,71,107,0,0,0,17,9,9,14,-6,0,0,-12,+++---+++---,0 81 3 0 84 0 81 3 0 0 81 3 0 84 0 81 3 0,24,20,24,24,16,80,6,"(40,24,2)","(80,54,6)",39.82508593118257305617326,79.60661013979482758647091,1.000000027610006159514215,1.000000055189812531859140,TARGET_FREE_INTERNAL_ROUTE,49c3be2eb41e01bb1a1f27f1b1ec147e4db99f167f982dc729a2d4993527c5f8,1b071d274a26233a2a95e7db4a91c4d3e75f2fa81ab184e1dbc739d938ccd981,8c0e7e1dd0b049c9330530f4b68eb1be6a328e08bd9c0f293df7e20ea4956ab2
rutas,20,INTERNAL_ORIENTED_ROUTES,1,r1c5_h+1v+1,5,1,5,1,1,NO,charged_lepton_G4,charged_lepton,lepton,4,,charged_lepton_G4,charged_lepton,G4,"1,5;9,5",27,27,27,54,216,71,107,0,0,0,17,9,9,34,0,2,0,-8,+0+---+0+---,24 243 657 24 246 264 90 570 264 24 243 657 24 246 264 90 570 264,66,64,64,60,40,48,5,"(100,66,0)","(48,54,5)",99.51837473042726913417918,47.60649894337213544641686,1.000000068994276645021895,1.000000033004718053243084,TARGET_FREE_INTERNAL_ROUTE,1b217fd91d203aeae19f2a5a5a90fcadb55a5bb548ca02e51e4e20ec78b6444c,78e79216b3802312a31bc26703b19549f845de0e5c1403ce0bfc7e4278fd13d9,
rutas,21,INTERNAL_ORIENTED_ROUTES,1,r1c6_h-1v-1,6,1,6,-1,-1,YES,neutrino_G4,neutrino,lepton,4,,neutrino_G4,neutrino,G4,"1,6;9,4",27,27,27,54,216,71,107,1,1,1,16,9,9,34,0,0,0,-12,+++---+++---,423 15 486 423 12 99 327 498 99 423 15 486 423 12 99 327 498 99,66,60,64,48,32,80,6,"(80,66,2)","(80,54,6)",79.51859712327265341428729,79.60661013979482758647091,1.000000055128794709248880,1.000000055189812531859140,TARGET_FREE_INTERNAL_ROUTE,d52d9bc58081da1a7b2f9e5d23e9d5a6d67401f824eb66ed733498c2fd0dab4c,560f193427fddf83fb498c6ec7a6b2e4a683ed18b5f9d3a632bb97435ce13545,b19c718762e5299b6bd2d56cb241cd2cdef7df5b1d224f6951364c8e46e57ade
rutas,22,INTERNAL_ORIENTED_ROUTES,1,r1c6_h-1v+1,6,1,6,-1,1,NO,neutrino_G4,neutrino,lepton,4,,neutrino_G4,neutrino,G4,"1,6;9,4",27,27,27,54,216,71,107,1,0,1,17,9,9,50,4,-2,2,-8,+++0--+++0--,420 258 414 420 255 252 333 255 252 420 258 414 420 255 252 333 255 252,84,24,84,24,16,56,5,"(40,84,30)","(56,54,5)",39.39035827686092491784959,55.60649894337213544641686,1.000000027308617396708705,1.000000038550972354141645,TARGET_FREE_INTERNAL_ROUTE,0af1af6e61e27f82e9c6658e03d303a9801f5cf6609402e5810dcbc944b8c00b,a28a41d6785403d9b38e510f4c5203a2344cac70366f151a6d143c8093c59464,
rutas,23,INTERNAL_ORIENTED_ROUTES,1,r1c6_h+1v-1,6,1,6,1,-1,NO,neutrino_G4,neutrino,lepton,4,,neutrino_G4,neutrino,G4,"1,6;9,4",27,27,27,54,216,71,107,0,0,0,17,9,9,50,-4,2,-2,-8,0++---0++---,333 255 252 333 258 414 420 258 414 333 255 252 333 258 414 420 258 414,84,24,84,24,16,56,5,"(40,84,30)","(56,54,5)",39.39035827686092491784959,55.60649894337213544641686,1.000000027308617396708705,1.000000038550972354141645,TARGET_FREE_INTERNAL_ROUTE,3629501596c2b8538e13e1e97d2b0c69f585dbc0f13f6f9fbe5d7b012d7082ea,f992e4a2a1b53de9a0d7533c2a673b02d28083e7f6aaaa45587ef6104b63db2f,
rutas,24,INTERNAL_ORIENTED_ROUTES,1,r1c6_h+1v+1,6,1,6,1,1,NO,neutrino_G4,neutrino,lepton,4,,neutrino_G4,neutrino,G4,"1,6;9,4",27,27,27,54,216,71,107,2,1,2,16,9,9,34,0,0,0,-12,+++---+++---,327 498 99 327 501 486 423 15 486 327 498 99 327 501 486 423 15 486,66,60,64,48,32,80,6,"(80,66,2)","(80,54,6)",79.51859712327265341428729,79.60661013979482758647091,1.000000055128794709248880,1.000000055189812531859140,TARGET_FREE_INTERNAL_ROUTE,c5b01f4a1d0acc94193d804a45897f489ee02521a35214a9b86086717d71cfdc,0987471451aca8dbdc0c7324674e2ffa4237909412e431862c124cac78f45504,
rutas,25,INTERNAL_ORIENTED_ROUTES,1,r1c7_h-1v-1,7,1,7,-1,-1,NO,charged_lepton_G4,charged_lepton,lepton,4,,charged_lepton_G4,charged_lepton,G4,"1,7;9,3",27,27,27,54,216,71,107,2,1,2,16,9,9,30,-6,0,0,-12,+++---+++---,486 423 15 486 429 243 657 24 243 486 423 15 486 429 243 657 24 243,54,56,70,48,32,80,6,"(80,54,7)","(80,54,6)",79.60672133621751972652496,79.60661013979482758647091,1.000000055189889622315337,1.000000055189812531859140,TARGET_FREE_INTERNAL_ROUTE,a911ce23dfdeeccc43cb29fe5898ecd2fabdd3f994ca72814b4e1b698537ef02,62e6f1b10122e3761b7f39574d07f715c69636c58df0f10af2f06d2c4289e08b,
rutas,26,INTERNAL_ORIENTED_ROUTES,1,r1c7_h-1v+1,7,1,7,-1,1,YES,charged_lepton_G4,charged_lepton,lepton,4,,charged_lepton_G4,charged_lepton,G4,"1,7;9,3",18,27,27,54,216,71,107,0,0,0,17,9,9,14,-4,0,0,-12,+++---+++---,507 504 585 507 510 510 666 672 510 507 504 585 507 510 510 666 672 510,78,28,78,36,24,80,6,"(60,78,25)","(80,54,6)",59.43358641016316702356304,79.60661013979482758647091,1.000000041204222405344905,1.000000055189812531859140,TARGET_FREE_INTERNAL_ROUTE,f580dc8247645d3812ad5b4931a5bf89ed066bd7a6cd3321f709a411f3996c80,07b8d450b7f6e3998bfcc5fdf7dc71c50982ba491d4c5dd5bfe6236c6a11645f,111ca40e5cb5dd4e1469c8db516ceb95b20b75ec5dfc93b840a6cce91c92b62c
rutas,27,INTERNAL_ORIENTED_ROUTES,1,r1c7_h+1v-1,7,1,7,1,-1,NO,charged_lepton_G4,charged_lepton,lepton,4,,charged_lepton_G4,charged_lepton,G4,"1,7;9,3",9,27,27,54,216,71,107,2,0,1,17,9,9,14,4,0,0,-12,+++---+++---,666 672 510 666 666 585 507 504 585 666 672 510 666 666 585 507 504 585,78,28,78,36,24,80,6,"(60,78,25)","(80,54,6)",59.43358641016316702356304,79.60661013979482758647091,1.000000041204222405344905,1.000000055189812531859140,TARGET_FREE_INTERNAL_ROUTE,342d7eac14c30ee19c5129f270b31c29fa591198d94f5d42f5c23629fb102c38,e5e14191accc501f24a061fb7067050ef0a2efd5d86cf532156226da818a11e9,
rutas,28,INTERNAL_ORIENTED_ROUTES,1,r1c7_h+1v+1,7,1,7,1,1,NO,charged_lepton_G4,charged_lepton,lepton,4,,charged_lepton_G4,charged_lepton,G4,"1,7;9,3",27,27,27,54,216,71,107,2,0,1,17,9,9,30,6,0,0,-12,+++---+++---,657 24 243 657 18 15 486 423 15 657 24 243 657 18 15 486 423 15,54,56,70,48,32,80,6,"(80,54,7)","(80,54,6)",79.60672133621751972652496,79.60661013979482758647091,1.000000055189889622315337,1.000000055189812531859140,TARGET_FREE_INTERNAL_ROUTE,e65938ec108f08f67b38c1bfdd3f600db58f9a17d9c59a82b75ccff06d19ce60,9905fffabaeddac886538ee34f7320c7891f879fe8876c470d8a790de73b4d13,
rutas,29,INTERNAL_ORIENTED_ROUTES,1,r1c8_h-1v-1,8,1,8,-1,-1,NO,neutrino_G4,neutrino,lepton,4,,neutrino_G4,neutrino,G4,"1,8;9,2",27,27,27,54,216,71,107,1,0,1,17,9,9,28,-6,0,0,-12,+++---+++---,90 570 264 90 567 657 24 243 657 90 570 264 90 567 657 24 243 657,66,64,64,60,40,80,6,"(100,66,0)","(80,54,6)",99.51837473042726913417918,79.60661013979482758647091,1.000000068994276645021895,1.000000055189812531859140,TARGET_FREE_INTERNAL_ROUTE,72789b3efdc97b1d767a5aa73046d084583fa5aba373f9a07a6fc16b1c1f04df,53e27ee134cda7bb20474d1c7af7cc8921838c094a2dd9bc724b2d30cff5a10a,
rutas,30,INTERNAL_ORIENTED_ROUTES,1,r1c8_h-1v+1,8,1,8,-1,1,NO,neutrino_G4,neutrino,lepton,4,,neutrino_G4,neutrino,G4,"1,8;9,2",27,27,27,54,216,71,107,2,0,2,17,9,9,20,0,0,0,-4,++00--++00--,81 3 0 81 0 3 0 81 3 81 3 0 81 0 3 0 81 3,24,20,24,24,16,36,4,"(40,24,2)","(36,54,4)",39.82508593118257305617326,35.60638774694944330636281,1.000000027610006159514215,1.000000024685259569118152,TARGET_FREE_INTERNAL_ROUTE,f612d6ef200a1ff54e74c4ed7c7a510893ca34048d21381466db682cca3cc661,48191dd8270ba6e68ab41300a7daa22a6daa2102e4aff594b72c5fbc01440d85,
rutas,31,INTERNAL_ORIENTED_ROUTES,1,r1c8_h+1v-1,8,1,8,1,-1,YES,neutrino_G4,neutrino,lepton,4,,neutrino_G4,neutrino,G4,"1,8;9,2",27,27,27,54,216,71,107,0,0,0,17,9,9,20,0,0,0,-4,0++--00++--0,0 81 3 0 84 0 81 3 0 0 81 3 0 84 0 81 3 0,24,20,24,24,16,36,4,"(40,24,2)","(36,54,4)",39.82508593118257305617326,35.60638774694944330636281,1.000000027610006159514215,1.000000024685259569118152,TARGET_FREE_INTERNAL_ROUTE,48fc9a27e8d42d250d4ab52cb98cf105f32507281dc8824f92a8ce07cfd13aeb,ab4343ca0f3279dd31d470d4b27e63604203982226a40d2196f33fdb10b85cc1,012b2f08ceb6741389c89bacc896d7b2769a75fa04b4753135b68e4509b3ad20
rutas,32,INTERNAL_ORIENTED_ROUTES,1,r1c8_h+1v+1,8,1,8,1,1,NO,neutrino_G4,neutrino,lepton,4,,neutrino_G4,neutrino,G4,"1,8;9,2",27,27,27,54,216,71,107,0,0,0,17,9,9,28,6,0,0,-12,+++---+++---,24 243 657 24 246 264 90 570 264 24 243 657 24 246 264 90 570 264,66,64,64,60,40,80,6,"(100,66,0)","(80,54,6)",99.51837473042726913417918,79.60661013979482758647091,1.000000068994276645021895,1.000000055189812531859140,TARGET_FREE_INTERNAL_ROUTE,3aa3fba36ac1b06364a3368dfd7a9486ddc4de29c64dc93a5936873261d07e18,f0c45d1809914b63308aa054a401a3933c1b9671f0dce46e834b5c6a8afb2263,
rutas,33,INTERNAL_ORIENTED_ROUTES,1,r1c9_h-1v-1,9,1,9,-1,-1,NO,charged_lepton_G4,charged_lepton,lepton,4,,charged_lepton_G4,charged_lepton,G4,"1,9;9,1",27,27,27,54,216,71,107,1,1,1,16,9,9,28,6,0,2,-12,+++---+++---,423 15 486 423 12 99 327 498 99 423 15 486 423 12 99 327 498 99,66,60,64,48,32,80,6,"(80,66,2)","(80,54,6)",79.51859712327265341428729,79.60661013979482758647091,1.000000055128794709248880,1.000000055189812531859140,TARGET_FREE_INTERNAL_ROUTE,ed985a2ed540799150c7e349e2cc896d9aac716d704d265388865e6038a3165e,66eb3e8eed039dc74f989a1af5a5acbe386ed98412b13ef3dcedb1c6487e9571,
rutas,34,INTERNAL_ORIENTED_ROUTES,1,r1c9_h-1v+1,9,1,9,-1,1,NO,charged_lepton_G4,charged_lepton,lepton,4,,charged_lepton_G4,charged_lepton,G4,"1,9;9,1",27,27,27,54,216,71,107,1,0,1,17,9,9,50,4,-2,2,-8,+++-0-+++-0-,420 258 414 420 255 252 333 255 252 420 258 414 420 255 252 333 255 252,84,24,84,24,16,48,5,"(40,84,30)","(48,54,5)",39.39035827686092491784959,47.60649894337213544641686,1.000000027308617396708705,1.000000033004718053243084,TARGET_FREE_INTERNAL_ROUTE,a02045b2e206e07f7236c381210f0d3e9dc3fcaf430a0b349f8488eec7605f89,fdda7f9e6057445988cd077dc481c836df8a633e66f5cfad3ab15b2996ff488f,
rutas,35,INTERNAL_ORIENTED_ROUTES,1,r1c9_h+1v-1,9,1,9,1,-1,NO,charged_lepton_G4,charged_lepton,lepton,4,,charged_lepton_G4,charged_lepton,G4,"1,9;9,1",27,27,27,54,216,71,107,0,0,0,17,9,9,50,-4,2,-2,-8,+0+---+0+---,333 255 252 333 258 414 420 258 414 333 255 252 333 258 414 420 258 414,84,24,84,24,16,48,5,"(40,84,30)","(48,54,5)",39.39035827686092491784959,47.60649894337213544641686,1.000000027308617396708705,1.000000033004718053243084,TARGET_FREE_INTERNAL_ROUTE,a1fe11c1f44fee339c8dfe318ad4ce23565bd11d206e5e5b0a3f8136f94cbcff,409959c2ff367348163db758c5659d70ab997d5cb215f7ff22fc64d0db140a39,
rutas,36,INTERNAL_ORIENTED_ROUTES,1,r1c9_h+1v+1,9,1,9,1,1,YES,charged_lepton_G4,charged_lepton,lepton,4,,charged_lepton_G4,charged_lepton,G4,"1,9;9,1",27,27,27,54,216,71,107,2,1,2,16,9,9,28,-6,0,-2,-12,+++---+++---,327 498 99 327 501 486 423 15 486 327 498 99 327 501 486 423 15 486,66,60,64,48,32,80,6,"(80,66,2)","(80,54,6)",79.51859712327265341428729,79.60661013979482758647091,1.000000055128794709248880,1.000000055189812531859140,TARGET_FREE_INTERNAL_ROUTE,5decd17fa25c6e87374e54b0f6b6fa4c85317267086884d1e9b3cc6c2626241b,e8213bede9eb8c189e246a8aac6855898eb38d7c085789b8527ff022f9311b9f,7d1f109e1e33bf84ddf9384cf13c342f63017fe9faecd3c73d8063eca5fa5462
rutas,37,INTERNAL_ORIENTED_ROUTES,1,r2c1_h-1v-1,10,2,1,-1,-1,NO,quark_down_G4,quark_down,quark,4,G,quark_down_G4,quark_down,G4,"2,1;8,9",27,27,27,54,216,71,107,1,1,1,16,9,9,28,6,0,4,-12,+++---+++---,15 486 423 15 489 498 99 327 498 15 486 423 15 489 498 99 327 498,66,64,68,60,40,80,6,"(100,66,2)","(80,54,6)",99.51859712327265341428729,79.60661013979482758647091,1.000000068994430825936417,1.000000055189812531859140,TARGET_FREE_INTERNAL_ROUTE,42121291b4db1b251482aaa600938754c4e97069468ccdcbd0d654a28f9b0873,7e147ace8f35cc0e74360e296f6f57ce18196c7f81af3828e0e513a78d821461,
rutas,38,INTERNAL_ORIENTED_ROUTES,1,r2c1_h-1v+1,10,2,1,-1,1,NO,quark_down_G4,quark_down,quark,4,G,quark_down_G4,quark_down,G4,"2,1;8,9",27,27,27,54,216,71,107,0,0,0,17,9,9,50,-6,2,-4,-8,+0+---+0+---,0 81 3 0 84 0 81 3 0 0 81 3 0 84 0 81 3 0,24,20,24,24,16,48,5,"(40,24,2)","(48,54,5)",39.82508593118257305617326,47.60649894337213544641686,1.000000027610006159514215,1.000000033004718053243084,TARGET_FREE_INTERNAL_ROUTE,e3a4eca88fb523b4cd27f0dcbc45a95e626a0d4fae70ca9085350d36de129e86,f06f943577be9d476fa92b2cb82203fd77be6d41f9d8efd58303786f07a013ef,
rutas,39,INTERNAL_ORIENTED_ROUTES,1,r2c1_h+1v-1,10,2,1,1,-1,NO,quark_down_G4,quark_down,quark,4,G,quark_down_G4,quark_down,G4,"2,1;8,9",27,27,27,54,216,71,107,2,0,2,17,9,9,50,6,-2,4,-8,+++-0-+++-0-,81 3 0 81 0 3 0 81 3 81 3 0 81 0 3 0 81 3,24,20,24,24,16,48,5,"(40,24,2)","(48,54,5)",39.82508593118257305617326,47.60649894337213544641686,1.000000027610006159514215,1.000000033004718053243084,TARGET_FREE_INTERNAL_ROUTE,6cd735054b3d285158e101710ab447ea6f8236d0455b76b5aa102be68ac85002,efe6e221b6809bf84456087db0f756cc315eba6205271dfe72062438b4952f78,
rutas,40,INTERNAL_ORIENTED_ROUTES,1,r2c1_h+1v+1,10,2,1,1,1,YES,quark_down_G4,quark_down,quark,4,G,quark_down_G4,quark_down,G4,"2,1;8,9",27,27,27,54,216,71,107,1,0,1,17,9,9,28,-6,0,-4,-12,+++---+++---,99 327 498 99 324 423 15 486 423 99 327 498 99 324 423 15 486 423,66,64,68,60,40,80,6,"(100,66,2)","(80,54,6)",99.51859712327265341428729,79.60661013979482758647091,1.000000068994430825936417,1.000000055189812531859140,TARGET_FREE_INTERNAL_ROUTE,7654e0aa6d4ec6e5959f770679686d0fe3c0dafd21ff7cb94ed4ea8505f460a2,39a510c4fa875ca5fc2c73e482279f495f57505ac7d2e9986bf08753fb317a28,355e92375547ac1e37c63290e00e0b13115df4812b567558c2432472731b13de
rutas,41,INTERNAL_ORIENTED_ROUTES,1,r2c2_h-1v-1,11,2,2,-1,-1,NO,quark_up_G3,quark_up,quark,3,R,quark_up_G3,quark_up,G3,"2,2;8,8",9,9,27,54,216,71,107,3,0,2,17,9,9,24,0,0,0,-12,+++---+++---,423 15 486 423 9 24 243 657 24 423 15 486 423 9 24 243 657 24,54,56,68,48,32,80,6,"(80,54,6)","(80,54,6)",79.60661013979482758647091,79.60661013979482758647091,1.000000055189812531859140,1.000000055189812531859140,TARGET_FREE_INTERNAL_ROUTE,9eb4e897dd2417fdd7ef230e161ee02a73430f2cd4c165e0b5e03f4cd9432a7c,7390d3cce6527e3250ecccb9cd6d58a5d3548fa0525ab0024b7f93b24d292216,
rutas,42,INTERNAL_ORIENTED_ROUTES,1,r2c2_h-1v+1,11,2,2,-1,1,YES,quark_up_G3,quark_up,quark,3,R,quark_up_G3,quark_up,G3,"2,2;8,8",27,27,27,54,216,71,107,2,1,2,16,9,9,8,-2,0,0,-12,+++---+++---,414 420 258 414 414 333 255 252 333 414 420 258 414 414 333 255 252 333,84,28,84,36,24,80,6,"(60,84,28)","(80,54,6)",59.39013588401554063774148,79.60661013979482758647091,1.000000041174098946741575,1.000000055189812531859140,TARGET_FREE_INTERNAL_ROUTE,1fe3a911aaa125a9905aeadc38d1dbb63d1759764b7429b039228794908d53b8,779e5b698afcdc0910f6d9451f0ee72b8327bc1e94ac4096d006fec2406ecf3c,e34326b49595fe5ff46f40ddd0b7b0a511a0f57953ba2953b50c9eced0884e64
rutas,43,INTERNAL_ORIENTED_ROUTES,1,r2c2_h+1v-1,11,2,2,1,-1,NO,quark_up_G3,quark_up,quark,3,R,quark_up_G3,quark_up,G3,"2,2;8,8",27,27,27,54,216,71,107,3,0,2,17,9,9,8,2,0,0,-12,+++---+++---,255 252 333 255 258 258 414 420 258 255 252 333 255 258 258 414 420 258,84,28,84,36,24,80,6,"(60,84,28)","(80,54,6)",59.39013588401554063774148,79.60661013979482758647091,1.000000041174098946741575,1.000000055189812531859140,TARGET_FREE_INTERNAL_ROUTE,d8cfd857e63aa9d9c90169d1594eaa1ad2e6b70c6d138a85ea226813977a322a,46e898cdaf66938151ec8b48a75efafe4eba7615becf22c89a22d7a09b274062,
rutas,44,INTERNAL_ORIENTED_ROUTES,1,r2c2_h+1v+1,11,2,2,1,1,NO,quark_up_G3,quark_up,quark,3,R,quark_up_G3,quark_up,G3,"2,2;8,8",18,18,27,54,216,71,107,2,1,2,16,9,9,24,0,0,0,-12,+++---+++---,243 657 24 243 663 486 423 15 486 243 657 24 243 663 486 423 15 486,54,56,68,48,32,80,6,"(80,54,6)","(80,54,6)",79.60661013979482758647091,79.60661013979482758647091,1.000000055189812531859140,1.000000055189812531859140,TARGET_FREE_INTERNAL_ROUTE,bf3e75cc7e977bbfbe883ce1215b4ab850affa3242a704089c1350ee55fde93f,bec293e8a9352a0c9e5b56fb6c7d30c876b80cec47727a2f34d40d9a3e0cd3ca,
rutas,45,INTERNAL_ORIENTED_ROUTES,1,r2c3_h-1v-1,12,2,3,-1,-1,YES,quark_down_G3,quark_down,quark,3,B,quark_down_G3,quark_down,G3,"2,3;8,7",27,27,27,54,216,71,107,1,0,1,17,9,9,28,-6,0,-4,-12,+++---+++---,570 264 90 570 267 243 657 24 243 570 264 90 570 267 243 657 24 243,66,60,68,48,32,80,6,"(80,66,4)","(80,54,6)",79.51881951611803769439539,79.60661013979482758647091,1.000000055128948890161264,1.000000055189812531859140,TARGET_FREE_INTERNAL_ROUTE,21648712dd5dcff54d6151e85c6297f497049ea18f546275a253f506f95483d2,6140ac8712fe06046683f5fd5d240eb62685661ad9a8244e3cbe742c5051fd66,6c3c21ffd2893c3662b538c017a94d623d66cc85b623c55cf8d08a67b4f70c93
rutas,46,INTERNAL_ORIENTED_ROUTES,1,r2c3_h-1v+1,12,2,3,-1,1,NO,quark_down_G3,quark_down,quark,3,B,quark_down_G3,quark_down,G3,"2,3;8,7",27,27,27,54,216,71,107,1,0,1,17,9,9,44,2,0,2,-12,+++---+++---,585 507 504 585 510 666 672 510 666 585 507 504 585 510 666 672 510 666,78,24,78,24,16,80,6,"(40,78,27)","(80,54,6)",39.43380880300855130367114,79.60661013979482758647091,1.000000027338740854894358,1.000000055189812531859140,TARGET_FREE_INTERNAL_ROUTE,2729489d2f4f122b773697f8b3eef3fa11b69d50f3606c4a5418b66587cb1a4b,f610796820399955f3b317dc077df3c856ff4c75f80da841ce0a72214efd06d0,
rutas,47,INTERNAL_ORIENTED_ROUTES,1,r2c3_h+1v-1,12,2,3,1,-1,NO,quark_down_G3,quark_down,quark,3,B,quark_down_G3,quark_down,G3,"2,3;8,7",27,27,27,54,216,71,107,1,0,1,17,9,9,44,-2,0,-2,-12,+++---+++---,672 510 666 672 507 504 585 507 504 672 510 666 672 507 504 585 507 504,78,24,78,24,16,80,6,"(40,78,27)","(80,54,6)",39.43380880300855130367114,79.60661013979482758647091,1.000000027338740854894358,1.000000055189812531859140,TARGET_FREE_INTERNAL_ROUTE,c5f5a7cc8a3f497d2781fcfcabb97bede9beb4139194e9cd554320a8d4612024,e8c645b238014406bd74ee9d49df13703368a36d854493d99ef355058b2a9977,
rutas,48,INTERNAL_ORIENTED_ROUTES,1,r2c3_h+1v+1,12,2,3,1,1,NO,quark_down_G3,quark_down,quark,3,B,quark_down_G3,quark_down,G3,"2,3;8,7",27,27,27,54,216,71,107,0,0,0,17,9,9,28,6,0,4,-12,+++---+++---,657 24 243 657 21 90 570 264 90 657 24 243 657 21 90 570 264 90,66,60,68,48,32,80,6,"(80,66,4)","(80,54,6)",79.51881951611803769439539,79.60661013979482758647091,1.000000055128948890161264,1.000000055189812531859140,TARGET_FREE_INTERNAL_ROUTE,698f0a4ed1e27622225b33b8cf29ee3696219e67444846032e3f9212d53466a3,816cbe815adfede468d9709ec0485910767d82097a66de13f0984f609f5bd113,
rutas,49,INTERNAL_ORIENTED_ROUTES,1,r2c4_h-1v-1,13,2,4,-1,-1,NO,quark_up_G3,quark_up,quark,3,G,quark_up_G3,quark_up,G3,"2,4;8,6",27,27,27,54,216,71,107,1,1,1,16,9,9,28,6,0,0,-12,+++---+++---,15 486 423 15 489 498 99 327 498 15 486 423 15 489 498 99 327 498,66,64,68,60,40,80,6,"(100,66,2)","(80,54,6)",99.51859712327265341428729,79.60661013979482758647091,1.000000068994430825936417,1.000000055189812531859140,TARGET_FREE_INTERNAL_ROUTE,2597b1458c7c6d27655670533a40d2325d645709b9f9e060260b7cc2573da835,1a459f0dff0ec31f6beadf5400457dcc3102209e4b1f863b0749dcffb5f87ade,
rutas,50,INTERNAL_ORIENTED_ROUTES,1,r2c4_h-1v+1,13,2,4,-1,1,NO,quark_up_G3,quark_up,quark,3,G,quark_up_G3,quark_up,G3,"2,4;8,6",27,27,27,54,216,71,107,0,0,0,17,9,9,14,6,0,0,-12,+++---+++---,0 81 3 0 84 0 81 3 0 0 81 3 0 84 0 81 3 0,24,20,24,24,16,80,6,"(40,24,2)","(80,54,6)",39.82508593118257305617326,79.60661013979482758647091,1.000000027610006159514215,1.000000055189812531859140,TARGET_FREE_INTERNAL_ROUTE,679c8850da30d692454f00039b4e73d58c5eff335d81553221a5a0b3159a5624,ace3d8034260254a3bb93657b2e2123e63e67d16904e7f0b632fdcb671332da7,
rutas,51,INTERNAL_ORIENTED_ROUTES,1,r2c4_h+1v-1,13,2,4,1,-1,YES,quark_up_G3,quark_up,quark,3,G,quark_up_G3,quark_up,G3,"2,4;8,6",27,27,27,54,216,71,107,2,0,2,17,9,9,14,-6,0,0,-12,+++---+++---,81 3 0 81 0 3 0 81 3 81 3 0 81 0 3 0 81 3,24,20,24,24,16,80,6,"(40,24,2)","(80,54,6)",39.82508593118257305617326,79.60661013979482758647091,1.000000027610006159514215,1.000000055189812531859140,TARGET_FREE_INTERNAL_ROUTE,6055f66a8741e1140af22cd2d82c9b62c55c4e32ae9162cad35bad23d3cbdcc2,9078ab563bb6e210453e86e13e18dd71d892a6b914ff5fc65482a49004bcd077,00c21eea4789a8c06b37c22441f75093ea0f0184ff1bc2955403772490155a81
rutas,52,INTERNAL_ORIENTED_ROUTES,1,r2c4_h+1v+1,13,2,4,1,1,NO,quark_up_G3,quark_up,quark,3,G,quark_up_G3,quark_up,G3,"2,4;8,6",27,27,27,54,216,71,107,1,0,1,17,9,9,28,-6,0,0,-12,+++---+++---,99 327 498 99 324 423 15 486 423 99 327 498 99 324 423 15 486 423,66,64,68,60,40,80,6,"(100,66,2)","(80,54,6)",99.51859712327265341428729,79.60661013979482758647091,1.000000068994430825936417,1.000000055189812531859140,TARGET_FREE_INTERNAL_ROUTE,9b29c8580391aae7b3dbcfefd966550abd79054c5e2e9520b547d06b227fe840,9a3f104e10a55934eddfadbb190a4e8d0d79fb55eba7bc4403c29aac08923eec,
rutas,53,INTERNAL_ORIENTED_ROUTES,1,r2c5_h-1v-1,14,2,5,-1,-1,NO,quark_down_G3,quark_down,quark,3,R,quark_down_G3,quark_down,G3,"2,5;8,5",27,27,27,54,216,71,107,3,0,2,17,9,9,30,6,0,4,-12,+++---+++---,423 15 486 423 9 24 243 657 24 423 15 486 423 9 24 243 657 24,54,56,68,48,32,80,6,"(80,54,6)","(80,54,6)",79.60661013979482758647091,79.60661013979482758647091,1.000000055189812531859140,1.000000055189812531859140,TARGET_FREE_INTERNAL_ROUTE,d1fd49040e524fea8052b4b0aaf0181192155662059c836370670d5c2814748b,83380600e5404d7e8880238796855cf64cf95c1fb93d17d2320ce187bf98369d,
rutas,54,INTERNAL_ORIENTED_ROUTES,1,r2c5_h-1v+1,14,2,5,-1,1,NO,quark_down_G3,quark_down,quark,3,R,quark_down_G3,quark_down,G3,"2,5;8,5",27,27,27,54,216,71,107,2,1,2,16,9,9,50,4,-4,0,-4,+++00-+++00-,414 420 258 414 414 333 255 252 333 414 420 258 414 414 333 255 252 333,84,28,84,36,24,20,4,"(60,84,28)","(20,54,4)",59.39013588401554063774148,19.60638774694944330636281,1.000000041174098946741575,1.000000013592751151887498,TARGET_FREE_INTERNAL_ROUTE,2708ff6618e713f0d4900bb9c13096961b5c2b854459b699c5a469f133917fe1,02b48980193d7b3666a37a97c6cc611e2af419c8f78bacae9bb362a79e43767e,
rutas,55,INTERNAL_ORIENTED_ROUTES,1,r2c5_h+1v-1,14,2,5,1,-1,NO,quark_down_G3,quark_down,quark,3,R,quark_down_G3,quark_down,G3,"2,5;8,5",27,27,27,54,216,71,107,3,0,2,17,9,9,50,-4,4,0,-4,00+---00+---,255 252 333 255 258 258 414 420 258 255 252 333 255 258 258 414 420 258,84,28,84,36,24,20,4,"(60,84,28)","(20,54,4)",59.39013588401554063774148,19.60638774694944330636281,1.000000041174098946741575,1.000000013592751151887498,TARGET_FREE_INTERNAL_ROUTE,2133fe30ab9b2c2fda2fe370cf35fabec9776902ae7f1bf5dd7a68db23c22035,7e4da1b56102a95309b04e40b636fc437722155b1ed9b43bc63ed9a46c0f9c84,
rutas,56,INTERNAL_ORIENTED_ROUTES,1,r2c5_h+1v+1,14,2,5,1,1,YES,quark_down_G3,quark_down,quark,3,R,quark_down_G3,quark_down,G3,"2,5;8,5",27,27,27,54,216,71,107,2,1,2,16,9,9,30,-6,0,-4,-12,+++---+++---,243 657 24 243 663 486 423 15 486 243 657 24 243 663 486 423 15 486,54,56,68,48,32,80,6,"(80,54,6)","(80,54,6)",79.60661013979482758647091,79.60661013979482758647091,1.000000055189812531859140,1.000000055189812531859140,TARGET_FREE_INTERNAL_ROUTE,7f85598f2d0761cdb1daa591c78b22b937d0b0cf9020ac23e6f9e943fd562608,fb7d8d4d5037cd9ce900cca6f805cb4785c5e6dc4618e4b3fa59c593bf78eebf,1523ad7232fb11fc5646852a3d2a3f1122cadd040d9709643b2c332d82848b2a
rutas,57,INTERNAL_ORIENTED_ROUTES,1,r2c6_h-1v-1,15,2,6,-1,-1,NO,quark_up_G3,quark_up,quark,3,B,quark_up_G3,quark_up,G3,"2,6;8,4",27,27,27,54,216,71,107,1,0,1,17,9,9,34,0,-2,0,-8,+++-0-+++-0-,570 264 90 570 267 243 657 24 243 570 264 90 570 267 243 657 24 243,66,60,68,48,32,48,5,"(80,66,4)","(48,54,5)",79.51881951611803769439539,47.60649894337213544641686,1.000000055128948890161264,1.000000033004718053243084,TARGET_FREE_INTERNAL_ROUTE,455c2b00848873039e0506315671ab73333699750588879e8ae6a9762ba3af54,36eab0f217dc9a30cf9ca2da7ac99f6c2e67517347899cf3bee9182c711ace32,
rutas,58,INTERNAL_ORIENTED_ROUTES,1,r2c6_h-1v+1,15,2,6,-1,1,YES,quark_up_G3,quark_up,quark,3,B,quark_up_G3,quark_up,G3,"2,6;8,4",27,27,27,54,216,71,107,1,0,1,17,9,9,14,-4,0,0,-12,+++---+++---,585 507 504 585 510 666 672 510 666 585 507 504 585 510 666 672 510 666,78,24,78,24,16,80,6,"(40,78,27)","(80,54,6)",39.43380880300855130367114,79.60661013979482758647091,1.000000027338740854894358,1.000000055189812531859140,TARGET_FREE_INTERNAL_ROUTE,6f127fd9f25200c9da395c6482cb10ba06991f9a2b311706e05753d88f848809,97916a8721973f594ba41fb3ce987a18682cae23e96d3ad81ad92f70aa3ffda7,bfc92621bc7d75ba4ede7c52fd53f1a32c441577160adc4a69490655db8b7ea3
rutas,59,INTERNAL_ORIENTED_ROUTES,1,r2c6_h+1v-1,15,2,6,1,-1,NO,quark_up_G3,quark_up,quark,3,B,quark_up_G3,quark_up,G3,"2,6;8,4",27,27,27,54,216,71,107,1,0,1,17,9,9,14,4,0,0,-12,+++---+++---,672 510 666 672 507 504 585 507 504 672 510 666 672 507 504 585 507 504,78,24,78,24,16,80,6,"(40,78,27)","(80,54,6)",39.43380880300855130367114,79.60661013979482758647091,1.000000027338740854894358,1.000000055189812531859140,TARGET_FREE_INTERNAL_ROUTE,a820aa46633c948e12bb41b7b41a621ad730d970e797f93ad58c70877be24f53,f5bcac8cac9dad8ee01f13e7f30b39e2243232b4d9a8da8a03297e1638b16cb4,
rutas,60,INTERNAL_ORIENTED_ROUTES,1,r2c6_h+1v+1,15,2,6,1,1,NO,quark_up_G3,quark_up,quark,3,B,quark_up_G3,quark_up,G3,"2,6;8,4",27,27,27,54,216,71,107,0,0,0,17,9,9,34,0,2,0,-8,+0+---+0+---,657 24 243 657 21 90 570 264 90 657 24 243 657 21 90 570 264 90,66,60,68,48,32,48,5,"(80,66,4)","(48,54,5)",79.51881951611803769439539,47.60649894337213544641686,1.000000055128948890161264,1.000000033004718053243084,TARGET_FREE_INTERNAL_ROUTE,ea9202399ce61bc1abe3e3bbf0faed082c6e4d11f9e0ce94fb1a343e0f60b2c5,9fdef0c8e1e5027d0dcdddc3848d78073d21e8d15c0ce90a2b53a7de4ed3563b,
rutas,61,INTERNAL_ORIENTED_ROUTES,1,r2c7_h-1v-1,16,2,7,-1,-1,NO,quark_down_G3,quark_down,quark,3,G,quark_down_G3,quark_down,G3,"2,7;8,3",27,27,27,54,216,71,107,1,1,1,16,9,9,34,0,2,0,-8,0++---0++---,15 486 423 15 489 498 99 327 498 15 486 423 15 489 498 99 327 498,66,64,68,60,40,56,5,"(100,66,2)","(56,54,5)",99.51859712327265341428729,55.60649894337213544641686,1.000000068994430825936417,1.000000038550972354141645,TARGET_FREE_INTERNAL_ROUTE,93f4d12e988e9b7d84464bea475814d6748da20159cd95ca1872639502d4e22e,4f6bcfea35a49b57dd08fe0ab2f398016e0a872931ce0832af3f2f6f123be521,
rutas,62,INTERNAL_ORIENTED_ROUTES,1,r2c7_h-1v+1,16,2,7,-1,1,YES,quark_down_G3,quark_down,quark,3,G,quark_down_G3,quark_down,G3,"2,7;8,3",27,27,27,54,216,71,107,0,0,0,17,9,9,20,0,0,0,-4,++00--++00--,0 81 3 0 84 0 81 3 0 0 81 3 0 84 0 81 3 0,24,20,24,24,16,36,4,"(40,24,2)","(36,54,4)",39.82508593118257305617326,35.60638774694944330636281,1.000000027610006159514215,1.000000024685259569118152,TARGET_FREE_INTERNAL_ROUTE,fd3fc6ae2ff2d25bc3c572dc5362bf82ba08155cab1135cecc3e4ea8c6cabd14,97b2ab0747f9cae836c873b69558f370f37393dc00bc1b475ff3498099cf3f6a,4ce890da3360de04fce789c2ce40701aacf357aa4d27239b5d03dfa52c8c9f85
rutas,63,INTERNAL_ORIENTED_ROUTES,1,r2c7_h+1v-1,16,2,7,1,-1,NO,quark_down_G3,quark_down,quark,3,G,quark_down_G3,quark_down,G3,"2,7;8,3",27,27,27,54,216,71,107,2,0,2,17,9,9,20,0,0,0,-4,0++--00++--0,81 3 0 81 0 3 0 81 3 81 3 0 81 0 3 0 81 3,24,20,24,24,16,36,4,"(40,24,2)","(36,54,4)",39.82508593118257305617326,35.60638774694944330636281,1.000000027610006159514215,1.000000024685259569118152,TARGET_FREE_INTERNAL_ROUTE,6b038b1a3fa41286fe974ac63c5d90cb981ae568eab928b77b8abbe73506531d,5abbe501c8adf01bdeab4ceef778d25879f7df343fcf8deab50624ce7852d47c,
rutas,64,INTERNAL_ORIENTED_ROUTES,1,r2c7_h+1v+1,16,2,7,1,1,NO,quark_down_G3,quark_down,quark,3,G,quark_down_G3,quark_down,G3,"2,7;8,3",27,27,27,54,216,71,107,1,0,1,17,9,9,34,0,-2,0,-8,+++0--+++0--,99 327 498 99 324 423 15 486 423 99 327 498 99 324 423 15 486 423,66,64,68,60,40,56,5,"(100,66,2)","(56,54,5)",99.51859712327265341428729,55.60649894337213544641686,1.000000068994430825936417,1.000000038550972354141645,TARGET_FREE_INTERNAL_ROUTE,7690711bd23b740afdbe1c4fa7b76bb78b49dfea24072771baed5540881ba560,2e84b322980e807e05210dea2a1a280f6589f24b5d8d2b88a0a309b40ad8d5a1,
rutas,65,INTERNAL_ORIENTED_ROUTES,1,r2c8_h-1v-1,17,2,8,-1,-1,YES,quark_up_G3,quark_up,quark,3,R,quark_up_G3,quark_up,G3,"2,8;8,2",27,27,27,54,216,71,107,3,0,2,17,9,9,30,-6,0,-2,-12,+++---+++---,423 15 486 423 9 24 243 657 24 423 15 486 423 9 24 243 657 24,54,56,68,48,32,80,6,"(80,54,6)","(80,54,6)",79.60661013979482758647091,79.60661013979482758647091,1.000000055189812531859140,1.000000055189812531859140,TARGET_FREE_INTERNAL_ROUTE,59979b339515cffd98571eb86bd694e33ea0f1973905ec0bf1c9caa74ef63de7,524796ca2925cfb1d109f28a8a8378d778d802cf51f272b5cbd5bd45fcaa368a,d88dd1b6168ecd8f1b4de529649f5ba73c37ee39b4c64650605497dd1d21e3f3
rutas,66,INTERNAL_ORIENTED_ROUTES,1,r2c8_h-1v+1,17,2,8,-1,1,NO,quark_up_G3,quark_up,quark,3,R,quark_up_G3,quark_up,G3,"2,8;8,2",18,18,27,54,216,71,107,2,1,2,16,9,9,50,4,-2,2,-8,+++0--+++0--,414 420 258 414 414 333 255 252 333 414 420 258 414 414 333 255 252 333,84,28,84,36,24,56,5,"(60,84,28)","(56,54,5)",59.39013588401554063774148,55.60649894337213544641686,1.000000041174098946741575,1.000000038550972354141645,TARGET_FREE_INTERNAL_ROUTE,354c6d9af4e6a921677a2e1ca86c2615967aadbba749be2fb9cbc9471af9ef30,835f1e89a2323718255fdf26105c31d0c239439f72826178a5dfe560851db501,
rutas,67,INTERNAL_ORIENTED_ROUTES,1,r2c8_h+1v-1,17,2,8,1,-1,NO,quark_up_G3,quark_up,quark,3,R,quark_up_G3,quark_up,G3,"2,8;8,2",9,9,27,54,216,71,107,3,0,2,17,9,9,50,-4,2,-2,-8,0++---0++---,255 252 333 255 258 258 414 420 258 255 252 333 255 258 258 414 420 258,84,28,84,36,24,56,5,"(60,84,28)","(56,54,5)",59.39013588401554063774148,55.60649894337213544641686,1.000000041174098946741575,1.000000038550972354141645,TARGET_FREE_INTERNAL_ROUTE,5908d499c7cb58ca1019ee6fa049bb035b537bb28190db7680139634d9fbe00b,be902208821a34b042d5e11f1d0fcc5e10dbf5a2f9625040dbc02e416483f054,
rutas,68,INTERNAL_ORIENTED_ROUTES,1,r2c8_h+1v+1,17,2,8,1,1,NO,quark_up_G3,quark_up,quark,3,R,quark_up_G3,quark_up,G3,"2,8;8,2",27,27,27,54,216,71,107,2,1,2,16,9,9,30,6,0,2,-12,+++---+++---,243 657 24 243 663 486 423 15 486 243 657 24 243 663 486 423 15 486,54,56,68,48,32,80,6,"(80,54,6)","(80,54,6)",79.60661013979482758647091,79.60661013979482758647091,1.000000055189812531859140,1.000000055189812531859140,TARGET_FREE_INTERNAL_ROUTE,84615c8802e6b1fd96b339d0d1d76101fbba5fc64863032e5be621338e563f29,feee18fcf009a4833205b5075b749373cf28f0b113b0376d55a8f6231fe5d8b9,
rutas,69,INTERNAL_ORIENTED_ROUTES,1,r2c9_h-1v-1,18,2,9,-1,-1,NO,quark_down_G4,quark_down,quark,4,B,quark_down_G4,quark_down,G4,"2,9;8,1",27,27,27,54,216,71,107,1,0,1,17,9,9,28,-6,0,0,-12,+++---+++---,570 264 90 570 267 243 657 24 243 570 264 90 570 267 243 657 24 243,66,60,68,48,32,80,6,"(80,66,4)","(80,54,6)",79.51881951611803769439539,79.60661013979482758647091,1.000000055128948890161264,1.000000055189812531859140,TARGET_FREE_INTERNAL_ROUTE,10af243bdfdbc6b04a47e1da71d5e5ca47143ea9930de740045291154fd1ca26,46188c4764cb2c18ad5e28f7d7701b20516f47767883a606fd272ab0ce1b6e7f,
rutas,70,INTERNAL_ORIENTED_ROUTES,1,r2c9_h-1v+1,18,2,9,-1,1,YES,quark_down_G4,quark_down,quark,4,B,quark_down_G4,quark_down,G4,"2,9;8,1",27,27,27,54,216,71,107,1,0,1,17,9,9,14,-4,0,0,-12,+++---+++---,585 507 504 585 510 666 672 510 666 585 507 504 585 510 666 672 510 666,78,24,78,24,16,80,6,"(40,78,27)","(80,54,6)",39.43380880300855130367114,79.60661013979482758647091,1.000000027338740854894358,1.000000055189812531859140,TARGET_FREE_INTERNAL_ROUTE,78a741ee3c7bfbe7ae8641015a71bd34f1888a67bce6ff009113e38ec348d112,fc684626be7c75ff48c0e5350e38d10c764d4db51dbaede36942994403aa60f0,4f85ae5a226daca7170f68760b433575e50c60755178c473034d1496819aa0a7
rutas,71,INTERNAL_ORIENTED_ROUTES,1,r2c9_h+1v-1,18,2,9,1,-1,NO,quark_down_G4,quark_down,quark,4,B,quark_down_G4,quark_down,G4,"2,9;8,1",27,27,27,54,216,71,107,1,0,1,17,9,9,14,4,0,0,-12,+++---+++---,672 510 666 672 507 504 585 507 504 672 510 666 672 507 504 585 507 504,78,24,78,24,16,80,6,"(40,78,27)","(80,54,6)",39.43380880300855130367114,79.60661013979482758647091,1.000000027338740854894358,1.000000055189812531859140,TARGET_FREE_INTERNAL_ROUTE,c0b14bfddf9f53d4228d9411817166fe0e3268f7dad8c9988d4776186e04fe7f,78ccb54b24e9defbe6c1315c36f064a2e031e90af5bc9cb69113c1ba082b2a72,
rutas,72,INTERNAL_ORIENTED_ROUTES,1,r2c9_h+1v+1,18,2,9,1,1,NO,quark_down_G4,quark_down,quark,4,B,quark_down_G4,quark_down,G4,"2,9;8,1",27,27,27,54,216,71,107,0,0,0,17,9,9,28,6,0,0,-12,+++---+++---,657 24 243 657 21 90 570 264 90 657 24 243 657 21 90 570 264 90,66,60,68,48,32,80,6,"(80,66,4)","(80,54,6)",79.51881951611803769439539,79.60661013979482758647091,1.000000055128948890161264,1.000000055189812531859140,TARGET_FREE_INTERNAL_ROUTE,bb93b38f6a11bd24fe0d784b0382327e0e9577378da33db4ff0c239336b2076c,0323a24467e3bb3b19fb86edbb720c35efac9bd2c76f856a02bbfaa6be1de3fb,
rutas,73,INTERNAL_ORIENTED_ROUTES,1,r3c1_h-1v-1,19,3,1,-1,-1,NO,charged_lepton_G4,charged_lepton,lepton,4,,charged_lepton_G4,charged_lepton,G4,"3,1;7,9",9,27,27,54,216,71,107,2,1,1,16,9,9,28,-6,0,0,-12,+++---+++---,264 90 570 264 90 24 243 657 24 264 90 570 264 90 24 243 657 24,66,60,66,48,32,80,6,"(80,66,3)","(80,54,6)",79.51870831969534555434134,79.60661013979482758647091,1.000000055128871799705072,1.000000055189812531859140,TARGET_FREE_INTERNAL_ROUTE,b49a35c80200681a5cd1c24a3af33bdcb3f5dfc15693d461d3c7c6d1a094106a,9cd3c1cdd9f24b93ee41db3b5db0405bd95787b27d0b9563cb941f3bcf9ec663,
rutas,74,INTERNAL_ORIENTED_ROUTES,1,r3c1_h-1v+1,19,3,1,-1,1,YES,charged_lepton_G4,charged_lepton,lepton,4,,charged_lepton_G4,charged_lepton,G4,"3,1;7,9",27,27,27,54,216,71,107,2,0,1,17,9,9,8,-2,0,0,-12,+++---+++---,258 414 420 258 414 255 252 333 255 258 414 420 258 414 255 252 333 255,84,24,84,24,16,80,6,"(40,84,30)","(80,54,6)",39.39035827686092491784959,79.60661013979482758647091,1.000000027308617396708705,1.000000055189812531859140,TARGET_FREE_INTERNAL_ROUTE,aa18d9482f30ff1d1e8a4a2a55cb565061e18e03d89d65c183f098f5ecfa8627,9f05196446d319f0bee5611cef354231f598d0c69a54da6b36803c840ef9d155,4f280c51aedd8c9f5e7c17101e369b774441e690405561db94125e58da5ec0c1
rutas,75,INTERNAL_ORIENTED_ROUTES,1,r3c1_h+1v-1,19,3,1,1,-1,NO,charged_lepton_G4,charged_lepton,lepton,4,,charged_lepton_G4,charged_lepton,G4,"3,1;7,9",27,27,27,54,216,71,107,3,1,3,16,9,9,8,2,0,0,-12,+++---+++---,252 333 255 252 333 420 258 414 420 252 333 255 252 333 420 258 414 420,84,24,84,24,16,80,6,"(40,84,30)","(80,54,6)",39.39035827686092491784959,79.60661013979482758647091,1.000000027308617396708705,1.000000055189812531859140,TARGET_FREE_INTERNAL_ROUTE,f93f9cc3c26fe793e3a4e63395e34edd0c959cb9bc132a5815d675d46041d5b6,8343e0ea9628938a9aa892c593f5925d0eace614709da84194ad5609bd12b447,
rutas,76,INTERNAL_ORIENTED_ROUTES,1,r3c1_h+1v+1,19,3,1,1,1,NO,charged_lepton_G4,charged_lepton,lepton,4,,charged_lepton_G4,charged_lepton,G4,"3,1;7,9",18,27,27,54,216,71,107,0,0,0,17,9,9,28,6,0,0,-12,+++---+++---,243 657 24 243 657 570 264 90 570 243 657 24 243 657 570 264 90 570,66,60,66,48,32,80,6,"(80,66,3)","(80,54,6)",79.51870831969534555434134,79.60661013979482758647091,1.000000055128871799705072,1.000000055189812531859140,TARGET_FREE_INTERNAL_ROUTE,b5ee1bee5453ebdf2ca8a16f35b7700fe788e77916965f33ae801dd014d7a637,6aee9e8b24e2230ffb355d666b1169ced471e4a3b73faf2ce8a3168a2f909cb2,
rutas,77,INTERNAL_ORIENTED_ROUTES,1,r3c2_h-1v-1,20,3,2,-1,-1,NO,neutrino_G3,neutrino,lepton,3,,neutrino_G3,neutrino,G3,"3,2;7,8",27,27,27,54,216,71,107,1,0,1,17,9,9,28,6,-2,4,-8,+++0--+++0--,486 423 15 486 423 327 498 99 327 486 423 15 486 423 327 498 99 327,66,60,66,48,32,56,5,"(80,66,3)","(56,54,5)",79.51870831969534555434134,55.60649894337213544641686,1.000000055128871799705072,1.000000038550972354141645,TARGET_FREE_INTERNAL_ROUTE,5fbc72ff0a96e82d4616ba1a6ef070f7a682551f464c637ad43a97a11f6e8a97,92a383d82ac125a374465a812287a783220c4993af802ee322a89c2c20798cbd,
rutas,78,INTERNAL_ORIENTED_ROUTES,1,r3c2_h-1v+1,20,3,2,-1,1,NO,neutrino_G3,neutrino,lepton,3,,neutrino_G3,neutrino,G3,"3,2;7,8",27,27,27,54,216,71,107,1,0,1,17,9,9,44,2,0,2,-12,+++---+++---,504 585 507 504 585 672 510 666 672 504 585 507 504 585 672 510 666 672,78,24,78,24,16,80,6,"(40,78,27)","(80,54,6)",39.43380880300855130367114,79.60661013979482758647091,1.000000027338740854894358,1.000000055189812531859140,TARGET_FREE_INTERNAL_ROUTE,69e2bd91cf69da875a43f97523596d231b3e64e5813e5f26c0c2804e11812077,3f2554e27e8f08e18bce3badea9cd8ff21745b26de177ed608864d591051a07e,
rutas,79,INTERNAL_ORIENTED_ROUTES,1,r3c2_h+1v-1,20,3,2,1,-1,NO,neutrino_G3,neutrino,lepton,3,,neutrino_G3,neutrino,G3,"3,2;7,8",27,27,27,54,216,71,107,1,0,1,17,9,9,44,-2,0,-2,-12,+++---+++---,510 666 672 510 666 507 504 585 507 510 666 672 510 666 507 504 585 507,78,24,78,24,16,80,6,"(40,78,27)","(80,54,6)",39.43380880300855130367114,79.60661013979482758647091,1.000000027338740854894358,1.000000055189812531859140,TARGET_FREE_INTERNAL_ROUTE,c11bf3a55ac78a0a7ac79598bfd55908c204e4a60ec21403b684c336250918b2,4f92d4ea7024f5501e8b0a882bbee09736d0169b49bfb21ad0504f8c1d37c43a,
rutas,80,INTERNAL_ORIENTED_ROUTES,1,r3c2_h+1v+1,20,3,2,1,1,YES,neutrino_G3,neutrino,lepton,3,,neutrino_G3,neutrino,G3,"3,2;7,8",27,27,27,54,216,71,107,0,0,0,17,9,9,28,-6,2,-4,-8,0++---0++---,498 99 327 498 99 15 486 423 15 498 99 327 498 99 15 486 423 15,66,60,66,48,32,56,5,"(80,66,3)","(56,54,5)",79.51870831969534555434134,55.60649894337213544641686,1.000000055128871799705072,1.000000038550972354141645,TARGET_FREE_INTERNAL_ROUTE,84b3ba3095f1140b146b108fd484619332fad0f9436e0ecc1ecd0a443acd145b,6cd46053b4aac7eb750510ca7ff5aa4ff8e13be097058396eee32adb341196d1,3364070d4d0d99825f096a5b3dd87451aa757f0f85aa6ab974218271ed7418df
rutas,81,INTERNAL_ORIENTED_ROUTES,1,r3c3_h-1v-1,21,3,3,-1,-1,NO,charged_lepton_G2,charged_lepton,lepton,2,,charged_lepton_G2,charged_lepton,G2,"3,3;7,7",27,27,27,54,216,71,107,1,0,1,17,9,9,24,0,0,0,-12,+++---+++---,15 486 423 15 486 657 24 243 657 15 486 423 15 486 657 24 243 657,54,60,72,24,16,80,6,"(40,54,6)","(80,54,6)",39.60661013979482758647091,79.60661013979482758647091,1.000000027458540873559518,1.000000055189812531859140,TARGET_FREE_INTERNAL_ROUTE,90be6b645dcb7c34479da4ddb58dc6b331678651b48f48bfa32fa2f1cacbf2d2,0a266f2de19b3916bf94b0203007d4c4edc9fba6891708948e1cd7c8d352827d,
rutas,82,INTERNAL_ORIENTED_ROUTES,1,r3c3_h-1v+1,21,3,3,-1,1,NO,charged_lepton_G2,charged_lepton,lepton,2,,charged_lepton_G2,charged_lepton,G2,"3,3;7,7",27,27,27,54,216,71,107,0,0,0,17,9,9,14,6,0,0,-12,+++---+++---,3 0 81 3 0 81 3 0 81 3 0 81 3 0 81 3 0 81,24,24,24,0,0,80,6,"(0,24,0)","(80,54,6)",-0.1751364616628112239348425,79.60661013979482758647091,0.9999999998785810851337881,1.000000055189812531859140,TARGET_FREE_INTERNAL_ROUTE,970cf8e420061a4c2e86d72e44ab8e14d201e17d5273d819f231ca3c228b99cc,e52e1aa490feb02a80eacd19facbd502f5a2bead0ea1c7ba6885899eb000c242,
rutas,83,INTERNAL_ORIENTED_ROUTES,1,r3c3_h+1v-1,21,3,3,1,-1,YES,charged_lepton_G2,charged_lepton,lepton,2,,charged_lepton_G2,charged_lepton,G2,"3,3;7,7",27,27,27,54,216,71,107,0,0,0,17,9,9,14,-6,0,0,-12,+++---+++---,3 0 81 3 0 81 3 0 81 3 0 81 3 0 81 3 0 81,24,24,24,0,0,80,6,"(0,24,0)","(80,54,6)",-0.1751364616628112239348425,79.60661013979482758647091,0.9999999998785810851337881,1.000000055189812531859140,TARGET_FREE_INTERNAL_ROUTE,fb908c9b7d05c8740756c16ce54c6e7890b67ab3adc021ba17bc80d1580a6a7e,540ae414abfa6f646b2b1e35635c7d7fe2834db6ead0ec1142e9fb0004b694aa,8fc1d1a017faec792451c97d492516e442f2ce08857f8c2aa8930ac01f5a0821
rutas,84,INTERNAL_ORIENTED_ROUTES,1,r3c3_h+1v+1,21,3,3,1,1,NO,charged_lepton_G2,charged_lepton,lepton,2,,charged_lepton_G2,charged_lepton,G2,"3,3;7,7",27,27,27,54,216,71,107,2,1,2,16,9,9,24,0,0,0,-12,+++---+++---,24 243 657 24 243 423 15 486 423 24 243 657 24 243 423 15 486 423,54,60,72,24,16,80,6,"(40,54,6)","(80,54,6)",39.60661013979482758647091,79.60661013979482758647091,1.000000027458540873559518,1.000000055189812531859140,TARGET_FREE_INTERNAL_ROUTE,f04730d7e2e26b7754d2c540697c1ccdc7a274255c88f943077621c5e09b74ec,268d8ac49e67cc1679252262900b5b9df37d5c423422bb7f2b05970fb9a860da,
rutas,85,INTERNAL_ORIENTED_ROUTES,1,r3c4_h-1v-1,22,3,4,-1,-1,YES,neutrino_G2,neutrino,lepton,2,,neutrino_G2,neutrino,G2,"3,4;7,6",27,27,27,54,216,71,107,2,1,1,16,9,9,28,-6,0,-4,-12,+++---+++---,264 90 570 264 90 24 243 657 24 264 90 570 264 90 24 243 657 24,66,60,66,48,32,80,6,"(80,66,3)","(80,54,6)",79.51870831969534555434134,79.60661013979482758647091,1.000000055128871799705072,1.000000055189812531859140,TARGET_FREE_INTERNAL_ROUTE,fe19794ade36889f09cc94a77d8a97228b8530f2fc302f96a3cae6b71d488126,4fb57798b1f66825757136b691435da4276f1d7475fb32d37ada397c6bc2cc10,47361123860c471c5c3e3660c7e98011f4bdf752d76ffd84b3957ffe686a0fef
rutas,86,INTERNAL_ORIENTED_ROUTES,1,r3c4_h-1v+1,22,3,4,-1,1,NO,neutrino_G2,neutrino,lepton,2,,neutrino_G2,neutrino,G2,"3,4;7,6",27,27,27,54,216,71,107,2,0,1,17,9,9,50,4,-2,2,-8,+++-0-+++-0-,258 414 420 258 414 255 252 333 255 258 414 420 258 414 255 252 333 255,84,24,84,24,16,48,5,"(40,84,30)","(48,54,5)",39.39035827686092491784959,47.60649894337213544641686,1.000000027308617396708705,1.000000033004718053243084,TARGET_FREE_INTERNAL_ROUTE,735a2f2a02b51b9b28d0c9661b965464ea38522629179c9792287ffeefd17733,0ecdaa6df15a6f0f268fb041bac3c594cca56daae8f41abdc8b4d3edd12e479b,
rutas,87,INTERNAL_ORIENTED_ROUTES,1,r3c4_h+1v-1,22,3,4,1,-1,NO,neutrino_G2,neutrino,lepton,2,,neutrino_G2,neutrino,G2,"3,4;7,6",27,27,27,54,216,71,107,3,1,3,16,9,9,50,-4,2,-2,-8,+0+---+0+---,252 333 255 252 333 420 258 414 420 252 333 255 252 333 420 258 414 420,84,24,84,24,16,48,5,"(40,84,30)","(48,54,5)",39.39035827686092491784959,47.60649894337213544641686,1.000000027308617396708705,1.000000033004718053243084,TARGET_FREE_INTERNAL_ROUTE,1931926d8929382c703b3c3efe5ee8d5ec8768aaba2fdc568564d21d05a242f4,2dda1905a5534096e9ad9a427c6d8048fc9d39c0c5825306d0203b1a12572285,
rutas,88,INTERNAL_ORIENTED_ROUTES,1,r3c4_h+1v+1,22,3,4,1,1,NO,neutrino_G2,neutrino,lepton,2,,neutrino_G2,neutrino,G2,"3,4;7,6",27,27,27,54,216,71,107,0,0,0,17,9,9,28,6,0,4,-12,+++---+++---,243 657 24 243 657 570 264 90 570 243 657 24 243 657 570 264 90 570,66,60,66,48,32,80,6,"(80,66,3)","(80,54,6)",79.51870831969534555434134,79.60661013979482758647091,1.000000055128871799705072,1.000000055189812531859140,TARGET_FREE_INTERNAL_ROUTE,44ed44030e829f7ef3f2d2539c0ecae1af3389fcb03b6af443c7515688564f46,1ee0bda62536a4e364a3618e5ba602ded8f28109b25f42ce1150ff315daeb5f9,
rutas,89,INTERNAL_ORIENTED_ROUTES,1,r3c5_h-1v-1,23,3,5,-1,-1,NO,charged_lepton_G2,charged_lepton,lepton,2,,charged_lepton_G2,charged_lepton,G2,"3,5;7,5",27,27,27,54,216,71,107,1,0,1,17,9,9,28,6,-2,0,-8,+++-0-+++-0-,486 423 15 486 423 327 498 99 327 486 423 15 486 423 327 498 99 327,66,60,66,48,32,48,5,"(80,66,3)","(48,54,5)",79.51870831969534555434134,47.60649894337213544641686,1.000000055128871799705072,1.000000033004718053243084,TARGET_FREE_INTERNAL_ROUTE,e953714a3f1290a221bb6aaa7ffb0b8c7ba40f3de4825cb231af24f88c67487c,516ac20b777e49c49141c04f9435195b0a72bf8fd107bf1131f9797a550996f1,
rutas,90,INTERNAL_ORIENTED_ROUTES,1,r3c5_h-1v+1,23,3,5,-1,1,YES,charged_lepton_G2,charged_lepton,lepton,2,,charged_lepton_G2,charged_lepton,G2,"3,5;7,5",27,27,27,54,216,71,107,1,0,1,17,9,9,14,-4,0,0,-12,+++---+++---,504 585 507 504 585 672 510 666 672 504 585 507 504 585 672 510 666 672,78,24,78,24,16,80,6,"(40,78,27)","(80,54,6)",39.43380880300855130367114,79.60661013979482758647091,1.000000027338740854894358,1.000000055189812531859140,TARGET_FREE_INTERNAL_ROUTE,b34cbe3d2a71fe4fb1ebe4194d4a87718d2bd15ed5ffc2b7222167761d430287,647352489028a5eb55e737d1ba0d6c5267b15924d267d7995e4d3e1f03269bfd,2bdf6193049e9d8f1fc6952673cd5a6d3ece96f280eea32513f93207a69269c1
rutas,91,INTERNAL_ORIENTED_ROUTES,1,r3c5_h+1v-1,23,3,5,1,-1,NO,charged_lepton_G2,charged_lepton,lepton,2,,charged_lepton_G2,charged_lepton,G2,"3,5;7,5",27,27,27,54,216,71,107,1,0,1,17,9,9,14,4,0,0,-12,+++---+++---,510 666 672 510 666 507 504 585 507 510 666 672 510 666 507 504 585 507,78,24,78,24,16,80,6,"(40,78,27)","(80,54,6)",39.43380880300855130367114,79.60661013979482758647091,1.000000027338740854894358,1.000000055189812531859140,TARGET_FREE_INTERNAL_ROUTE,257cfe72d342b8330026aca6da1825c935e6890f3fa068db6795c936086cae39,fceaa5895efdf740e8a408a65e4bd72b828faadd8731c947705e6375e4f6895d,
rutas,92,INTERNAL_ORIENTED_ROUTES,1,r3c5_h+1v+1,23,3,5,1,1,NO,charged_lepton_G2,charged_lepton,lepton,2,,charged_lepton_G2,charged_lepton,G2,"3,5;7,5",27,27,27,54,216,71,107,0,0,0,17,9,9,28,-6,2,0,-8,+0+---+0+---,498 99 327 498 99 15 486 423 15 498 99 327 498 99 15 486 423 15,66,60,66,48,32,48,5,"(80,66,3)","(48,54,5)",79.51870831969534555434134,47.60649894337213544641686,1.000000055128871799705072,1.000000033004718053243084,TARGET_FREE_INTERNAL_ROUTE,5144d95329eaf9c2e01d5312581dfa5ab24fac78ab7b2ea124db8d95db7a998c,0ac1f885d966f22dfb79a602b576a688b351e32d455ddca04b3f46b937f49b0e,
rutas,93,INTERNAL_ORIENTED_ROUTES,1,r3c6_h-1v-1,24,3,6,-1,-1,NO,neutrino_G2,neutrino,lepton,2,,neutrino_G2,neutrino,G2,"3,6;7,4",27,27,27,54,216,71,107,1,0,1,17,9,9,30,6,-2,2,-8,+++--0+++--0,15 486 423 15 486 657 24 243 657 15 486 423 15 486 657 24 243 657,54,60,72,24,16,56,5,"(40,54,6)","(56,54,5)",39.60661013979482758647091,55.60649894337213544641686,1.000000027458540873559518,1.000000038550972354141645,TARGET_FREE_INTERNAL_ROUTE,8e5c94763ee2ea8ffb481fc1fefbf17f6c771f7914fcfcf180fc6ba384a48110,e9907b108eaaf6db8390e7129e3c3d3f5c497165928e17a4b9f231a7ba1fa7d0,
rutas,94,INTERNAL_ORIENTED_ROUTES,1,r3c6_h-1v+1,24,3,6,-1,1,YES,neutrino_G2,neutrino,lepton,2,,neutrino_G2,neutrino,G2,"3,6;7,4",27,27,27,54,216,71,107,0,0,0,17,9,9,20,0,0,0,0,+0000-+0000-,3 0 81 3 0 81 3 0 81 3 0 81 3 0 81 3 0 81,24,24,24,0,0,4,2,"(0,24,0)","(4,54,2)",-0.1751364616628112239348425,3.606165354104059026254707,0.9999999998785810851337881,1.000000002500088676796314,TARGET_FREE_INTERNAL_ROUTE,e11e9cb2d964364d36ac21f76809e6d1f0b312143e898c584c45d1ef8bf497ca,0b1b5faa852ad0e6071d95786097ecab1e741a4f64d3bdd1d778f85c74963cbd,406b35c85cc7381b8d89efa82a29daccaa3ddcc24246e6c04702d9023088d3ad
rutas,95,INTERNAL_ORIENTED_ROUTES,1,r3c6_h+1v-1,24,3,6,1,-1,NO,neutrino_G2,neutrino,lepton,2,,neutrino_G2,neutrino,G2,"3,6;7,4",27,27,27,54,216,71,107,0,0,0,17,9,9,20,0,0,0,0,00+-0000+-00,3 0 81 3 0 81 3 0 81 3 0 81 3 0 81 3 0 81,24,24,24,0,0,4,2,"(0,24,0)","(4,54,2)",-0.1751364616628112239348425,3.606165354104059026254707,0.9999999998785810851337881,1.000000002500088676796314,TARGET_FREE_INTERNAL_ROUTE,b69e41e3adf88e397196cba6a46da69641203067a7118c65e4b64e8aa46b34d1,783dfdedcf8fe84bdabe1f1b52581403e35dfe49f318adb41101ada8b61c501c,
rutas,96,INTERNAL_ORIENTED_ROUTES,1,r3c6_h+1v+1,24,3,6,1,1,NO,neutrino_G2,neutrino,lepton,2,,neutrino_G2,neutrino,G2,"3,6;7,4",27,27,27,54,216,71,107,2,1,2,16,9,9,30,-6,2,-2,-8,++0---++0---,24 243 657 24 243 423 15 486 423 24 243 657 24 243 423 15 486 423,54,60,72,24,16,56,5,"(40,54,6)","(56,54,5)",39.60661013979482758647091,55.60649894337213544641686,1.000000027458540873559518,1.000000038550972354141645,TARGET_FREE_INTERNAL_ROUTE,6288242c4687f7c0ef85b06a62c64390d926911da179628087bd63b7387a992d,9055dce23724fb2ee036867b505c820f79933f0a7d4ecd3d289c0b969ca46da2,
rutas,97,INTERNAL_ORIENTED_ROUTES,1,r3c7_h-1v-1,25,3,7,-1,-1,NO,charged_lepton_G2,charged_lepton,lepton,2,,charged_lepton_G2,charged_lepton,G2,"3,7;7,3",27,27,27,54,216,71,107,2,1,1,16,9,9,34,0,0,0,-12,+++---+++---,264 90 570 264 90 24 243 657 24 264 90 570 264 90 24 243 657 24,66,60,66,48,32,80,6,"(80,66,3)","(80,54,6)",79.51870831969534555434134,79.60661013979482758647091,1.000000055128871799705072,1.000000055189812531859140,TARGET_FREE_INTERNAL_ROUTE,6589a27f5db15e2faedf8e0bf0f4b48887925aa96b94b118940ab4b275b4f51e,a00262e0cf95aa0f99b91ef081a1ac39c8c5f9c7ba5b825eb0d5f9a881b4f01e,
rutas,98,INTERNAL_ORIENTED_ROUTES,1,r3c7_h-1v+1,25,3,7,-1,1,NO,charged_lepton_G2,charged_lepton,lepton,2,,charged_lepton_G2,charged_lepton,G2,"3,7;7,3",27,27,27,54,216,71,107,2,0,1,17,9,9,50,4,-2,2,-8,+++--0+++--0,258 414 420 258 414 255 252 333 255 258 414 420 258 414 255 252 333 255,84,24,84,24,16,56,5,"(40,84,30)","(56,54,5)",39.39035827686092491784959,55.60649894337213544641686,1.000000027308617396708705,1.000000038550972354141645,TARGET_FREE_INTERNAL_ROUTE,74fca7a065152326f2680e83c4eb79eddfceaf255870015f6dc3f0dcd4da23d4,d4d5eba82dff0efd18906a4c20b1c052b04b63460dea63d1c3908efab54ca465,
rutas,99,INTERNAL_ORIENTED_ROUTES,1,r3c7_h+1v-1,25,3,7,1,-1,NO,charged_lepton_G2,charged_lepton,lepton,2,,charged_lepton_G2,charged_lepton,G2,"3,7;7,3",27,27,27,54,216,71,107,3,1,3,16,9,9,50,-4,2,-2,-8,++0---++0---,252 333 255 252 333 420 258 414 420 252 333 255 252 333 420 258 414 420,84,24,84,24,16,56,5,"(40,84,30)","(56,54,5)",39.39035827686092491784959,55.60649894337213544641686,1.000000027308617396708705,1.000000038550972354141645,TARGET_FREE_INTERNAL_ROUTE,e56e3ff292c8e2520d3cecaa4e8d296324ef1d8f8f682120e853d2eb302e843b,809858a6f732a2d7201ea65668fee3960f55de4fc745fd45395c2dd5e8199cd5,
rutas,100,INTERNAL_ORIENTED_ROUTES,1,r3c7_h+1v+1,25,3,7,1,1,YES,charged_lepton_G2,charged_lepton,lepton,2,,charged_lepton_G2,charged_lepton,G2,"3,7;7,3",27,27,27,54,216,71,107,0,0,0,17,9,9,34,0,0,0,-12,+++---+++---,243 657 24 243 657 570 264 90 570 243 657 24 243 657 570 264 90 570,66,60,66,48,32,80,6,"(80,66,3)","(80,54,6)",79.51870831969534555434134,79.60661013979482758647091,1.000000055128871799705072,1.000000055189812531859140,TARGET_FREE_INTERNAL_ROUTE,77168e1c5f252e653c32d6b3899be2f09ce151e231c9bec5285c3e8baa931507,78e3b7b481481612e0e698c15bce3bb6731d92e345512472bbfdf23257191308,6124227ce899ccb2df636930314e07ff8fc23be0d2d973f8128c25ed2e55be47
rutas,101,INTERNAL_ORIENTED_ROUTES,1,r3c8_h-1v-1,26,3,8,-1,-1,NO,neutrino_G3,neutrino,lepton,3,,neutrino_G3,neutrino,G3,"3,8;7,2",27,27,27,54,216,71,107,1,0,1,17,9,9,34,0,-2,0,-8,+++--0+++--0,486 423 15 486 423 327 498 99 327 486 423 15 486 423 327 498 99 327,66,60,66,48,32,56,5,"(80,66,3)","(56,54,5)",79.51870831969534555434134,55.60649894337213544641686,1.000000055128871799705072,1.000000038550972354141645,TARGET_FREE_INTERNAL_ROUTE,a3c4b2e42baf237a5e4c2f9b552ebcd29e8bfa6d4980de4980f828b377f1771b,f96905bcda7205151dd5dacf1f6525762d535f2dd174b1c3e19f351bded335b8,
rutas,102,INTERNAL_ORIENTED_ROUTES,1,r3c8_h-1v+1,26,3,8,-1,1,YES,neutrino_G3,neutrino,lepton,3,,neutrino_G3,neutrino,G3,"3,8;7,2",27,27,27,54,216,71,107,1,0,1,17,9,9,14,-4,0,0,-12,+++---+++---,504 585 507 504 585 672 510 666 672 504 585 507 504 585 672 510 666 672,78,24,78,24,16,80,6,"(40,78,27)","(80,54,6)",39.43380880300855130367114,79.60661013979482758647091,1.000000027338740854894358,1.000000055189812531859140,TARGET_FREE_INTERNAL_ROUTE,30b5ef0c47761242ea250c0bd063668a9403357735c2c59fab1ad3ef3b33a931,11b41f4221d7ba5285c94c7305abf3242a05aad86ea35723202c943b48489ea1,0dd6b250296cb9be5eb2e1d19659528b7de17fdc8796cf0ec3cc88e3aabfa877
rutas,103,INTERNAL_ORIENTED_ROUTES,1,r3c8_h+1v-1,26,3,8,1,-1,NO,neutrino_G3,neutrino,lepton,3,,neutrino_G3,neutrino,G3,"3,8;7,2",27,27,27,54,216,71,107,1,0,1,17,9,9,14,4,0,0,-12,+++---+++---,510 666 672 510 666 507 504 585 507 510 666 672 510 666 507 504 585 507,78,24,78,24,16,80,6,"(40,78,27)","(80,54,6)",39.43380880300855130367114,79.60661013979482758647091,1.000000027338740854894358,1.000000055189812531859140,TARGET_FREE_INTERNAL_ROUTE,d954a2a9083ac81224a21b4c21d85c168f7e0b0f95f774163b3907a8c521f3ce,bce6affb972de83392f296ec01c79cf65f1662441464abdb46015ef5f9986e86,
rutas,104,INTERNAL_ORIENTED_ROUTES,1,r3c8_h+1v+1,26,3,8,1,1,NO,neutrino_G3,neutrino,lepton,3,,neutrino_G3,neutrino,G3,"3,8;7,2",27,27,27,54,216,71,107,0,0,0,17,9,9,34,0,2,0,-8,++0---++0---,498 99 327 498 99 15 486 423 15 498 99 327 498 99 15 486 423 15,66,60,66,48,32,56,5,"(80,66,3)","(56,54,5)",79.51870831969534555434134,55.60649894337213544641686,1.000000055128871799705072,1.000000038550972354141645,TARGET_FREE_INTERNAL_ROUTE,03881732293dbdb0dd5bde4d431381e4c1078b1ad88c6594eb82b5ddd3f00398,c585e17a9f62ed44ecbccc253a8758fe1c652c8a544d158754d2ae6fddf6df97,
rutas,105,INTERNAL_ORIENTED_ROUTES,1,r3c9_h-1v-1,27,3,9,-1,-1,YES,charged_lepton_G4,charged_lepton,lepton,4,,charged_lepton_G4,charged_lepton,G4,"3,9;7,1",27,27,27,54,216,71,107,1,0,1,17,9,9,30,-6,2,-4,-8,++0---++0---,15 486 423 15 486 657 24 243 657 15 486 423 15 486 657 24 243 657,54,60,72,24,16,56,5,"(40,54,6)","(56,54,5)",39.60661013979482758647091,55.60649894337213544641686,1.000000027458540873559518,1.000000038550972354141645,TARGET_FREE_INTERNAL_ROUTE,8baf9b09874f716a91bea12345945a5f1bd1f4f2baa14a324556a40ce2ba26af,a0b0a058859733c704c7f2fed250076e56e37e36f21b93d755a4c033376ccdc1,f669a046ed98e7755abdbfba15ed1ac55e8a6e228b2b4eb30e40719fe160aaae
rutas,106,INTERNAL_ORIENTED_ROUTES,1,r3c9_h-1v+1,27,3,9,-1,1,NO,charged_lepton_G4,charged_lepton,lepton,4,,charged_lepton_G4,charged_lepton,G4,"3,9;7,1",18,27,27,54,216,71,107,0,0,0,17,9,9,50,-6,2,-4,-8,++0---++0---,3 0 81 3 0 81 3 0 81 3 0 81 3 0 81 3 0 81,24,24,24,0,0,56,5,"(0,24,0)","(56,54,5)",-0.1751364616628112239348425,55.60649894337213544641686,0.9999999998785810851337881,1.000000038550972354141645,TARGET_FREE_INTERNAL_ROUTE,56152a5de4e1754dfb18df1797256c5b173ad55be9a8457fb604673240f1c027,d706d3e3faf56f94f030d2d4769dda6399824d27fd2506f0451a4918a9a901fc,
rutas,107,INTERNAL_ORIENTED_ROUTES,1,r3c9_h+1v-1,27,3,9,1,-1,NO,charged_lepton_G4,charged_lepton,lepton,4,,charged_lepton_G4,charged_lepton,G4,"3,9;7,1",9,27,27,54,216,71,107,0,0,0,17,9,9,50,6,-2,4,-8,+++--0+++--0,3 0 81 3 0 81 3 0 81 3 0 81 3 0 81 3 0 81,24,24,24,0,0,56,5,"(0,24,0)","(56,54,5)",-0.1751364616628112239348425,55.60649894337213544641686,0.9999999998785810851337881,1.000000038550972354141645,TARGET_FREE_INTERNAL_ROUTE,98a70374da093a1929fe532b452dc2b594c1f88dc9efbb4f8bb82206ed8e63b8,956dd1205d0eaf9ce7232de79c5985f62b2f20e1807aa46b76e7ce2850285b90,
rutas,108,INTERNAL_ORIENTED_ROUTES,1,r3c9_h+1v+1,27,3,9,1,1,NO,charged_lepton_G4,charged_lepton,lepton,4,,charged_lepton_G4,charged_lepton,G4,"3,9;7,1",27,27,27,54,216,71,107,2,1,2,16,9,9,30,6,-2,4,-8,+++--0+++--0,24 243 657 24 243 423 15 486 423 24 243 657 24 243 423 15 486 423,54,60,72,24,16,56,5,"(40,54,6)","(56,54,5)",39.60661013979482758647091,55.60649894337213544641686,1.000000027458540873559518,1.000000038550972354141645,TARGET_FREE_INTERNAL_ROUTE,4df97b7fc1cea288d4b149a43852d6e54a768eaa7b1e17bd091da4b9eb93eb18,7b1d3368504c06f4756793ae495b0eb9f07fef9577e95bcf66b649fad5640235,
rutas,109,INTERNAL_ORIENTED_ROUTES,1,r4c1_h-1v-1,28,4,1,-1,-1,YES,quark_down_G4,quark_down,quark,4,R,quark_down_G4,quark_down,G4,"4,1;6,9",27,27,27,54,216,71,107,2,1,2,16,9,9,30,-6,0,-4,-12,+++---+++---,486 423 15 486 429 243 657 24 243 486 423 15 486 429 243 657 24 243,54,56,70,48,32,80,6,"(80,54,7)","(80,54,6)",79.60672133621751972652496,79.60661013979482758647091,1.000000055189889622315337,1.000000055189812531859140,TARGET_FREE_INTERNAL_ROUTE,63616877dbaa1494e1e12a93696a27ab3d0d9a09bd6c27e7a8cf49db5f58e7c8,3405682bf852ce023ebe9993311695142ffa0a4307c6c7a9da9721846f8f6ae1,e58666b4f6fa6d33a51e958ef358e1aec182e5eb5a6f84e424583f2d27bdfb85
rutas,110,INTERNAL_ORIENTED_ROUTES,1,r4c1_h-1v+1,28,4,1,-1,1,NO,quark_down_G4,quark_down,quark,4,R,quark_down_G4,quark_down,G4,"4,1;6,9",27,27,27,54,216,71,107,0,0,0,17,9,9,44,2,0,0,-12,+++---+++---,507 504 585 507 510 510 666 672 510 507 504 585 507 510 510 666 672 510,78,28,78,36,24,80,6,"(60,78,25)","(80,54,6)",59.43358641016316702356304,79.60661013979482758647091,1.000000041204222405344905,1.000000055189812531859140,TARGET_FREE_INTERNAL_ROUTE,80a08e930c195bab65a18748d66751216778294eac2b155d72ae50f39d5d7dda,2037eb27ad0ed4d7ff20939ed394b0263366036e5d5ff1cbc8635bf587eee9a2,
rutas,111,INTERNAL_ORIENTED_ROUTES,1,r4c1_h+1v-1,28,4,1,1,-1,NO,quark_down_G4,quark_down,quark,4,R,quark_down_G4,quark_down,G4,"4,1;6,9",27,27,27,54,216,71,107,2,0,1,17,9,9,44,-2,0,0,-12,+++---+++---,666 672 510 666 666 585 507 504 585 666 672 510 666 666 585 507 504 585,78,28,78,36,24,80,6,"(60,78,25)","(80,54,6)",59.43358641016316702356304,79.60661013979482758647091,1.000000041204222405344905,1.000000055189812531859140,TARGET_FREE_INTERNAL_ROUTE,eb9fef92470f339ddf8c9ed1517e5de1b10969e9ebb16591a7f34cf5d9a76997,0a8b7f1d8bfb27ed38bd2268b2ef01ad94636043402cd263c98ad3f7a6693437,
rutas,112,INTERNAL_ORIENTED_ROUTES,1,r4c1_h+1v+1,28,4,1,1,1,NO,quark_down_G4,quark_down,quark,4,R,quark_down_G4,quark_down,G4,"4,1;6,9",27,27,27,54,216,71,107,2,0,1,17,9,9,30,6,0,4,-12,+++---+++---,657 24 243 657 18 15 486 423 15 657 24 243 657 18 15 486 423 15,54,56,70,48,32,80,6,"(80,54,7)","(80,54,6)",79.60672133621751972652496,79.60661013979482758647091,1.000000055189889622315337,1.000000055189812531859140,TARGET_FREE_INTERNAL_ROUTE,322c7aa9113fe7344258693ce39c72802f7f0c73dc8b45c2f74ec16a33fef9e4,f4cec5cc7eaa26376f6155232dee3e998411e31892f8981e72e525ab7e0192d8,
rutas,113,INTERNAL_ORIENTED_ROUTES,1,r4c2_h-1v-1,29,4,2,-1,-1,NO,quark_up_G3,quark_up,quark,3,B,quark_up_G3,quark_up,G3,"4,2;6,8",27,27,27,54,216,71,107,1,0,1,17,9,9,28,-6,0,0,-12,+++---+++---,90 570 264 90 567 657 24 243 657 90 570 264 90 567 657 24 243 657,66,64,64,60,40,80,6,"(100,66,0)","(80,54,6)",99.51837473042726913417918,79.60661013979482758647091,1.000000068994276645021895,1.000000055189812531859140,TARGET_FREE_INTERNAL_ROUTE,320c90bb3283149be781a543a1877eb0bab2603c2de7a705296b6be5be9e1da5,fc5013386134f89641ceb3f10fc2600b52ba7b583a6be4816aecffff35bfab68,
rutas,114,INTERNAL_ORIENTED_ROUTES,1,r4c2_h-1v+1,29,4,2,-1,1,NO,quark_up_G3,quark_up,quark,3,B,quark_up_G3,quark_up,G3,"4,2;6,8",27,27,27,54,216,71,107,2,0,2,17,9,9,14,6,0,0,-12,+++---+++---,81 3 0 81 0 3 0 81 3 81 3 0 81 0 3 0 81 3,24,20,24,24,16,80,6,"(40,24,2)","(80,54,6)",39.82508593118257305617326,79.60661013979482758647091,1.000000027610006159514215,1.000000055189812531859140,TARGET_FREE_INTERNAL_ROUTE,4257bc9a976f4f175e997aba070b542adc329417c6dae0d08e497d6d65d51564,102c954f9d43af2049a828e972c927bace8ca4c96291f65efffa01cae7c2fdfb,
rutas,115,INTERNAL_ORIENTED_ROUTES,1,r4c2_h+1v-1,29,4,2,1,-1,YES,quark_up_G3,quark_up,quark,3,B,quark_up_G3,quark_up,G3,"4,2;6,8",27,27,27,54,216,71,107,0,0,0,17,9,9,14,-6,0,0,-12,+++---+++---,0 81 3 0 84 0 81 3 0 0 81 3 0 84 0 81 3 0,24,20,24,24,16,80,6,"(40,24,2)","(80,54,6)",39.82508593118257305617326,79.60661013979482758647091,1.000000027610006159514215,1.000000055189812531859140,TARGET_FREE_INTERNAL_ROUTE,16f46915102b6339647250e52a7f69a351f7ca67ea21ef1a4634567c1e82c249,3e5eb22e721faa17e47903a494789298f6831e31c48a1acac42b56f61a087c39,976690fd5ec3fa4bf0ee2a75d8c8cf5e15e549ba4e8d243657dff0e8cd9a4eed
rutas,116,INTERNAL_ORIENTED_ROUTES,1,r4c2_h+1v+1,29,4,2,1,1,NO,quark_up_G3,quark_up,quark,3,B,quark_up_G3,quark_up,G3,"4,2;6,8",27,27,27,54,216,71,107,0,0,0,17,9,9,28,6,0,0,-12,+++---+++---,24 243 657 24 246 264 90 570 264 24 243 657 24 246 264 90 570 264,66,64,64,60,40,80,6,"(100,66,0)","(80,54,6)",99.51837473042726913417918,79.60661013979482758647091,1.000000068994276645021895,1.000000055189812531859140,TARGET_FREE_INTERNAL_ROUTE,3108b4aa18a6e54b1b72c94127319da7c81a3c4b94e8d5842a621deae470a1c1,a6f1b74f60b1279c43943235a599dd91eba8343112b3912e62c18ec7472ea819,
rutas,117,INTERNAL_ORIENTED_ROUTES,1,r4c3_h-1v-1,30,4,3,-1,-1,NO,quark_down_G2,quark_down,quark,2,G,quark_down_G2,quark_down,G2,"4,3;6,7",27,27,27,54,216,71,107,1,1,1,16,9,9,28,6,0,4,-12,+++---+++---,423 15 486 423 12 99 327 498 99 423 15 486 423 12 99 327 498 99,66,60,64,48,32,80,6,"(80,66,2)","(80,54,6)",79.51859712327265341428729,79.60661013979482758647091,1.000000055128794709248880,1.000000055189812531859140,TARGET_FREE_INTERNAL_ROUTE,dfba8889ea2e308db35da1a1e3a470cb901f5b1b448eecfa8b072910f423cf30,afd3630152262dd724d21cfe75259c892dc768015259d63a8c73a387e703340c,
rutas,118,INTERNAL_ORIENTED_ROUTES,1,r4c3_h-1v+1,30,4,3,-1,1,NO,quark_down_G2,quark_down,quark,2,G,quark_down_G2,quark_down,G2,"4,3;6,7",27,27,27,54,216,71,107,1,0,1,17,9,9,50,4,-2,2,-8,+++-0-+++-0-,420 258 414 420 255 252 333 255 252 420 258 414 420 255 252 333 255 252,84,24,84,24,16,48,5,"(40,84,30)","(48,54,5)",39.39035827686092491784959,47.60649894337213544641686,1.000000027308617396708705,1.000000033004718053243084,TARGET_FREE_INTERNAL_ROUTE,b9a0e830c5b79e19fac92114fb87e7d73c89c8ab1412847c40d4194edfafd295,45d58d9381a000cc9d767cfaadb64e412d11aefedf7a5b16fdf39ebb2427bb4f,
rutas,119,INTERNAL_ORIENTED_ROUTES,1,r4c3_h+1v-1,30,4,3,1,-1,NO,quark_down_G2,quark_down,quark,2,G,quark_down_G2,quark_down,G2,"4,3;6,7",27,27,27,54,216,71,107,0,0,0,17,9,9,50,-4,2,-2,-8,+0+---+0+---,333 255 252 333 258 414 420 258 414 333 255 252 333 258 414 420 258 414,84,24,84,24,16,48,5,"(40,84,30)","(48,54,5)",39.39035827686092491784959,47.60649894337213544641686,1.000000027308617396708705,1.000000033004718053243084,TARGET_FREE_INTERNAL_ROUTE,f18a5f3bb67d88d2241efee93e0869d0669b4af613f1efc2a3340b822993e9f0,2fa6335747d64259eacd9cd2cfd7362a3d7b22ed15a290e43fc0aa7db9ebb8ee,
rutas,120,INTERNAL_ORIENTED_ROUTES,1,r4c3_h+1v+1,30,4,3,1,1,YES,quark_down_G2,quark_down,quark,2,G,quark_down_G2,quark_down,G2,"4,3;6,7",27,27,27,54,216,71,107,2,1,2,16,9,9,28,-6,0,-4,-12,+++---+++---,327 498 99 327 501 486 423 15 486 327 498 99 327 501 486 423 15 486,66,60,64,48,32,80,6,"(80,66,2)","(80,54,6)",79.51859712327265341428729,79.60661013979482758647091,1.000000055128794709248880,1.000000055189812531859140,TARGET_FREE_INTERNAL_ROUTE,d562cf51d4b94895d64814ea9d20c3894b082a0c3fdcbdd529750f0f92dc6249,46e7971fd3cde9a3330a90fd8d65631f09d3233dbe7e2bec0108983ff0938898,0445e18674117bf622efd6fbfa1d6e4c6164b9238247bb7c762c152bb9686738
rutas,121,INTERNAL_ORIENTED_ROUTES,1,r4c4_h-1v-1,31,4,4,-1,-1,NO,quark_up_G1,quark_up,quark,1,R,quark_up_G1,quark_up,G1,"4,4;6,6",27,27,27,54,216,71,107,2,1,2,16,9,9,24,0,0,0,-12,+++---+++---,486 423 15 486 429 243 657 24 243 486 423 15 486 429 243 657 24 243,54,56,70,48,32,80,6,"(80,54,7)","(80,54,6)",79.60672133621751972652496,79.60661013979482758647091,1.000000055189889622315337,1.000000055189812531859140,TARGET_FREE_INTERNAL_ROUTE,77c77bedc6c70e8f673bba3f1a38ebbbad0e9216da5a1135bf40b23f327bb557,71932081a5e57d25037ce0d5b5db38479d4de5b79809ce8e2c0b6c8aa771cdfc,
rutas,122,INTERNAL_ORIENTED_ROUTES,1,r4c4_h-1v+1,31,4,4,-1,1,YES,quark_up_G1,quark_up,quark,1,R,quark_up_G1,quark_up,G1,"4,4;6,6",27,27,27,54,216,71,107,0,0,0,17,9,9,14,-4,0,0,-12,+++---+++---,507 504 585 507 510 510 666 672 510 507 504 585 507 510 510 666 672 510,78,28,78,36,24,80,6,"(60,78,25)","(80,54,6)",59.43358641016316702356304,79.60661013979482758647091,1.000000041204222405344905,1.000000055189812531859140,TARGET_FREE_INTERNAL_ROUTE,287327ac0b7a67951ed95a00dceb2cc4b73e9aae63f89cf3f375f2e14608c87d,015d0ecdc3d3681a13d3a6dfb1164ab55a41a27e6f103f07f68ac1e94b8ffcd2,282e55192bd3edf96e14e9bf0b50e3479922204db1e0fa80756865f131f8c5ed
rutas,123,INTERNAL_ORIENTED_ROUTES,1,r4c4_h+1v-1,31,4,4,1,-1,NO,quark_up_G1,quark_up,quark,1,R,quark_up_G1,quark_up,G1,"4,4;6,6",27,27,27,54,216,71,107,2,0,1,17,9,9,14,4,0,0,-12,+++---+++---,666 672 510 666 666 585 507 504 585 666 672 510 666 666 585 507 504 585,78,28,78,36,24,80,6,"(60,78,25)","(80,54,6)",59.43358641016316702356304,79.60661013979482758647091,1.000000041204222405344905,1.000000055189812531859140,TARGET_FREE_INTERNAL_ROUTE,b39d7e1604512deef70b3918e486fa58fffe93c5ba2477a09df55b64831ca74b,8f35c9aaa9f1b19875c81199d648323876ea87ed664f20cdb441f73adcdccb12,
rutas,124,INTERNAL_ORIENTED_ROUTES,1,r4c4_h+1v+1,31,4,4,1,1,NO,quark_up_G1,quark_up,quark,1,R,quark_up_G1,quark_up,G1,"4,4;6,6",27,27,27,54,216,71,107,2,0,1,17,9,9,24,0,0,0,-12,+++---+++---,657 24 243 657 18 15 486 423 15 657 24 243 657 18 15 486 423 15,54,56,70,48,32,80,6,"(80,54,7)","(80,54,6)",79.60672133621751972652496,79.60661013979482758647091,1.000000055189889622315337,1.000000055189812531859140,TARGET_FREE_INTERNAL_ROUTE,a20fae0de320526914318b1432bf0b0eb2e61de22cd563a0e5a17b0ea9128bc0,57d09c9ebfd5b2a4289c6b1055b0fc67ad75d3af3cdcf8d84d685d0e8828573d,
rutas,125,INTERNAL_ORIENTED_ROUTES,1,r4c5_h-1v-1,32,4,5,-1,-1,NO,quark_down_G1,quark_down,quark,1,B,quark_down_G1,quark_down,G1,"4,5;6,5",27,27,27,54,216,71,107,1,0,1,17,9,9,28,-6,0,0,-12,+++---+++---,90 570 264 90 567 657 24 243 657 90 570 264 90 567 657 24 243 657,66,64,64,60,40,80,6,"(100,66,0)","(80,54,6)",99.51837473042726913417918,79.60661013979482758647091,1.000000068994276645021895,1.000000055189812531859140,TARGET_FREE_INTERNAL_ROUTE,79fb9a845241446b08dd24c605f6b1b7bd4981c5e6fa6e0067ea36ce0e7baef1,fb4bcab39bf089e5c421bf352caad6674c9c54f04a9d95494401d5b5db852e28,
rutas,126,INTERNAL_ORIENTED_ROUTES,1,r4c5_h-1v+1,32,4,5,-1,1,NO,quark_down_G1,quark_down,quark,1,B,quark_down_G1,quark_down,G1,"4,5;6,5",27,27,27,54,216,71,107,2,0,2,17,9,9,20,0,0,0,-8,+0+-0-+0+-0-,81 3 0 81 0 3 0 81 3 81 3 0 81 0 3 0 81 3,24,20,24,24,16,40,4,"(40,24,2)","(40,54,4)",39.82508593118257305617326,39.60638774694944330636281,1.000000027610006159514215,1.000000027458386692651400,TARGET_FREE_INTERNAL_ROUTE,0c0060901278e986f81b5b522e367331377866c4eec0a6c9a5fd33b1702579f7,7359aaa714e722cf55306e7389c0a7821640a976ddca2652c3e9de161d84c014,
rutas,127,INTERNAL_ORIENTED_ROUTES,1,r4c5_h+1v-1,32,4,5,1,-1,YES,quark_down_G1,quark_down,quark,1,B,quark_down_G1,quark_down,G1,"4,5;6,5",27,27,27,54,216,71,107,0,0,0,17,9,9,20,0,0,0,-8,+0+-0-+0+-0-,0 81 3 0 84 0 81 3 0 0 81 3 0 84 0 81 3 0,24,20,24,24,16,40,4,"(40,24,2)","(40,54,4)",39.82508593118257305617326,39.60638774694944330636281,1.000000027610006159514215,1.000000027458386692651400,TARGET_FREE_INTERNAL_ROUTE,9866ca016d61a93c8605f9d393f5c7d1ccbf95b39e0be07eda5205d177bbe0a3,37ed6a7926a4b489b076fae2ae21dc04dd4b9ca8e9edd354076bf251fcd73744,58bd109118dc402143446db43b056afbcc8d2a5991cace6f6ec3fb4670b5eff4
rutas,128,INTERNAL_ORIENTED_ROUTES,1,r4c5_h+1v+1,32,4,5,1,1,NO,quark_down_G1,quark_down,quark,1,B,quark_down_G1,quark_down,G1,"4,5;6,5",27,27,27,54,216,71,107,0,0,0,17,9,9,28,6,0,0,-12,+++---+++---,24 243 657 24 246 264 90 570 264 24 243 657 24 246 264 90 570 264,66,64,64,60,40,80,6,"(100,66,0)","(80,54,6)",99.51837473042726913417918,79.60661013979482758647091,1.000000068994276645021895,1.000000055189812531859140,TARGET_FREE_INTERNAL_ROUTE,4fcdd9bfc143fe82bee933b825b840060bc9cc4cb3164418cc30da5c55f863c5,ba031ff902fef28f8cc55107fa551870981ae35f912431d3e4c6b06e9fd726fa,
rutas,129,INTERNAL_ORIENTED_ROUTES,1,r4c6_h-1v-1,33,4,6,-1,-1,NO,quark_up_G1,quark_up,quark,1,G,quark_up_G1,quark_up,G1,"4,6;6,4",27,27,27,54,216,71,107,1,1,1,16,9,9,28,6,0,0,-12,+++---+++---,423 15 486 423 12 99 327 498 99 423 15 486 423 12 99 327 498 99,66,60,64,48,32,80,6,"(80,66,2)","(80,54,6)",79.51859712327265341428729,79.60661013979482758647091,1.000000055128794709248880,1.000000055189812531859140,TARGET_FREE_INTERNAL_ROUTE,87efef613d4e87ec97c29419f7de6fbea09a79bc753ae3e404b221d8ede75b4a,6e6b7dd414d89eb1aaaf5a8ea14fac7861011753e2349a9cc217300fd1b80edf,
rutas,130,INTERNAL_ORIENTED_ROUTES,1,r4c6_h-1v+1,33,4,6,-1,1,NO,quark_up_G1,quark_up,quark,1,G,quark_up_G1,quark_up,G1,"4,6;6,4",27,27,27,54,216,71,107,1,0,1,17,9,9,50,4,-2,2,-8,+++--0+++--0,420 258 414 420 255 252 333 255 252 420 258 414 420 255 252 333 255 252,84,24,84,24,16,56,5,"(40,84,30)","(56,54,5)",39.39035827686092491784959,55.60649894337213544641686,1.000000027308617396708705,1.000000038550972354141645,TARGET_FREE_INTERNAL_ROUTE,055c55a6583303aac67730b62377ba8a1d0049ac7aed4debc98aad5881bc9bb5,8fa03549920be213176b7e0c881c6482be1ed34ccd91ebfb0760198297de4e2b,
rutas,131,INTERNAL_ORIENTED_ROUTES,1,r4c6_h+1v-1,33,4,6,1,-1,NO,quark_up_G1,quark_up,quark,1,G,quark_up_G1,quark_up,G1,"4,6;6,4",27,27,27,54,216,71,107,0,0,0,17,9,9,50,-4,2,-2,-8,++0---++0---,333 255 252 333 258 414 420 258 414 333 255 252 333 258 414 420 258 414,84,24,84,24,16,56,5,"(40,84,30)","(56,54,5)",39.39035827686092491784959,55.60649894337213544641686,1.000000027308617396708705,1.000000038550972354141645,TARGET_FREE_INTERNAL_ROUTE,406e5327b2546eaa3992ae56c6688e014239f25ef3712139e37360e70307a0cf,c31d14fcf53e490e7b58ce903300244767c13da20e17866554a53b7f1e8aa2ca,
rutas,132,INTERNAL_ORIENTED_ROUTES,1,r4c6_h+1v+1,33,4,6,1,1,YES,quark_up_G1,quark_up,quark,1,G,quark_up_G1,quark_up,G1,"4,6;6,4",27,27,27,54,216,71,107,2,1,2,16,9,9,28,-6,0,0,-12,+++---+++---,327 498 99 327 501 486 423 15 486 327 498 99 327 501 486 423 15 486,66,60,64,48,32,80,6,"(80,66,2)","(80,54,6)",79.51859712327265341428729,79.60661013979482758647091,1.000000055128794709248880,1.000000055189812531859140,TARGET_FREE_INTERNAL_ROUTE,edc4254630dee8eed6f09c01001d7e5ff9ae88a52b26f6c84b34889e95b4b44f,8e63a835c6a45d8cdfe6ec7615e7954f6d06dba153209bd739e0e94665079019,ac355fc3c7d67e23747af693446ce5973090a1288c89b61ed5e84c164421d478
rutas,133,INTERNAL_ORIENTED_ROUTES,1,r4c7_h-1v-1,34,4,7,-1,-1,NO,quark_down_G2,quark_down,quark,2,R,quark_down_G2,quark_down,G2,"4,7;6,3",27,27,27,54,216,71,107,2,1,2,16,9,9,30,6,-2,0,-8,+++--0+++--0,486 423 15 486 429 243 657 24 243 486 423 15 486 429 243 657 24 243,54,56,70,48,32,56,5,"(80,54,7)","(56,54,5)",79.60672133621751972652496,55.60649894337213544641686,1.000000055189889622315337,1.000000038550972354141645,TARGET_FREE_INTERNAL_ROUTE,4ca3456697b5beafb2684f346ef4fe8a825e4e9b1923a0354b9e170e0a544faa,e241f838e36aaa931f974504e5963e774300dbe4095f540812bdb1be522d47ca,
rutas,134,INTERNAL_ORIENTED_ROUTES,1,r4c7_h-1v+1,34,4,7,-1,1,YES,quark_down_G2,quark_down,quark,2,R,quark_down_G2,quark_down,G2,"4,7;6,3",27,27,27,54,216,71,107,0,0,0,17,9,9,14,-4,0,0,-12,+++---+++---,507 504 585 507 510 510 666 672 510 507 504 585 507 510 510 666 672 510,78,28,78,36,24,80,6,"(60,78,25)","(80,54,6)",59.43358641016316702356304,79.60661013979482758647091,1.000000041204222405344905,1.000000055189812531859140,TARGET_FREE_INTERNAL_ROUTE,01c95731317c519b15d30504737dbf0755697c530400d12b6dbb06b6fddb26df,0775e69aa78c62aeb37e0d803ae05fdb216bf35b3648f5cbd17c92719739b065,4acc79e1bddf0a8446aca263fca69bd39879caa1e6469c33d703da9172c27cd9
rutas,135,INTERNAL_ORIENTED_ROUTES,1,r4c7_h+1v-1,34,4,7,1,-1,NO,quark_down_G2,quark_down,quark,2,R,quark_down_G2,quark_down,G2,"4,7;6,3",27,27,27,54,216,71,107,2,0,1,17,9,9,14,4,0,0,-12,+++---+++---,666 672 510 666 666 585 507 504 585 666 672 510 666 666 585 507 504 585,78,28,78,36,24,80,6,"(60,78,25)","(80,54,6)",59.43358641016316702356304,79.60661013979482758647091,1.000000041204222405344905,1.000000055189812531859140,TARGET_FREE_INTERNAL_ROUTE,782a318cc548e949b83af90597ea3aa0715c06a57efc8cd4c09cc84eaf42ad4c,f4d3eea43826eed3747c080d0cdd48c809877dc7fc409585fd0274bc331de472,
rutas,136,INTERNAL_ORIENTED_ROUTES,1,r4c7_h+1v+1,34,4,7,1,1,NO,quark_down_G2,quark_down,quark,2,R,quark_down_G2,quark_down,G2,"4,7;6,3",27,27,27,54,216,71,107,2,0,1,17,9,9,30,-6,2,0,-8,++0---++0---,657 24 243 657 18 15 486 423 15 657 24 243 657 18 15 486 423 15,54,56,70,48,32,56,5,"(80,54,7)","(56,54,5)",79.60672133621751972652496,55.60649894337213544641686,1.000000055189889622315337,1.000000038550972354141645,TARGET_FREE_INTERNAL_ROUTE,54436c1307ec79e76d82397f2b17691ba5e8eca04e1f5c1135c5a6f07fdd51cf,073fbdcdb0df31cbcc689c539e57777a6ea89a0771eb07238bc113fd3c52f129,
rutas,137,INTERNAL_ORIENTED_ROUTES,1,r4c8_h-1v-1,35,4,8,-1,-1,YES,quark_up_G3,quark_up,quark,3,B,quark_up_G3,quark_up,G3,"4,8;6,2",27,27,27,54,216,71,107,1,0,1,17,9,9,34,0,-2,0,-8,+++0--+++0--,90 570 264 90 567 657 24 243 657 90 570 264 90 567 657 24 243 657,66,64,64,60,40,56,5,"(100,66,0)","(56,54,5)",99.51837473042726913417918,55.60649894337213544641686,1.000000068994276645021895,1.000000038550972354141645,TARGET_FREE_INTERNAL_ROUTE,2b804e0cfd9c913aa79e7b2529b115c91f296d3cf84b6837e5e05321bfc2a6c0,98e82256254f483db3a5842d1f7fd6a569044ecf3c542b941705855559737516,bf56e7e7a44142053df74d41b3498a6c84055d812f97946ed2c0674099511566
rutas,138,INTERNAL_ORIENTED_ROUTES,1,r4c8_h-1v+1,35,4,8,-1,1,NO,quark_up_G3,quark_up,quark,3,B,quark_up_G3,quark_up,G3,"4,8;6,2",27,27,27,54,216,71,107,2,0,2,17,9,9,50,-6,2,-2,-8,0++---0++---,81 3 0 81 0 3 0 81 3 81 3 0 81 0 3 0 81 3,24,20,24,24,16,56,5,"(40,24,2)","(56,54,5)",39.82508593118257305617326,55.60649894337213544641686,1.000000027610006159514215,1.000000038550972354141645,TARGET_FREE_INTERNAL_ROUTE,03804c454b95d8b93e9f278969bffd8bf62a884888eefa4f44c9253afb6c9aa4,87681b4a0c073f38f2a84e8a65f543f2c195b938cd71606b35a72691d777d3ce,
rutas,139,INTERNAL_ORIENTED_ROUTES,1,r4c8_h+1v-1,35,4,8,1,-1,NO,quark_up_G3,quark_up,quark,3,B,quark_up_G3,quark_up,G3,"4,8;6,2",27,27,27,54,216,71,107,0,0,0,17,9,9,50,6,-2,2,-8,+++0--+++0--,0 81 3 0 84 0 81 3 0 0 81 3 0 84 0 81 3 0,24,20,24,24,16,56,5,"(40,24,2)","(56,54,5)",39.82508593118257305617326,55.60649894337213544641686,1.000000027610006159514215,1.000000038550972354141645,TARGET_FREE_INTERNAL_ROUTE,b6ebfc8618552fdd72e29c86168f9f6e2a46c3fe8d74fb9e06ff8d9ef4d8355b,e8e9508b8406628379069d3f617b9beaee92634d170e0a1cf2a20c31d62a42e6,
rutas,140,INTERNAL_ORIENTED_ROUTES,1,r4c8_h+1v+1,35,4,8,1,1,NO,quark_up_G3,quark_up,quark,3,B,quark_up_G3,quark_up,G3,"4,8;6,2",27,27,27,54,216,71,107,0,0,0,17,9,9,34,0,2,0,-8,0++---0++---,24 243 657 24 246 264 90 570 264 24 243 657 24 246 264 90 570 264,66,64,64,60,40,56,5,"(100,66,0)","(56,54,5)",99.51837473042726913417918,55.60649894337213544641686,1.000000068994276645021895,1.000000038550972354141645,TARGET_FREE_INTERNAL_ROUTE,b1167825dc88e346b1033aa368e2c68a7ce87d854b37460a00c312e0b818fce5,b7f40bf3d4a01f15bdaa23dc2ebd2cdd551eca43991086c52426a372930a411b,
rutas,141,INTERNAL_ORIENTED_ROUTES,1,r4c9_h-1v-1,36,4,9,-1,-1,NO,quark_down_G4,quark_down,quark,4,G,quark_down_G4,quark_down,G4,"4,9;6,1",27,27,27,54,216,71,107,1,1,1,16,9,9,34,0,0,0,-12,+++---+++---,423 15 486 423 12 99 327 498 99 423 15 486 423 12 99 327 498 99,66,60,64,48,32,80,6,"(80,66,2)","(80,54,6)",79.51859712327265341428729,79.60661013979482758647091,1.000000055128794709248880,1.000000055189812531859140,TARGET_FREE_INTERNAL_ROUTE,1fac69dafa70b07993139f7a846f20abb465238f4558212f54421745cb5e3918,f8d6c21dad31131fc4c2fc3d70185a1f888c237d6474a021870b65196e6d416e,
rutas,142,INTERNAL_ORIENTED_ROUTES,1,r4c9_h-1v+1,36,4,9,-1,1,YES,quark_down_G4,quark_down,quark,4,G,quark_down_G4,quark_down,G4,"4,9;6,1",27,27,27,54,216,71,107,1,0,1,17,9,9,8,-2,0,0,-12,+++---+++---,420 258 414 420 255 252 333 255 252 420 258 414 420 255 252 333 255 252,84,24,84,24,16,80,6,"(40,84,30)","(80,54,6)",39.39035827686092491784959,79.60661013979482758647091,1.000000027308617396708705,1.000000055189812531859140,TARGET_FREE_INTERNAL_ROUTE,18959d06bbedaac3d5d1132981d981df9bd28a79c6da33756e8d2149cb51db61,4c038f821f5bd14ceca5c1f4829b72b372c1563b32e0fcc5b34cfb9eff6992ee,1e448780f5a741d6641ffc8e2ae465ac249cdecbbd7f941e44db167f2a18cb1b
rutas,143,INTERNAL_ORIENTED_ROUTES,1,r4c9_h+1v-1,36,4,9,1,-1,NO,quark_down_G4,quark_down,quark,4,G,quark_down_G4,quark_down,G4,"4,9;6,1",27,27,27,54,216,71,107,0,0,0,17,9,9,8,2,0,0,-12,+++---+++---,333 255 252 333 258 414 420 258 414 333 255 252 333 258 414 420 258 414,84,24,84,24,16,80,6,"(40,84,30)","(80,54,6)",39.39035827686092491784959,79.60661013979482758647091,1.000000027308617396708705,1.000000055189812531859140,TARGET_FREE_INTERNAL_ROUTE,e624c172e0c76c77cc5995ae25a89b2e951081d6310567419586143808bab0aa,b10d5887020993ff069a374c70846c7db2da53820e650c37b95231a6b241a3cb,
rutas,144,INTERNAL_ORIENTED_ROUTES,1,r4c9_h+1v+1,36,4,9,1,1,NO,quark_down_G4,quark_down,quark,4,G,quark_down_G4,quark_down,G4,"4,9;6,1",27,27,27,54,216,71,107,2,1,2,16,9,9,34,0,0,0,-12,+++---+++---,327 498 99 327 501 486 423 15 486 327 498 99 327 501 486 423 15 486,66,60,64,48,32,80,6,"(80,66,2)","(80,54,6)",79.51859712327265341428729,79.60661013979482758647091,1.000000055128794709248880,1.000000055189812531859140,TARGET_FREE_INTERNAL_ROUTE,555a0b57737e22122d0fd734f5aa5516d6461c185bde5c94fab7062044c81b31,40c90b3041a8d94ca52a895335732ae51dc7c7f9837d5ada66d7bc12643ede6a,
rutas,145,INTERNAL_ORIENTED_ROUTES,1,r5c1_h-1v-1,37,5,1,-1,-1,NO,charged_lepton_G4,charged_lepton,lepton,4,,charged_lepton_G4,charged_lepton,G4,"5,1;5,9",27,27,27,54,216,71,107,1,1,1,16,9,9,34,0,2,0,-8,+0+---+0+---,15 486 423 15 489 498 99 327 498 15 486 423 15 489 498 99 327 498,66,64,68,60,40,48,5,"(100,66,2)","(48,54,5)",99.51859712327265341428729,47.60649894337213544641686,1.000000068994430825936417,1.000000033004718053243084,TARGET_FREE_INTERNAL_ROUTE,44128f77694e22cdb74ce801d17ef58cb5f75058dd488325f94b8db3aef4c2f3,8e414ca1b56fa4e2e54dc83e480cd2bdb5cfc2052546af04082e0f017d24c4e5,
rutas,146,INTERNAL_ORIENTED_ROUTES,1,r5c1_h-1v+1,37,5,1,-1,1,NO,charged_lepton_G4,charged_lepton,lepton,4,,charged_lepton_G4,charged_lepton,G4,"5,1;5,9",27,27,27,54,216,71,107,0,0,0,17,9,9,14,6,0,0,-12,+++---+++---,0 81 3 0 84 0 81 3 0 0 81 3 0 84 0 81 3 0,24,20,24,24,16,80,6,"(40,24,2)","(80,54,6)",39.82508593118257305617326,79.60661013979482758647091,1.000000027610006159514215,1.000000055189812531859140,TARGET_FREE_INTERNAL_ROUTE,0f38c6958afd01ba27b6bc49a6893e4853cbeff8b05159d512fb8b00bcb73007,d9b335838b663c211a4ec0d10a405d917b276d2ca4cd5695fbf07de3d36643e7,
rutas,147,INTERNAL_ORIENTED_ROUTES,1,r5c1_h+1v-1,37,5,1,1,-1,YES,charged_lepton_G4,charged_lepton,lepton,4,,charged_lepton_G4,charged_lepton,G4,"5,1;5,9",27,27,27,54,216,71,107,2,0,2,17,9,9,14,-6,0,0,-12,+++---+++---,81 3 0 81 0 3 0 81 3 81 3 0 81 0 3 0 81 3,24,20,24,24,16,80,6,"(40,24,2)","(80,54,6)",39.82508593118257305617326,79.60661013979482758647091,1.000000027610006159514215,1.000000055189812531859140,TARGET_FREE_INTERNAL_ROUTE,aaffc169d0598de597a3a2882b457981816b63fb5a1853f5546db1a985aea4ba,deaf6877f8a7c8880ba1417fe43eee1c66d2cde0af9e5961bbf415f2f0787f8e,ff9f223faafbe5f7d396cb50240d6d52e53eaab1a745f7719f6f1503b398f6a5
rutas,148,INTERNAL_ORIENTED_ROUTES,1,r5c1_h+1v+1,37,5,1,1,1,NO,charged_lepton_G4,charged_lepton,lepton,4,,charged_lepton_G4,charged_lepton,G4,"5,1;5,9",27,27,27,54,216,71,107,1,0,1,17,9,9,34,0,-2,0,-8,+++-0-+++-0-,99 327 498 99 324 423 15 486 423 99 327 498 99 324 423 15 486 423,66,64,68,60,40,48,5,"(100,66,2)","(48,54,5)",99.51859712327265341428729,47.60649894337213544641686,1.000000068994430825936417,1.000000033004718053243084,TARGET_FREE_INTERNAL_ROUTE,6bb6953ee6341f42515e8490c33965ad839bbc946cbc777dd1d832248ba36e66,9743965c5f547f81a6eb1b5bfc13cd5ee9140eeb402f7500f7a52149283e0a47,
rutas,149,INTERNAL_ORIENTED_ROUTES,1,r5c2_h-1v-1,38,5,2,-1,-1,YES,neutrino_G3,neutrino,lepton,3,,neutrino_G3,neutrino,G3,"5,2;5,8",27,27,27,54,216,71,107,3,0,2,17,9,9,30,-6,0,-4,-12,+++---+++---,423 15 486 423 9 24 243 657 24 423 15 486 423 9 24 243 657 24,54,56,68,48,32,80,6,"(80,54,6)","(80,54,6)",79.60661013979482758647091,79.60661013979482758647091,1.000000055189812531859140,1.000000055189812531859140,TARGET_FREE_INTERNAL_ROUTE,7cfcd1776e4330be5d0164d074d9db7ebbc9ed421fdd9625dbdae32b33ae0ef6,b369d9f2359a2a99a416d16f936b4222912fe42aa504fb2ca9cbc185be1d8c70,8754d795eb4696cdb9a16e289f13d7d0caa88f179c1ebb009c21bcc236cb922c
rutas,150,INTERNAL_ORIENTED_ROUTES,1,r5c2_h-1v+1,38,5,2,-1,1,NO,neutrino_G3,neutrino,lepton,3,,neutrino_G3,neutrino,G3,"5,2;5,8",27,27,27,54,216,71,107,2,1,2,16,9,9,50,4,-4,0,-4,+++-00+++-00,414 420 258 414 414 333 255 252 333 414 420 258 414 414 333 255 252 333,84,28,84,36,24,20,4,"(60,84,28)","(20,54,4)",59.39013588401554063774148,19.60638774694944330636281,1.000000041174098946741575,1.000000013592751151887498,TARGET_FREE_INTERNAL_ROUTE,ce452c82855b0221b7ba9f0c035bcb7309bb6bcd57b4db0e3abe86148d83512e,b1388ecfbf1e3638e950a7e90fed725e51d428bc70bb666d2eba9ccc3a4e8599,
rutas,151,INTERNAL_ORIENTED_ROUTES,1,r5c2_h+1v-1,38,5,2,1,-1,NO,neutrino_G3,neutrino,lepton,3,,neutrino_G3,neutrino,G3,"5,2;5,8",27,27,27,54,216,71,107,3,0,2,17,9,9,50,-4,4,0,-4,+00---+00---,255 252 333 255 258 258 414 420 258 255 252 333 255 258 258 414 420 258,84,28,84,36,24,20,4,"(60,84,28)","(20,54,4)",59.39013588401554063774148,19.60638774694944330636281,1.000000041174098946741575,1.000000013592751151887498,TARGET_FREE_INTERNAL_ROUTE,2e1dadcad246fee281f87bf135901e695efb2a4a05df738f6c07002407a0b1f2,184e6040f83f204c85f176971d97ea9040bf8f9263d3f91b694e0a6d3fdcf152,
rutas,152,INTERNAL_ORIENTED_ROUTES,1,r5c2_h+1v+1,38,5,2,1,1,NO,neutrino_G3,neutrino,lepton,3,,neutrino_G3,neutrino,G3,"5,2;5,8",27,27,27,54,216,71,107,2,1,2,16,9,9,30,6,0,4,-12,+++---+++---,243 657 24 243 663 486 423 15 486 243 657 24 243 663 486 423 15 486,54,56,68,48,32,80,6,"(80,54,6)","(80,54,6)",79.60661013979482758647091,79.60661013979482758647091,1.000000055189812531859140,1.000000055189812531859140,TARGET_FREE_INTERNAL_ROUTE,b277f51b0e0d2ae224e9987f04a99ed88a84fd081c5d0ef6662e6eb32b5cde7c,664bc72329b1dfa461d6b8711673127382f8d4cf08e87ae3a09df6274e4b9cb3,
rutas,153,INTERNAL_ORIENTED_ROUTES,1,r5c3_h-1v-1,39,5,3,-1,-1,NO,charged_lepton_G2,charged_lepton,lepton,2,,charged_lepton_G2,charged_lepton,G2,"5,3;5,7",27,27,27,54,216,71,107,1,0,1,17,9,9,28,-6,0,0,-12,+++---+++---,570 264 90 570 267 243 657 24 243 570 264 90 570 267 243 657 24 243,66,60,68,48,32,80,6,"(80,66,4)","(80,54,6)",79.51881951611803769439539,79.60661013979482758647091,1.000000055128948890161264,1.000000055189812531859140,TARGET_FREE_INTERNAL_ROUTE,628aa1329a1d669f1d699ac59afb3d24a5b55af8129e6ebb54860dbb0a921a82,8d0e0a7c9c083d59bd7752c12edada4283a1227f99644dd99fd5236203276d59,
rutas,154,INTERNAL_ORIENTED_ROUTES,1,r5c3_h-1v+1,39,5,3,-1,1,YES,charged_lepton_G2,charged_lepton,lepton,2,,charged_lepton_G2,charged_lepton,G2,"5,3;5,7",27,27,27,54,216,71,107,1,0,1,17,9,9,14,-4,0,0,-12,+++---+++---,585 507 504 585 510 666 672 510 666 585 507 504 585 510 666 672 510 666,78,24,78,24,16,80,6,"(40,78,27)","(80,54,6)",39.43380880300855130367114,79.60661013979482758647091,1.000000027338740854894358,1.000000055189812531859140,TARGET_FREE_INTERNAL_ROUTE,e1edda897425f41c7b0d4061df3db1cc7e64b9f28d3db5f30063789b0434a10d,3dc097d1af9e277259c79d8cf836e831c425072950eb258b5eadfec90704df5e,f686fd28355504421f5166a67fe6521747f0e1dc54b72eb39e0a7a80b67ba3f9
rutas,155,INTERNAL_ORIENTED_ROUTES,1,r5c3_h+1v-1,39,5,3,1,-1,NO,charged_lepton_G2,charged_lepton,lepton,2,,charged_lepton_G2,charged_lepton,G2,"5,3;5,7",27,27,27,54,216,71,107,1,0,1,17,9,9,14,4,0,0,-12,+++---+++---,672 510 666 672 507 504 585 507 504 672 510 666 672 507 504 585 507 504,78,24,78,24,16,80,6,"(40,78,27)","(80,54,6)",39.43380880300855130367114,79.60661013979482758647091,1.000000027338740854894358,1.000000055189812531859140,TARGET_FREE_INTERNAL_ROUTE,5ebf99eb3286cd3e668d1881ac5a6d25c3fed2315f47a970c3ffd75b4e986591,c5b7a860701e0f33931847efb2a992c31bef6f0d9da926e574e7ab3e68fb470f,
rutas,156,INTERNAL_ORIENTED_ROUTES,1,r5c3_h+1v+1,39,5,3,1,1,NO,charged_lepton_G2,charged_lepton,lepton,2,,charged_lepton_G2,charged_lepton,G2,"5,3;5,7",27,27,27,54,216,71,107,0,0,0,17,9,9,28,6,0,0,-12,+++---+++---,657 24 243 657 21 90 570 264 90 657 24 243 657 21 90 570 264 90,66,60,68,48,32,80,6,"(80,66,4)","(80,54,6)",79.51881951611803769439539,79.60661013979482758647091,1.000000055128948890161264,1.000000055189812531859140,TARGET_FREE_INTERNAL_ROUTE,0e0d1f793f8fb5b455383130d2c9912e5b2700a0c2fb4ce1bd1b83c54267422c,997312cb2b9d722895ddf8de8b30b9501c2d380ddb4849906bc9cd2595449bc9,
rutas,157,INTERNAL_ORIENTED_ROUTES,1,r5c4_h-1v-1,40,5,4,-1,-1,NO,neutrino_G1,neutrino,lepton,1,,neutrino_G1,neutrino,G1,"5,4;5,6",27,27,27,54,216,71,107,1,1,1,16,9,9,28,6,0,0,-12,+++---+++---,15 486 423 15 489 498 99 327 498 15 486 423 15 489 498 99 327 498,66,64,68,60,40,80,6,"(100,66,2)","(80,54,6)",99.51859712327265341428729,79.60661013979482758647091,1.000000068994430825936417,1.000000055189812531859140,TARGET_FREE_INTERNAL_ROUTE,698e05b31e9a26229e96d506b2415dfbf00df56146f44d71fcbea9b78701e56b,4920659c510a6cf90e8944ecb1a49dffb1bfe16ad3249fd0b5fb8a10930a6547,
rutas,158,INTERNAL_ORIENTED_ROUTES,1,r5c4_h-1v+1,40,5,4,-1,1,NO,neutrino_G1,neutrino,lepton,1,,neutrino_G1,neutrino,G1,"5,4;5,6",27,27,27,54,216,71,107,0,0,0,17,9,9,20,0,0,0,-8,+0+-0-+0+-0-,0 81 3 0 84 0 81 3 0 0 81 3 0 84 0 81 3 0,24,20,24,24,16,40,4,"(40,24,2)","(40,54,4)",39.82508593118257305617326,39.60638774694944330636281,1.000000027610006159514215,1.000000027458386692651400,TARGET_FREE_INTERNAL_ROUTE,a3dc2fcf597df676434ea90b519e5540b275620b60073073f9ecf51745655b0d,2bc38a4fc594251923f006d0b3ea2789df5cf2da0f7d89bab5c40e7dfa00c9bd,
rutas,159,INTERNAL_ORIENTED_ROUTES,1,r5c4_h+1v-1,40,5,4,1,-1,YES,neutrino_G1,neutrino,lepton,1,,neutrino_G1,neutrino,G1,"5,4;5,6",27,27,27,54,216,71,107,2,0,2,17,9,9,20,0,0,0,-8,+0+-0-+0+-0-,81 3 0 81 0 3 0 81 3 81 3 0 81 0 3 0 81 3,24,20,24,24,16,40,4,"(40,24,2)","(40,54,4)",39.82508593118257305617326,39.60638774694944330636281,1.000000027610006159514215,1.000000027458386692651400,TARGET_FREE_INTERNAL_ROUTE,8944ea77aea3c31eb47da1692c7b6e0a3c809102f8b9002ba05b291baa3233c1,2d9f1de9bfa0686dcfd7cd7ac00fc0b912d37ab73f9fb467dccacfef55a9eddb,23031ced1c53e3421cc8604cb7d3e60373a144d81c02cf0c7307d379831633c3
rutas,160,INTERNAL_ORIENTED_ROUTES,1,r5c4_h+1v+1,40,5,4,1,1,NO,neutrino_G1,neutrino,lepton,1,,neutrino_G1,neutrino,G1,"5,4;5,6",27,27,27,54,216,71,107,1,0,1,17,9,9,28,-6,0,0,-12,+++---+++---,99 327 498 99 324 423 15 486 423 99 327 498 99 324 423 15 486 423,66,64,68,60,40,80,6,"(100,66,2)","(80,54,6)",99.51859712327265341428729,79.60661013979482758647091,1.000000068994430825936417,1.000000055189812531859140,TARGET_FREE_INTERNAL_ROUTE,79e4be3ad5ebc6753342e4284adf56b71d921b04cea8f219c842fa9f052e874f,dc5c02bcdfaf96e12535891f9aa10bc7bd9659e01354a2a2d5c6e9dc6ea2e751,
rutas,161,INTERNAL_ORIENTED_ROUTES,1,r5c5_h-1v-1,41,5,5,-1,-1,NO,charged_lepton_G0,charged_lepton,lepton,0,,charged_lepton_G0,charged_lepton,G0_center,"5,5",27,27,27,54,216,71,107,3,0,2,17,9,9,24,0,0,0,-12,+++---+++---,423 15 486 423 9 24 243 657 24 423 15 486 423 9 24 243 657 24,54,56,68,48,32,80,6,"(80,54,6)","(80,54,6)",79.60661013979482758647091,79.60661013979482758647091,1.000000055189812531859140,1.000000055189812531859140,TARGET_FREE_INTERNAL_ROUTE,a4e3cc2eab44f4bb51b119700b1b5caebf22edbd8263484731a154bda1c77f6b,98b8a25724d3a874f2368cb2dc819bc6ce0d16adf27017ad5f13936124662d5a,
rutas,162,INTERNAL_ORIENTED_ROUTES,1,r5c5_h-1v+1,41,5,5,-1,1,NO,charged_lepton_G0,charged_lepton,lepton,0,,charged_lepton_G0,charged_lepton,G0_center,"5,5",27,27,27,54,216,71,107,2,1,2,16,9,9,50,4,-2,2,-8,+++-0-+++-0-,414 420 258 414 414 333 255 252 333 414 420 258 414 414 333 255 252 333,84,28,84,36,24,48,5,"(60,84,28)","(48,54,5)",59.39013588401554063774148,47.60649894337213544641686,1.000000041174098946741575,1.000000033004718053243084,TARGET_FREE_INTERNAL_ROUTE,dafa95692d1f9384c65e0afd29106c64a3e62d6f2d545d4a6b6b404ea1b2d70b,2bdd7331f202139ea68552f27c7eb9dcf445fdc5c70d95f9e3ec7c6558dbce1d,
rutas,163,INTERNAL_ORIENTED_ROUTES,1,r5c5_h+1v-1,41,5,5,1,-1,NO,charged_lepton_G0,charged_lepton,lepton,0,,charged_lepton_G0,charged_lepton,G0_center,"5,5",27,27,27,54,216,71,107,3,0,2,17,9,9,50,-4,2,-2,-8,+0+---+0+---,255 252 333 255 258 258 414 420 258 255 252 333 255 258 258 414 420 258,84,28,84,36,24,48,5,"(60,84,28)","(48,54,5)",59.39013588401554063774148,47.60649894337213544641686,1.000000041174098946741575,1.000000033004718053243084,TARGET_FREE_INTERNAL_ROUTE,c6b14aedd3f88fa17e0478cc431b63deca8ee71bb8e6d79c4c811add87d03720,6e152edf9b94425a404b2c13793f91e688091f69eff6453c8efda5d69fa8861c,
rutas,164,INTERNAL_ORIENTED_ROUTES,1,r5c5_h+1v+1,41,5,5,1,1,YES,charged_lepton_G0,charged_lepton,lepton,0,,charged_lepton_G0,charged_lepton,G0_center,"5,5",27,27,27,54,216,71,107,2,1,2,16,9,9,24,0,0,0,-12,+++---+++---,243 657 24 243 663 486 423 15 486 243 657 24 243 663 486 423 15 486,54,56,68,48,32,80,6,"(80,54,6)","(80,54,6)",79.60661013979482758647091,79.60661013979482758647091,1.000000055189812531859140,1.000000055189812531859140,TARGET_FREE_INTERNAL_ROUTE,57d24c5dc0a69cd8111933d8bc40cc260571c0ef4f8f3008f7197910ff07c7dc,514b4f56201d42c1181a4a14961f9abe4a328f7751e0d100a75bfb101ea22f75,9bf67dd6633e13d03463463e6d5880978f1459c3ba4e9352c82c30f6f5db9d13
rutas,165,INTERNAL_ORIENTED_ROUTES,1,r5c6_h-1v-1,42,5,6,-1,-1,NO,neutrino_G1,neutrino,lepton,1,,neutrino_G1,neutrino,G1,"5,4;5,6",27,27,27,54,216,71,107,1,0,1,17,9,9,28,-6,0,0,-12,+++---+++---,570 264 90 570 267 243 657 24 243 570 264 90 570 267 243 657 24 243,66,60,68,48,32,80,6,"(80,66,4)","(80,54,6)",79.51881951611803769439539,79.60661013979482758647091,1.000000055128948890161264,1.000000055189812531859140,TARGET_FREE_INTERNAL_ROUTE,a03908be0f96c38774c03f0b83c3acb96e9e98b083d11b555c03fb4c6e686faf,a2e862996bf61364ed0e6b6b37873be95744ffabe1b4e86973b0917d492ddcf0,
rutas,166,INTERNAL_ORIENTED_ROUTES,1,r5c6_h-1v+1,42,5,6,-1,1,YES,neutrino_G1,neutrino,lepton,1,,neutrino_G1,neutrino,G1,"5,4;5,6",27,27,27,54,216,71,107,1,0,1,17,9,9,14,-4,0,0,-12,+++---+++---,585 507 504 585 510 666 672 510 666 585 507 504 585 510 666 672 510 666,78,24,78,24,16,80,6,"(40,78,27)","(80,54,6)",39.43380880300855130367114,79.60661013979482758647091,1.000000027338740854894358,1.000000055189812531859140,TARGET_FREE_INTERNAL_ROUTE,81927e69032d8dda6c89f7e0c51591bb74a0922c58dc63b96cc20c6508c171f8,b51c5e796ab9a08f438f09085e623965205e7f4be2ed57eaebc1afa16d1504ce,598cf2540b6a078e4972cb09c4a957ff723cc9c3e7d7797de08ffcafb6666426
rutas,167,INTERNAL_ORIENTED_ROUTES,1,r5c6_h+1v-1,42,5,6,1,-1,NO,neutrino_G1,neutrino,lepton,1,,neutrino_G1,neutrino,G1,"5,4;5,6",27,27,27,54,216,71,107,1,0,1,17,9,9,14,4,0,0,-12,+++---+++---,672 510 666 672 507 504 585 507 504 672 510 666 672 507 504 585 507 504,78,24,78,24,16,80,6,"(40,78,27)","(80,54,6)",39.43380880300855130367114,79.60661013979482758647091,1.000000027338740854894358,1.000000055189812531859140,TARGET_FREE_INTERNAL_ROUTE,a75845a7c9ce451a84ec8de2149e4578724b29820b25582178837475acd97e29,52f8b4627b04a1a925e56d9021b47cdbf4e172ca6df3500072c1a8cfdd00d329,
rutas,168,INTERNAL_ORIENTED_ROUTES,1,r5c6_h+1v+1,42,5,6,1,1,NO,neutrino_G1,neutrino,lepton,1,,neutrino_G1,neutrino,G1,"5,4;5,6",27,27,27,54,216,71,107,0,0,0,17,9,9,28,6,0,0,-12,+++---+++---,657 24 243 657 21 90 570 264 90 657 24 243 657 21 90 570 264 90,66,60,68,48,32,80,6,"(80,66,4)","(80,54,6)",79.51881951611803769439539,79.60661013979482758647091,1.000000055128948890161264,1.000000055189812531859140,TARGET_FREE_INTERNAL_ROUTE,09134b2a60678acc4e4d7fe41328fa475073a90714988713b330280c61906435,3a010d9493ed73b62d23d3baf729585440be9fb9b19ad1cfa7ca16b2970beb82,
rutas,169,INTERNAL_ORIENTED_ROUTES,1,r5c7_h-1v-1,43,5,7,-1,-1,NO,charged_lepton_G2,charged_lepton,lepton,2,,charged_lepton_G2,charged_lepton,G2,"5,3;5,7",27,27,27,54,216,71,107,1,1,1,16,9,9,28,6,0,4,-12,+++---+++---,15 486 423 15 489 498 99 327 498 15 486 423 15 489 498 99 327 498,66,64,68,60,40,80,6,"(100,66,2)","(80,54,6)",99.51859712327265341428729,79.60661013979482758647091,1.000000068994430825936417,1.000000055189812531859140,TARGET_FREE_INTERNAL_ROUTE,f0ba7ed797a68175311757b8030cdecd682fb29e4eed2cdaf8cfd3832be16d4c,04477201ed2fa53846f5f328151d60bccff05c49e4724a3237f24a7402a084ab,
rutas,170,INTERNAL_ORIENTED_ROUTES,1,r5c7_h-1v+1,43,5,7,-1,1,NO,charged_lepton_G2,charged_lepton,lepton,2,,charged_lepton_G2,charged_lepton,G2,"5,3;5,7",27,27,27,54,216,71,107,0,0,0,17,9,9,50,-6,2,-2,-8,0++---0++---,0 81 3 0 84 0 81 3 0 0 81 3 0 84 0 81 3 0,24,20,24,24,16,56,5,"(40,24,2)","(56,54,5)",39.82508593118257305617326,55.60649894337213544641686,1.000000027610006159514215,1.000000038550972354141645,TARGET_FREE_INTERNAL_ROUTE,b6376735f9acad08bb8f9c39f4ca3e69be62405d3627943796f664a8a9cec6d6,54983701597aea6396a38cb59a14122950ea0616556c5847dc64e8bee3fec53f,
rutas,171,INTERNAL_ORIENTED_ROUTES,1,r5c7_h+1v-1,43,5,7,1,-1,NO,charged_lepton_G2,charged_lepton,lepton,2,,charged_lepton_G2,charged_lepton,G2,"5,3;5,7",27,27,27,54,216,71,107,2,0,2,17,9,9,50,6,-2,2,-8,+++0--+++0--,81 3 0 81 0 3 0 81 3 81 3 0 81 0 3 0 81 3,24,20,24,24,16,56,5,"(40,24,2)","(56,54,5)",39.82508593118257305617326,55.60649894337213544641686,1.000000027610006159514215,1.000000038550972354141645,TARGET_FREE_INTERNAL_ROUTE,b34a9417a09638f6bc02ffe98471b0e2b627116ee13284a7ad74bf5074b0f4d2,b8df04a23c90b57616a1bf8334a7f7757313f38e95a5c4540aa36d3e166549dd,
rutas,172,INTERNAL_ORIENTED_ROUTES,1,r5c7_h+1v+1,43,5,7,1,1,YES,charged_lepton_G2,charged_lepton,lepton,2,,charged_lepton_G2,charged_lepton,G2,"5,3;5,7",27,27,27,54,216,71,107,1,0,1,17,9,9,28,-6,0,-4,-12,+++---+++---,99 327 498 99 324 423 15 486 423 99 327 498 99 324 423 15 486 423,66,64,68,60,40,80,6,"(100,66,2)","(80,54,6)",99.51859712327265341428729,79.60661013979482758647091,1.000000068994430825936417,1.000000055189812531859140,TARGET_FREE_INTERNAL_ROUTE,1a5415204e85bcd7ffabce87c95eff5fc47e613ceddd713d8f05b93718293d41,3f7c2ace630141906ef94299c92c3d34f74897919e7ec93e685fd0b6210dd9f3,f764349cd2ba2f9d1ee7db9a6f0bd775d595c4480bce2698061803100c3f18e5
rutas,173,INTERNAL_ORIENTED_ROUTES,1,r5c8_h-1v-1,44,5,8,-1,-1,NO,neutrino_G3,neutrino,lepton,3,,neutrino_G3,neutrino,G3,"5,2;5,8",27,27,27,54,216,71,107,3,0,2,17,9,9,30,6,0,0,-12,+++---+++---,423 15 486 423 9 24 243 657 24 423 15 486 423 9 24 243 657 24,54,56,68,48,32,80,6,"(80,54,6)","(80,54,6)",79.60661013979482758647091,79.60661013979482758647091,1.000000055189812531859140,1.000000055189812531859140,TARGET_FREE_INTERNAL_ROUTE,701966ab31f24a2e0ac479f747422728dbafc44021012aef5bc7700e331d65b8,5d22412c39797827c404556ad608c217b66ea943a89b289f458610a70c151ad7,
rutas,174,INTERNAL_ORIENTED_ROUTES,1,r5c8_h-1v+1,44,5,8,-1,1,YES,neutrino_G3,neutrino,lepton,3,,neutrino_G3,neutrino,G3,"5,2;5,8",27,27,27,54,216,71,107,2,1,2,16,9,9,8,-2,0,0,-12,+++---+++---,414 420 258 414 414 333 255 252 333 414 420 258 414 414 333 255 252 333,84,28,84,36,24,80,6,"(60,84,28)","(80,54,6)",59.39013588401554063774148,79.60661013979482758647091,1.000000041174098946741575,1.000000055189812531859140,TARGET_FREE_INTERNAL_ROUTE,a03329e40257d5ede551debc7365527a24878f84197e9298100b0b55af57184b,b12e9f54798f62c19f474b63d68348823a829225e5a25e308905bb4e98e7ff7d,e8f3e4639e854424d2658b469d5722453265869a56f8e553445bc0037bd9882f
rutas,175,INTERNAL_ORIENTED_ROUTES,1,r5c8_h+1v-1,44,5,8,1,-1,NO,neutrino_G3,neutrino,lepton,3,,neutrino_G3,neutrino,G3,"5,2;5,8",27,27,27,54,216,71,107,3,0,2,17,9,9,8,2,0,0,-12,+++---+++---,255 252 333 255 258 258 414 420 258 255 252 333 255 258 258 414 420 258,84,28,84,36,24,80,6,"(60,84,28)","(80,54,6)",59.39013588401554063774148,79.60661013979482758647091,1.000000041174098946741575,1.000000055189812531859140,TARGET_FREE_INTERNAL_ROUTE,fe0e3cc0a84e143289d0a34c2824d4fe4fddc9921c05852eb70f36277c4ab0b0,41a91226e39febcefa36198283195e1151884a5438e330530b3217ad9b811153,
rutas,176,INTERNAL_ORIENTED_ROUTES,1,r5c8_h+1v+1,44,5,8,1,1,NO,neutrino_G3,neutrino,lepton,3,,neutrino_G3,neutrino,G3,"5,2;5,8",27,27,27,54,216,71,107,2,1,2,16,9,9,30,-6,0,0,-12,+++---+++---,243 657 24 243 663 486 423 15 486 243 657 24 243 663 486 423 15 486,54,56,68,48,32,80,6,"(80,54,6)","(80,54,6)",79.60661013979482758647091,79.60661013979482758647091,1.000000055189812531859140,1.000000055189812531859140,TARGET_FREE_INTERNAL_ROUTE,9f17a032ddfb1ca89f4d34e1fc106e59e07a18fc1dbada65e5061f6b0974791e,5cc037f3f593ef27c0b04dd60612b27c3ee3fb217cc66ae495e7c6eb2c3f5800,
rutas,177,INTERNAL_ORIENTED_ROUTES,1,r5c9_h-1v-1,45,5,9,-1,-1,YES,charged_lepton_G4,charged_lepton,lepton,4,,charged_lepton_G4,charged_lepton,G4,"5,1;5,9",27,27,27,54,216,71,107,1,0,1,17,9,9,34,0,-2,0,-8,+++0--+++0--,570 264 90 570 267 243 657 24 243 570 264 90 570 267 243 657 24 243,66,60,68,48,32,56,5,"(80,66,4)","(56,54,5)",79.51881951611803769439539,55.60649894337213544641686,1.000000055128948890161264,1.000000038550972354141645,TARGET_FREE_INTERNAL_ROUTE,d13b10758f72225bc8a3bb0f29e7117f1e568076f05c67d10e59f0ecd85a0d8d,3a627fb4a5c98662723a034a9f86de710c9cb3abc8f8d035e035b6e579396d47,242498278d713b1359912fec0f87443b9461fd3dd582fd9889d8a0f5668c22be
rutas,178,INTERNAL_ORIENTED_ROUTES,1,r5c9_h-1v+1,45,5,9,-1,1,NO,charged_lepton_G4,charged_lepton,lepton,4,,charged_lepton_G4,charged_lepton,G4,"5,1;5,9",27,27,27,54,216,71,107,1,0,1,17,9,9,44,2,0,0,-12,+++---+++---,585 507 504 585 510 666 672 510 666 585 507 504 585 510 666 672 510 666,78,24,78,24,16,80,6,"(40,78,27)","(80,54,6)",39.43380880300855130367114,79.60661013979482758647091,1.000000027338740854894358,1.000000055189812531859140,TARGET_FREE_INTERNAL_ROUTE,05d5c4bf566052d2f9fb3f06980ca8d3107fcf46ffefa36a99432ea51df4ffaf,fed584860b86d5c5a263e0095165b1b1f3766fe83937baad4fe826a798377b6b,
rutas,179,INTERNAL_ORIENTED_ROUTES,1,r5c9_h+1v-1,45,5,9,1,-1,NO,charged_lepton_G4,charged_lepton,lepton,4,,charged_lepton_G4,charged_lepton,G4,"5,1;5,9",27,27,27,54,216,71,107,1,0,1,17,9,9,44,-2,0,0,-12,+++---+++---,672 510 666 672 507 504 585 507 504 672 510 666 672 507 504 585 507 504,78,24,78,24,16,80,6,"(40,78,27)","(80,54,6)",39.43380880300855130367114,79.60661013979482758647091,1.000000027338740854894358,1.000000055189812531859140,TARGET_FREE_INTERNAL_ROUTE,faa1ebd578b981daa2f34f8d42e7ddcf87be1072ab7569891f0566f3aa0fcc75,59f7718146a7eed58f86cef869bc7e00ac61585cb84db3ca040a23ab561ec874,
rutas,180,INTERNAL_ORIENTED_ROUTES,1,r5c9_h+1v+1,45,5,9,1,1,NO,charged_lepton_G4,charged_lepton,lepton,4,,charged_lepton_G4,charged_lepton,G4,"5,1;5,9",27,27,27,54,216,71,107,0,0,0,17,9,9,34,0,2,0,-8,0++---0++---,657 24 243 657 21 90 570 264 90 657 24 243 657 21 90 570 264 90,66,60,68,48,32,56,5,"(80,66,4)","(56,54,5)",79.51881951611803769439539,55.60649894337213544641686,1.000000055128948890161264,1.000000038550972354141645,TARGET_FREE_INTERNAL_ROUTE,a2caaa1885e5e1ec3a77b1b1476830d4cdea1d83ef5de1043297f20d5b040bae,33b2af69d9d7267f506c5047bd415adc3eb103237644181ff6e49fcadb855252,
rutas,181,INTERNAL_ORIENTED_ROUTES,1,r6c1_h-1v-1,46,6,1,-1,-1,YES,quark_down_G4,quark_down,quark,4,B,quark_down_G4,quark_down,G4,"4,9;6,1",27,27,27,54,216,71,107,2,1,1,16,9,9,34,0,0,0,-12,+++---+++---,264 90 570 264 90 24 243 657 24 264 90 570 264 90 24 243 657 24,66,60,66,48,32,80,6,"(80,66,3)","(80,54,6)",79.51870831969534555434134,79.60661013979482758647091,1.000000055128871799705072,1.000000055189812531859140,TARGET_FREE_INTERNAL_ROUTE,5723836945af498aee1f7524fa9f3ca625afae9a8ad2778875e0f116ddf54bd0,26c999154dc98e67ef1eb0cbe3c4af5dc49cc63ff9acd7220b474c1d35deb661,e29c6e53cf987fd4cd0791723fa331bd6c54a8c0e6be144199dae0d5aa759d38
rutas,182,INTERNAL_ORIENTED_ROUTES,1,r6c1_h-1v+1,46,6,1,-1,1,NO,quark_down_G4,quark_down,quark,4,B,quark_down_G4,quark_down,G4,"4,9;6,1",27,27,27,54,216,71,107,2,0,1,17,9,9,50,4,-2,2,-8,+++--0+++--0,258 414 420 258 414 255 252 333 255 258 414 420 258 414 255 252 333 255,84,24,84,24,16,56,5,"(40,84,30)","(56,54,5)",39.39035827686092491784959,55.60649894337213544641686,1.000000027308617396708705,1.000000038550972354141645,TARGET_FREE_INTERNAL_ROUTE,e39ec08bbe801ae536649422bf79b77a37f016ba9a4bf092521046f28fab1bc6,68b45d01d606e5eaf1737c7f7d9c0e216111306976f593bf8cb7006a1f0989a7,
rutas,183,INTERNAL_ORIENTED_ROUTES,1,r6c1_h+1v-1,46,6,1,1,-1,NO,quark_down_G4,quark_down,quark,4,B,quark_down_G4,quark_down,G4,"4,9;6,1",27,27,27,54,216,71,107,3,1,3,16,9,9,50,-4,2,-2,-8,++0---++0---,252 333 255 252 333 420 258 414 420 252 333 255 252 333 420 258 414 420,84,24,84,24,16,56,5,"(40,84,30)","(56,54,5)",39.39035827686092491784959,55.60649894337213544641686,1.000000027308617396708705,1.000000038550972354141645,TARGET_FREE_INTERNAL_ROUTE,2262a4ead8d34652790e70bcf39dabf4c6da0042f349313dcd38adb241f7266b,e348c32836c7d0ef2ec19bed6383e9257ee192429d72bf57548f615529d8ae53,
rutas,184,INTERNAL_ORIENTED_ROUTES,1,r6c1_h+1v+1,46,6,1,1,1,NO,quark_down_G4,quark_down,quark,4,B,quark_down_G4,quark_down,G4,"4,9;6,1",27,27,27,54,216,71,107,0,0,0,17,9,9,34,0,0,0,-12,+++---+++---,243 657 24 243 657 570 264 90 570 243 657 24 243 657 570 264 90 570,66,60,66,48,32,80,6,"(80,66,3)","(80,54,6)",79.51870831969534555434134,79.60661013979482758647091,1.000000055128871799705072,1.000000055189812531859140,TARGET_FREE_INTERNAL_ROUTE,7c76e8e8f5478ad536bb1cb8f675ca9aeceb07541dc9051b6af6607d9276aa67,86da2f8ba7211912d067c9008753f8e115b2fbcc6eca36f42bee9c89352fd976,
rutas,185,INTERNAL_ORIENTED_ROUTES,1,r6c2_h-1v-1,47,6,2,-1,-1,NO,quark_up_G3,quark_up,quark,3,G,quark_up_G3,quark_up,G3,"4,8;6,2",27,27,27,54,216,71,107,1,0,1,17,9,9,34,0,-2,0,-8,+++-0-+++-0-,486 423 15 486 423 327 498 99 327 486 423 15 486 423 327 498 99 327,66,60,66,48,32,48,5,"(80,66,3)","(48,54,5)",79.51870831969534555434134,47.60649894337213544641686,1.000000055128871799705072,1.000000033004718053243084,TARGET_FREE_INTERNAL_ROUTE,7b821c471bf4e01e7dcfca1341b325491b18cf5adbe433f3054bb10ad081a842,a37372d4b23fd8937236a0d2357362801e9e90140f10eb0752028f0835fa0d80,
rutas,186,INTERNAL_ORIENTED_ROUTES,1,r6c2_h-1v+1,47,6,2,-1,1,YES,quark_up_G3,quark_up,quark,3,G,quark_up_G3,quark_up,G3,"4,8;6,2",27,27,27,54,216,71,107,1,0,1,17,9,9,14,-4,0,0,-12,+++---+++---,504 585 507 504 585 672 510 666 672 504 585 507 504 585 672 510 666 672,78,24,78,24,16,80,6,"(40,78,27)","(80,54,6)",39.43380880300855130367114,79.60661013979482758647091,1.000000027338740854894358,1.000000055189812531859140,TARGET_FREE_INTERNAL_ROUTE,77bf36177edee2e331d458ba93651e87788985b6fbdfe5b735256fadb6b05411,3be69c77c702f3b17d2f920c2531cf2d4e4c212e395a71905205f20c05c4892e,9485907bc9b83fa7aabbe744a6a88d1d3223272ea89792d7558c057884f8e9f0
rutas,187,INTERNAL_ORIENTED_ROUTES,1,r6c2_h+1v-1,47,6,2,1,-1,NO,quark_up_G3,quark_up,quark,3,G,quark_up_G3,quark_up,G3,"4,8;6,2",27,27,27,54,216,71,107,1,0,1,17,9,9,14,4,0,0,-12,+++---+++---,510 666 672 510 666 507 504 585 507 510 666 672 510 666 507 504 585 507,78,24,78,24,16,80,6,"(40,78,27)","(80,54,6)",39.43380880300855130367114,79.60661013979482758647091,1.000000027338740854894358,1.000000055189812531859140,TARGET_FREE_INTERNAL_ROUTE,a039b8fda9943425c307ca97bc18ad161e61a4a12c0516fe66793b765e700217,cd0552218d548e6a3dd4332197268fca2c06a5b81c36d69aaae3d2c717d9f0a2,
rutas,188,INTERNAL_ORIENTED_ROUTES,1,r6c2_h+1v+1,47,6,2,1,1,NO,quark_up_G3,quark_up,quark,3,G,quark_up_G3,quark_up,G3,"4,8;6,2",27,27,27,54,216,71,107,0,0,0,17,9,9,34,0,2,0,-8,+0+---+0+---,498 99 327 498 99 15 486 423 15 498 99 327 498 99 15 486 423 15,66,60,66,48,32,48,5,"(80,66,3)","(48,54,5)",79.51870831969534555434134,47.60649894337213544641686,1.000000055128871799705072,1.000000033004718053243084,TARGET_FREE_INTERNAL_ROUTE,8615c240bf77cdf6ceadf5b08213f6265f4ca61423b297ef17ac1b43dddf3c99,bd032ab996bb19de9c1074953658e061c757ebca4281f4b089db87ed939370c9,
rutas,189,INTERNAL_ORIENTED_ROUTES,1,r6c3_h-1v-1,48,6,3,-1,-1,NO,quark_down_G2,quark_down,quark,2,R,quark_down_G2,quark_down,G2,"4,7;6,3",27,27,27,54,216,71,107,1,0,1,17,9,9,30,-6,2,-2,-8,0++---0++---,15 486 423 15 486 657 24 243 657 15 486 423 15 486 657 24 243 657,54,60,72,24,16,56,5,"(40,54,6)","(56,54,5)",39.60661013979482758647091,55.60649894337213544641686,1.000000027458540873559518,1.000000038550972354141645,TARGET_FREE_INTERNAL_ROUTE,cd011cd5866d118889051f57ac2a0d2b5ca6c7abbc4b7d733a0cc35515322e9b,91deae21588e4bbf1be6e39288698ebdcfcb2cde1320d3f0ef090293f311c428,
rutas,190,INTERNAL_ORIENTED_ROUTES,1,r6c3_h-1v+1,48,6,3,-1,1,YES,quark_down_G2,quark_down,quark,2,R,quark_down_G2,quark_down,G2,"4,7;6,3",27,27,27,54,216,71,107,0,0,0,17,9,9,20,0,0,0,0,00+-0000+-00,3 0 81 3 0 81 3 0 81 3 0 81 3 0 81 3 0 81,24,24,24,0,0,4,2,"(0,24,0)","(4,54,2)",-0.1751364616628112239348425,3.606165354104059026254707,0.9999999998785810851337881,1.000000002500088676796314,TARGET_FREE_INTERNAL_ROUTE,7b28dd5daca27177a2ca44f0b080b42407a6023d8a10ce5d6e034058ddeadc35,ccb618b1bf7c78519fb2a0fb4e8ce96be3fd471eb2a4f12cbfb2237fdf4a50c4,59349e8798fb69e2e5ae6c2cf1ca8ec3053390b207b9dc18e92a5351bba14dc5
rutas,191,INTERNAL_ORIENTED_ROUTES,1,r6c3_h+1v-1,48,6,3,1,-1,NO,quark_down_G2,quark_down,quark,2,R,quark_down_G2,quark_down,G2,"4,7;6,3",27,27,27,54,216,71,107,0,0,0,17,9,9,20,0,0,0,0,+0000-+0000-,3 0 81 3 0 81 3 0 81 3 0 81 3 0 81 3 0 81,24,24,24,0,0,4,2,"(0,24,0)","(4,54,2)",-0.1751364616628112239348425,3.606165354104059026254707,0.9999999998785810851337881,1.000000002500088676796314,TARGET_FREE_INTERNAL_ROUTE,41e436cbeb2b64cfecd0594ddb877df5834695c8c3b033742d8bdd9e04c2774c,766c9065f7080b17e85ed5f8029fb902f2ab1b563deba91f4bc3ecd230c44c7e,
rutas,192,INTERNAL_ORIENTED_ROUTES,1,r6c3_h+1v+1,48,6,3,1,1,NO,quark_down_G2,quark_down,quark,2,R,quark_down_G2,quark_down,G2,"4,7;6,3",27,27,27,54,216,71,107,2,1,2,16,9,9,30,6,-2,2,-8,+++0--+++0--,24 243 657 24 243 423 15 486 423 24 243 657 24 243 423 15 486 423,54,60,72,24,16,56,5,"(40,54,6)","(56,54,5)",39.60661013979482758647091,55.60649894337213544641686,1.000000027458540873559518,1.000000038550972354141645,TARGET_FREE_INTERNAL_ROUTE,2b62e065285f7e9dff5a3ecd8ef42eb73412a1ae0bd6ecfaa0f70240b91fb5e9,102c4214f537ef17f9428490ac06f432b8c2bb4e74669c284d556fbef2f3c983,
rutas,193,INTERNAL_ORIENTED_ROUTES,1,r6c4_h-1v-1,49,6,4,-1,-1,YES,quark_up_G1,quark_up,quark,1,B,quark_up_G1,quark_up,G1,"4,6;6,4",27,27,27,54,216,71,107,2,1,1,16,9,9,28,-6,0,0,-12,+++---+++---,264 90 570 264 90 24 243 657 24 264 90 570 264 90 24 243 657 24,66,60,66,48,32,80,6,"(80,66,3)","(80,54,6)",79.51870831969534555434134,79.60661013979482758647091,1.000000055128871799705072,1.000000055189812531859140,TARGET_FREE_INTERNAL_ROUTE,978a72f4858eb2d567ab4b95f6eebbde0c0eff2fc96c5e0355718f6086eb7ebd,4bf0490cb60c31703dd122be074181958c4e70fb96f4d3f4ce35715f4e54679a,09534891acc2eaf69f6c6965a3dcbf124972602e60fbf8fa02e0909e20d5411b
rutas,194,INTERNAL_ORIENTED_ROUTES,1,r6c4_h-1v+1,49,6,4,-1,1,NO,quark_up_G1,quark_up,quark,1,B,quark_up_G1,quark_up,G1,"4,6;6,4",27,27,27,54,216,71,107,2,0,1,17,9,9,50,4,-2,2,-8,+++0--+++0--,258 414 420 258 414 255 252 333 255 258 414 420 258 414 255 252 333 255,84,24,84,24,16,56,5,"(40,84,30)","(56,54,5)",39.39035827686092491784959,55.60649894337213544641686,1.000000027308617396708705,1.000000038550972354141645,TARGET_FREE_INTERNAL_ROUTE,dcdcf9eb3b8abc3fea552a6845f15c06b3f51f76b9bd638f95c451fd3cf68655,52d4bbb40854b103ab52b35ea76890da19bf740bb9db8f784ae8f256fc3c4d04,
rutas,195,INTERNAL_ORIENTED_ROUTES,1,r6c4_h+1v-1,49,6,4,1,-1,NO,quark_up_G1,quark_up,quark,1,B,quark_up_G1,quark_up,G1,"4,6;6,4",27,27,27,54,216,71,107,3,1,3,16,9,9,50,-4,2,-2,-8,0++---0++---,252 333 255 252 333 420 258 414 420 252 333 255 252 333 420 258 414 420,84,24,84,24,16,56,5,"(40,84,30)","(56,54,5)",39.39035827686092491784959,55.60649894337213544641686,1.000000027308617396708705,1.000000038550972354141645,TARGET_FREE_INTERNAL_ROUTE,78f3ffaa921e46c61e0a5e8f0098d060fca37d87139b6541dce6069a8bd8a27f,32872bf64adafd685ad864babb2ca0d2e7551b61ccfecec145ac607cffe25d0d,
rutas,196,INTERNAL_ORIENTED_ROUTES,1,r6c4_h+1v+1,49,6,4,1,1,NO,quark_up_G1,quark_up,quark,1,B,quark_up_G1,quark_up,G1,"4,6;6,4",27,27,27,54,216,71,107,0,0,0,17,9,9,28,6,0,0,-12,+++---+++---,243 657 24 243 657 570 264 90 570 243 657 24 243 657 570 264 90 570,66,60,66,48,32,80,6,"(80,66,3)","(80,54,6)",79.51870831969534555434134,79.60661013979482758647091,1.000000055128871799705072,1.000000055189812531859140,TARGET_FREE_INTERNAL_ROUTE,77cf5c939793f9ffefd542cdfd63c67547932703378b78382725fd396edf7833,28764df7e51b08e0cf0a4e1231218c25be1d6f46c66294bcd19eed1f6b285cce,
rutas,197,INTERNAL_ORIENTED_ROUTES,1,r6c5_h-1v-1,50,6,5,-1,-1,NO,quark_down_G1,quark_down,quark,1,G,quark_down_G1,quark_down,G1,"4,5;6,5",27,27,27,54,216,71,107,1,0,1,17,9,9,28,6,-2,0,-8,+++--0+++--0,486 423 15 486 423 327 498 99 327 486 423 15 486 423 327 498 99 327,66,60,66,48,32,56,5,"(80,66,3)","(56,54,5)",79.51870831969534555434134,55.60649894337213544641686,1.000000055128871799705072,1.000000038550972354141645,TARGET_FREE_INTERNAL_ROUTE,b6badb1f3717c85f8eab31262b0fde338dbc49197b8eab9820df39cfd1d22827,17bd49a7de09fc63fbf85730b09b8c69da5258cd3a24e4c11552fad8eb796267,
rutas,198,INTERNAL_ORIENTED_ROUTES,1,r6c5_h-1v+1,50,6,5,-1,1,YES,quark_down_G1,quark_down,quark,1,G,quark_down_G1,quark_down,G1,"4,5;6,5",27,27,27,54,216,71,107,1,0,1,17,9,9,14,-4,0,0,-12,+++---+++---,504 585 507 504 585 672 510 666 672 504 585 507 504 585 672 510 666 672,78,24,78,24,16,80,6,"(40,78,27)","(80,54,6)",39.43380880300855130367114,79.60661013979482758647091,1.000000027338740854894358,1.000000055189812531859140,TARGET_FREE_INTERNAL_ROUTE,7493844ee9e55ec3fa4463553c671c3bfe04eb94006e369b09aa1c2fe3fd8152,d6f20c0a7858c0752246770ffbfd66432cef12d31a555564cd4c76c2195800ee,247db8a58d592a8cdd0ba517321e06c1f88eff82416294586fe44cb507cd1737
rutas,199,INTERNAL_ORIENTED_ROUTES,1,r6c5_h+1v-1,50,6,5,1,-1,NO,quark_down_G1,quark_down,quark,1,G,quark_down_G1,quark_down,G1,"4,5;6,5",27,27,27,54,216,71,107,1,0,1,17,9,9,14,4,0,0,-12,+++---+++---,510 666 672 510 666 507 504 585 507 510 666 672 510 666 507 504 585 507,78,24,78,24,16,80,6,"(40,78,27)","(80,54,6)",39.43380880300855130367114,79.60661013979482758647091,1.000000027338740854894358,1.000000055189812531859140,TARGET_FREE_INTERNAL_ROUTE,0b8c5e26fd15e5487404c126325089f3744921e3c70229aa7c4efd9598c80084,bb50d7c6b121d5b9b27c2a8df96ae10f4164b1fc3d2ae8687629f5ba15b9d059,
rutas,200,INTERNAL_ORIENTED_ROUTES,1,r6c5_h+1v+1,50,6,5,1,1,NO,quark_down_G1,quark_down,quark,1,G,quark_down_G1,quark_down,G1,"4,5;6,5",27,27,27,54,216,71,107,0,0,0,17,9,9,28,-6,2,0,-8,++0---++0---,498 99 327 498 99 15 486 423 15 498 99 327 498 99 15 486 423 15,66,60,66,48,32,56,5,"(80,66,3)","(56,54,5)",79.51870831969534555434134,55.60649894337213544641686,1.000000055128871799705072,1.000000038550972354141645,TARGET_FREE_INTERNAL_ROUTE,459225a8c62810d92ebb16df6c2841855fdcc7973f5669549e10bdb7f48ba668,3207260be401417eccf8d9f756c5e76d13ba51eeefe672feec28d8ab04ef1ed5,
rutas,201,INTERNAL_ORIENTED_ROUTES,1,r6c6_h-1v-1,51,6,6,-1,-1,NO,quark_up_G1,quark_up,quark,1,R,quark_up_G1,quark_up,G1,"4,4;6,6",27,27,27,54,216,71,107,1,0,1,17,9,9,24,0,0,0,-12,+++---+++---,15 486 423 15 486 657 24 243 657 15 486 423 15 486 657 24 243 657,54,60,72,24,16,80,6,"(40,54,6)","(80,54,6)",39.60661013979482758647091,79.60661013979482758647091,1.000000027458540873559518,1.000000055189812531859140,TARGET_FREE_INTERNAL_ROUTE,856f2c4ecede7c9fad89891b9a493ce336be2d4b5153ce9ecee9540fcd10311c,a8e2d94175cce86b4b4ebf52a6722aaa5895cc5b77acfab8bfc923d376d84f57,
rutas,202,INTERNAL_ORIENTED_ROUTES,1,r6c6_h-1v+1,51,6,6,-1,1,NO,quark_up_G1,quark_up,quark,1,R,quark_up_G1,quark_up,G1,"4,4;6,6",27,27,27,54,216,71,107,0,0,0,17,9,9,50,-6,2,0,-8,+0+---+0+---,3 0 81 3 0 81 3 0 81 3 0 81 3 0 81 3 0 81,24,24,24,0,0,48,5,"(0,24,0)","(48,54,5)",-0.1751364616628112239348425,47.60649894337213544641686,0.9999999998785810851337881,1.000000033004718053243084,TARGET_FREE_INTERNAL_ROUTE,362984c5834759f48f4db727a5e95cba6a614bb5b737be4ba5aa7e0092099305,54b6507550fde869f152d24026fee643979e44fefccb5a54fd5374cede0c4178,
rutas,203,INTERNAL_ORIENTED_ROUTES,1,r6c6_h+1v-1,51,6,6,1,-1,NO,quark_up_G1,quark_up,quark,1,R,quark_up_G1,quark_up,G1,"4,4;6,6",27,27,27,54,216,71,107,0,0,0,17,9,9,50,6,-2,0,-8,+++-0-+++-0-,3 0 81 3 0 81 3 0 81 3 0 81 3 0 81 3 0 81,24,24,24,0,0,48,5,"(0,24,0)","(48,54,5)",-0.1751364616628112239348425,47.60649894337213544641686,0.9999999998785810851337881,1.000000033004718053243084,TARGET_FREE_INTERNAL_ROUTE,ed910a023c24aa3e30b58383d60bafc5d58eb8a1f08e0253b59d1c804d53f35f,1c9ca174be7648f8a2b7e60e181a19b3b34f7c4e0d98e91bac5a4cbacc8c9a20,
rutas,204,INTERNAL_ORIENTED_ROUTES,1,r6c6_h+1v+1,51,6,6,1,1,YES,quark_up_G1,quark_up,quark,1,R,quark_up_G1,quark_up,G1,"4,4;6,6",27,27,27,54,216,71,107,2,1,2,16,9,9,24,0,0,0,-12,+++---+++---,24 243 657 24 243 423 15 486 423 24 243 657 24 243 423 15 486 423,54,60,72,24,16,80,6,"(40,54,6)","(80,54,6)",39.60661013979482758647091,79.60661013979482758647091,1.000000027458540873559518,1.000000055189812531859140,TARGET_FREE_INTERNAL_ROUTE,ea448f4eea6376a58f482d676495495f0c7b3c6bb76ccae40998ce2547269821,7d817835fbd82223ed54da24836deff3fe6b2f2a2c237caefadfa287194b6ac4,1204da29afa516cae33ccda64944005b00ffe568f4826a585823f1bb2e720ae3
rutas,205,INTERNAL_ORIENTED_ROUTES,1,r6c7_h-1v-1,52,6,7,-1,-1,NO,quark_down_G2,quark_down,quark,2,B,quark_down_G2,quark_down,G2,"4,3;6,7",27,27,27,54,216,71,107,2,1,1,16,9,9,28,-6,0,0,-12,+++---+++---,264 90 570 264 90 24 243 657 24 264 90 570 264 90 24 243 657 24,66,60,66,48,32,80,6,"(80,66,3)","(80,54,6)",79.51870831969534555434134,79.60661013979482758647091,1.000000055128871799705072,1.000000055189812531859140,TARGET_FREE_INTERNAL_ROUTE,88f473d2cdc82fd9a950b8951b6621d785eb978f2df99dbc0cf48b60503f0407,0f39551e760683333bc943e7a463b426ae514492913154ad8c8a50a579ac0f4b,
rutas,206,INTERNAL_ORIENTED_ROUTES,1,r6c7_h-1v+1,52,6,7,-1,1,YES,quark_down_G2,quark_down,quark,2,B,quark_down_G2,quark_down,G2,"4,3;6,7",27,27,27,54,216,71,107,2,0,1,17,9,9,8,-2,0,0,-12,+++---+++---,258 414 420 258 414 255 252 333 255 258 414 420 258 414 255 252 333 255,84,24,84,24,16,80,6,"(40,84,30)","(80,54,6)",39.39035827686092491784959,79.60661013979482758647091,1.000000027308617396708705,1.000000055189812531859140,TARGET_FREE_INTERNAL_ROUTE,616fe1c153e8405fb9fdd203ddc30c405976b9f53a6b887a78eb2deb09ff3019,0f506299138488a5bbb95a41ea186f877f691de62c43341f65029d52a295d822,e35a87178dee05ba4b834fccd04d9151723185209b3bf306de515f71c318bc40
rutas,207,INTERNAL_ORIENTED_ROUTES,1,r6c7_h+1v-1,52,6,7,1,-1,NO,quark_down_G2,quark_down,quark,2,B,quark_down_G2,quark_down,G2,"4,3;6,7",27,27,27,54,216,71,107,3,1,3,16,9,9,8,2,0,0,-12,+++---+++---,252 333 255 252 333 420 258 414 420 252 333 255 252 333 420 258 414 420,84,24,84,24,16,80,6,"(40,84,30)","(80,54,6)",39.39035827686092491784959,79.60661013979482758647091,1.000000027308617396708705,1.000000055189812531859140,TARGET_FREE_INTERNAL_ROUTE,4ff06f4f62859461a846f4d3090bec6874de8d404dc28e4c85c0039524ebce3f,82db73e13fb33b93832d00a5d3ffae2a3ce893d4059d410f530239bd20944a08,
rutas,208,INTERNAL_ORIENTED_ROUTES,1,r6c7_h+1v+1,52,6,7,1,1,NO,quark_down_G2,quark_down,quark,2,B,quark_down_G2,quark_down,G2,"4,3;6,7",27,27,27,54,216,71,107,0,0,0,17,9,9,28,6,0,0,-12,+++---+++---,243 657 24 243 657 570 264 90 570 243 657 24 243 657 570 264 90 570,66,60,66,48,32,80,6,"(80,66,3)","(80,54,6)",79.51870831969534555434134,79.60661013979482758647091,1.000000055128871799705072,1.000000055189812531859140,TARGET_FREE_INTERNAL_ROUTE,44eb46a7747c4aef1e300e344b95cc35662ea5f5e7be767c3e9e1d8d753058fc,d37dee388ad27b72a09d85bd19587c613c7ccaf6048eeba353d31d5f1b642289,
rutas,209,INTERNAL_ORIENTED_ROUTES,1,r6c8_h-1v-1,53,6,8,-1,-1,NO,quark_up_G3,quark_up,quark,3,G,quark_up_G3,quark_up,G3,"4,2;6,8",27,27,27,54,216,71,107,1,0,1,17,9,9,28,6,-2,2,-8,+++0--+++0--,486 423 15 486 423 327 498 99 327 486 423 15 486 423 327 498 99 327,66,60,66,48,32,56,5,"(80,66,3)","(56,54,5)",79.51870831969534555434134,55.60649894337213544641686,1.000000055128871799705072,1.000000038550972354141645,TARGET_FREE_INTERNAL_ROUTE,46a7097d2858df9176ba9586b269471dd295cb011c04f97ee1f4da54cdd7a43e,1a456767b18a5ec986b3b3fb3c3856267b3045e9d69a809c24d95845977eb71f,
rutas,210,INTERNAL_ORIENTED_ROUTES,1,r6c8_h-1v+1,53,6,8,-1,1,NO,quark_up_G3,quark_up,quark,3,G,quark_up_G3,quark_up,G3,"4,2;6,8",27,27,27,54,216,71,107,1,0,1,17,9,9,44,2,0,0,-12,+++---+++---,504 585 507 504 585 672 510 666 672 504 585 507 504 585 672 510 666 672,78,24,78,24,16,80,6,"(40,78,27)","(80,54,6)",39.43380880300855130367114,79.60661013979482758647091,1.000000027338740854894358,1.000000055189812531859140,TARGET_FREE_INTERNAL_ROUTE,c662417af4f02cbb24da0df8ddc65daf21c785dcda7367f499a615d5f1c13acc,0bf138f401402e507cb05c5292252e90d8a251263e47152404d52b831e9fce30,
rutas,211,INTERNAL_ORIENTED_ROUTES,1,r6c8_h+1v-1,53,6,8,1,-1,NO,quark_up_G3,quark_up,quark,3,G,quark_up_G3,quark_up,G3,"4,2;6,8",27,27,27,54,216,71,107,1,0,1,17,9,9,44,-2,0,0,-12,+++---+++---,510 666 672 510 666 507 504 585 507 510 666 672 510 666 507 504 585 507,78,24,78,24,16,80,6,"(40,78,27)","(80,54,6)",39.43380880300855130367114,79.60661013979482758647091,1.000000027338740854894358,1.000000055189812531859140,TARGET_FREE_INTERNAL_ROUTE,6244f8a5a54cd67bbef735c4354e23b07ca1ae58e21214f4a6ff3516629e19c1,65c53fc392fa3dbf000bcb9c9539167b8ce081300211ef00c2eee82e0d9ff65c,
rutas,212,INTERNAL_ORIENTED_ROUTES,1,r6c8_h+1v+1,53,6,8,1,1,YES,quark_up_G3,quark_up,quark,3,G,quark_up_G3,quark_up,G3,"4,2;6,8",27,27,27,54,216,71,107,0,0,0,17,9,9,28,-6,2,-2,-8,0++---0++---,498 99 327 498 99 15 486 423 15 498 99 327 498 99 15 486 423 15,66,60,66,48,32,56,5,"(80,66,3)","(56,54,5)",79.51870831969534555434134,55.60649894337213544641686,1.000000055128871799705072,1.000000038550972354141645,TARGET_FREE_INTERNAL_ROUTE,4f8136461cebd5d0e1aae0b94a1310952fec8ed32458cf20ae000c9ad96abc39,478ca35df2cf0d4564142043734baaef374d7159a3c7775cb731a590a615a0db,ec0c7b1546af4e293324a0e6fc89aa4cd160e3c70eacc9a9b3494baf329435e3
rutas,213,INTERNAL_ORIENTED_ROUTES,1,r6c9_h-1v-1,54,6,9,-1,-1,NO,quark_down_G4,quark_down,quark,4,R,quark_down_G4,quark_down,G4,"4,1;6,9",27,27,27,54,216,71,107,1,0,1,17,9,9,30,6,-2,0,-8,+++-0-+++-0-,15 486 423 15 486 657 24 243 657 15 486 423 15 486 657 24 243 657,54,60,72,24,16,48,5,"(40,54,6)","(48,54,5)",39.60661013979482758647091,47.60649894337213544641686,1.000000027458540873559518,1.000000033004718053243084,TARGET_FREE_INTERNAL_ROUTE,d29410c367743e1611b951c179305418a0c0787034e642488d40b8421a4f1b20,05a266cce4affce309ae74ef598dad5069603262543c2e64d874382a83755978,
rutas,214,INTERNAL_ORIENTED_ROUTES,1,r6c9_h-1v+1,54,6,9,-1,1,NO,quark_down_G4,quark_down,quark,4,R,quark_down_G4,quark_down,G4,"4,1;6,9",27,27,27,54,216,71,107,0,0,0,17,9,9,14,6,0,0,-12,+++---+++---,3 0 81 3 0 81 3 0 81 3 0 81 3 0 81 3 0 81,24,24,24,0,0,80,6,"(0,24,0)","(80,54,6)",-0.1751364616628112239348425,79.60661013979482758647091,0.9999999998785810851337881,1.000000055189812531859140,TARGET_FREE_INTERNAL_ROUTE,383fc3c8eab5e689c371ebbb9e5a07b1b4c5c0c869c53d1e34f80c0966fe4683,eca848d3437105f4e3992a55c435b0ebb5e5b25c7918788fba77fb97fa69eb3e,
rutas,215,INTERNAL_ORIENTED_ROUTES,1,r6c9_h+1v-1,54,6,9,1,-1,YES,quark_down_G4,quark_down,quark,4,R,quark_down_G4,quark_down,G4,"4,1;6,9",27,27,27,54,216,71,107,0,0,0,17,9,9,14,-6,0,0,-12,+++---+++---,3 0 81 3 0 81 3 0 81 3 0 81 3 0 81 3 0 81,24,24,24,0,0,80,6,"(0,24,0)","(80,54,6)",-0.1751364616628112239348425,79.60661013979482758647091,0.9999999998785810851337881,1.000000055189812531859140,TARGET_FREE_INTERNAL_ROUTE,5f4e2b04f8b80b45dc0a27e968364702c50f95e4243d4268177f10928526aee6,cfa3576154e8cf220eeb6ace24ec313ec4d442e4d1da02a4bf007f30bd2c6621,80250ff7621218a03a2e2ca39a7a6e60556d81f62485cf81b5b4de276a81d550
rutas,216,INTERNAL_ORIENTED_ROUTES,1,r6c9_h+1v+1,54,6,9,1,1,NO,quark_down_G4,quark_down,quark,4,R,quark_down_G4,quark_down,G4,"4,1;6,9",27,27,27,54,216,71,107,2,1,2,16,9,9,30,-6,2,0,-8,+0+---+0+---,24 243 657 24 243 423 15 486 423 24 243 657 24 243 423 15 486 423,54,60,72,24,16,48,5,"(40,54,6)","(48,54,5)",39.60661013979482758647091,47.60649894337213544641686,1.000000027458540873559518,1.000000033004718053243084,TARGET_FREE_INTERNAL_ROUTE,79b913bc6b44d4d200a69fd92eecc9936a66c4d289739af388dbe597c8ed9751,32027225b3900396db67d96992263b16a9b0766eb91a7c939ac99ad9a97d3bf9,
rutas,217,INTERNAL_ORIENTED_ROUTES,1,r7c1_h-1v-1,55,7,1,-1,-1,NO,charged_lepton_G4,charged_lepton,lepton,4,,charged_lepton_G4,charged_lepton,G4,"3,9;7,1",27,27,27,54,216,71,107,2,1,2,16,9,9,30,6,-2,0,-8,+++-0-+++-0-,486 423 15 486 429 243 657 24 243 486 423 15 486 429 243 657 24 243,54,56,70,48,32,48,5,"(80,54,7)","(48,54,5)",79.60672133621751972652496,47.60649894337213544641686,1.000000055189889622315337,1.000000033004718053243084,TARGET_FREE_INTERNAL_ROUTE,213e50266085d4cf0de7fe5583f14cd6e9fd4d8201a2fca7bbb3795d68988de6,bcca332d749bd269e02e92f330430569c4525cd5e249720db77549f966a52809,
rutas,218,INTERNAL_ORIENTED_ROUTES,1,r7c1_h-1v+1,55,7,1,-1,1,YES,charged_lepton_G4,charged_lepton,lepton,4,,charged_lepton_G4,charged_lepton,G4,"3,9;7,1",9,27,27,54,216,71,107,0,0,0,17,9,9,14,-4,0,0,-12,+++---+++---,507 504 585 507 510 510 666 672 510 507 504 585 507 510 510 666 672 510,78,28,78,36,24,80,6,"(60,78,25)","(80,54,6)",59.43358641016316702356304,79.60661013979482758647091,1.000000041204222405344905,1.000000055189812531859140,TARGET_FREE_INTERNAL_ROUTE,d62df3d96add1bcb3616655b4c5ab36dd6a959ad7680ed61f0bf567035e46c10,04f3932501d1ad67facab5d82019498af3313df6e346a07adcb84e7c755faee0,c10b18e3f00c1efeab677c684d1a7bd005d2ee4a89b23fa3bc838923718a08fa
rutas,219,INTERNAL_ORIENTED_ROUTES,1,r7c1_h+1v-1,55,7,1,1,-1,NO,charged_lepton_G4,charged_lepton,lepton,4,,charged_lepton_G4,charged_lepton,G4,"3,9;7,1",18,27,27,54,216,71,107,2,0,1,17,9,9,14,4,0,0,-12,+++---+++---,666 672 510 666 666 585 507 504 585 666 672 510 666 666 585 507 504 585,78,28,78,36,24,80,6,"(60,78,25)","(80,54,6)",59.43358641016316702356304,79.60661013979482758647091,1.000000041204222405344905,1.000000055189812531859140,TARGET_FREE_INTERNAL_ROUTE,ea1bc7bb3c188b9a7e9dd91a90b29f4b3fe86da770ec0c1a40183a53264492b5,ad40326e62bbf34eabd692806fb96c19a8fd8520056d702c51a3c115dc8ce1fb,
rutas,220,INTERNAL_ORIENTED_ROUTES,1,r7c1_h+1v+1,55,7,1,1,1,NO,charged_lepton_G4,charged_lepton,lepton,4,,charged_lepton_G4,charged_lepton,G4,"3,9;7,1",27,27,27,54,216,71,107,2,0,1,17,9,9,30,-6,2,0,-8,+0+---+0+---,657 24 243 657 18 15 486 423 15 657 24 243 657 18 15 486 423 15,54,56,70,48,32,48,5,"(80,54,7)","(48,54,5)",79.60672133621751972652496,47.60649894337213544641686,1.000000055189889622315337,1.000000033004718053243084,TARGET_FREE_INTERNAL_ROUTE,3a495db2e5a0a6707f8a97f724743b33c5696f6ea59a145f59858765279c3c3b,22a43ddff0542b8baedc3fefb41c9e088a990090a8a95fc8d101d973f3a8fed9,
rutas,221,INTERNAL_ORIENTED_ROUTES,1,r7c2_h-1v-1,56,7,2,-1,-1,NO,neutrino_G3,neutrino,lepton,3,,neutrino_G3,neutrino,G3,"3,8;7,2",27,27,27,54,216,71,107,1,0,1,17,9,9,34,0,-2,0,-8,+++--0+++--0,90 570 264 90 567 657 24 243 657 90 570 264 90 567 657 24 243 657,66,64,64,60,40,56,5,"(100,66,0)","(56,54,5)",99.51837473042726913417918,55.60649894337213544641686,1.000000068994276645021895,1.000000038550972354141645,TARGET_FREE_INTERNAL_ROUTE,de97a58186c1b724ae969ef3d0b46d0b58439e4a07374877722147645eed901a,b5cbdb2acc289475e1adbffda63c9cb08aa1f829e2f904b2bb353276a27933bf,
rutas,222,INTERNAL_ORIENTED_ROUTES,1,r7c2_h-1v+1,56,7,2,-1,1,YES,neutrino_G3,neutrino,lepton,3,,neutrino_G3,neutrino,G3,"3,8;7,2",27,27,27,54,216,71,107,2,0,2,17,9,9,20,0,0,0,-4,0++--00++--0,81 3 0 81 0 3 0 81 3 81 3 0 81 0 3 0 81 3,24,20,24,24,16,36,4,"(40,24,2)","(36,54,4)",39.82508593118257305617326,35.60638774694944330636281,1.000000027610006159514215,1.000000024685259569118152,TARGET_FREE_INTERNAL_ROUTE,d0d3560438d493017163b00e45d3935896eb8554e0dddda5b8a0856cc7a13b34,1de0ff8e3d24aca90f7f4d432eafa71c5d5aab1bc65d749f8cd1dc602a5a7a65,c97a50bb057d87c6a9915463f589846d13ce5d25a64e07f2625114cb93e204f5
rutas,223,INTERNAL_ORIENTED_ROUTES,1,r7c2_h+1v-1,56,7,2,1,-1,NO,neutrino_G3,neutrino,lepton,3,,neutrino_G3,neutrino,G3,"3,8;7,2",27,27,27,54,216,71,107,0,0,0,17,9,9,20,0,0,0,-4,++00--++00--,0 81 3 0 84 0 81 3 0 0 81 3 0 84 0 81 3 0,24,20,24,24,16,36,4,"(40,24,2)","(36,54,4)",39.82508593118257305617326,35.60638774694944330636281,1.000000027610006159514215,1.000000024685259569118152,TARGET_FREE_INTERNAL_ROUTE,a8a820b2e3341e508860df8fa52e8ba6be5fca90c44b0b918cfb3e75fd28d176,3c31186b3fac2aa2f596f047ea1756c734f0ddc59694e37a98f47d9a3bdc8475,
rutas,224,INTERNAL_ORIENTED_ROUTES,1,r7c2_h+1v+1,56,7,2,1,1,NO,neutrino_G3,neutrino,lepton,3,,neutrino_G3,neutrino,G3,"3,8;7,2",27,27,27,54,216,71,107,0,0,0,17,9,9,34,0,2,0,-8,++0---++0---,24 243 657 24 246 264 90 570 264 24 243 657 24 246 264 90 570 264,66,64,64,60,40,56,5,"(100,66,0)","(56,54,5)",99.51837473042726913417918,55.60649894337213544641686,1.000000068994276645021895,1.000000038550972354141645,TARGET_FREE_INTERNAL_ROUTE,3bac38d14f028f874e98149b7274261bf05c7219f5381cfc4cbad9f6c1c850b9,d0f373bab545802ead72e058f777728e20bf2d03ce412db3853130c4b1a38f22,
rutas,225,INTERNAL_ORIENTED_ROUTES,1,r7c3_h-1v-1,57,7,3,-1,-1,NO,charged_lepton_G2,charged_lepton,lepton,2,,charged_lepton_G2,charged_lepton,G2,"3,7;7,3",27,27,27,54,216,71,107,1,1,1,16,9,9,34,0,0,0,-12,+++---+++---,423 15 486 423 12 99 327 498 99 423 15 486 423 12 99 327 498 99,66,60,64,48,32,80,6,"(80,66,2)","(80,54,6)",79.51859712327265341428729,79.60661013979482758647091,1.000000055128794709248880,1.000000055189812531859140,TARGET_FREE_INTERNAL_ROUTE,50dd3ab85f947dea000293ba18e7e5d236ed2a2482880fce8a55b876402a96d6,f8cfb75a9cb25ac6b8cbb42e3fc084e2337939344c2a990541bae640dcee3531,
rutas,226,INTERNAL_ORIENTED_ROUTES,1,r7c3_h-1v+1,57,7,3,-1,1,NO,charged_lepton_G2,charged_lepton,lepton,2,,charged_lepton_G2,charged_lepton,G2,"3,7;7,3",27,27,27,54,216,71,107,1,0,1,17,9,9,50,4,-2,2,-8,+++0--+++0--,420 258 414 420 255 252 333 255 252 420 258 414 420 255 252 333 255 252,84,24,84,24,16,56,5,"(40,84,30)","(56,54,5)",39.39035827686092491784959,55.60649894337213544641686,1.000000027308617396708705,1.000000038550972354141645,TARGET_FREE_INTERNAL_ROUTE,97b0c7b8352c824ea503a1ec527396cfc0d0b44900be367dd4b03945006857bf,b7b4d75304d95a6a60aba23861edd1112aad3aed5ee0e9673c71017ccc3594bd,
rutas,227,INTERNAL_ORIENTED_ROUTES,1,r7c3_h+1v-1,57,7,3,1,-1,NO,charged_lepton_G2,charged_lepton,lepton,2,,charged_lepton_G2,charged_lepton,G2,"3,7;7,3",27,27,27,54,216,71,107,0,0,0,17,9,9,50,-4,2,-2,-8,0++---0++---,333 255 252 333 258 414 420 258 414 333 255 252 333 258 414 420 258 414,84,24,84,24,16,56,5,"(40,84,30)","(56,54,5)",39.39035827686092491784959,55.60649894337213544641686,1.000000027308617396708705,1.000000038550972354141645,TARGET_FREE_INTERNAL_ROUTE,34dff48532c73a280d1550ed80b44a2baf487d486dd06bec76436e8e94d65f93,502b383cae291d41508f616ac645f9bcdef36a9a45477b31c70d5cb7ee016951,
rutas,228,INTERNAL_ORIENTED_ROUTES,1,r7c3_h+1v+1,57,7,3,1,1,YES,charged_lepton_G2,charged_lepton,lepton,2,,charged_lepton_G2,charged_lepton,G2,"3,7;7,3",27,27,27,54,216,71,107,2,1,2,16,9,9,34,0,0,0,-12,+++---+++---,327 498 99 327 501 486 423 15 486 327 498 99 327 501 486 423 15 486,66,60,64,48,32,80,6,"(80,66,2)","(80,54,6)",79.51859712327265341428729,79.60661013979482758647091,1.000000055128794709248880,1.000000055189812531859140,TARGET_FREE_INTERNAL_ROUTE,2c8a0ec9e3c50967fd90be0a53359711cda37fe96004fa0dd2d2c109d3ff8203,e7e5c8dda4d5d1f9b878e9cd1a1c64fb8345513eb16b32b91933ab571fbdbb5d,d232cdd08b31d355345b67402bf59eda9ec2f460c0b2fde0aabb2dc8b105a72c
rutas,229,INTERNAL_ORIENTED_ROUTES,1,r7c4_h-1v-1,58,7,4,-1,-1,NO,neutrino_G2,neutrino,lepton,2,,neutrino_G2,neutrino,G2,"3,6;7,4",27,27,27,54,216,71,107,2,1,2,16,9,9,30,-6,0,0,-12,+++---+++---,486 423 15 486 429 243 657 24 243 486 423 15 486 429 243 657 24 243,54,56,70,48,32,80,6,"(80,54,7)","(80,54,6)",79.60672133621751972652496,79.60661013979482758647091,1.000000055189889622315337,1.000000055189812531859140,TARGET_FREE_INTERNAL_ROUTE,61986b6175f7b937676573337389fee3569c31355092cf947843a9d930ba1bc2,5924cc1f56504b4c33f30badd28f71c226336afe924e078101dceaa8e836decf,
rutas,230,INTERNAL_ORIENTED_ROUTES,1,r7c4_h-1v+1,58,7,4,-1,1,YES,neutrino_G2,neutrino,lepton,2,,neutrino_G2,neutrino,G2,"3,6;7,4",27,27,27,54,216,71,107,0,0,0,17,9,9,14,-4,0,0,-12,+++---+++---,507 504 585 507 510 510 666 672 510 507 504 585 507 510 510 666 672 510,78,28,78,36,24,80,6,"(60,78,25)","(80,54,6)",59.43358641016316702356304,79.60661013979482758647091,1.000000041204222405344905,1.000000055189812531859140,TARGET_FREE_INTERNAL_ROUTE,c59fd018875bb4727075a352424cec29d327972ce0436e0d6620d4c581058224,e049714ffb2d3eea8b496d146d72cdeb379c2764679bbf9137027cbadddd41f3,c7e0c373385cd688c8ff7aafd12c63d3af22800c9ae593a7a3bc5952d7512202
rutas,231,INTERNAL_ORIENTED_ROUTES,1,r7c4_h+1v-1,58,7,4,1,-1,NO,neutrino_G2,neutrino,lepton,2,,neutrino_G2,neutrino,G2,"3,6;7,4",27,27,27,54,216,71,107,2,0,1,17,9,9,14,4,0,0,-12,+++---+++---,666 672 510 666 666 585 507 504 585 666 672 510 666 666 585 507 504 585,78,28,78,36,24,80,6,"(60,78,25)","(80,54,6)",59.43358641016316702356304,79.60661013979482758647091,1.000000041204222405344905,1.000000055189812531859140,TARGET_FREE_INTERNAL_ROUTE,7a6c6470c763c81771cd0d8889250edb8a8675dd0391a21b31385cba4993e652,be05cd14c4f089027d45446ae145d5bbd383576b0d091e1660097007ebf4fc04,
rutas,232,INTERNAL_ORIENTED_ROUTES,1,r7c4_h+1v+1,58,7,4,1,1,NO,neutrino_G2,neutrino,lepton,2,,neutrino_G2,neutrino,G2,"3,6;7,4",27,27,27,54,216,71,107,2,0,1,17,9,9,30,6,0,0,-12,+++---+++---,657 24 243 657 18 15 486 423 15 657 24 243 657 18 15 486 423 15,54,56,70,48,32,80,6,"(80,54,7)","(80,54,6)",79.60672133621751972652496,79.60661013979482758647091,1.000000055189889622315337,1.000000055189812531859140,TARGET_FREE_INTERNAL_ROUTE,3b0c0dbfa4786567c9e927a3d9255385f88a8bf3e4ee10b39a8990045dbb8251,7e34fe3bd8853b363e1c7195129b813c582bbfbb75ebd6651f739c23d7b1b85a,
rutas,233,INTERNAL_ORIENTED_ROUTES,1,r7c5_h-1v-1,59,7,5,-1,-1,YES,charged_lepton_G2,charged_lepton,lepton,2,,charged_lepton_G2,charged_lepton,G2,"3,5;7,5",27,27,27,54,216,71,107,1,0,1,17,9,9,28,-6,0,-4,-12,+++---+++---,90 570 264 90 567 657 24 243 657 90 570 264 90 567 657 24 243 657,66,64,64,60,40,80,6,"(100,66,0)","(80,54,6)",99.51837473042726913417918,79.60661013979482758647091,1.000000068994276645021895,1.000000055189812531859140,TARGET_FREE_INTERNAL_ROUTE,f6ed0ad96ec6366eaed3b499144349882d3ffcd7cd44284510c3270821d0056c,25d3f4ddb064b47c9a608e17a712bb09d854df59edc3903e31a2673b50b1ae0a,68cfa4635763ee620dde045d3406cd27b8ada4eb740d3dd02cfcde7e4775e236
rutas,234,INTERNAL_ORIENTED_ROUTES,1,r7c5_h-1v+1,59,7,5,-1,1,NO,charged_lepton_G2,charged_lepton,lepton,2,,charged_lepton_G2,charged_lepton,G2,"3,5;7,5",27,27,27,54,216,71,107,2,0,2,17,9,9,50,-6,2,-2,-8,++0---++0---,81 3 0 81 0 3 0 81 3 81 3 0 81 0 3 0 81 3,24,20,24,24,16,56,5,"(40,24,2)","(56,54,5)",39.82508593118257305617326,55.60649894337213544641686,1.000000027610006159514215,1.000000038550972354141645,TARGET_FREE_INTERNAL_ROUTE,99ab406ecdac6329ab5ce5eb6325504ecb11f2d04c9d8b346db7499d7f567b1e,de03114ba14ea4662b556a0e8594ed8b86378685d02ee66d90537006e76e8ab8,
rutas,235,INTERNAL_ORIENTED_ROUTES,1,r7c5_h+1v-1,59,7,5,1,-1,NO,charged_lepton_G2,charged_lepton,lepton,2,,charged_lepton_G2,charged_lepton,G2,"3,5;7,5",27,27,27,54,216,71,107,0,0,0,17,9,9,50,6,-2,2,-8,+++--0+++--0,0 81 3 0 84 0 81 3 0 0 81 3 0 84 0 81 3 0,24,20,24,24,16,56,5,"(40,24,2)","(56,54,5)",39.82508593118257305617326,55.60649894337213544641686,1.000000027610006159514215,1.000000038550972354141645,TARGET_FREE_INTERNAL_ROUTE,0386e9c2055bfd8ab8494edc4b8a16f00671f216a461804424aa45aab64b22d5,66b6919786b672f07cdf87be4aefcb18b9cac24fa6eddfae27e4ddf26caba935,
rutas,236,INTERNAL_ORIENTED_ROUTES,1,r7c5_h+1v+1,59,7,5,1,1,NO,charged_lepton_G2,charged_lepton,lepton,2,,charged_lepton_G2,charged_lepton,G2,"3,5;7,5",27,27,27,54,216,71,107,0,0,0,17,9,9,28,6,0,4,-12,+++---+++---,24 243 657 24 246 264 90 570 264 24 243 657 24 246 264 90 570 264,66,64,64,60,40,80,6,"(100,66,0)","(80,54,6)",99.51837473042726913417918,79.60661013979482758647091,1.000000068994276645021895,1.000000055189812531859140,TARGET_FREE_INTERNAL_ROUTE,b7a1b0a7f7d9328fa3ce85e1fff27ea994c202f1387e665f13646fe39a6f9594,d7423e62f53bddcb400b3cf3d5485932f1df7a7edb0186d4e92c189a60b8a179,
rutas,237,INTERNAL_ORIENTED_ROUTES,1,r7c6_h-1v-1,60,7,6,-1,-1,NO,neutrino_G2,neutrino,lepton,2,,neutrino_G2,neutrino,G2,"3,4;7,6",27,27,27,54,216,71,107,1,1,1,16,9,9,28,6,0,0,-12,+++---+++---,423 15 486 423 12 99 327 498 99 423 15 486 423 12 99 327 498 99,66,60,64,48,32,80,6,"(80,66,2)","(80,54,6)",79.51859712327265341428729,79.60661013979482758647091,1.000000055128794709248880,1.000000055189812531859140,TARGET_FREE_INTERNAL_ROUTE,bdd0f510981aa2bd14e11cc9e772a40c0fa9629c6c33a6c863e128543bb3c064,094ff62832260c1076787d26e6f33ddfede703d5dedbf9b86f08912179c0158e,
rutas,238,INTERNAL_ORIENTED_ROUTES,1,r7c6_h-1v+1,60,7,6,-1,1,YES,neutrino_G2,neutrino,lepton,2,,neutrino_G2,neutrino,G2,"3,4;7,6",27,27,27,54,216,71,107,1,0,1,17,9,9,8,-2,0,0,-12,+++---+++---,420 258 414 420 255 252 333 255 252 420 258 414 420 255 252 333 255 252,84,24,84,24,16,80,6,"(40,84,30)","(80,54,6)",39.39035827686092491784959,79.60661013979482758647091,1.000000027308617396708705,1.000000055189812531859140,TARGET_FREE_INTERNAL_ROUTE,3b43feb29ef42944b5c6da5d1493e4641332fe290cc733c94b55588185f490d0,77fffc5e08a1d1d22e2d56a9caa4f75016d1c69261b9bac28a2e8cedd44d0ddb,4261f837a3e329d199831ee764123ea51bb952b25504d3f1b96372b344872b11
rutas,239,INTERNAL_ORIENTED_ROUTES,1,r7c6_h+1v-1,60,7,6,1,-1,NO,neutrino_G2,neutrino,lepton,2,,neutrino_G2,neutrino,G2,"3,4;7,6",27,27,27,54,216,71,107,0,0,0,17,9,9,8,2,0,0,-12,+++---+++---,333 255 252 333 258 414 420 258 414 333 255 252 333 258 414 420 258 414,84,24,84,24,16,80,6,"(40,84,30)","(80,54,6)",39.39035827686092491784959,79.60661013979482758647091,1.000000027308617396708705,1.000000055189812531859140,TARGET_FREE_INTERNAL_ROUTE,231bf7dd55d8a438f107de8c3e14075106170fc968fbf990a0d8a6f5ffd71b41,573249f714bc3cb98d64797e90987918abae980680a392c41e65c25c1bba6d94,
rutas,240,INTERNAL_ORIENTED_ROUTES,1,r7c6_h+1v+1,60,7,6,1,1,NO,neutrino_G2,neutrino,lepton,2,,neutrino_G2,neutrino,G2,"3,4;7,6",27,27,27,54,216,71,107,2,1,2,16,9,9,28,-6,0,0,-12,+++---+++---,327 498 99 327 501 486 423 15 486 327 498 99 327 501 486 423 15 486,66,60,64,48,32,80,6,"(80,66,2)","(80,54,6)",79.51859712327265341428729,79.60661013979482758647091,1.000000055128794709248880,1.000000055189812531859140,TARGET_FREE_INTERNAL_ROUTE,3e939392091ce7df7511a0eeda421eb0299c2ba4582a4adbf492bef6aebffe3f,b6443f7d3f0c44922d917e3268c496cff426301296ffd17b39c8f71c592309c7,
rutas,241,INTERNAL_ORIENTED_ROUTES,1,r7c7_h-1v-1,61,7,7,-1,-1,YES,charged_lepton_G2,charged_lepton,lepton,2,,charged_lepton_G2,charged_lepton,G2,"3,3;7,7",27,27,27,54,216,71,107,2,1,2,16,9,9,24,0,0,0,-12,+++---+++---,486 423 15 486 429 243 657 24 243 486 423 15 486 429 243 657 24 243,54,56,70,48,32,80,6,"(80,54,7)","(80,54,6)",79.60672133621751972652496,79.60661013979482758647091,1.000000055189889622315337,1.000000055189812531859140,TARGET_FREE_INTERNAL_ROUTE,f7adee5b3133fb43299c7e7f57cfe9d2104d12951c24558e004b0d1046825410,ee9f7a74820c460ffd5606aa30bdddd40bb6875427bf381c1bb6883d6bf2cb2d,2b5fcf4ee156f8e7f3d9ef4b48b12761781d58740c7f25b350ada993fdfb43da
rutas,242,INTERNAL_ORIENTED_ROUTES,1,r7c7_h-1v+1,61,7,7,-1,1,NO,charged_lepton_G2,charged_lepton,lepton,2,,charged_lepton_G2,charged_lepton,G2,"3,3;7,7",27,27,27,54,216,71,107,0,0,0,17,9,9,44,2,0,0,-12,+++---+++---,507 504 585 507 510 510 666 672 510 507 504 585 507 510 510 666 672 510,78,28,78,36,24,80,6,"(60,78,25)","(80,54,6)",59.43358641016316702356304,79.60661013979482758647091,1.000000041204222405344905,1.000000055189812531859140,TARGET_FREE_INTERNAL_ROUTE,e5a3a65c351de531521f5eb2e8a895c938d33cc4b6092ae7a236bfde174f67e6,f152871599c0f372a009df5e0bf5d2e89a435b88231a923e31fd5fc32cbfc7f8,
rutas,243,INTERNAL_ORIENTED_ROUTES,1,r7c7_h+1v-1,61,7,7,1,-1,NO,charged_lepton_G2,charged_lepton,lepton,2,,charged_lepton_G2,charged_lepton,G2,"3,3;7,7",27,27,27,54,216,71,107,2,0,1,17,9,9,44,-2,0,0,-12,+++---+++---,666 672 510 666 666 585 507 504 585 666 672 510 666 666 585 507 504 585,78,28,78,36,24,80,6,"(60,78,25)","(80,54,6)",59.43358641016316702356304,79.60661013979482758647091,1.000000041204222405344905,1.000000055189812531859140,TARGET_FREE_INTERNAL_ROUTE,b139139d502bd446d91e7d84ef6378829caef959c57c068a87604b10a6c051f8,d3747a41b0c5e19bf084c3f39ce497e825be56b559a223f00b148f1580acb8ed,
rutas,244,INTERNAL_ORIENTED_ROUTES,1,r7c7_h+1v+1,61,7,7,1,1,NO,charged_lepton_G2,charged_lepton,lepton,2,,charged_lepton_G2,charged_lepton,G2,"3,3;7,7",27,27,27,54,216,71,107,2,0,1,17,9,9,24,0,0,0,-12,+++---+++---,657 24 243 657 18 15 486 423 15 657 24 243 657 18 15 486 423 15,54,56,70,48,32,80,6,"(80,54,7)","(80,54,6)",79.60672133621751972652496,79.60661013979482758647091,1.000000055189889622315337,1.000000055189812531859140,TARGET_FREE_INTERNAL_ROUTE,97a8e38d1e0bc29075a19475862f706d23c2cee0e4509a10167a321562108b24,113a5319d2bebd3924e86aff9c2f661818e1d5da017520c4f5a248750b426e5c,
rutas,245,INTERNAL_ORIENTED_ROUTES,1,r7c8_h-1v-1,62,7,8,-1,-1,NO,neutrino_G3,neutrino,lepton,3,,neutrino_G3,neutrino,G3,"3,2;7,8",27,27,27,54,216,71,107,1,0,1,17,9,9,28,-6,0,0,-12,+++---+++---,90 570 264 90 567 657 24 243 657 90 570 264 90 567 657 24 243 657,66,64,64,60,40,80,6,"(100,66,0)","(80,54,6)",99.51837473042726913417918,79.60661013979482758647091,1.000000068994276645021895,1.000000055189812531859140,TARGET_FREE_INTERNAL_ROUTE,93e2a454a1c5de5f4f4e4b0eec1903cc6a51d31d19260e98a023f085f717f2c5,5e1722d01279d8988e0e53f37eeed749fe741983d8db78b09039733d0e70de18,
rutas,246,INTERNAL_ORIENTED_ROUTES,1,r7c8_h-1v+1,62,7,8,-1,1,NO,neutrino_G3,neutrino,lepton,3,,neutrino_G3,neutrino,G3,"3,2;7,8",27,27,27,54,216,71,107,2,0,2,17,9,9,14,6,0,0,-12,+++---+++---,81 3 0 81 0 3 0 81 3 81 3 0 81 0 3 0 81 3,24,20,24,24,16,80,6,"(40,24,2)","(80,54,6)",39.82508593118257305617326,79.60661013979482758647091,1.000000027610006159514215,1.000000055189812531859140,TARGET_FREE_INTERNAL_ROUTE,ff6632f4595185491ccf0bb1ee6fb09651fc7ee9d444f4a36b2434921c63e845,c689f380d0c3f1f13830f345827ac079bfef21a0290c3319a4e040b66452df42,
rutas,247,INTERNAL_ORIENTED_ROUTES,1,r7c8_h+1v-1,62,7,8,1,-1,YES,neutrino_G3,neutrino,lepton,3,,neutrino_G3,neutrino,G3,"3,2;7,8",27,27,27,54,216,71,107,0,0,0,17,9,9,14,-6,0,0,-12,+++---+++---,0 81 3 0 84 0 81 3 0 0 81 3 0 84 0 81 3 0,24,20,24,24,16,80,6,"(40,24,2)","(80,54,6)",39.82508593118257305617326,79.60661013979482758647091,1.000000027610006159514215,1.000000055189812531859140,TARGET_FREE_INTERNAL_ROUTE,572bed3ec2da43b588e8f03c20b85deb3a3238787c652806bdaedb67e8a2e65d,f6d6251c2a3a0bc51ba9e9d062b640aae53badbca7baa4e87ead4bf0ae639226,2bc42341df8c62244bc513d9a683f0a2cd6caf97ec8b8d54ada93d9ac2a0f146
rutas,248,INTERNAL_ORIENTED_ROUTES,1,r7c8_h+1v+1,62,7,8,1,1,NO,neutrino_G3,neutrino,lepton,3,,neutrino_G3,neutrino,G3,"3,2;7,8",27,27,27,54,216,71,107,0,0,0,17,9,9,28,6,0,0,-12,+++---+++---,24 243 657 24 246 264 90 570 264 24 243 657 24 246 264 90 570 264,66,64,64,60,40,80,6,"(100,66,0)","(80,54,6)",99.51837473042726913417918,79.60661013979482758647091,1.000000068994276645021895,1.000000055189812531859140,TARGET_FREE_INTERNAL_ROUTE,5468c23aaa5fe88b8dfc71dca843b9098b3fad83d80745052c981c396d08d09d,e7b0197ca2c34747ea501fc5fc951f0eabb2154bfe7d1ca632f931071fa14d07,
rutas,249,INTERNAL_ORIENTED_ROUTES,1,r7c9_h-1v-1,63,7,9,-1,-1,NO,charged_lepton_G4,charged_lepton,lepton,4,,charged_lepton_G4,charged_lepton,G4,"3,1;7,9",18,27,27,54,216,71,107,1,1,1,16,9,9,28,6,0,4,-12,+++---+++---,423 15 486 423 12 99 327 498 99 423 15 486 423 12 99 327 498 99,66,60,64,48,32,80,6,"(80,66,2)","(80,54,6)",79.51859712327265341428729,79.60661013979482758647091,1.000000055128794709248880,1.000000055189812531859140,TARGET_FREE_INTERNAL_ROUTE,ba5642d596d97f27564669dc98515c905e1973cd764f435ee5c853fcd049beed,268ca6785b1f8117df7ac1724f8f4b30ac60083edec1102641a6611adc1ffb9c,
rutas,250,INTERNAL_ORIENTED_ROUTES,1,r7c9_h-1v+1,63,7,9,-1,1,NO,charged_lepton_G4,charged_lepton,lepton,4,,charged_lepton_G4,charged_lepton,G4,"3,1;7,9",27,27,27,54,216,71,107,1,0,1,17,9,9,50,4,-2,2,-8,+++--0+++--0,420 258 414 420 255 252 333 255 252 420 258 414 420 255 252 333 255 252,84,24,84,24,16,56,5,"(40,84,30)","(56,54,5)",39.39035827686092491784959,55.60649894337213544641686,1.000000027308617396708705,1.000000038550972354141645,TARGET_FREE_INTERNAL_ROUTE,da00f1d555eb9be25c1ceca2ebc88d96b55a1c8c2011788d814fa5857a504b9f,183882de6128614ad3eef875eb974e8c55c951558c213f7eb721348c9354f824,
rutas,251,INTERNAL_ORIENTED_ROUTES,1,r7c9_h+1v-1,63,7,9,1,-1,NO,charged_lepton_G4,charged_lepton,lepton,4,,charged_lepton_G4,charged_lepton,G4,"3,1;7,9",27,27,27,54,216,71,107,0,0,0,17,9,9,50,-4,2,-2,-8,++0---++0---,333 255 252 333 258 414 420 258 414 333 255 252 333 258 414 420 258 414,84,24,84,24,16,56,5,"(40,84,30)","(56,54,5)",39.39035827686092491784959,55.60649894337213544641686,1.000000027308617396708705,1.000000038550972354141645,TARGET_FREE_INTERNAL_ROUTE,ad5ee82a87bb9a61ce4360a2b14bf22c5c60f40e7e75f290ec2dde4d0e7c90fc,ed489aa0c8e0c09e4604ad7f7f9ebf49ec343a76ed5ea60a3369f1411b16ea84,
rutas,252,INTERNAL_ORIENTED_ROUTES,1,r7c9_h+1v+1,63,7,9,1,1,YES,charged_lepton_G4,charged_lepton,lepton,4,,charged_lepton_G4,charged_lepton,G4,"3,1;7,9",9,27,27,54,216,71,107,2,1,2,16,9,9,28,-6,0,-4,-12,+++---+++---,327 498 99 327 501 486 423 15 486 327 498 99 327 501 486 423 15 486,66,60,64,48,32,80,6,"(80,66,2)","(80,54,6)",79.51859712327265341428729,79.60661013979482758647091,1.000000055128794709248880,1.000000055189812531859140,TARGET_FREE_INTERNAL_ROUTE,88eff8f2d71641e554b89b656e2885567c18727bad0128f42fa25e7bdf6a031d,6c78548094bcdfb058a3bcd868ff2cf83e42197164de9e58aa3dab4b8edc6ad7,743b8088cefbb1b382bb7dc86b4e63b91a87688168e208f2080f8a040aefcffd
rutas,253,INTERNAL_ORIENTED_ROUTES,1,r8c1_h-1v-1,64,8,1,-1,-1,NO,quark_down_G4,quark_down,quark,4,G,quark_down_G4,quark_down,G4,"2,9;8,1",27,27,27,54,216,71,107,1,1,1,16,9,9,28,6,0,0,-12,+++---+++---,15 486 423 15 489 498 99 327 498 15 486 423 15 489 498 99 327 498,66,64,68,60,40,80,6,"(100,66,2)","(80,54,6)",99.51859712327265341428729,79.60661013979482758647091,1.000000068994430825936417,1.000000055189812531859140,TARGET_FREE_INTERNAL_ROUTE,7f20d693558c4c770e8c14a2edb53682418d3af88e8147e4e46a45b584d0af32,d463a30437186dc5a632dbe1fe2eb6c5c462cdb58acc7d2d24faaa4123025187,
rutas,254,INTERNAL_ORIENTED_ROUTES,1,r8c1_h-1v+1,64,8,1,-1,1,NO,quark_down_G4,quark_down,quark,4,G,quark_down_G4,quark_down,G4,"2,9;8,1",27,27,27,54,216,71,107,0,0,0,17,9,9,20,0,0,0,-4,0++--00++--0,0 81 3 0 84 0 81 3 0 0 81 3 0 84 0 81 3 0,24,20,24,24,16,36,4,"(40,24,2)","(36,54,4)",39.82508593118257305617326,35.60638774694944330636281,1.000000027610006159514215,1.000000024685259569118152,TARGET_FREE_INTERNAL_ROUTE,c88b93580f9451e0e63048f3f329ae52082f45e65a9494acb1942445b74dbd7d,06f382a4af0319fc434d2d5109c92a77f6ff4e9eb6a30cdd9620be4b2c25677f,
rutas,255,INTERNAL_ORIENTED_ROUTES,1,r8c1_h+1v-1,64,8,1,1,-1,YES,quark_down_G4,quark_down,quark,4,G,quark_down_G4,quark_down,G4,"2,9;8,1",27,27,27,54,216,71,107,2,0,2,17,9,9,20,0,0,0,-4,++00--++00--,81 3 0 81 0 3 0 81 3 81 3 0 81 0 3 0 81 3,24,20,24,24,16,36,4,"(40,24,2)","(36,54,4)",39.82508593118257305617326,35.60638774694944330636281,1.000000027610006159514215,1.000000024685259569118152,TARGET_FREE_INTERNAL_ROUTE,210c219bbaaf3bf455eaa92f45a017dd9f816ca3b46f2b08b272a9c06868cdc0,8b66a9561a72fc2cf9d44aad0a4ab9280d6872fd24ae8ade2437e7c71c5da763,2abe5fb770abbac72934c668102c504b01e8b32c6bee43d0a62e45a1cbb3f5cd
rutas,256,INTERNAL_ORIENTED_ROUTES,1,r8c1_h+1v+1,64,8,1,1,1,NO,quark_down_G4,quark_down,quark,4,G,quark_down_G4,quark_down,G4,"2,9;8,1",27,27,27,54,216,71,107,1,0,1,17,9,9,28,-6,0,0,-12,+++---+++---,99 327 498 99 324 423 15 486 423 99 327 498 99 324 423 15 486 423,66,64,68,60,40,80,6,"(100,66,2)","(80,54,6)",99.51859712327265341428729,79.60661013979482758647091,1.000000068994430825936417,1.000000055189812531859140,TARGET_FREE_INTERNAL_ROUTE,aab792bb556e0bed999eb313b4d4b26ea63b3bad901ed8130f94fb1ec4554219,7236233560f551425afe01a27858b2d7979db3983540ff9b4e007b9f9b5e0d04,
rutas,257,INTERNAL_ORIENTED_ROUTES,1,r8c2_h-1v-1,65,8,2,-1,-1,NO,quark_up_G3,quark_up,quark,3,R,quark_up_G3,quark_up,G3,"2,8;8,2",27,27,27,54,216,71,107,3,0,2,17,9,9,30,6,0,2,-12,+++---+++---,423 15 486 423 9 24 243 657 24 423 15 486 423 9 24 243 657 24,54,56,68,48,32,80,6,"(80,54,6)","(80,54,6)",79.60661013979482758647091,79.60661013979482758647091,1.000000055189812531859140,1.000000055189812531859140,TARGET_FREE_INTERNAL_ROUTE,4d09dc43af4a59915c1a6038f5c475cbd194cfeb4bf1d5e357df23d9754d395f,4128cbf79b80a7af93f10ded32d0960eb5da56cbf47a110bab03f10d446c2316,
rutas,258,INTERNAL_ORIENTED_ROUTES,1,r8c2_h-1v+1,65,8,2,-1,1,NO,quark_up_G3,quark_up,quark,3,R,quark_up_G3,quark_up,G3,"2,8;8,2",9,9,27,54,216,71,107,2,1,2,16,9,9,50,4,-2,2,-8,+++--0+++--0,414 420 258 414 414 333 255 252 333 414 420 258 414 414 333 255 252 333,84,28,84,36,24,56,5,"(60,84,28)","(56,54,5)",59.39013588401554063774148,55.60649894337213544641686,1.000000041174098946741575,1.000000038550972354141645,TARGET_FREE_INTERNAL_ROUTE,c10ac37f6c4294f84a5c4eecb9e4d1374086b7aae332df72101d20aff5ff88c8,aa9f45f6e48948c38e93e1da669a8afdc2bfc8e251959f2c2d2ac248ac767317,
rutas,259,INTERNAL_ORIENTED_ROUTES,1,r8c2_h+1v-1,65,8,2,1,-1,NO,quark_up_G3,quark_up,quark,3,R,quark_up_G3,quark_up,G3,"2,8;8,2",18,18,27,54,216,71,107,3,0,2,17,9,9,50,-4,2,-2,-8,++0---++0---,255 252 333 255 258 258 414 420 258 255 252 333 255 258 258 414 420 258,84,28,84,36,24,56,5,"(60,84,28)","(56,54,5)",59.39013588401554063774148,55.60649894337213544641686,1.000000041174098946741575,1.000000038550972354141645,TARGET_FREE_INTERNAL_ROUTE,4581338ce438211bda03b46bdd171051cbdf4527bfe09385ab84b222943678e0,30e7d80418eef9d9188a136774e1e1ba1b467b366375105e556e2595fda118ab,
rutas,260,INTERNAL_ORIENTED_ROUTES,1,r8c2_h+1v+1,65,8,2,1,1,YES,quark_up_G3,quark_up,quark,3,R,quark_up_G3,quark_up,G3,"2,8;8,2",27,27,27,54,216,71,107,2,1,2,16,9,9,30,-6,0,-2,-12,+++---+++---,243 657 24 243 663 486 423 15 486 243 657 24 243 663 486 423 15 486,54,56,68,48,32,80,6,"(80,54,6)","(80,54,6)",79.60661013979482758647091,79.60661013979482758647091,1.000000055189812531859140,1.000000055189812531859140,TARGET_FREE_INTERNAL_ROUTE,37e66f95874dba7502936c0625906398abd462421242a711a1cebe0da9742e20,a066e554a21d08baafef29692f0e0500bdd858876f9bbc234b52fb9a24bea27f,d7f810dc8cc7b1298f7e1c92b9f22e705a1b79fa32aaf5a18405a2e5fbd7422f
rutas,261,INTERNAL_ORIENTED_ROUTES,1,r8c3_h-1v-1,66,8,3,-1,-1,NO,quark_down_G3,quark_down,quark,3,B,quark_down_G3,quark_down,G3,"2,7;8,3",27,27,27,54,216,71,107,1,0,1,17,9,9,34,0,-2,0,-8,+++--0+++--0,570 264 90 570 267 243 657 24 243 570 264 90 570 267 243 657 24 243,66,60,68,48,32,56,5,"(80,66,4)","(56,54,5)",79.51881951611803769439539,55.60649894337213544641686,1.000000055128948890161264,1.000000038550972354141645,TARGET_FREE_INTERNAL_ROUTE,ad652dbfa6c5c813518166ce23d4443cfdf6cc6a3f22f5d7f723510f50c448b8,3ed4894181a15c6c37003af6a3bffeefbd5b6c91a65783ebe3a130457ab9a8aa,
rutas,262,INTERNAL_ORIENTED_ROUTES,1,r8c3_h-1v+1,66,8,3,-1,1,YES,quark_down_G3,quark_down,quark,3,B,quark_down_G3,quark_down,G3,"2,7;8,3",27,27,27,54,216,71,107,1,0,1,17,9,9,14,-4,0,0,-12,+++---+++---,585 507 504 585 510 666 672 510 666 585 507 504 585 510 666 672 510 666,78,24,78,24,16,80,6,"(40,78,27)","(80,54,6)",39.43380880300855130367114,79.60661013979482758647091,1.000000027338740854894358,1.000000055189812531859140,TARGET_FREE_INTERNAL_ROUTE,541a3c42518d601b58431822a3572a2be049c02a300aa4feacd5345ef948f454,ad8c50495acdfc9708f3bf9b44a935a2051df21767326d50c52b3dfeae00d3fb,e9f4ee18c9a8859c65aa766dbde0bd196a242a2f3dacd16a052d90accc021dd1
rutas,263,INTERNAL_ORIENTED_ROUTES,1,r8c3_h+1v-1,66,8,3,1,-1,NO,quark_down_G3,quark_down,quark,3,B,quark_down_G3,quark_down,G3,"2,7;8,3",27,27,27,54,216,71,107,1,0,1,17,9,9,14,4,0,0,-12,+++---+++---,672 510 666 672 507 504 585 507 504 672 510 666 672 507 504 585 507 504,78,24,78,24,16,80,6,"(40,78,27)","(80,54,6)",39.43380880300855130367114,79.60661013979482758647091,1.000000027338740854894358,1.000000055189812531859140,TARGET_FREE_INTERNAL_ROUTE,cd28c157b1840882849d580e4bfbce448d65ae5f45fe448971e9270dacf4fbc6,6d4c84d97a1f41ddbd2bbd27d0c2afc77d646b03c697190d46d00c87f92617a1,
rutas,264,INTERNAL_ORIENTED_ROUTES,1,r8c3_h+1v+1,66,8,3,1,1,NO,quark_down_G3,quark_down,quark,3,B,quark_down_G3,quark_down,G3,"2,7;8,3",27,27,27,54,216,71,107,0,0,0,17,9,9,34,0,2,0,-8,++0---++0---,657 24 243 657 21 90 570 264 90 657 24 243 657 21 90 570 264 90,66,60,68,48,32,56,5,"(80,66,4)","(56,54,5)",79.51881951611803769439539,55.60649894337213544641686,1.000000055128948890161264,1.000000038550972354141645,TARGET_FREE_INTERNAL_ROUTE,e3bc25b606504b6c91007699ff3655c139fba11cd7689c98c705d3f9d12f38cd,fea2f4b68d20b684e22997fc21a30bb39fa2a3c31dbf3cf0fef68224900afdb0,
rutas,265,INTERNAL_ORIENTED_ROUTES,1,r8c4_h-1v-1,67,8,4,-1,-1,NO,quark_up_G3,quark_up,quark,3,G,quark_up_G3,quark_up,G3,"2,6;8,4",27,27,27,54,216,71,107,1,1,1,16,9,9,34,0,2,0,-8,++0---++0---,15 486 423 15 489 498 99 327 498 15 486 423 15 489 498 99 327 498,66,64,68,60,40,56,5,"(100,66,2)","(56,54,5)",99.51859712327265341428729,55.60649894337213544641686,1.000000068994430825936417,1.000000038550972354141645,TARGET_FREE_INTERNAL_ROUTE,d773d886b771b4e9d58210f91db044e3d5fa76dcdbba2d144b4aa6a7816e2a74,2129600f36965fdc11a791126a3ad1e38346cb4d0a010c35bc87bab5442f815f,
rutas,266,INTERNAL_ORIENTED_ROUTES,1,r8c4_h-1v+1,67,8,4,-1,1,NO,quark_up_G3,quark_up,quark,3,G,quark_up_G3,quark_up,G3,"2,6;8,4",27,27,27,54,216,71,107,0,0,0,17,9,9,50,-6,2,-2,-8,++0---++0---,0 81 3 0 84 0 81 3 0 0 81 3 0 84 0 81 3 0,24,20,24,24,16,56,5,"(40,24,2)","(56,54,5)",39.82508593118257305617326,55.60649894337213544641686,1.000000027610006159514215,1.000000038550972354141645,TARGET_FREE_INTERNAL_ROUTE,aa4a5949c8430a0ec7f118f6522a38b241e22dd0f172a9ad8b2e7d04e3373bbb,00391297614e66ca2afd3f79601a5f0dec10705608f060644783235dbd3fa513,
rutas,267,INTERNAL_ORIENTED_ROUTES,1,r8c4_h+1v-1,67,8,4,1,-1,NO,quark_up_G3,quark_up,quark,3,G,quark_up_G3,quark_up,G3,"2,6;8,4",27,27,27,54,216,71,107,2,0,2,17,9,9,50,6,-2,2,-8,+++--0+++--0,81 3 0 81 0 3 0 81 3 81 3 0 81 0 3 0 81 3,24,20,24,24,16,56,5,"(40,24,2)","(56,54,5)",39.82508593118257305617326,55.60649894337213544641686,1.000000027610006159514215,1.000000038550972354141645,TARGET_FREE_INTERNAL_ROUTE,cbe1adfccc203f0f6a54465ba638e1513bb7f3f92188c76ac22a231f8fc83757,8e4f93fa6fc6ecbbf4f2d29f80a71639352a11bbbd98c66c5b0772c8df05d749,
rutas,268,INTERNAL_ORIENTED_ROUTES,1,r8c4_h+1v+1,67,8,4,1,1,YES,quark_up_G3,quark_up,quark,3,G,quark_up_G3,quark_up,G3,"2,6;8,4",27,27,27,54,216,71,107,1,0,1,17,9,9,34,0,-2,0,-8,+++--0+++--0,99 327 498 99 324 423 15 486 423 99 327 498 99 324 423 15 486 423,66,64,68,60,40,56,5,"(100,66,2)","(56,54,5)",99.51859712327265341428729,55.60649894337213544641686,1.000000068994430825936417,1.000000038550972354141645,TARGET_FREE_INTERNAL_ROUTE,ad5595794bce61df813886f136cf73b6d5b7712e8f1009a2125b13242b4e8566,cf06adfa5665f171a8b8dbe54798e56195555e71f498639258299d96de416911,573c1bd90e4644c8d653dbd9a8229181186b709ffd121a7408c8373b4384376c
rutas,269,INTERNAL_ORIENTED_ROUTES,1,r8c5_h-1v-1,68,8,5,-1,-1,NO,quark_down_G3,quark_down,quark,3,R,quark_down_G3,quark_down,G3,"2,5;8,5",27,27,27,54,216,71,107,3,0,2,17,9,9,30,-6,0,0,-12,+++---+++---,423 15 486 423 9 24 243 657 24 423 15 486 423 9 24 243 657 24,54,56,68,48,32,80,6,"(80,54,6)","(80,54,6)",79.60661013979482758647091,79.60661013979482758647091,1.000000055189812531859140,1.000000055189812531859140,TARGET_FREE_INTERNAL_ROUTE,7ef6525bcd2aeb751a6f5b43b6d6a27622407710aadc04f8f412b15957971689,37d699ceb70f1c3bf1a9991ce52e71739128ddd2096da7733ba3750a74627b60,
rutas,270,INTERNAL_ORIENTED_ROUTES,1,r8c5_h-1v+1,68,8,5,-1,1,YES,quark_down_G3,quark_down,quark,3,R,quark_down_G3,quark_down,G3,"2,5;8,5",27,27,27,54,216,71,107,2,1,2,16,9,9,8,-2,0,0,-12,+++---+++---,414 420 258 414 414 333 255 252 333 414 420 258 414 414 333 255 252 333,84,28,84,36,24,80,6,"(60,84,28)","(80,54,6)",59.39013588401554063774148,79.60661013979482758647091,1.000000041174098946741575,1.000000055189812531859140,TARGET_FREE_INTERNAL_ROUTE,5168b13c9ef8c5df5479cfd86a3b5810444636458700009b99542fd47675d314,3b12ffa16f7d92e65eccdd73152a1897c1e1bb8b22b621b66ec88ce2035f57c6,b139e53ebbb2939e05b997684309cd5bb321796c24a70f00063466350ad16680
rutas,271,INTERNAL_ORIENTED_ROUTES,1,r8c5_h+1v-1,68,8,5,1,-1,NO,quark_down_G3,quark_down,quark,3,R,quark_down_G3,quark_down,G3,"2,5;8,5",27,27,27,54,216,71,107,3,0,2,17,9,9,8,2,0,0,-12,+++---+++---,255 252 333 255 258 258 414 420 258 255 252 333 255 258 258 414 420 258,84,28,84,36,24,80,6,"(60,84,28)","(80,54,6)",59.39013588401554063774148,79.60661013979482758647091,1.000000041174098946741575,1.000000055189812531859140,TARGET_FREE_INTERNAL_ROUTE,eedb99f7a53750e7da1c4cfb65caff5bc7d6f7fe2d17ac33bd698f5ff5cced70,3660859f8e83b5299df231cf992060bcc7cafcad6c8bb559d671dcec38ae9521,
rutas,272,INTERNAL_ORIENTED_ROUTES,1,r8c5_h+1v+1,68,8,5,1,1,NO,quark_down_G3,quark_down,quark,3,R,quark_down_G3,quark_down,G3,"2,5;8,5",27,27,27,54,216,71,107,2,1,2,16,9,9,30,6,0,0,-12,+++---+++---,243 657 24 243 663 486 423 15 486 243 657 24 243 663 486 423 15 486,54,56,68,48,32,80,6,"(80,54,6)","(80,54,6)",79.60661013979482758647091,79.60661013979482758647091,1.000000055189812531859140,1.000000055189812531859140,TARGET_FREE_INTERNAL_ROUTE,623aeb8e00cd78e8b74b3da659368cebc64b59b20668d849c58cc8e800f3c668,9f01aaf11034da5b3d5ff388ae07367265257113f331b94b7080b8d05e61d946,
rutas,273,INTERNAL_ORIENTED_ROUTES,1,r8c6_h-1v-1,69,8,6,-1,-1,YES,quark_up_G3,quark_up,quark,3,B,quark_up_G3,quark_up,G3,"2,4;8,6",27,27,27,54,216,71,107,1,0,1,17,9,9,28,-6,0,-2,-12,+++---+++---,570 264 90 570 267 243 657 24 243 570 264 90 570 267 243 657 24 243,66,60,68,48,32,80,6,"(80,66,4)","(80,54,6)",79.51881951611803769439539,79.60661013979482758647091,1.000000055128948890161264,1.000000055189812531859140,TARGET_FREE_INTERNAL_ROUTE,545d27ebe80f7a1b5d6e4faf6f6614e59a75427fdc5db81a0eff641785391008,df6973d8dba7d543ad4991d2fe5c1ebf3eb9a1803d7e933f0074ba080793ff48,165e97906c2b634f80f723d3b6db0f07d486840bdcf88079defcfc71121b3293
rutas,274,INTERNAL_ORIENTED_ROUTES,1,r8c6_h-1v+1,69,8,6,-1,1,NO,quark_up_G3,quark_up,quark,3,B,quark_up_G3,quark_up,G3,"2,4;8,6",27,27,27,54,216,71,107,1,0,1,17,9,9,44,2,0,0,-12,+++---+++---,585 507 504 585 510 666 672 510 666 585 507 504 585 510 666 672 510 666,78,24,78,24,16,80,6,"(40,78,27)","(80,54,6)",39.43380880300855130367114,79.60661013979482758647091,1.000000027338740854894358,1.000000055189812531859140,TARGET_FREE_INTERNAL_ROUTE,f71b59ca66689f8406ea25f29129a8bb6aadb6447707eafc3f076a9d7ed74c3f,45ad6fbebdb7517bd4fc0760b8fc1596fbc582e6077f671d37ea2a5a9582a424,
rutas,275,INTERNAL_ORIENTED_ROUTES,1,r8c6_h+1v-1,69,8,6,1,-1,NO,quark_up_G3,quark_up,quark,3,B,quark_up_G3,quark_up,G3,"2,4;8,6",27,27,27,54,216,71,107,1,0,1,17,9,9,44,-2,0,0,-12,+++---+++---,672 510 666 672 507 504 585 507 504 672 510 666 672 507 504 585 507 504,78,24,78,24,16,80,6,"(40,78,27)","(80,54,6)",39.43380880300855130367114,79.60661013979482758647091,1.000000027338740854894358,1.000000055189812531859140,TARGET_FREE_INTERNAL_ROUTE,b2394c0d8b4f94d4d3db2058caf65f5cba5037faaba86ab8b741d7614066f5b9,b35fffde6d573fe8075155a84df6a2ed2e98d9bf9fe9e09c1e0624fb83395b24,
rutas,276,INTERNAL_ORIENTED_ROUTES,1,r8c6_h+1v+1,69,8,6,1,1,NO,quark_up_G3,quark_up,quark,3,B,quark_up_G3,quark_up,G3,"2,4;8,6",27,27,27,54,216,71,107,0,0,0,17,9,9,28,6,0,2,-12,+++---+++---,657 24 243 657 21 90 570 264 90 657 24 243 657 21 90 570 264 90,66,60,68,48,32,80,6,"(80,66,4)","(80,54,6)",79.51881951611803769439539,79.60661013979482758647091,1.000000055128948890161264,1.000000055189812531859140,TARGET_FREE_INTERNAL_ROUTE,1fa8ca368f05cacbb63847f3d7c151b4b61b01f5663f9d4f2e416c66bb475d96,7958f0da3b1c71e56248b77b0bd939b0279b68f8ff68cb145e28e5e06d5a3f6e,
rutas,277,INTERNAL_ORIENTED_ROUTES,1,r8c7_h-1v-1,70,8,7,-1,-1,NO,quark_down_G3,quark_down,quark,3,G,quark_down_G3,quark_down,G3,"2,3;8,7",27,27,27,54,216,71,107,1,1,1,16,9,9,28,6,0,0,-12,+++---+++---,15 486 423 15 489 498 99 327 498 15 486 423 15 489 498 99 327 498,66,64,68,60,40,80,6,"(100,66,2)","(80,54,6)",99.51859712327265341428729,79.60661013979482758647091,1.000000068994430825936417,1.000000055189812531859140,TARGET_FREE_INTERNAL_ROUTE,3e4f2795854d36045b55509bd916303c028de5ba24d97eefb42176631fad5420,4e3bc25cd834c5379d7cd435b106743384133c2f09dc9ced7d99880bed745a3e,
rutas,278,INTERNAL_ORIENTED_ROUTES,1,r8c7_h-1v+1,70,8,7,-1,1,NO,quark_down_G3,quark_down,quark,3,G,quark_down_G3,quark_down,G3,"2,3;8,7",27,27,27,54,216,71,107,0,0,0,17,9,9,14,6,0,0,-12,+++---+++---,0 81 3 0 84 0 81 3 0 0 81 3 0 84 0 81 3 0,24,20,24,24,16,80,6,"(40,24,2)","(80,54,6)",39.82508593118257305617326,79.60661013979482758647091,1.000000027610006159514215,1.000000055189812531859140,TARGET_FREE_INTERNAL_ROUTE,fd2d7320f5b5383ca26d8e6d224b7df36ee61afb23e51402ebf35ae0ee13a4f9,3840df2d6dfaac48e51ce48ca841735ca0b7eaab8b9a9eaaa62c6ba1a7e40f39,
rutas,279,INTERNAL_ORIENTED_ROUTES,1,r8c7_h+1v-1,70,8,7,1,-1,YES,quark_down_G3,quark_down,quark,3,G,quark_down_G3,quark_down,G3,"2,3;8,7",27,27,27,54,216,71,107,2,0,2,17,9,9,14,-6,0,0,-12,+++---+++---,81 3 0 81 0 3 0 81 3 81 3 0 81 0 3 0 81 3,24,20,24,24,16,80,6,"(40,24,2)","(80,54,6)",39.82508593118257305617326,79.60661013979482758647091,1.000000027610006159514215,1.000000055189812531859140,TARGET_FREE_INTERNAL_ROUTE,a15a54cb8e5aeadbf9a14d62ee241c1b33911588d46d105d0ba47dc82b7959ba,0919f3a4d99a776867a28a6d334ec1b717ff3b3a449176686ee79e4603cead5a,f768a45c6e4830319012025088381e9a82811497d99ad157d5b1c623be89b25b
rutas,280,INTERNAL_ORIENTED_ROUTES,1,r8c7_h+1v+1,70,8,7,1,1,NO,quark_down_G3,quark_down,quark,3,G,quark_down_G3,quark_down,G3,"2,3;8,7",27,27,27,54,216,71,107,1,0,1,17,9,9,28,-6,0,0,-12,+++---+++---,99 327 498 99 324 423 15 486 423 99 327 498 99 324 423 15 486 423,66,64,68,60,40,80,6,"(100,66,2)","(80,54,6)",99.51859712327265341428729,79.60661013979482758647091,1.000000068994430825936417,1.000000055189812531859140,TARGET_FREE_INTERNAL_ROUTE,86715e7eccf63f421cf277f3abd516b226f7eb2d97fcf24bd37912af78d1d866,622a5691a81501fa895d6474a6d9e5ae5acb0ef96649d46875be617dbfe36c68,
rutas,281,INTERNAL_ORIENTED_ROUTES,1,r8c8_h-1v-1,71,8,8,-1,-1,NO,quark_up_G3,quark_up,quark,3,R,quark_up_G3,quark_up,G3,"2,2;8,8",18,18,27,54,216,71,107,3,0,2,17,9,9,24,0,0,0,-12,+++---+++---,423 15 486 423 9 24 243 657 24 423 15 486 423 9 24 243 657 24,54,56,68,48,32,80,6,"(80,54,6)","(80,54,6)",79.60661013979482758647091,79.60661013979482758647091,1.000000055189812531859140,1.000000055189812531859140,TARGET_FREE_INTERNAL_ROUTE,0a0cf9df7293b410440f3fb087c85c25fa5039d0fc789b9ab6bad4521fb837b5,111950fefee357c0f7efaef1ee7794ea3fc454e01de39489ecfd6e18be9fdef9,
rutas,282,INTERNAL_ORIENTED_ROUTES,1,r8c8_h-1v+1,71,8,8,-1,1,NO,quark_up_G3,quark_up,quark,3,R,quark_up_G3,quark_up,G3,"2,2;8,8",27,27,27,54,216,71,107,2,1,2,16,9,9,50,4,-4,2,-4,+++0-0+++0-0,414 420 258 414 414 333 255 252 333 414 420 258 414 414 333 255 252 333,84,28,84,36,24,24,4,"(60,84,28)","(24,54,4)",59.39013588401554063774148,23.60638774694944330636281,1.000000041174098946741575,1.000000016365878244659810,TARGET_FREE_INTERNAL_ROUTE,44c68f8b3fce4afc7439b1cd4add9d73ea2d68ae57cd4025f427e0da591dda73,4453d1913b855774dce1ec81650654f10fd4b0c3e26ed21e8dff264854b464b5,
rutas,283,INTERNAL_ORIENTED_ROUTES,1,r8c8_h+1v-1,71,8,8,1,-1,NO,quark_up_G3,quark_up,quark,3,R,quark_up_G3,quark_up,G3,"2,2;8,8",27,27,27,54,216,71,107,3,0,2,17,9,9,50,-4,4,-2,-4,0+0---0+0---,255 252 333 255 258 258 414 420 258 255 252 333 255 258 258 414 420 258,84,28,84,36,24,24,4,"(60,84,28)","(24,54,4)",59.39013588401554063774148,23.60638774694944330636281,1.000000041174098946741575,1.000000016365878244659810,TARGET_FREE_INTERNAL_ROUTE,6ccdebcaaf311843d1d894e5d1c8dee1f317bb40cfb7fef1455cd39b357a6807,cee239d95a64fd32c72002799f66be6cd6167d2f7d01c473970156608f61bd1a,
rutas,284,INTERNAL_ORIENTED_ROUTES,1,r8c8_h+1v+1,71,8,8,1,1,YES,quark_up_G3,quark_up,quark,3,R,quark_up_G3,quark_up,G3,"2,2;8,8",9,9,27,54,216,71,107,2,1,2,16,9,9,24,0,0,0,-12,+++---+++---,243 657 24 243 663 486 423 15 486 243 657 24 243 663 486 423 15 486,54,56,68,48,32,80,6,"(80,54,6)","(80,54,6)",79.60661013979482758647091,79.60661013979482758647091,1.000000055189812531859140,1.000000055189812531859140,TARGET_FREE_INTERNAL_ROUTE,1fef105f9462f0c629ad4505f2fa1a8a2d248638113913dbd37ae66791ac19f1,735623ac3cc96b608c56fc456cff66daf8b0193b82645553f1fa88efb1ba6bed,45951d9d048937aae4c2cfb3a4823a1ff75bbfb0f359f391421e6990f5bba610
rutas,285,INTERNAL_ORIENTED_ROUTES,1,r8c9_h-1v-1,72,8,9,-1,-1,NO,quark_down_G4,quark_down,quark,4,B,quark_down_G4,quark_down,G4,"2,1;8,9",27,27,27,54,216,71,107,1,0,1,17,9,9,28,-6,0,0,-12,+++---+++---,570 264 90 570 267 243 657 24 243 570 264 90 570 267 243 657 24 243,66,60,68,48,32,80,6,"(80,66,4)","(80,54,6)",79.51881951611803769439539,79.60661013979482758647091,1.000000055128948890161264,1.000000055189812531859140,TARGET_FREE_INTERNAL_ROUTE,8569908f3825cdd46d2aeb615280f04f11d02c6e3d9b945b706a1953b6b91832,9d065f9157694f9edc555f5e00871f36ffdfbf96d1f47fe11deda4e3a183b594,
rutas,286,INTERNAL_ORIENTED_ROUTES,1,r8c9_h-1v+1,72,8,9,-1,1,YES,quark_down_G4,quark_down,quark,4,B,quark_down_G4,quark_down,G4,"2,1;8,9",27,27,27,54,216,71,107,1,0,1,17,9,9,14,-4,0,0,-12,+++---+++---,585 507 504 585 510 666 672 510 666 585 507 504 585 510 666 672 510 666,78,24,78,24,16,80,6,"(40,78,27)","(80,54,6)",39.43380880300855130367114,79.60661013979482758647091,1.000000027338740854894358,1.000000055189812531859140,TARGET_FREE_INTERNAL_ROUTE,eff03ec9f7fc2cef5cb21ba6fa45a82da8267d3092637150b953e4aa980bbe87,70dd7c0eb393147851d6fd2d32d16fd7e393a5d353010311ff0ef60aa076d668,c7dfe852a4958d07d62f965178f30c16579632ac1d2a4764b1535ee56b4f89ba
rutas,287,INTERNAL_ORIENTED_ROUTES,1,r8c9_h+1v-1,72,8,9,1,-1,NO,quark_down_G4,quark_down,quark,4,B,quark_down_G4,quark_down,G4,"2,1;8,9",27,27,27,54,216,71,107,1,0,1,17,9,9,14,4,0,0,-12,+++---+++---,672 510 666 672 507 504 585 507 504 672 510 666 672 507 504 585 507 504,78,24,78,24,16,80,6,"(40,78,27)","(80,54,6)",39.43380880300855130367114,79.60661013979482758647091,1.000000027338740854894358,1.000000055189812531859140,TARGET_FREE_INTERNAL_ROUTE,678d6ab8d97c50772b92a1c0c11ae3a7bc3fa03378f49a8a322f7db0e7a20776,738d138b0027417ccb40bd19ddb10609eb8c8531dffbf0c1903a319e2767add0,
rutas,288,INTERNAL_ORIENTED_ROUTES,1,r8c9_h+1v+1,72,8,9,1,1,NO,quark_down_G4,quark_down,quark,4,B,quark_down_G4,quark_down,G4,"2,1;8,9",27,27,27,54,216,71,107,0,0,0,17,9,9,28,6,0,0,-12,+++---+++---,657 24 243 657 21 90 570 264 90 657 24 243 657 21 90 570 264 90,66,60,68,48,32,80,6,"(80,66,4)","(80,54,6)",79.51881951611803769439539,79.60661013979482758647091,1.000000055128948890161264,1.000000055189812531859140,TARGET_FREE_INTERNAL_ROUTE,81affe3c95425c70af6e783d072ff89234b1446d1055fed31ee305192280fcb3,41036aca4f9f8ad135146507fe31266d0452840b897d87b1a5f15e6639516828,
rutas,289,INTERNAL_ORIENTED_ROUTES,1,r9c1_h-1v-1,73,9,1,-1,-1,YES,charged_lepton_G4,charged_lepton,lepton,4,,charged_lepton_G4,charged_lepton,G4,"1,9;9,1",27,27,27,54,216,71,107,2,1,1,16,9,9,28,-6,0,-2,-12,+++---+++---,264 90 570 264 90 24 243 657 24 264 90 570 264 90 24 243 657 24,66,60,66,48,32,80,6,"(80,66,3)","(80,54,6)",79.51870831969534555434134,79.60661013979482758647091,1.000000055128871799705072,1.000000055189812531859140,TARGET_FREE_INTERNAL_ROUTE,a0d3b90a93737ad6bd06c49cbe1e379f6e67a39e7b60dbb4e0e0b5480d1c9730,dd19ac7c0ec61adbef57b6ad840a051fb3b46e587098f2afe5101daba8f867b1,c0580ece103707e22c2b73720bc58713206cce80bca99c633743212984199b55
rutas,290,INTERNAL_ORIENTED_ROUTES,1,r9c1_h-1v+1,73,9,1,-1,1,NO,charged_lepton_G4,charged_lepton,lepton,4,,charged_lepton_G4,charged_lepton,G4,"1,9;9,1",27,27,27,54,216,71,107,2,0,1,17,9,9,50,4,-2,2,-8,+++-0-+++-0-,258 414 420 258 414 255 252 333 255 258 414 420 258 414 255 252 333 255,84,24,84,24,16,48,5,"(40,84,30)","(48,54,5)",39.39035827686092491784959,47.60649894337213544641686,1.000000027308617396708705,1.000000033004718053243084,TARGET_FREE_INTERNAL_ROUTE,8483a8df880a8c77b15bbbdcd777ed2f7cc79e2b9d4e199dc642f2a9012041b9,ae1cc25e4cd5b1b87552d23b208c33dbc0ec0121a8bb290c101337e779bb5e1d,
rutas,291,INTERNAL_ORIENTED_ROUTES,1,r9c1_h+1v-1,73,9,1,1,-1,NO,charged_lepton_G4,charged_lepton,lepton,4,,charged_lepton_G4,charged_lepton,G4,"1,9;9,1",27,27,27,54,216,71,107,3,1,3,16,9,9,50,-4,2,-2,-8,+0+---+0+---,252 333 255 252 333 420 258 414 420 252 333 255 252 333 420 258 414 420,84,24,84,24,16,48,5,"(40,84,30)","(48,54,5)",39.39035827686092491784959,47.60649894337213544641686,1.000000027308617396708705,1.000000033004718053243084,TARGET_FREE_INTERNAL_ROUTE,52b846cd7eaeff31abb00f1ae440a22d9b65cc73fa2cc099196a0ef20d97df3c,3db7a708d8ae2238a749a75623f90c80ccd6b52fa0c36042a443240c6f9ebfc0,
rutas,292,INTERNAL_ORIENTED_ROUTES,1,r9c1_h+1v+1,73,9,1,1,1,NO,charged_lepton_G4,charged_lepton,lepton,4,,charged_lepton_G4,charged_lepton,G4,"1,9;9,1",27,27,27,54,216,71,107,0,0,0,17,9,9,28,6,0,2,-12,+++---+++---,243 657 24 243 657 570 264 90 570 243 657 24 243 657 570 264 90 570,66,60,66,48,32,80,6,"(80,66,3)","(80,54,6)",79.51870831969534555434134,79.60661013979482758647091,1.000000055128871799705072,1.000000055189812531859140,TARGET_FREE_INTERNAL_ROUTE,905ded93d9b0764d207049712252c1ffb8506d948be0960f3b6e398caa4a8e25,ddb8562334314015284c5247ec81419d909c46c43781c41745de130f32a0e193,
rutas,293,INTERNAL_ORIENTED_ROUTES,1,r9c2_h-1v-1,74,9,2,-1,-1,NO,neutrino_G4,neutrino,lepton,4,,neutrino_G4,neutrino,G4,"1,8;9,2",27,27,27,54,216,71,107,1,0,1,17,9,9,28,6,-2,0,-8,+++--0+++--0,486 423 15 486 423 327 498 99 327 486 423 15 486 423 327 498 99 327,66,60,66,48,32,56,5,"(80,66,3)","(56,54,5)",79.51870831969534555434134,55.60649894337213544641686,1.000000055128871799705072,1.000000038550972354141645,TARGET_FREE_INTERNAL_ROUTE,da6667267b4ff85fea2f0ff5b28c8962cba978a6c2329bf58403d88aaab3b865,47731741df561e96ed208b391e19d518430489a7ef9c6d05607c164114f5d9a2,
rutas,294,INTERNAL_ORIENTED_ROUTES,1,r9c2_h-1v+1,74,9,2,-1,1,YES,neutrino_G4,neutrino,lepton,4,,neutrino_G4,neutrino,G4,"1,8;9,2",27,27,27,54,216,71,107,1,0,1,17,9,9,14,-4,0,0,-12,+++---+++---,504 585 507 504 585 672 510 666 672 504 585 507 504 585 672 510 666 672,78,24,78,24,16,80,6,"(40,78,27)","(80,54,6)",39.43380880300855130367114,79.60661013979482758647091,1.000000027338740854894358,1.000000055189812531859140,TARGET_FREE_INTERNAL_ROUTE,46e22be8f2160920042cedaf06032c82685a879d1f441907912b9a00df9114a3,a7ff5decdcbda0dc9f2f3c09ec8cdeac01d3a3ad66cb4dfed656bf970900d4bb,5ffebc4fdd94691deee35c6d4dcacdeec958fddf4a3daff598d7a1a11d1360c0
rutas,295,INTERNAL_ORIENTED_ROUTES,1,r9c2_h+1v-1,74,9,2,1,-1,NO,neutrino_G4,neutrino,lepton,4,,neutrino_G4,neutrino,G4,"1,8;9,2",27,27,27,54,216,71,107,1,0,1,17,9,9,14,4,0,0,-12,+++---+++---,510 666 672 510 666 507 504 585 507 510 666 672 510 666 507 504 585 507,78,24,78,24,16,80,6,"(40,78,27)","(80,54,6)",39.43380880300855130367114,79.60661013979482758647091,1.000000027338740854894358,1.000000055189812531859140,TARGET_FREE_INTERNAL_ROUTE,c3161556f17c0edfadbc95693b722fde3bda92e61c398a497d9ea6f4f45c21ff,0b2ce98332ac4c69c985a795b31e585c57e037a8fbbe9508bf72fe5917ac5e28,
rutas,296,INTERNAL_ORIENTED_ROUTES,1,r9c2_h+1v+1,74,9,2,1,1,NO,neutrino_G4,neutrino,lepton,4,,neutrino_G4,neutrino,G4,"1,8;9,2",27,27,27,54,216,71,107,0,0,0,17,9,9,28,-6,2,0,-8,++0---++0---,498 99 327 498 99 15 486 423 15 498 99 327 498 99 15 486 423 15,66,60,66,48,32,56,5,"(80,66,3)","(56,54,5)",79.51870831969534555434134,55.60649894337213544641686,1.000000055128871799705072,1.000000038550972354141645,TARGET_FREE_INTERNAL_ROUTE,463b5be423eaf1c50aa2a7f5f851d35daf48aacc82ab25714a83f2840170d00c,3e4d219163e182c8401f7d7dfe984bfad7fb28bba4b15fda36d17bddb01bcd23,
rutas,297,INTERNAL_ORIENTED_ROUTES,1,r9c3_h-1v-1,75,9,3,-1,-1,NO,charged_lepton_G4,charged_lepton,lepton,4,,charged_lepton_G4,charged_lepton,G4,"1,7;9,3",27,27,27,54,216,71,107,1,0,1,17,9,9,30,6,-2,4,-8,+++0--+++0--,15 486 423 15 486 657 24 243 657 15 486 423 15 486 657 24 243 657,54,60,72,24,16,56,5,"(40,54,6)","(56,54,5)",39.60661013979482758647091,55.60649894337213544641686,1.000000027458540873559518,1.000000038550972354141645,TARGET_FREE_INTERNAL_ROUTE,8044e5917e13ccfbda2ceb1f21613f7ce52eaa0853ec71fd75f3220376d19cc0,bb47bdfe5cf32f87265f7ab2c767c46440e85eefa678090e2f952f4504fe98c1,
rutas,298,INTERNAL_ORIENTED_ROUTES,1,r9c3_h-1v+1,75,9,3,-1,1,NO,charged_lepton_G4,charged_lepton,lepton,4,,charged_lepton_G4,charged_lepton,G4,"1,7;9,3",9,27,27,54,216,71,107,0,0,0,17,9,9,50,-6,2,-4,-8,0++---0++---,3 0 81 3 0 81 3 0 81 3 0 81 3 0 81 3 0 81,24,24,24,0,0,56,5,"(0,24,0)","(56,54,5)",-0.1751364616628112239348425,55.60649894337213544641686,0.9999999998785810851337881,1.000000038550972354141645,TARGET_FREE_INTERNAL_ROUTE,b1f5d9047f6748335b6f26efffc458e4baa8c0f8a8dfa8801b0cd5071ee377e9,e138662cf0ef5ed672f884e44662fd4346e0c345559c2c5845dc6dc30a15b0db,
rutas,299,INTERNAL_ORIENTED_ROUTES,1,r9c3_h+1v-1,75,9,3,1,-1,NO,charged_lepton_G4,charged_lepton,lepton,4,,charged_lepton_G4,charged_lepton,G4,"1,7;9,3",18,27,27,54,216,71,107,0,0,0,17,9,9,50,6,-2,4,-8,+++0--+++0--,3 0 81 3 0 81 3 0 81 3 0 81 3 0 81 3 0 81,24,24,24,0,0,56,5,"(0,24,0)","(56,54,5)",-0.1751364616628112239348425,55.60649894337213544641686,0.9999999998785810851337881,1.000000038550972354141645,TARGET_FREE_INTERNAL_ROUTE,3a549e8092847f10e437f1add78c27b8119bea4b98466f1a495c7fe837e526ab,75ff441007b14e7d209d0846ef9fadf49bdbc245749a8b5bcddb11c723234236,
rutas,300,INTERNAL_ORIENTED_ROUTES,1,r9c3_h+1v+1,75,9,3,1,1,YES,charged_lepton_G4,charged_lepton,lepton,4,,charged_lepton_G4,charged_lepton,G4,"1,7;9,3",27,27,27,54,216,71,107,2,1,2,16,9,9,30,-6,2,-4,-8,0++---0++---,24 243 657 24 243 423 15 486 423 24 243 657 24 243 423 15 486 423,54,60,72,24,16,56,5,"(40,54,6)","(56,54,5)",39.60661013979482758647091,55.60649894337213544641686,1.000000027458540873559518,1.000000038550972354141645,TARGET_FREE_INTERNAL_ROUTE,36d1117b7f4f744e498155bbc7dc3f337e038bc6a59df945b16955b65617a24f,2822864e6d668c0d559901e93691fe2ff2784b9d82824b2d5fe3c593e5cc387d,55065291299c2ae2d06f2baa5791c0319edfbd413c3e9c7a8b949c3352304579
rutas,301,INTERNAL_ORIENTED_ROUTES,1,r9c4_h-1v-1,76,9,4,-1,-1,NO,neutrino_G4,neutrino,lepton,4,,neutrino_G4,neutrino,G4,"1,6;9,4",27,27,27,54,216,71,107,2,1,1,16,9,9,34,0,0,0,-12,+++---+++---,264 90 570 264 90 24 243 657 24 264 90 570 264 90 24 243 657 24,66,60,66,48,32,80,6,"(80,66,3)","(80,54,6)",79.51870831969534555434134,79.60661013979482758647091,1.000000055128871799705072,1.000000055189812531859140,TARGET_FREE_INTERNAL_ROUTE,ee798204ea997ed7ed2199e7b3ab7d6137f5ac35f07e503f6c0a8edae955b848,18fd69ac1d8dc23d374c9d4b781e339c278b6935a74bb76c1a2baddacb2b6fea,
rutas,302,INTERNAL_ORIENTED_ROUTES,1,r9c4_h-1v+1,76,9,4,-1,1,YES,neutrino_G4,neutrino,lepton,4,,neutrino_G4,neutrino,G4,"1,6;9,4",27,27,27,54,216,71,107,2,0,1,17,9,9,8,-2,0,0,-12,+++---+++---,258 414 420 258 414 255 252 333 255 258 414 420 258 414 255 252 333 255,84,24,84,24,16,80,6,"(40,84,30)","(80,54,6)",39.39035827686092491784959,79.60661013979482758647091,1.000000027308617396708705,1.000000055189812531859140,TARGET_FREE_INTERNAL_ROUTE,642cd12482d3d647cdaec0acdd19e9c1f2a7429675270183ed630caea3cf535a,e7f63cff972e6706fe7c8ecd667eb3e076106f380840daddbcaf4c59501a2e78,11028c389e35d609ddb9aa1248b79b77987b41783a58974a3c6e6873c14e1f88
rutas,303,INTERNAL_ORIENTED_ROUTES,1,r9c4_h+1v-1,76,9,4,1,-1,NO,neutrino_G4,neutrino,lepton,4,,neutrino_G4,neutrino,G4,"1,6;9,4",27,27,27,54,216,71,107,3,1,3,16,9,9,8,2,0,0,-12,+++---+++---,252 333 255 252 333 420 258 414 420 252 333 255 252 333 420 258 414 420,84,24,84,24,16,80,6,"(40,84,30)","(80,54,6)",39.39035827686092491784959,79.60661013979482758647091,1.000000027308617396708705,1.000000055189812531859140,TARGET_FREE_INTERNAL_ROUTE,ff0027584bafb795fea0705bea171be417920f7ab7cb5f378d17b7e40adbb917,7117e0fdd957f42a5d46ef727105788a73ce6a863be2fd32f11bab0adf65bbc6,
rutas,304,INTERNAL_ORIENTED_ROUTES,1,r9c4_h+1v+1,76,9,4,1,1,NO,neutrino_G4,neutrino,lepton,4,,neutrino_G4,neutrino,G4,"1,6;9,4",27,27,27,54,216,71,107,0,0,0,17,9,9,34,0,0,0,-12,+++---+++---,243 657 24 243 657 570 264 90 570 243 657 24 243 657 570 264 90 570,66,60,66,48,32,80,6,"(80,66,3)","(80,54,6)",79.51870831969534555434134,79.60661013979482758647091,1.000000055128871799705072,1.000000055189812531859140,TARGET_FREE_INTERNAL_ROUTE,b5fc9a01e3980db070dd783cd2fcc157585ffca7f68f54eac0c828e4aeedf880,5b3951f3240c6ee934749d6dc143cce4f650ab607b64271814be5fd67595c351,
rutas,305,INTERNAL_ORIENTED_ROUTES,1,r9c5_h-1v-1,77,9,5,-1,-1,YES,charged_lepton_G4,charged_lepton,lepton,4,,charged_lepton_G4,charged_lepton,G4,"1,5;9,5",27,27,27,54,216,71,107,1,0,1,17,9,9,34,0,-2,0,-8,+++0--+++0--,486 423 15 486 423 327 498 99 327 486 423 15 486 423 327 498 99 327,66,60,66,48,32,56,5,"(80,66,3)","(56,54,5)",79.51870831969534555434134,55.60649894337213544641686,1.000000055128871799705072,1.000000038550972354141645,TARGET_FREE_INTERNAL_ROUTE,77908e472c16ed99b259dbc397c2623e67f0871ad4764417423d1c62bd7e5dfa,3d68025ffbb2f16ffc10253200612155c3edd2545ed08c9acf932f34b8417dea,ee7f57b43ff6bbe2b8b762aec3be88c2f3eec4cac943953bf26b06adfc1e2088
rutas,306,INTERNAL_ORIENTED_ROUTES,1,r9c5_h-1v+1,77,9,5,-1,1,NO,charged_lepton_G4,charged_lepton,lepton,4,,charged_lepton_G4,charged_lepton,G4,"1,5;9,5",27,27,27,54,216,71,107,1,0,1,17,9,9,44,2,0,0,-12,+++---+++---,504 585 507 504 585 672 510 666 672 504 585 507 504 585 672 510 666 672,78,24,78,24,16,80,6,"(40,78,27)","(80,54,6)",39.43380880300855130367114,79.60661013979482758647091,1.000000027338740854894358,1.000000055189812531859140,TARGET_FREE_INTERNAL_ROUTE,6d009acb2e4a9062d353d9d3d3b9fabbdd58df3dfffdf48ff543302954972595,b47145e5c4d4c54c6e7bcbdeb698559de66f30511a1ceb50d00e80be87055bf3,
rutas,307,INTERNAL_ORIENTED_ROUTES,1,r9c5_h+1v-1,77,9,5,1,-1,NO,charged_lepton_G4,charged_lepton,lepton,4,,charged_lepton_G4,charged_lepton,G4,"1,5;9,5",27,27,27,54,216,71,107,1,0,1,17,9,9,44,-2,0,0,-12,+++---+++---,510 666 672 510 666 507 504 585 507 510 666 672 510 666 507 504 585 507,78,24,78,24,16,80,6,"(40,78,27)","(80,54,6)",39.43380880300855130367114,79.60661013979482758647091,1.000000027338740854894358,1.000000055189812531859140,TARGET_FREE_INTERNAL_ROUTE,b685f1413fffbb6cc5e0b9a15517eac78ab70bc66c1db71b3ab13da31d17dc60,db33053c3c7df39bb195f28eadc06b927e42eeddc3e9b8a8f84cf04b4d72ac5b,
rutas,308,INTERNAL_ORIENTED_ROUTES,1,r9c5_h+1v+1,77,9,5,1,1,NO,charged_lepton_G4,charged_lepton,lepton,4,,charged_lepton_G4,charged_lepton,G4,"1,5;9,5",27,27,27,54,216,71,107,0,0,0,17,9,9,34,0,2,0,-8,0++---0++---,498 99 327 498 99 15 486 423 15 498 99 327 498 99 15 486 423 15,66,60,66,48,32,56,5,"(80,66,3)","(56,54,5)",79.51870831969534555434134,55.60649894337213544641686,1.000000055128871799705072,1.000000038550972354141645,TARGET_FREE_INTERNAL_ROUTE,75c7d91367c880ed973e5c536d4f7b3ddbb4d6a6c0478a776fb9250721a22979,8a5cc992862f3e41a477ea869ccbabd19b444a8876e6e3b1b084264cab2e4db1,
rutas,309,INTERNAL_ORIENTED_ROUTES,1,r9c6_h-1v-1,78,9,6,-1,-1,NO,neutrino_G4,neutrino,lepton,4,,neutrino_G4,neutrino,G4,"1,4;9,6",27,27,27,54,216,71,107,1,0,1,17,9,9,30,-6,2,0,-8,+0+---+0+---,15 486 423 15 486 657 24 243 657 15 486 423 15 486 657 24 243 657,54,60,72,24,16,48,5,"(40,54,6)","(48,54,5)",39.60661013979482758647091,47.60649894337213544641686,1.000000027458540873559518,1.000000033004718053243084,TARGET_FREE_INTERNAL_ROUTE,ca419a4fb89079e264213c9b485a320a311c24d208068ee41866ec2ac1b43c2c,a382f2951d5ce06beded8af0111b7528cf000d7719f0431752c134cdd274a383,
rutas,310,INTERNAL_ORIENTED_ROUTES,1,r9c6_h-1v+1,78,9,6,-1,1,NO,neutrino_G4,neutrino,lepton,4,,neutrino_G4,neutrino,G4,"1,4;9,6",27,27,27,54,216,71,107,0,0,0,17,9,9,14,6,0,0,-12,+++---+++---,3 0 81 3 0 81 3 0 81 3 0 81 3 0 81 3 0 81,24,24,24,0,0,80,6,"(0,24,0)","(80,54,6)",-0.1751364616628112239348425,79.60661013979482758647091,0.9999999998785810851337881,1.000000055189812531859140,TARGET_FREE_INTERNAL_ROUTE,106b15fef86d47d98a2151f4c2319629333008c764daa083780d58ab178d9ec0,97e31ef7a8d5ddaf45317072ce7a9bc90b1be5f32591931c1267467013eddfa2,
rutas,311,INTERNAL_ORIENTED_ROUTES,1,r9c6_h+1v-1,78,9,6,1,-1,YES,neutrino_G4,neutrino,lepton,4,,neutrino_G4,neutrino,G4,"1,4;9,6",27,27,27,54,216,71,107,0,0,0,17,9,9,14,-6,0,0,-12,+++---+++---,3 0 81 3 0 81 3 0 81 3 0 81 3 0 81 3 0 81,24,24,24,0,0,80,6,"(0,24,0)","(80,54,6)",-0.1751364616628112239348425,79.60661013979482758647091,0.9999999998785810851337881,1.000000055189812531859140,TARGET_FREE_INTERNAL_ROUTE,59a1b925f37b198a9b8d28bf47609299f18ecacece1e78e313294726444a07ed,82e2ed9e32b01eb9363063f95aa0e97a797114c21c1a7b3ae4bdd8f720fbfc4f,915f24481eb9d51115cf664e358374d4a4585b514ac886dda764c433b1d9a456
rutas,312,INTERNAL_ORIENTED_ROUTES,1,r9c6_h+1v+1,78,9,6,1,1,NO,neutrino_G4,neutrino,lepton,4,,neutrino_G4,neutrino,G4,"1,4;9,6",27,27,27,54,216,71,107,2,1,2,16,9,9,30,6,-2,0,-8,+++-0-+++-0-,24 243 657 24 243 423 15 486 423 24 243 657 24 243 423 15 486 423,54,60,72,24,16,48,5,"(40,54,6)","(48,54,5)",39.60661013979482758647091,47.60649894337213544641686,1.000000027458540873559518,1.000000033004718053243084,TARGET_FREE_INTERNAL_ROUTE,6159b0ea3949ae42d6ac44d167a4d71dd9d0ca4f91305deda987869aff7a5301,2952410fbf2ee021f5736f19d28673e6bcf3f0867bc4b89a48f77673b413ea76,
rutas,313,INTERNAL_ORIENTED_ROUTES,1,r9c7_h-1v-1,79,9,7,-1,-1,YES,charged_lepton_G4,charged_lepton,lepton,4,,charged_lepton_G4,charged_lepton,G4,"1,3;9,7",18,27,27,54,216,71,107,2,1,1,16,9,9,28,-6,0,-4,-12,+++---+++---,264 90 570 264 90 24 243 657 24 264 90 570 264 90 24 243 657 24,66,60,66,48,32,80,6,"(80,66,3)","(80,54,6)",79.51870831969534555434134,79.60661013979482758647091,1.000000055128871799705072,1.000000055189812531859140,TARGET_FREE_INTERNAL_ROUTE,8684eaf7f9ac68574b1177dd46056f16497b29a210b4fc305b69f129f3516cf0,e45675ccb2ead11c246854fd23eab5479d5768fdfb30d0a82cc741ae6be60f35,23ef2c5cd56b7ff35c013077bee1cb8dbd0ee658e4c9ec2393eb87b4c365f550
rutas,314,INTERNAL_ORIENTED_ROUTES,1,r9c7_h-1v+1,79,9,7,-1,1,NO,charged_lepton_G4,charged_lepton,lepton,4,,charged_lepton_G4,charged_lepton,G4,"1,3;9,7",27,27,27,54,216,71,107,2,0,1,17,9,9,50,4,-2,2,-8,+++0--+++0--,258 414 420 258 414 255 252 333 255 258 414 420 258 414 255 252 333 255,84,24,84,24,16,56,5,"(40,84,30)","(56,54,5)",39.39035827686092491784959,55.60649894337213544641686,1.000000027308617396708705,1.000000038550972354141645,TARGET_FREE_INTERNAL_ROUTE,0392a0bd824d4db3872ee7e55a8e5e59e3b21f749916b615dad01451654991d0,93e0fc9408e34fa48b346d2aa179d966af4513b405ea24a268f6ebd48d236116,
rutas,315,INTERNAL_ORIENTED_ROUTES,1,r9c7_h+1v-1,79,9,7,1,-1,NO,charged_lepton_G4,charged_lepton,lepton,4,,charged_lepton_G4,charged_lepton,G4,"1,3;9,7",27,27,27,54,216,71,107,3,1,3,16,9,9,50,-4,2,-2,-8,0++---0++---,252 333 255 252 333 420 258 414 420 252 333 255 252 333 420 258 414 420,84,24,84,24,16,56,5,"(40,84,30)","(56,54,5)",39.39035827686092491784959,55.60649894337213544641686,1.000000027308617396708705,1.000000038550972354141645,TARGET_FREE_INTERNAL_ROUTE,15c25fad37a466a9092234de4e51eff214bb454130f89e920ac3eabd0af86e23,aeafcc7a88835b5ec7f511281b2c9269e769f3ff86a4680e2e29a9866f3cabc4,
rutas,316,INTERNAL_ORIENTED_ROUTES,1,r9c7_h+1v+1,79,9,7,1,1,NO,charged_lepton_G4,charged_lepton,lepton,4,,charged_lepton_G4,charged_lepton,G4,"1,3;9,7",9,27,27,54,216,71,107,0,0,0,17,9,9,28,6,0,4,-12,+++---+++---,243 657 24 243 657 570 264 90 570 243 657 24 243 657 570 264 90 570,66,60,66,48,32,80,6,"(80,66,3)","(80,54,6)",79.51870831969534555434134,79.60661013979482758647091,1.000000055128871799705072,1.000000055189812531859140,TARGET_FREE_INTERNAL_ROUTE,8e4b3fc25915492780bec7f316245b548a5a96f4f38c5037b6ad8f9460591d64,d78bc1389070695902c2455878b04823455e0d80836529f9e88079404ea54b23,
rutas,317,INTERNAL_ORIENTED_ROUTES,1,r9c8_h-1v-1,80,9,8,-1,-1,NO,neutrino_G4,neutrino,lepton,4,,neutrino_G4,neutrino,G4,"1,2;9,8",27,27,27,54,216,71,107,1,0,1,17,9,9,28,6,-2,0,-8,+++-0-+++-0-,486 423 15 486 423 327 498 99 327 486 423 15 486 423 327 498 99 327,66,60,66,48,32,48,5,"(80,66,3)","(48,54,5)",79.51870831969534555434134,47.60649894337213544641686,1.000000055128871799705072,1.000000033004718053243084,TARGET_FREE_INTERNAL_ROUTE,ce9297be674940a68f160eee97674c669a846625821f53c9ca30b05bd0b56292,6ef27d7457d2c0a151c7c2cc86034c0ab1ce15e774f84ed5c64f617e44ec520f,
rutas,318,INTERNAL_ORIENTED_ROUTES,1,r9c8_h-1v+1,80,9,8,-1,1,YES,neutrino_G4,neutrino,lepton,4,,neutrino_G4,neutrino,G4,"1,2;9,8",27,27,27,54,216,71,107,1,0,1,17,9,9,14,-4,0,0,-12,+++---+++---,504 585 507 504 585 672 510 666 672 504 585 507 504 585 672 510 666 672,78,24,78,24,16,80,6,"(40,78,27)","(80,54,6)",39.43380880300855130367114,79.60661013979482758647091,1.000000027338740854894358,1.000000055189812531859140,TARGET_FREE_INTERNAL_ROUTE,16995ba1149d7ba0bc3cfc7743494696d33ba118e19e0ecc76f644d31711ba9f,bf91d1ae5ba472dde0f327f9602e69918e8799f0e537555d5094f8ab0aac97ca,d2a88d330a7badcf0a410fefd82f9b474dec91ba1dbe5a7b22a91f36905d51f7
rutas,319,INTERNAL_ORIENTED_ROUTES,1,r9c8_h+1v-1,80,9,8,1,-1,NO,neutrino_G4,neutrino,lepton,4,,neutrino_G4,neutrino,G4,"1,2;9,8",27,27,27,54,216,71,107,1,0,1,17,9,9,14,4,0,0,-12,+++---+++---,510 666 672 510 666 507 504 585 507 510 666 672 510 666 507 504 585 507,78,24,78,24,16,80,6,"(40,78,27)","(80,54,6)",39.43380880300855130367114,79.60661013979482758647091,1.000000027338740854894358,1.000000055189812531859140,TARGET_FREE_INTERNAL_ROUTE,2231f178c6f579c0407e70bcbff9ed750acd6efb3a4dd6381f3268e815826311,810d7ebd6b5ee7a72a6dab271c40aef23989480802df5c3c6064b00f893231ca,
rutas,320,INTERNAL_ORIENTED_ROUTES,1,r9c8_h+1v+1,80,9,8,1,1,NO,neutrino_G4,neutrino,lepton,4,,neutrino_G4,neutrino,G4,"1,2;9,8",27,27,27,54,216,71,107,0,0,0,17,9,9,28,-6,2,0,-8,+0+---+0+---,498 99 327 498 99 15 486 423 15 498 99 327 498 99 15 486 423 15,66,60,66,48,32,48,5,"(80,66,3)","(48,54,5)",79.51870831969534555434134,47.60649894337213544641686,1.000000055128871799705072,1.000000033004718053243084,TARGET_FREE_INTERNAL_ROUTE,7c9b0456e1d3dbd9f89b99611a50f337eefa938f02f234c4a7ad065fd62a6692,ec678d84ce11dc61e52a24438e4f523b4d0ea94b94d28d2c805f94c560a94223,
rutas,321,INTERNAL_ORIENTED_ROUTES,1,r9c9_h-1v-1,81,9,9,-1,-1,NO,charged_lepton_G4,charged_lepton,lepton,4,,charged_lepton_G4,charged_lepton,G4,"1,1;9,9",27,27,27,54,216,71,107,1,0,1,17,9,9,24,0,0,0,-12,+++---+++---,15 486 423 15 486 657 24 243 657 15 486 423 15 486 657 24 243 657,54,60,72,24,16,80,6,"(40,54,6)","(80,54,6)",39.60661013979482758647091,79.60661013979482758647091,1.000000027458540873559518,1.000000055189812531859140,TARGET_FREE_INTERNAL_ROUTE,3e3bf9f3b35f1316f0d242822cae4fe211eb31595576f51d063c36e241c4cc99,1f648323cbeef43af2c169aee5b6a999302aca3e106e2780e370b1480e3ee9e3,
rutas,322,INTERNAL_ORIENTED_ROUTES,1,r9c9_h-1v+1,81,9,9,-1,1,YES,charged_lepton_G4,charged_lepton,lepton,4,,charged_lepton_G4,charged_lepton,G4,"1,1;9,9",27,27,27,54,216,71,107,0,0,0,17,9,9,20,0,0,0,-4,0+00-00+00-0,3 0 81 3 0 81 3 0 81 3 0 81 3 0 81 3 0 81,24,24,24,0,0,24,2,"(0,24,0)","(24,54,2)",-0.1751364616628112239348425,23.60616535410405902625471,0.9999999998785810851337881,1.000000016365724063753403,TARGET_FREE_INTERNAL_ROUTE,5ca5179e96a7a217149fc629598911284a679d874c335483825169c08628742b,a1fd3c287cd8f05a77fc26d86500b68a6f6d45a515b1bfc32c7201ea592f831a,373f8cf1d27efd3b616a88ca8eefef4203f804fab97be9f4d60cd5a3f094d407
rutas,323,INTERNAL_ORIENTED_ROUTES,1,r9c9_h+1v-1,81,9,9,1,-1,NO,charged_lepton_G4,charged_lepton,lepton,4,,charged_lepton_G4,charged_lepton,G4,"1,1;9,9",27,27,27,54,216,71,107,0,0,0,17,9,9,20,0,0,0,-4,0+00-00+00-0,3 0 81 3 0 81 3 0 81 3 0 81 3 0 81 3 0 81,24,24,24,0,0,24,2,"(0,24,0)","(24,54,2)",-0.1751364616628112239348425,23.60616535410405902625471,0.9999999998785810851337881,1.000000016365724063753403,TARGET_FREE_INTERNAL_ROUTE,e847061b4af737e22cde7449fd8c7399b3568176df3655b09f776b95b8d09a80,1f6b0ca611906a4828e0616ba7456a15244cef42f9db847f10419b48f959a5cd,
rutas,324,INTERNAL_ORIENTED_ROUTES,1,r9c9_h+1v+1,81,9,9,1,1,NO,charged_lepton_G4,charged_lepton,lepton,4,,charged_lepton_G4,charged_lepton,G4,"1,1;9,9",27,27,27,54,216,71,107,2,1,2,16,9,9,24,0,0,0,-12,+++---+++---,24 243 657 24 243 423 15 486 423 24 243 657 24 243 423 15 486 423,54,60,72,24,16,80,6,"(40,54,6)","(80,54,6)",39.60661013979482758647091,79.60661013979482758647091,1.000000027458540873559518,1.000000055189812531859140,TARGET_FREE_INTERNAL_ROUTE,8bd3961b89885d9bc5b76d4d18cbbc1bf791e769482c1949918d507488e02251,871508bdd95895803d299de36cd7cd3e9eade5f22157f1599f294895163b56ce,
