_catalog_source,_catalog_ordinal,_catalog_role,_catalog_key_occurrence,candidate_id,cell_id,r,c,h0,v0,structural_multisection,physical_family,generation_depth,color,route_family_R,tau12,D1,D3,D4,D27,D36,Omega90_120,P6,K_D,K_Omega,kappa_D,kappa_Omega,Ract_factor_D,Ract_factor_Omega,route_status,rho_orbit,first_class_phase_return,first_orbit_phase_return,first_cell_phase_return,first_kinematic_state_return_within_108,first_kinematic_state_return_extended,prefix_ambiguity_area,prefix_log2_ambiguity_area,first_orbit_separation_block,first_cell_separation_block,first_route_separation_block,final_ambiguity,turns,sheet_switches,carry_debt_total,carry_debt_final,delayed_carry_blocks,stable_decimal_triads_final,w6_repeat_K_to_Kplus9,prefix_memory_changes_K_to_Kplus9,nA_raw,sC_raw,kappa0_raw,nu120_raw,nu270_raw,w6_words,stable_triads_by_block,historic_signature_Z5,pareto_persistence_orbit,join_status,tower_forward_status
rutas_enriquecidas,1,INTERNAL_ENRICHED_ROUTES,1,r1c1_h+1v+1,1,1,1,1,1,charged_lepton_G4,charged_lepton,G4,,24|0|8|0|-12|+++---+++---,+++---+++---,54,56,70,48,32,80,6,"(80,54,7)","(80,54,6)",79.60672133621751972652496,79.60661013979482758647091,1.000000055189889622315337,1.000000055189812531859140,TARGET_FREE_INTERNAL_ROUTE,"1,1;9,9",27,27,27,54,216,58,30.189475010096174,,,,3,71,107,2,0,1,17,9,9,24,0,0,0,-12,657 24 243 657 18 15 486 423 15 657 24 243 657 18 15 486 423 15,0 1 2 3 4 5 6 7 8 9 10 11 12 13 14 14 15 17,24|0|0|0|-12,False,EXACT_KEY_JOIN__NO_EXTERNAL_MASS_READ,ROUTE_MEMORY_AVAILABLE__ETA_TRANSDUCER_REQUIRES_CERTIFICATE
rutas_enriquecidas,2,INTERNAL_ENRICHED_ROUTES,1,r1c1_h+1v-1,1,1,1,1,-1,charged_lepton_G4,charged_lepton,G4,,24|0|8|0|-12|+++---+++---,+++---+++---,78,28,78,36,24,80,6,"(60,78,25)","(80,54,6)",59.43358641016316702356304,79.60661013979482758647091,1.000000041204222405344905,1.000000055189812531859140,TARGET_FREE_INTERNAL_ROUTE,"1,1;9,9",27,27,27,54,216,54,28.5293250129808,,,,3,71,107,2,0,1,17,9,9,14,4,0,0,-12,666 672 510 666 666 585 507 504 585 666 672 510 666 666 585 507 504 585,0 1 2 3 4 5 6 7 8 9 10 11 12 12 13 15 16 17,14|4|0|0|-12,False,EXACT_KEY_JOIN__NO_EXTERNAL_MASS_READ,ROUTE_MEMORY_AVAILABLE__ETA_TRANSDUCER_REQUIRES_CERTIFICATE
rutas_enriquecidas,3,INTERNAL_ENRICHED_ROUTES,1,r1c1_h-1v+1,1,1,1,-1,1,charged_lepton_G4,charged_lepton,G4,,24|0|8|0|-12|+++---+++---,+++---+++---,78,28,78,36,24,80,6,"(60,78,25)","(80,54,6)",59.43358641016316702356304,79.60661013979482758647091,1.000000041204222405344905,1.000000055189812531859140,TARGET_FREE_INTERNAL_ROUTE,"1,1;9,9",27,27,27,54,216,54,28.5293250129808,,,,3,71,107,0,0,0,17,9,9,14,-4,0,0,-12,507 504 585 507 510 510 666 672 510 507 504 585 507 510 510 666 672 510,0 1 2 3 4 5 6 7 8 9 10 11 12 13 14 15 16 17,14|-4|0|0|-12,False,EXACT_KEY_JOIN__NO_EXTERNAL_MASS_READ,ROUTE_MEMORY_AVAILABLE__ETA_TRANSDUCER_REQUIRES_CERTIFICATE
rutas_enriquecidas,4,INTERNAL_ENRICHED_ROUTES,1,r1c1_h-1v-1,1,1,1,-1,-1,charged_lepton_G4,charged_lepton,G4,,24|0|8|0|-12|+++---+++---,+++---+++---,54,56,70,48,32,80,6,"(80,54,7)","(80,54,6)",79.60672133621751972652496,79.60661013979482758647091,1.000000055189889622315337,1.000000055189812531859140,TARGET_FREE_INTERNAL_ROUTE,"1,1;9,9",27,27,27,54,216,58,30.189475010096174,,,,3,71,107,2,1,2,16,9,9,24,0,0,0,-12,486 423 15 486 429 243 657 24 243 486 423 15 486 429 243 657 24 243,0 1 2 3 4 5 6 7 8 9 10 11 12 13 13 15 16 16,24|0|0|0|-12,False,EXACT_KEY_JOIN__NO_EXTERNAL_MASS_READ,ROUTE_MEMORY_AVAILABLE__ETA_TRANSDUCER_REQUIRES_CERTIFICATE
rutas_enriquecidas,5,INTERNAL_ENRICHED_ROUTES,1,r1c2_h+1v+1,2,1,2,1,1,neutrino_G4,neutrino,G4,,28|6|-4|0|-12|+++---+++---,+++---+++---,66,64,64,60,40,80,6,"(100,66,0)","(80,54,6)",99.51837473042726913417918,79.60661013979482758647091,1.000000068994276645021895,1.000000055189812531859140,TARGET_FREE_INTERNAL_ROUTE,"1,2;9,8",27,27,27,54,216,40,20.339850002884624,,,,2,71,107,0,0,0,17,9,9,28,6,0,4,-12,24 243 657 24 246 264 90 570 264 24 243 657 24 246 264 90 570 264,0 1 2 3 4 5 6 7 8 9 10 11 12 13 14 15 16 17,28|6|0|4|-12,True,EXACT_KEY_JOIN__NO_EXTERNAL_MASS_READ,ROUTE_MEMORY_AVAILABLE__ETA_TRANSDUCER_REQUIRES_CERTIFICATE
rutas_enriquecidas,6,INTERNAL_ENRICHED_ROUTES,1,r1c2_h+1v-1,2,1,2,1,-1,neutrino_G4,neutrino,G4,,28|6|-4|0|-12|+++---+++---,+++-0-+++-0-,24,20,24,24,16,48,5,"(40,24,2)","(48,54,5)",39.82508593118257305617326,47.60649894337213544641686,1.000000027610006159514215,1.000000033004718053243084,TARGET_FREE_INTERNAL_ROUTE,"1,2;9,8",27,27,27,54,216,36,18.0,,,,2,71,107,0,0,0,17,9,9,50,6,-2,4,-8,0 81 3 0 84 0 81 3 0 0 81 3 0 84 0 81 3 0,0 1 2 3 4 5 6 7 8 9 10 11 12 13 14 15 16 17,50|6|-2|4|-8,True,EXACT_KEY_JOIN__NO_EXTERNAL_MASS_READ,ROUTE_MEMORY_AVAILABLE__ETA_TRANSDUCER_REQUIRES_CERTIFICATE
rutas_enriquecidas,7,INTERNAL_ENRICHED_ROUTES,1,r1c2_h-1v+1,2,1,2,-1,1,neutrino_G4,neutrino,G4,,28|6|-4|0|-12|+++---+++---,+0+---+0+---,24,20,24,24,16,48,5,"(40,24,2)","(48,54,5)",39.82508593118257305617326,47.60649894337213544641686,1.000000027610006159514215,1.000000033004718053243084,TARGET_FREE_INTERNAL_ROUTE,"1,2;9,8",27,27,27,54,216,36,18.0,,,,2,71,107,2,0,2,17,9,9,50,-6,2,-4,-8,81 3 0 81 0 3 0 81 3 81 3 0 81 0 3 0 81 3,0 1 2 3 4 5 6 6 8 9 10 11 12 13 14 15 15 17,50|-6|2|-4|-8,True,EXACT_KEY_JOIN__NO_EXTERNAL_MASS_READ,ROUTE_MEMORY_AVAILABLE__ETA_TRANSDUCER_REQUIRES_CERTIFICATE
rutas_enriquecidas,8,INTERNAL_ENRICHED_ROUTES,1,r1c2_h-1v-1,2,1,2,-1,-1,neutrino_G4,neutrino,G4,,28|6|-4|0|-12|+++---+++---,+++---+++---,66,64,64,60,40,80,6,"(100,66,0)","(80,54,6)",99.51837473042726913417918,79.60661013979482758647091,1.000000068994276645021895,1.000000055189812531859140,TARGET_FREE_INTERNAL_ROUTE,"1,2;9,8",27,27,27,54,216,36,18.0,,,,2,71,107,1,0,1,17,9,9,28,-6,0,-4,-12,90 570 264 90 567 657 24 243 657 90 570 264 90 567 657 24 243 657,0 1 2 3 4 5 6 7 8 9 10 11 12 13 13 15 16 17,28|-6|0|-4|-12,True,EXACT_KEY_JOIN__NO_EXTERNAL_MASS_READ,ROUTE_MEMORY_AVAILABLE__ETA_TRANSDUCER_REQUIRES_CERTIFICATE
rutas_enriquecidas,9,INTERNAL_ENRICHED_ROUTES,1,r1c3_h+1v+1,3,1,3,1,1,charged_lepton_G4,charged_lepton,G4,,28|-6|2|0|-12|+++---+++---,+++---+++---,66,60,64,48,32,80,6,"(80,66,2)","(80,54,6)",79.51859712327265341428729,79.60661013979482758647091,1.000000055128794709248880,1.000000055189812531859140,TARGET_FREE_INTERNAL_ROUTE,"1,3;9,7",18,27,27,54,216,54,28.5293250129808,,,,3,71,107,2,1,2,16,9,9,28,-6,0,0,-12,327 498 99 327 501 486 423 15 486 327 498 99 327 501 486 423 15 486,0 1 2 3 4 5 6 7 7 9 10 11 12 13 14 15 16 16,28|-6|0|0|-12,False,EXACT_KEY_JOIN__NO_EXTERNAL_MASS_READ,ROUTE_MEMORY_AVAILABLE__ETA_TRANSDUCER_REQUIRES_CERTIFICATE
rutas_enriquecidas,10,INTERNAL_ENRICHED_ROUTES,1,r1c3_h+1v-1,3,1,3,1,-1,charged_lepton_G4,charged_lepton,G4,,28|-6|2|0|-12|+++---+++---,+++---+++---,84,24,84,24,16,80,6,"(40,84,30)","(80,54,6)",39.39035827686092491784959,79.60661013979482758647091,1.000000027308617396708705,1.000000055189812531859140,TARGET_FREE_INTERNAL_ROUTE,"1,3;9,7",27,27,27,54,216,54,28.5293250129808,,,,3,71,107,0,0,0,17,9,9,8,2,0,0,-12,333 255 252 333 258 414 420 258 414 333 255 252 333 258 414 420 258 414,0 1 2 3 4 5 6 7 8 9 10 11 12 13 14 15 16 17,8|2|0|0|-12,False,EXACT_KEY_JOIN__NO_EXTERNAL_MASS_READ,ROUTE_MEMORY_AVAILABLE__ETA_TRANSDUCER_REQUIRES_CERTIFICATE
rutas_enriquecidas,11,INTERNAL_ENRICHED_ROUTES,1,r1c3_h-1v+1,3,1,3,-1,1,charged_lepton_G4,charged_lepton,G4,,28|-6|2|0|-12|+++---+++---,+++---+++---,84,24,84,24,16,80,6,"(40,84,30)","(80,54,6)",39.39035827686092491784959,79.60661013979482758647091,1.000000027308617396708705,1.000000055189812531859140,TARGET_FREE_INTERNAL_ROUTE,"1,3;9,7",27,27,27,54,216,54,28.5293250129808,,,,3,71,107,1,0,1,17,9,9,8,-2,0,0,-12,420 258 414 420 255 252 333 255 252 420 258 414 420 255 252 333 255 252,0 1 2 3 4 5 6 7 8 9 10 11 12 13 14 15 15 17,8|-2|0|0|-12,False,EXACT_KEY_JOIN__NO_EXTERNAL_MASS_READ,ROUTE_MEMORY_AVAILABLE__ETA_TRANSDUCER_REQUIRES_CERTIFICATE
rutas_enriquecidas,12,INTERNAL_ENRICHED_ROUTES,1,r1c3_h-1v-1,3,1,3,-1,-1,charged_lepton_G4,charged_lepton,G4,,28|-6|2|0|-12|+++---+++---,+++---+++---,66,60,64,48,32,80,6,"(80,66,2)","(80,54,6)",79.51859712327265341428729,79.60661013979482758647091,1.000000055128794709248880,1.000000055189812531859140,TARGET_FREE_INTERNAL_ROUTE,"1,3;9,7",9,27,27,54,216,54,28.5293250129808,,,,3,71,107,1,1,1,16,9,9,28,6,0,0,-12,423 15 486 423 12 99 327 498 99 423 15 486 423 12 99 327 498 99,0 1 2 3 4 5 6 7 8 9 10 11 12 13 14 15 16 16,28|6|0|0|-12,False,EXACT_KEY_JOIN__NO_EXTERNAL_MASS_READ,ROUTE_MEMORY_AVAILABLE__ETA_TRANSDUCER_REQUIRES_CERTIFICATE
rutas_enriquecidas,13,INTERNAL_ENRICHED_ROUTES,1,r1c4_h+1v+1,4,1,4,1,1,neutrino_G4,neutrino,G4,,30|-6|-4|-2|-8|0++---0++---,0++---0++---,54,56,70,48,32,56,5,"(80,54,7)","(56,54,5)",79.60672133621751972652496,55.60649894337213544641686,1.000000055189889622315337,1.000000038550972354141645,TARGET_FREE_INTERNAL_ROUTE,"1,4;9,6",27,27,27,54,216,18,0.0,1,1,1,1,71,107,2,0,1,17,9,9,30,-6,2,-4,-8,657 24 243 657 18 15 486 423 15 657 24 243 657 18 15 486 423 15,0 1 2 3 4 5 6 7 8 9 10 11 12 13 14 14 15 17,30|-6|2|-4|-8,True,EXACT_KEY_JOIN__NO_EXTERNAL_MASS_READ,ROUTE_MEMORY_AVAILABLE__ETA_TRANSDUCER_REQUIRES_CERTIFICATE
rutas_enriquecidas,14,INTERNAL_ENRICHED_ROUTES,1,r1c4_h+1v-1,4,1,4,1,-1,neutrino_G4,neutrino,G4,,30|-6|-4|-2|-8|0++---0++---,+++---+++---,78,28,78,36,24,80,6,"(60,78,25)","(80,54,6)",59.43358641016316702356304,79.60661013979482758647091,1.000000041204222405344905,1.000000055189812531859140,TARGET_FREE_INTERNAL_ROUTE,"1,4;9,6",27,27,27,54,216,18,0.0,1,1,1,1,71,107,2,0,1,17,9,9,44,-2,0,0,-12,666 672 510 666 666 585 507 504 585 666 672 510 666 666 585 507 504 585,0 1 2 3 4 5 6 7 8 9 10 11 12 12 13 15 16 17,44|-2|0|0|-12,True,EXACT_KEY_JOIN__NO_EXTERNAL_MASS_READ,ROUTE_MEMORY_AVAILABLE__ETA_TRANSDUCER_REQUIRES_CERTIFICATE
rutas_enriquecidas,15,INTERNAL_ENRICHED_ROUTES,1,r1c4_h-1v+1,4,1,4,-1,1,neutrino_G4,neutrino,G4,,30|-6|-4|-2|-8|0++---0++---,+++---+++---,78,28,78,36,24,80,6,"(60,78,25)","(80,54,6)",59.43358641016316702356304,79.60661013979482758647091,1.000000041204222405344905,1.000000055189812531859140,TARGET_FREE_INTERNAL_ROUTE,"1,4;9,6",27,27,27,54,216,18,0.0,1,1,1,1,71,107,0,0,0,17,9,9,44,2,0,0,-12,507 504 585 507 510 510 666 672 510 507 504 585 507 510 510 666 672 510,0 1 2 3 4 5 6 7 8 9 10 11 12 13 14 15 16 17,44|2|0|0|-12,True,EXACT_KEY_JOIN__NO_EXTERNAL_MASS_READ,ROUTE_MEMORY_AVAILABLE__ETA_TRANSDUCER_REQUIRES_CERTIFICATE
rutas_enriquecidas,16,INTERNAL_ENRICHED_ROUTES,1,r1c4_h-1v-1,4,1,4,-1,-1,neutrino_G4,neutrino,G4,,30|-6|-4|-2|-8|0++---0++---,+++0--+++0--,54,56,70,48,32,56,5,"(80,54,7)","(56,54,5)",79.60672133621751972652496,55.60649894337213544641686,1.000000055189889622315337,1.000000038550972354141645,TARGET_FREE_INTERNAL_ROUTE,"1,4;9,6",27,27,27,54,216,26,6.339850002884624,5,5,5,1,71,107,2,1,2,16,9,9,30,6,-2,4,-8,486 423 15 486 429 243 657 24 243 486 423 15 486 429 243 657 24 243,0 1 2 3 4 5 6 7 8 9 10 11 12 13 13 15 16 16,30|6|-2|4|-8,True,EXACT_KEY_JOIN__NO_EXTERNAL_MASS_READ,ROUTE_MEMORY_AVAILABLE__ETA_TRANSDUCER_REQUIRES_CERTIFICATE
rutas_enriquecidas,17,INTERNAL_ENRICHED_ROUTES,1,r1c5_h+1v+1,5,1,5,1,1,charged_lepton_G4,charged_lepton,G4,,34|0|-8|0|-8|+0+---+0+---,+0+---+0+---,66,64,64,60,40,48,5,"(100,66,0)","(48,54,5)",99.51837473042726913417918,47.60649894337213544641686,1.000000068994276645021895,1.000000033004718053243084,TARGET_FREE_INTERNAL_ROUTE,"1,5;9,5",27,27,27,54,216,30,8.0,5,5,5,1,71,107,0,0,0,17,9,9,34,0,2,0,-8,24 243 657 24 246 264 90 570 264 24 243 657 24 246 264 90 570 264,0 1 2 3 4 5 6 7 8 9 10 11 12 13 14 15 16 17,34|0|2|0|-8,True,EXACT_KEY_JOIN__NO_EXTERNAL_MASS_READ,ROUTE_MEMORY_AVAILABLE__ETA_TRANSDUCER_REQUIRES_CERTIFICATE
rutas_enriquecidas,18,INTERNAL_ENRICHED_ROUTES,1,r1c5_h+1v-1,5,1,5,1,-1,charged_lepton_G4,charged_lepton,G4,,34|0|-8|0|-8|+0+---+0+---,+++---+++---,24,20,24,24,16,80,6,"(40,24,2)","(80,54,6)",39.82508593118257305617326,79.60661013979482758647091,1.000000027610006159514215,1.000000055189812531859140,TARGET_FREE_INTERNAL_ROUTE,"1,5;9,5",27,27,27,54,216,36,18.0,,,,2,71,107,0,0,0,17,9,9,14,-6,0,0,-12,0 81 3 0 84 0 81 3 0 0 81 3 0 84 0 81 3 0,0 1 2 3 4 5 6 7 8 9 10 11 12 13 14 15 16 17,14|-6|0|0|-12,True,EXACT_KEY_JOIN__NO_EXTERNAL_MASS_READ,ROUTE_MEMORY_AVAILABLE__ETA_TRANSDUCER_REQUIRES_CERTIFICATE
rutas_enriquecidas,19,INTERNAL_ENRICHED_ROUTES,1,r1c5_h-1v+1,5,1,5,-1,1,charged_lepton_G4,charged_lepton,G4,,34|0|-8|0|-8|+0+---+0+---,+++---+++---,24,20,24,24,16,80,6,"(40,24,2)","(80,54,6)",39.82508593118257305617326,79.60661013979482758647091,1.000000027610006159514215,1.000000055189812531859140,TARGET_FREE_INTERNAL_ROUTE,"1,5;9,5",27,27,27,54,216,36,18.0,,,,2,71,107,2,0,2,17,9,9,14,6,0,0,-12,81 3 0 81 0 3 0 81 3 81 3 0 81 0 3 0 81 3,0 1 2 3 4 5 6 6 8 9 10 11 12 13 14 15 15 17,14|6|0|0|-12,True,EXACT_KEY_JOIN__NO_EXTERNAL_MASS_READ,ROUTE_MEMORY_AVAILABLE__ETA_TRANSDUCER_REQUIRES_CERTIFICATE
rutas_enriquecidas,20,INTERNAL_ENRICHED_ROUTES,1,r1c5_h-1v-1,5,1,5,-1,-1,charged_lepton_G4,charged_lepton,G4,,34|0|-8|0|-8|+0+---+0+---,+++-0-+++-0-,66,64,64,60,40,48,5,"(100,66,0)","(48,54,5)",99.51837473042726913417918,47.60649894337213544641686,1.000000068994276645021895,1.000000033004718053243084,TARGET_FREE_INTERNAL_ROUTE,"1,5;9,5",27,27,27,54,216,18,0.0,1,1,1,1,71,107,1,0,1,17,9,9,34,0,-2,0,-8,90 570 264 90 567 657 24 243 657 90 570 264 90 567 657 24 243 657,0 1 2 3 4 5 6 7 8 9 10 11 12 13 13 15 16 17,34|0|-2|0|-8,True,EXACT_KEY_JOIN__NO_EXTERNAL_MASS_READ,ROUTE_MEMORY_AVAILABLE__ETA_TRANSDUCER_REQUIRES_CERTIFICATE
rutas_enriquecidas,21,INTERNAL_ENRICHED_ROUTES,1,r1c6_h+1v+1,6,1,6,1,1,neutrino_G4,neutrino,G4,,34|0|-4|0|-12|+++---+++---,+++---+++---,66,60,64,48,32,80,6,"(80,66,2)","(80,54,6)",79.51859712327265341428729,79.60661013979482758647091,1.000000055128794709248880,1.000000055189812531859140,TARGET_FREE_INTERNAL_ROUTE,"1,6;9,4",27,27,27,54,216,18,0.0,1,1,1,1,71,107,2,1,2,16,9,9,34,0,0,0,-12,327 498 99 327 501 486 423 15 486 327 498 99 327 501 486 423 15 486,0 1 2 3 4 5 6 7 7 9 10 11 12 13 14 15 16 16,34|0|0|0|-12,True,EXACT_KEY_JOIN__NO_EXTERNAL_MASS_READ,ROUTE_MEMORY_AVAILABLE__ETA_TRANSDUCER_REQUIRES_CERTIFICATE
rutas_enriquecidas,22,INTERNAL_ENRICHED_ROUTES,1,r1c6_h+1v-1,6,1,6,1,-1,neutrino_G4,neutrino,G4,,34|0|-4|0|-12|+++---+++---,0++---0++---,84,24,84,24,16,56,5,"(40,84,30)","(56,54,5)",39.39035827686092491784959,55.60649894337213544641686,1.000000027308617396708705,1.000000038550972354141645,TARGET_FREE_INTERNAL_ROUTE,"1,6;9,4",27,27,27,54,216,18,0.0,1,1,1,1,71,107,0,0,0,17,9,9,50,-4,2,-2,-8,333 255 252 333 258 414 420 258 414 333 255 252 333 258 414 420 258 414,0 1 2 3 4 5 6 7 8 9 10 11 12 13 14 15 16 17,50|-4|2|-2|-8,True,EXACT_KEY_JOIN__NO_EXTERNAL_MASS_READ,ROUTE_MEMORY_AVAILABLE__ETA_TRANSDUCER_REQUIRES_CERTIFICATE
rutas_enriquecidas,23,INTERNAL_ENRICHED_ROUTES,1,r1c6_h-1v+1,6,1,6,-1,1,neutrino_G4,neutrino,G4,,34|0|-4|0|-12|+++---+++---,+++0--+++0--,84,24,84,24,16,56,5,"(40,84,30)","(56,54,5)",39.39035827686092491784959,55.60649894337213544641686,1.000000027308617396708705,1.000000038550972354141645,TARGET_FREE_INTERNAL_ROUTE,"1,6;9,4",27,27,27,54,216,18,0.0,1,1,1,1,71,107,1,0,1,17,9,9,50,4,-2,2,-8,420 258 414 420 255 252 333 255 252 420 258 414 420 255 252 333 255 252,0 1 2 3 4 5 6 7 8 9 10 11 12 13 14 15 15 17,50|4|-2|2|-8,True,EXACT_KEY_JOIN__NO_EXTERNAL_MASS_READ,ROUTE_MEMORY_AVAILABLE__ETA_TRANSDUCER_REQUIRES_CERTIFICATE
rutas_enriquecidas,24,INTERNAL_ENRICHED_ROUTES,1,r1c6_h-1v-1,6,1,6,-1,-1,neutrino_G4,neutrino,G4,,34|0|-4|0|-12|+++---+++---,+++---+++---,66,60,64,48,32,80,6,"(80,66,2)","(80,54,6)",79.51859712327265341428729,79.60661013979482758647091,1.000000055128794709248880,1.000000055189812531859140,TARGET_FREE_INTERNAL_ROUTE,"1,6;9,4",27,27,27,54,216,18,0.0,1,1,1,1,71,107,1,1,1,16,9,9,34,0,0,0,-12,423 15 486 423 12 99 327 498 99 423 15 486 423 12 99 327 498 99,0 1 2 3 4 5 6 7 8 9 10 11 12 13 14 15 16 16,34|0|0|0|-12,True,EXACT_KEY_JOIN__NO_EXTERNAL_MASS_READ,ROUTE_MEMORY_AVAILABLE__ETA_TRANSDUCER_REQUIRES_CERTIFICATE
rutas_enriquecidas,25,INTERNAL_ENRICHED_ROUTES,1,r1c7_h+1v+1,7,1,7,1,1,charged_lepton_G4,charged_lepton,G4,,30|6|4|0|-12|+++---+++---,+++---+++---,54,56,70,48,32,80,6,"(80,54,7)","(80,54,6)",79.60672133621751972652496,79.60661013979482758647091,1.000000055189889622315337,1.000000055189812531859140,TARGET_FREE_INTERNAL_ROUTE,"1,7;9,3",27,27,27,54,216,58,30.189475010096174,,,,3,71,107,2,0,1,17,9,9,30,6,0,0,-12,657 24 243 657 18 15 486 423 15 657 24 243 657 18 15 486 423 15,0 1 2 3 4 5 6 7 8 9 10 11 12 13 14 14 15 17,30|6|0|0|-12,True,EXACT_KEY_JOIN__NO_EXTERNAL_MASS_READ,ROUTE_MEMORY_AVAILABLE__ETA_TRANSDUCER_REQUIRES_CERTIFICATE
rutas_enriquecidas,26,INTERNAL_ENRICHED_ROUTES,1,r1c7_h+1v-1,7,1,7,1,-1,charged_lepton_G4,charged_lepton,G4,,30|6|4|0|-12|+++---+++---,+++---+++---,78,28,78,36,24,80,6,"(60,78,25)","(80,54,6)",59.43358641016316702356304,79.60661013979482758647091,1.000000041204222405344905,1.000000055189812531859140,TARGET_FREE_INTERNAL_ROUTE,"1,7;9,3",9,27,27,54,216,54,28.5293250129808,,,,3,71,107,2,0,1,17,9,9,14,4,0,0,-12,666 672 510 666 666 585 507 504 585 666 672 510 666 666 585 507 504 585,0 1 2 3 4 5 6 7 8 9 10 11 12 12 13 15 16 17,14|4|0|0|-12,True,EXACT_KEY_JOIN__NO_EXTERNAL_MASS_READ,ROUTE_MEMORY_AVAILABLE__ETA_TRANSDUCER_REQUIRES_CERTIFICATE
rutas_enriquecidas,27,INTERNAL_ENRICHED_ROUTES,1,r1c7_h-1v+1,7,1,7,-1,1,charged_lepton_G4,charged_lepton,G4,,30|6|4|0|-12|+++---+++---,+++---+++---,78,28,78,36,24,80,6,"(60,78,25)","(80,54,6)",59.43358641016316702356304,79.60661013979482758647091,1.000000041204222405344905,1.000000055189812531859140,TARGET_FREE_INTERNAL_ROUTE,"1,7;9,3",18,27,27,54,216,54,28.5293250129808,,,,3,71,107,0,0,0,17,9,9,14,-4,0,0,-12,507 504 585 507 510 510 666 672 510 507 504 585 507 510 510 666 672 510,0 1 2 3 4 5 6 7 8 9 10 11 12 13 14 15 16 17,14|-4|0|0|-12,True,EXACT_KEY_JOIN__NO_EXTERNAL_MASS_READ,ROUTE_MEMORY_AVAILABLE__ETA_TRANSDUCER_REQUIRES_CERTIFICATE
rutas_enriquecidas,28,INTERNAL_ENRICHED_ROUTES,1,r1c7_h-1v-1,7,1,7,-1,-1,charged_lepton_G4,charged_lepton,G4,,30|6|4|0|-12|+++---+++---,+++---+++---,54,56,70,48,32,80,6,"(80,54,7)","(80,54,6)",79.60672133621751972652496,79.60661013979482758647091,1.000000055189889622315337,1.000000055189812531859140,TARGET_FREE_INTERNAL_ROUTE,"1,7;9,3",27,27,27,54,216,58,30.189475010096174,,,,3,71,107,2,1,2,16,9,9,30,-6,0,0,-12,486 423 15 486 429 243 657 24 243 486 423 15 486 429 243 657 24 243,0 1 2 3 4 5 6 7 8 9 10 11 12 13 13 15 16 16,30|-6|0|0|-12,True,EXACT_KEY_JOIN__NO_EXTERNAL_MASS_READ,ROUTE_MEMORY_AVAILABLE__ETA_TRANSDUCER_REQUIRES_CERTIFICATE
rutas_enriquecidas,29,INTERNAL_ENRICHED_ROUTES,1,r1c8_h+1v+1,8,1,8,1,1,neutrino_G4,neutrino,G4,,28|6|2|0|-12|+++---+++---,+++---+++---,66,64,64,60,40,80,6,"(100,66,0)","(80,54,6)",99.51837473042726913417918,79.60661013979482758647091,1.000000068994276645021895,1.000000055189812531859140,TARGET_FREE_INTERNAL_ROUTE,"1,8;9,2",27,27,27,54,216,40,20.339850002884624,,,,2,71,107,0,0,0,17,9,9,28,6,0,0,-12,24 243 657 24 246 264 90 570 264 24 243 657 24 246 264 90 570 264,0 1 2 3 4 5 6 7 8 9 10 11 12 13 14 15 16 17,28|6|0|0|-12,True,EXACT_KEY_JOIN__NO_EXTERNAL_MASS_READ,ROUTE_MEMORY_AVAILABLE__ETA_TRANSDUCER_REQUIRES_CERTIFICATE
rutas_enriquecidas,30,INTERNAL_ENRICHED_ROUTES,1,r1c8_h+1v-1,8,1,8,1,-1,neutrino_G4,neutrino,G4,,28|6|2|0|-12|+++---+++---,0++--00++--0,24,20,24,24,16,36,4,"(40,24,2)","(36,54,4)",39.82508593118257305617326,35.60638774694944330636281,1.000000027610006159514215,1.000000024685259569118152,TARGET_FREE_INTERNAL_ROUTE,"1,8;9,2",27,27,27,54,216,36,18.0,,,,2,71,107,0,0,0,17,9,9,20,0,0,0,-4,0 81 3 0 84 0 81 3 0 0 81 3 0 84 0 81 3 0,0 1 2 3 4 5 6 7 8 9 10 11 12 13 14 15 16 17,20|0|0|0|-4,True,EXACT_KEY_JOIN__NO_EXTERNAL_MASS_READ,ROUTE_MEMORY_AVAILABLE__ETA_TRANSDUCER_REQUIRES_CERTIFICATE
rutas_enriquecidas,31,INTERNAL_ENRICHED_ROUTES,1,r1c8_h-1v+1,8,1,8,-1,1,neutrino_G4,neutrino,G4,,28|6|2|0|-12|+++---+++---,++00--++00--,24,20,24,24,16,36,4,"(40,24,2)","(36,54,4)",39.82508593118257305617326,35.60638774694944330636281,1.000000027610006159514215,1.000000024685259569118152,TARGET_FREE_INTERNAL_ROUTE,"1,8;9,2",27,27,27,54,216,36,18.0,,,,2,71,107,2,0,2,17,9,9,20,0,0,0,-4,81 3 0 81 0 3 0 81 3 81 3 0 81 0 3 0 81 3,0 1 2 3 4 5 6 6 8 9 10 11 12 13 14 15 15 17,20|0|0|0|-4,True,EXACT_KEY_JOIN__NO_EXTERNAL_MASS_READ,ROUTE_MEMORY_AVAILABLE__ETA_TRANSDUCER_REQUIRES_CERTIFICATE
rutas_enriquecidas,32,INTERNAL_ENRICHED_ROUTES,1,r1c8_h-1v-1,8,1,8,-1,-1,neutrino_G4,neutrino,G4,,28|6|2|0|-12|+++---+++---,+++---+++---,66,64,64,60,40,80,6,"(100,66,0)","(80,54,6)",99.51837473042726913417918,79.60661013979482758647091,1.000000068994276645021895,1.000000055189812531859140,TARGET_FREE_INTERNAL_ROUTE,"1,8;9,2",27,27,27,54,216,36,18.0,,,,2,71,107,1,0,1,17,9,9,28,-6,0,0,-12,90 570 264 90 567 657 24 243 657 90 570 264 90 567 657 24 243 657,0 1 2 3 4 5 6 7 8 9 10 11 12 13 13 15 16 17,28|-6|0|0|-12,True,EXACT_KEY_JOIN__NO_EXTERNAL_MASS_READ,ROUTE_MEMORY_AVAILABLE__ETA_TRANSDUCER_REQUIRES_CERTIFICATE
rutas_enriquecidas,33,INTERNAL_ENRICHED_ROUTES,1,r1c9_h+1v+1,9,1,9,1,1,charged_lepton_G4,charged_lepton,G4,,28|-6|4|0|-12|+++---+++---,+++---+++---,66,60,64,48,32,80,6,"(80,66,2)","(80,54,6)",79.51859712327265341428729,79.60661013979482758647091,1.000000055128794709248880,1.000000055189812531859140,TARGET_FREE_INTERNAL_ROUTE,"1,9;9,1",27,27,27,54,216,54,28.5293250129808,,,,3,71,107,2,1,2,16,9,9,28,-6,0,-2,-12,327 498 99 327 501 486 423 15 486 327 498 99 327 501 486 423 15 486,0 1 2 3 4 5 6 7 7 9 10 11 12 13 14 15 16 16,28|-6|0|-2|-12,False,EXACT_KEY_JOIN__NO_EXTERNAL_MASS_READ,ROUTE_MEMORY_AVAILABLE__ETA_TRANSDUCER_REQUIRES_CERTIFICATE
rutas_enriquecidas,34,INTERNAL_ENRICHED_ROUTES,1,r1c9_h+1v-1,9,1,9,1,-1,charged_lepton_G4,charged_lepton,G4,,28|-6|4|0|-12|+++---+++---,+0+---+0+---,84,24,84,24,16,48,5,"(40,84,30)","(48,54,5)",39.39035827686092491784959,47.60649894337213544641686,1.000000027308617396708705,1.000000033004718053243084,TARGET_FREE_INTERNAL_ROUTE,"1,9;9,1",27,27,27,54,216,54,28.5293250129808,,,,3,71,107,0,0,0,17,9,9,50,-4,2,-2,-8,333 255 252 333 258 414 420 258 414 333 255 252 333 258 414 420 258 414,0 1 2 3 4 5 6 7 8 9 10 11 12 13 14 15 16 17,50|-4|2|-2|-8,False,EXACT_KEY_JOIN__NO_EXTERNAL_MASS_READ,ROUTE_MEMORY_AVAILABLE__ETA_TRANSDUCER_REQUIRES_CERTIFICATE
rutas_enriquecidas,35,INTERNAL_ENRICHED_ROUTES,1,r1c9_h-1v+1,9,1,9,-1,1,charged_lepton_G4,charged_lepton,G4,,28|-6|4|0|-12|+++---+++---,+++-0-+++-0-,84,24,84,24,16,48,5,"(40,84,30)","(48,54,5)",39.39035827686092491784959,47.60649894337213544641686,1.000000027308617396708705,1.000000033004718053243084,TARGET_FREE_INTERNAL_ROUTE,"1,9;9,1",27,27,27,54,216,54,28.5293250129808,,,,3,71,107,1,0,1,17,9,9,50,4,-2,2,-8,420 258 414 420 255 252 333 255 252 420 258 414 420 255 252 333 255 252,0 1 2 3 4 5 6 7 8 9 10 11 12 13 14 15 15 17,50|4|-2|2|-8,False,EXACT_KEY_JOIN__NO_EXTERNAL_MASS_READ,ROUTE_MEMORY_AVAILABLE__ETA_TRANSDUCER_REQUIRES_CERTIFICATE
rutas_enriquecidas,36,INTERNAL_ENRICHED_ROUTES,1,r1c9_h-1v-1,9,1,9,-1,-1,charged_lepton_G4,charged_lepton,G4,,28|-6|4|0|-12|+++---+++---,+++---+++---,66,60,64,48,32,80,6,"(80,66,2)","(80,54,6)",79.51859712327265341428729,79.60661013979482758647091,1.000000055128794709248880,1.000000055189812531859140,TARGET_FREE_INTERNAL_ROUTE,"1,9;9,1",27,27,27,54,216,54,28.5293250129808,,,,3,71,107,1,1,1,16,9,9,28,6,0,2,-12,423 15 486 423 12 99 327 498 99 423 15 486 423 12 99 327 498 99,0 1 2 3 4 5 6 7 8 9 10 11 12 13 14 15 16 16,28|6|0|2|-12,False,EXACT_KEY_JOIN__NO_EXTERNAL_MASS_READ,ROUTE_MEMORY_AVAILABLE__ETA_TRANSDUCER_REQUIRES_CERTIFICATE
rutas_enriquecidas,37,INTERNAL_ENRICHED_ROUTES,1,r2c1_h+1v+1,10,2,1,1,1,quark_down_G4,quark_down,G4,G,28|-6|12|0|-12|+++---+++---,+++---+++---,66,64,68,60,40,80,6,"(100,66,2)","(80,54,6)",99.51859712327265341428729,79.60661013979482758647091,1.000000068994430825936417,1.000000055189812531859140,TARGET_FREE_INTERNAL_ROUTE,"2,1;8,9",27,27,27,54,216,36,18.0,,,,2,71,107,1,0,1,17,9,9,28,-6,0,-4,-12,99 327 498 99 324 423 15 486 423 99 327 498 99 324 423 15 486 423,0 1 2 3 4 5 6 7 8 9 10 11 12 13 14 14 16 17,28|-6|0|-4|-12,True,EXACT_KEY_JOIN__NO_EXTERNAL_MASS_READ,ROUTE_MEMORY_AVAILABLE__ETA_TRANSDUCER_REQUIRES_CERTIFICATE
rutas_enriquecidas,38,INTERNAL_ENRICHED_ROUTES,1,r2c1_h+1v-1,10,2,1,1,-1,quark_down_G4,quark_down,G4,G,28|-6|12|0|-12|+++---+++---,+++-0-+++-0-,24,20,24,24,16,48,5,"(40,24,2)","(48,54,5)",39.82508593118257305617326,47.60649894337213544641686,1.000000027610006159514215,1.000000033004718053243084,TARGET_FREE_INTERNAL_ROUTE,"2,1;8,9",27,27,27,54,216,36,18.0,,,,2,71,107,2,0,2,17,9,9,50,6,-2,4,-8,81 3 0 81 0 3 0 81 3 81 3 0 81 0 3 0 81 3,0 1 2 3 4 5 6 6 8 9 10 11 12 13 14 15 15 17,50|6|-2|4|-8,True,EXACT_KEY_JOIN__NO_EXTERNAL_MASS_READ,ROUTE_MEMORY_AVAILABLE__ETA_TRANSDUCER_REQUIRES_CERTIFICATE
rutas_enriquecidas,39,INTERNAL_ENRICHED_ROUTES,1,r2c1_h-1v+1,10,2,1,-1,1,quark_down_G4,quark_down,G4,G,28|-6|12|0|-12|+++---+++---,+0+---+0+---,24,20,24,24,16,48,5,"(40,24,2)","(48,54,5)",39.82508593118257305617326,47.60649894337213544641686,1.000000027610006159514215,1.000000033004718053243084,TARGET_FREE_INTERNAL_ROUTE,"2,1;8,9",27,27,27,54,216,36,18.0,,,,2,71,107,0,0,0,17,9,9,50,-6,2,-4,-8,0 81 3 0 84 0 81 3 0 0 81 3 0 84 0 81 3 0,0 1 2 3 4 5 6 7 8 9 10 11 12 13 14 15 16 17,50|-6|2|-4|-8,True,EXACT_KEY_JOIN__NO_EXTERNAL_MASS_READ,ROUTE_MEMORY_AVAILABLE__ETA_TRANSDUCER_REQUIRES_CERTIFICATE
rutas_enriquecidas,40,INTERNAL_ENRICHED_ROUTES,1,r2c1_h-1v-1,10,2,1,-1,-1,quark_down_G4,quark_down,G4,G,28|-6|12|0|-12|+++---+++---,+++---+++---,66,64,68,60,40,80,6,"(100,66,2)","(80,54,6)",99.51859712327265341428729,79.60661013979482758647091,1.000000068994430825936417,1.000000055189812531859140,TARGET_FREE_INTERNAL_ROUTE,"2,1;8,9",27,27,27,54,216,40,20.339850002884624,,,,2,71,107,1,1,1,16,9,9,28,6,0,4,-12,15 486 423 15 489 498 99 327 498 15 486 423 15 489 498 99 327 498,0 1 2 3 4 5 6 7 8 9 10 11 12 13 14 15 16 16,28|6|0|4|-12,True,EXACT_KEY_JOIN__NO_EXTERNAL_MASS_READ,ROUTE_MEMORY_AVAILABLE__ETA_TRANSDUCER_REQUIRES_CERTIFICATE
rutas_enriquecidas,41,INTERNAL_ENRICHED_ROUTES,1,r2c2_h+1v+1,11,2,2,1,1,quark_up_G3,quark_up,G3,R,24|0|4|0|-12|+++---+++---,+++---+++---,54,56,68,48,32,80,6,"(80,54,6)","(80,54,6)",79.60661013979482758647091,79.60661013979482758647091,1.000000055189812531859140,1.000000055189812531859140,TARGET_FREE_INTERNAL_ROUTE,"2,2;8,8",18,18,27,54,216,72,36.0,,,,4,71,107,2,1,2,16,9,9,24,0,0,0,-12,243 657 24 243 663 486 423 15 486 243 657 24 243 663 486 423 15 486,0 1 2 3 4 5 6 7 8 9 10 11 12 13 14 14 16 16,24|0|0|0|-12,True,EXACT_KEY_JOIN__NO_EXTERNAL_MASS_READ,ROUTE_MEMORY_AVAILABLE__ETA_TRANSDUCER_REQUIRES_CERTIFICATE
rutas_enriquecidas,42,INTERNAL_ENRICHED_ROUTES,1,r2c2_h+1v-1,11,2,2,1,-1,quark_up_G3,quark_up,G3,R,24|0|4|0|-12|+++---+++---,+++---+++---,84,28,84,36,24,80,6,"(60,84,28)","(80,54,6)",59.39013588401554063774148,79.60661013979482758647091,1.000000041174098946741575,1.000000055189812531859140,TARGET_FREE_INTERNAL_ROUTE,"2,2;8,8",27,27,27,54,216,72,36.0,,,,4,71,107,3,0,2,17,9,9,8,2,0,0,-12,255 252 333 255 258 258 414 420 258 255 252 333 255 258 258 414 420 258,0 1 2 3 4 5 6 7 8 9 10 11 11 12 14 15 15 17,8|2|0|0|-12,True,EXACT_KEY_JOIN__NO_EXTERNAL_MASS_READ,ROUTE_MEMORY_AVAILABLE__ETA_TRANSDUCER_REQUIRES_CERTIFICATE
rutas_enriquecidas,43,INTERNAL_ENRICHED_ROUTES,1,r2c2_h-1v+1,11,2,2,-1,1,quark_up_G3,quark_up,G3,R,24|0|4|0|-12|+++---+++---,+++---+++---,84,28,84,36,24,80,6,"(60,84,28)","(80,54,6)",59.39013588401554063774148,79.60661013979482758647091,1.000000041174098946741575,1.000000055189812531859140,TARGET_FREE_INTERNAL_ROUTE,"2,2;8,8",27,27,27,54,216,72,36.0,,,,4,71,107,2,1,2,16,9,9,8,-2,0,0,-12,414 420 258 414 414 333 255 252 333 414 420 258 414 414 333 255 252 333,0 1 2 3 4 5 6 7 8 9 10 11 12 13 14 14 16 16,8|-2|0|0|-12,True,EXACT_KEY_JOIN__NO_EXTERNAL_MASS_READ,ROUTE_MEMORY_AVAILABLE__ETA_TRANSDUCER_REQUIRES_CERTIFICATE
rutas_enriquecidas,44,INTERNAL_ENRICHED_ROUTES,1,r2c2_h-1v-1,11,2,2,-1,-1,quark_up_G3,quark_up,G3,R,24|0|4|0|-12|+++---+++---,+++---+++---,54,56,68,48,32,80,6,"(80,54,6)","(80,54,6)",79.60661013979482758647091,79.60661013979482758647091,1.000000055189812531859140,1.000000055189812531859140,TARGET_FREE_INTERNAL_ROUTE,"2,2;8,8",9,9,27,54,216,72,36.0,,,,4,71,107,3,0,2,17,9,9,24,0,0,0,-12,423 15 486 423 9 24 243 657 24 423 15 486 423 9 24 243 657 24,0 1 2 3 4 5 6 7 8 9 10 11 11 13 14 14 15 17,24|0|0|0|-12,True,EXACT_KEY_JOIN__NO_EXTERNAL_MASS_READ,ROUTE_MEMORY_AVAILABLE__ETA_TRANSDUCER_REQUIRES_CERTIFICATE
rutas_enriquecidas,45,INTERNAL_ENRICHED_ROUTES,1,r2c3_h+1v+1,12,2,3,1,1,quark_down_G3,quark_down,G3,B,28|6|4|0|-12|+++---+++---,+++---+++---,66,60,68,48,32,80,6,"(80,66,4)","(80,54,6)",79.51881951611803769439539,79.60661013979482758647091,1.000000055128948890161264,1.000000055189812531859140,TARGET_FREE_INTERNAL_ROUTE,"2,3;8,7",27,27,27,54,216,36,18.0,,,,2,71,107,0,0,0,17,9,9,28,6,0,4,-12,657 24 243 657 21 90 570 264 90 657 24 243 657 21 90 570 264 90,0 1 2 3 4 5 6 7 8 9 10 11 12 13 14 15 16 17,28|6|0|4|-12,True,EXACT_KEY_JOIN__NO_EXTERNAL_MASS_READ,ROUTE_MEMORY_AVAILABLE__ETA_TRANSDUCER_REQUIRES_CERTIFICATE
rutas_enriquecidas,46,INTERNAL_ENRICHED_ROUTES,1,r2c3_h+1v-1,12,2,3,1,-1,quark_down_G3,quark_down,G3,B,28|6|4|0|-12|+++---+++---,+++---+++---,78,24,78,24,16,80,6,"(40,78,27)","(80,54,6)",39.43380880300855130367114,79.60661013979482758647091,1.000000027338740854894358,1.000000055189812531859140,TARGET_FREE_INTERNAL_ROUTE,"2,3;8,7",27,27,27,54,216,36,18.0,,,,2,71,107,1,0,1,17,9,9,44,-2,0,-2,-12,672 510 666 672 507 504 585 507 504 672 510 666 672 507 504 585 507 504,0 1 2 3 4 5 6 7 8 9 10 11 12 13 14 14 16 17,44|-2|0|-2|-12,True,EXACT_KEY_JOIN__NO_EXTERNAL_MASS_READ,ROUTE_MEMORY_AVAILABLE__ETA_TRANSDUCER_REQUIRES_CERTIFICATE
rutas_enriquecidas,47,INTERNAL_ENRICHED_ROUTES,1,r2c3_h-1v+1,12,2,3,-1,1,quark_down_G3,quark_down,G3,B,28|6|4|0|-12|+++---+++---,+++---+++---,78,24,78,24,16,80,6,"(40,78,27)","(80,54,6)",39.43380880300855130367114,79.60661013979482758647091,1.000000027338740854894358,1.000000055189812531859140,TARGET_FREE_INTERNAL_ROUTE,"2,3;8,7",27,27,27,54,216,36,18.0,,,,2,71,107,1,0,1,17,9,9,44,2,0,2,-12,585 507 504 585 510 666 672 510 666 585 507 504 585 510 666 672 510 666,0 1 2 3 4 5 6 7 8 9 10 11 12 13 14 14 16 17,44|2|0|2|-12,True,EXACT_KEY_JOIN__NO_EXTERNAL_MASS_READ,ROUTE_MEMORY_AVAILABLE__ETA_TRANSDUCER_REQUIRES_CERTIFICATE
rutas_enriquecidas,48,INTERNAL_ENRICHED_ROUTES,1,r2c3_h-1v-1,12,2,3,-1,-1,quark_down_G3,quark_down,G3,B,28|6|4|0|-12|+++---+++---,+++---+++---,66,60,68,48,32,80,6,"(80,66,4)","(80,54,6)",79.51881951611803769439539,79.60661013979482758647091,1.000000055128948890161264,1.000000055189812531859140,TARGET_FREE_INTERNAL_ROUTE,"2,3;8,7",27,27,27,54,216,36,18.0,,,,2,71,107,1,0,1,17,9,9,28,-6,0,-4,-12,570 264 90 570 267 243 657 24 243 570 264 90 570 267 243 657 24 243,0 1 1 3 4 5 6 7 8 9 10 11 12 13 14 15 16 17,28|-6|0|-4|-12,True,EXACT_KEY_JOIN__NO_EXTERNAL_MASS_READ,ROUTE_MEMORY_AVAILABLE__ETA_TRANSDUCER_REQUIRES_CERTIFICATE
rutas_enriquecidas,49,INTERNAL_ENRICHED_ROUTES,1,r2c4_h+1v+1,13,2,4,1,1,quark_up_G3,quark_up,G3,G,28|-6|6|0|-12|+++---+++---,+++---+++---,66,64,68,60,40,80,6,"(100,66,2)","(80,54,6)",99.51859712327265341428729,79.60661013979482758647091,1.000000068994430825936417,1.000000055189812531859140,TARGET_FREE_INTERNAL_ROUTE,"2,4;8,6",27,27,27,54,216,36,18.0,,,,2,71,107,1,0,1,17,9,9,28,-6,0,0,-12,99 327 498 99 324 423 15 486 423 99 327 498 99 324 423 15 486 423,0 1 2 3 4 5 6 7 8 9 10 11 12 13 14 14 16 17,28|-6|0|0|-12,False,EXACT_KEY_JOIN__NO_EXTERNAL_MASS_READ,ROUTE_MEMORY_AVAILABLE__ETA_TRANSDUCER_REQUIRES_CERTIFICATE
rutas_enriquecidas,50,INTERNAL_ENRICHED_ROUTES,1,r2c4_h+1v-1,13,2,4,1,-1,quark_up_G3,quark_up,G3,G,28|-6|6|0|-12|+++---+++---,+++---+++---,24,20,24,24,16,80,6,"(40,24,2)","(80,54,6)",39.82508593118257305617326,79.60661013979482758647091,1.000000027610006159514215,1.000000055189812531859140,TARGET_FREE_INTERNAL_ROUTE,"2,4;8,6",27,27,27,54,216,72,36.0,,,,4,71,107,2,0,2,17,9,9,14,-6,0,0,-12,81 3 0 81 0 3 0 81 3 81 3 0 81 0 3 0 81 3,0 1 2 3 4 5 6 6 8 9 10 11 12 13 14 15 15 17,14|-6|0|0|-12,False,EXACT_KEY_JOIN__NO_EXTERNAL_MASS_READ,ROUTE_MEMORY_AVAILABLE__ETA_TRANSDUCER_REQUIRES_CERTIFICATE
rutas_enriquecidas,51,INTERNAL_ENRICHED_ROUTES,1,r2c4_h-1v+1,13,2,4,-1,1,quark_up_G3,quark_up,G3,G,28|-6|6|0|-12|+++---+++---,+++---+++---,24,20,24,24,16,80,6,"(40,24,2)","(80,54,6)",39.82508593118257305617326,79.60661013979482758647091,1.000000027610006159514215,1.000000055189812531859140,TARGET_FREE_INTERNAL_ROUTE,"2,4;8,6",27,27,27,54,216,72,36.0,,,,4,71,107,0,0,0,17,9,9,14,6,0,0,-12,0 81 3 0 84 0 81 3 0 0 81 3 0 84 0 81 3 0,0 1 2 3 4 5 6 7 8 9 10 11 12 13 14 15 16 17,14|6|0|0|-12,False,EXACT_KEY_JOIN__NO_EXTERNAL_MASS_READ,ROUTE_MEMORY_AVAILABLE__ETA_TRANSDUCER_REQUIRES_CERTIFICATE
rutas_enriquecidas,52,INTERNAL_ENRICHED_ROUTES,1,r2c4_h-1v-1,13,2,4,-1,-1,quark_up_G3,quark_up,G3,G,28|-6|6|0|-12|+++---+++---,+++---+++---,66,64,68,60,40,80,6,"(100,66,2)","(80,54,6)",99.51859712327265341428729,79.60661013979482758647091,1.000000068994430825936417,1.000000055189812531859140,TARGET_FREE_INTERNAL_ROUTE,"2,4;8,6",27,27,27,54,216,36,18.0,,,,2,71,107,1,1,1,16,9,9,28,6,0,0,-12,15 486 423 15 489 498 99 327 498 15 486 423 15 489 498 99 327 498,0 1 2 3 4 5 6 7 8 9 10 11 12 13 14 15 16 16,28|6|0|0|-12,False,EXACT_KEY_JOIN__NO_EXTERNAL_MASS_READ,ROUTE_MEMORY_AVAILABLE__ETA_TRANSDUCER_REQUIRES_CERTIFICATE
rutas_enriquecidas,53,INTERNAL_ENRICHED_ROUTES,1,r2c5_h+1v+1,14,2,5,1,1,quark_down_G3,quark_down,G3,R,30|-6|0|0|-12|+++---+++---,+++---+++---,54,56,68,48,32,80,6,"(80,54,6)","(80,54,6)",79.60661013979482758647091,79.60661013979482758647091,1.000000055189812531859140,1.000000055189812531859140,TARGET_FREE_INTERNAL_ROUTE,"2,5;8,5",27,27,27,54,216,36,18.0,1,,,2,71,107,2,1,2,16,9,9,30,-6,0,-4,-12,243 657 24 243 663 486 423 15 486 243 657 24 243 663 486 423 15 486,0 1 2 3 4 5 6 7 8 9 10 11 12 13 14 14 16 16,30|-6|0|-4|-12,True,EXACT_KEY_JOIN__NO_EXTERNAL_MASS_READ,ROUTE_MEMORY_AVAILABLE__ETA_TRANSDUCER_REQUIRES_CERTIFICATE
rutas_enriquecidas,54,INTERNAL_ENRICHED_ROUTES,1,r2c5_h+1v-1,14,2,5,1,-1,quark_down_G3,quark_down,G3,R,30|-6|0|0|-12|+++---+++---,00+---00+---,84,28,84,36,24,20,4,"(60,84,28)","(20,54,4)",59.39013588401554063774148,19.60638774694944330636281,1.000000041174098946741575,1.000000013592751151887498,TARGET_FREE_INTERNAL_ROUTE,"2,5;8,5",27,27,27,54,216,36,18.0,1,,,2,71,107,3,0,2,17,9,9,50,-4,4,0,-4,255 252 333 255 258 258 414 420 258 255 252 333 255 258 258 414 420 258,0 1 2 3 4 5 6 7 8 9 10 11 11 12 14 15 15 17,50|-4|4|0|-4,True,EXACT_KEY_JOIN__NO_EXTERNAL_MASS_READ,ROUTE_MEMORY_AVAILABLE__ETA_TRANSDUCER_REQUIRES_CERTIFICATE
rutas_enriquecidas,55,INTERNAL_ENRICHED_ROUTES,1,r2c5_h-1v+1,14,2,5,-1,1,quark_down_G3,quark_down,G3,R,30|-6|0|0|-12|+++---+++---,+++00-+++00-,84,28,84,36,24,20,4,"(60,84,28)","(20,54,4)",59.39013588401554063774148,19.60638774694944330636281,1.000000041174098946741575,1.000000013592751151887498,TARGET_FREE_INTERNAL_ROUTE,"2,5;8,5",27,27,27,54,216,36,18.0,1,,,2,71,107,2,1,2,16,9,9,50,4,-4,0,-4,414 420 258 414 414 333 255 252 333 414 420 258 414 414 333 255 252 333,0 1 2 3 4 5 6 7 8 9 10 11 12 13 14 14 16 16,50|4|-4|0|-4,True,EXACT_KEY_JOIN__NO_EXTERNAL_MASS_READ,ROUTE_MEMORY_AVAILABLE__ETA_TRANSDUCER_REQUIRES_CERTIFICATE
rutas_enriquecidas,56,INTERNAL_ENRICHED_ROUTES,1,r2c5_h-1v-1,14,2,5,-1,-1,quark_down_G3,quark_down,G3,R,30|-6|0|0|-12|+++---+++---,+++---+++---,54,56,68,48,32,80,6,"(80,54,6)","(80,54,6)",79.60661013979482758647091,79.60661013979482758647091,1.000000055189812531859140,1.000000055189812531859140,TARGET_FREE_INTERNAL_ROUTE,"2,5;8,5",27,27,27,54,216,36,18.0,1,,,2,71,107,3,0,2,17,9,9,30,6,0,4,-12,423 15 486 423 9 24 243 657 24 423 15 486 423 9 24 243 657 24,0 1 2 3 4 5 6 7 8 9 10 11 11 13 14 14 15 17,30|6|0|4|-12,True,EXACT_KEY_JOIN__NO_EXTERNAL_MASS_READ,ROUTE_MEMORY_AVAILABLE__ETA_TRANSDUCER_REQUIRES_CERTIFICATE
rutas_enriquecidas,57,INTERNAL_ENRICHED_ROUTES,1,r2c6_h+1v+1,15,2,6,1,1,quark_up_G3,quark_up,G3,B,34|0|-16|0|-8|+0+---+0+---,+0+---+0+---,66,60,68,48,32,48,5,"(80,66,4)","(48,54,5)",79.51881951611803769439539,47.60649894337213544641686,1.000000055128948890161264,1.000000033004718053243084,TARGET_FREE_INTERNAL_ROUTE,"2,6;8,4",27,27,27,54,216,36,18.0,,,,2,71,107,0,0,0,17,9,9,34,0,2,0,-8,657 24 243 657 21 90 570 264 90 657 24 243 657 21 90 570 264 90,0 1 2 3 4 5 6 7 8 9 10 11 12 13 14 15 16 17,34|0|2|0|-8,False,EXACT_KEY_JOIN__NO_EXTERNAL_MASS_READ,ROUTE_MEMORY_AVAILABLE__ETA_TRANSDUCER_REQUIRES_CERTIFICATE
rutas_enriquecidas,58,INTERNAL_ENRICHED_ROUTES,1,r2c6_h+1v-1,15,2,6,1,-1,quark_up_G3,quark_up,G3,B,34|0|-16|0|-8|+0+---+0+---,+++---+++---,78,24,78,24,16,80,6,"(40,78,27)","(80,54,6)",39.43380880300855130367114,79.60661013979482758647091,1.000000027338740854894358,1.000000055189812531859140,TARGET_FREE_INTERNAL_ROUTE,"2,6;8,4",27,27,27,54,216,36,18.0,,,,2,71,107,1,0,1,17,9,9,14,4,0,0,-12,672 510 666 672 507 504 585 507 504 672 510 666 672 507 504 585 507 504,0 1 2 3 4 5 6 7 8 9 10 11 12 13 14 14 16 17,14|4|0|0|-12,False,EXACT_KEY_JOIN__NO_EXTERNAL_MASS_READ,ROUTE_MEMORY_AVAILABLE__ETA_TRANSDUCER_REQUIRES_CERTIFICATE
rutas_enriquecidas,59,INTERNAL_ENRICHED_ROUTES,1,r2c6_h-1v+1,15,2,6,-1,1,quark_up_G3,quark_up,G3,B,34|0|-16|0|-8|+0+---+0+---,+++---+++---,78,24,78,24,16,80,6,"(40,78,27)","(80,54,6)",39.43380880300855130367114,79.60661013979482758647091,1.000000027338740854894358,1.000000055189812531859140,TARGET_FREE_INTERNAL_ROUTE,"2,6;8,4",27,27,27,54,216,36,18.0,,,,2,71,107,1,0,1,17,9,9,14,-4,0,0,-12,585 507 504 585 510 666 672 510 666 585 507 504 585 510 666 672 510 666,0 1 2 3 4 5 6 7 8 9 10 11 12 13 14 14 16 17,14|-4|0|0|-12,False,EXACT_KEY_JOIN__NO_EXTERNAL_MASS_READ,ROUTE_MEMORY_AVAILABLE__ETA_TRANSDUCER_REQUIRES_CERTIFICATE
rutas_enriquecidas,60,INTERNAL_ENRICHED_ROUTES,1,r2c6_h-1v-1,15,2,6,-1,-1,quark_up_G3,quark_up,G3,B,34|0|-16|0|-8|+0+---+0+---,+++-0-+++-0-,66,60,68,48,32,48,5,"(80,66,4)","(48,54,5)",79.51881951611803769439539,47.60649894337213544641686,1.000000055128948890161264,1.000000033004718053243084,TARGET_FREE_INTERNAL_ROUTE,"2,6;8,4",27,27,27,54,216,36,18.0,,,,2,71,107,1,0,1,17,9,9,34,0,-2,0,-8,570 264 90 570 267 243 657 24 243 570 264 90 570 267 243 657 24 243,0 1 1 3 4 5 6 7 8 9 10 11 12 13 14 15 16 17,34|0|-2|0|-8,False,EXACT_KEY_JOIN__NO_EXTERNAL_MASS_READ,ROUTE_MEMORY_AVAILABLE__ETA_TRANSDUCER_REQUIRES_CERTIFICATE
rutas_enriquecidas,61,INTERNAL_ENRICHED_ROUTES,1,r2c7_h+1v+1,16,2,7,1,1,quark_down_G3,quark_down,G3,G,34|0|0|2|-8|+++0--+++0--,+++0--+++0--,66,64,68,60,40,56,5,"(100,66,2)","(56,54,5)",99.51859712327265341428729,55.60649894337213544641686,1.000000068994430825936417,1.000000038550972354141645,TARGET_FREE_INTERNAL_ROUTE,"2,7;8,3",27,27,27,54,216,36,18.0,,,,2,71,107,1,0,1,17,9,9,34,0,-2,0,-8,99 327 498 99 324 423 15 486 423 99 327 498 99 324 423 15 486 423,0 1 2 3 4 5 6 7 8 9 10 11 12 13 14 14 16 17,34|0|-2|0|-8,True,EXACT_KEY_JOIN__NO_EXTERNAL_MASS_READ,ROUTE_MEMORY_AVAILABLE__ETA_TRANSDUCER_REQUIRES_CERTIFICATE
rutas_enriquecidas,62,INTERNAL_ENRICHED_ROUTES,1,r2c7_h+1v-1,16,2,7,1,-1,quark_down_G3,quark_down,G3,G,34|0|0|2|-8|+++0--+++0--,0++--00++--0,24,20,24,24,16,36,4,"(40,24,2)","(36,54,4)",39.82508593118257305617326,35.60638774694944330636281,1.000000027610006159514215,1.000000024685259569118152,TARGET_FREE_INTERNAL_ROUTE,"2,7;8,3",27,27,27,54,216,36,18.0,,,,2,71,107,2,0,2,17,9,9,20,0,0,0,-4,81 3 0 81 0 3 0 81 3 81 3 0 81 0 3 0 81 3,0 1 2 3 4 5 6 6 8 9 10 11 12 13 14 15 15 17,20|0|0|0|-4,True,EXACT_KEY_JOIN__NO_EXTERNAL_MASS_READ,ROUTE_MEMORY_AVAILABLE__ETA_TRANSDUCER_REQUIRES_CERTIFICATE
rutas_enriquecidas,63,INTERNAL_ENRICHED_ROUTES,1,r2c7_h-1v+1,16,2,7,-1,1,quark_down_G3,quark_down,G3,G,34|0|0|2|-8|+++0--+++0--,++00--++00--,24,20,24,24,16,36,4,"(40,24,2)","(36,54,4)",39.82508593118257305617326,35.60638774694944330636281,1.000000027610006159514215,1.000000024685259569118152,TARGET_FREE_INTERNAL_ROUTE,"2,7;8,3",27,27,27,54,216,36,18.0,,,,2,71,107,0,0,0,17,9,9,20,0,0,0,-4,0 81 3 0 84 0 81 3 0 0 81 3 0 84 0 81 3 0,0 1 2 3 4 5 6 7 8 9 10 11 12 13 14 15 16 17,20|0|0|0|-4,True,EXACT_KEY_JOIN__NO_EXTERNAL_MASS_READ,ROUTE_MEMORY_AVAILABLE__ETA_TRANSDUCER_REQUIRES_CERTIFICATE
rutas_enriquecidas,64,INTERNAL_ENRICHED_ROUTES,1,r2c7_h-1v-1,16,2,7,-1,-1,quark_down_G3,quark_down,G3,G,34|0|0|2|-8|+++0--+++0--,0++---0++---,66,64,68,60,40,56,5,"(100,66,2)","(56,54,5)",99.51859712327265341428729,55.60649894337213544641686,1.000000068994430825936417,1.000000038550972354141645,TARGET_FREE_INTERNAL_ROUTE,"2,7;8,3",27,27,27,54,216,36,18.0,,,,2,71,107,1,1,1,16,9,9,34,0,2,0,-8,15 486 423 15 489 498 99 327 498 15 486 423 15 489 498 99 327 498,0 1 2 3 4 5 6 7 8 9 10 11 12 13 14 15 16 16,34|0|2|0|-8,True,EXACT_KEY_JOIN__NO_EXTERNAL_MASS_READ,ROUTE_MEMORY_AVAILABLE__ETA_TRANSDUCER_REQUIRES_CERTIFICATE
rutas_enriquecidas,65,INTERNAL_ENRICHED_ROUTES,1,r2c8_h+1v+1,17,2,8,1,1,quark_up_G3,quark_up,G3,R,30|6|-8|0|-12|+++---+++---,+++---+++---,54,56,68,48,32,80,6,"(80,54,6)","(80,54,6)",79.60661013979482758647091,79.60661013979482758647091,1.000000055189812531859140,1.000000055189812531859140,TARGET_FREE_INTERNAL_ROUTE,"2,8;8,2",27,27,27,54,216,72,36.0,,,,4,71,107,2,1,2,16,9,9,30,6,0,2,-12,243 657 24 243 663 486 423 15 486 243 657 24 243 663 486 423 15 486,0 1 2 3 4 5 6 7 8 9 10 11 12 13 14 14 16 16,30|6|0|2|-12,True,EXACT_KEY_JOIN__NO_EXTERNAL_MASS_READ,ROUTE_MEMORY_AVAILABLE__ETA_TRANSDUCER_REQUIRES_CERTIFICATE
rutas_enriquecidas,66,INTERNAL_ENRICHED_ROUTES,1,r2c8_h+1v-1,17,2,8,1,-1,quark_up_G3,quark_up,G3,R,30|6|-8|0|-12|+++---+++---,0++---0++---,84,28,84,36,24,56,5,"(60,84,28)","(56,54,5)",59.39013588401554063774148,55.60649894337213544641686,1.000000041174098946741575,1.000000038550972354141645,TARGET_FREE_INTERNAL_ROUTE,"2,8;8,2",9,9,27,54,216,72,36.0,,,,4,71,107,3,0,2,17,9,9,50,-4,2,-2,-8,255 252 333 255 258 258 414 420 258 255 252 333 255 258 258 414 420 258,0 1 2 3 4 5 6 7 8 9 10 11 11 12 14 15 15 17,50|-4|2|-2|-8,True,EXACT_KEY_JOIN__NO_EXTERNAL_MASS_READ,ROUTE_MEMORY_AVAILABLE__ETA_TRANSDUCER_REQUIRES_CERTIFICATE
rutas_enriquecidas,67,INTERNAL_ENRICHED_ROUTES,1,r2c8_h-1v+1,17,2,8,-1,1,quark_up_G3,quark_up,G3,R,30|6|-8|0|-12|+++---+++---,+++0--+++0--,84,28,84,36,24,56,5,"(60,84,28)","(56,54,5)",59.39013588401554063774148,55.60649894337213544641686,1.000000041174098946741575,1.000000038550972354141645,TARGET_FREE_INTERNAL_ROUTE,"2,8;8,2",18,18,27,54,216,72,36.0,,,,4,71,107,2,1,2,16,9,9,50,4,-2,2,-8,414 420 258 414 414 333 255 252 333 414 420 258 414 414 333 255 252 333,0 1 2 3 4 5 6 7 8 9 10 11 12 13 14 14 16 16,50|4|-2|2|-8,True,EXACT_KEY_JOIN__NO_EXTERNAL_MASS_READ,ROUTE_MEMORY_AVAILABLE__ETA_TRANSDUCER_REQUIRES_CERTIFICATE
rutas_enriquecidas,68,INTERNAL_ENRICHED_ROUTES,1,r2c8_h-1v-1,17,2,8,-1,-1,quark_up_G3,quark_up,G3,R,30|6|-8|0|-12|+++---+++---,+++---+++---,54,56,68,48,32,80,6,"(80,54,6)","(80,54,6)",79.60661013979482758647091,79.60661013979482758647091,1.000000055189812531859140,1.000000055189812531859140,TARGET_FREE_INTERNAL_ROUTE,"2,8;8,2",27,27,27,54,216,72,36.0,,,,4,71,107,3,0,2,17,9,9,30,-6,0,-2,-12,423 15 486 423 9 24 243 657 24 423 15 486 423 9 24 243 657 24,0 1 2 3 4 5 6 7 8 9 10 11 11 13 14 14 15 17,30|-6|0|-2|-12,True,EXACT_KEY_JOIN__NO_EXTERNAL_MASS_READ,ROUTE_MEMORY_AVAILABLE__ETA_TRANSDUCER_REQUIRES_CERTIFICATE
rutas_enriquecidas,69,INTERNAL_ENRICHED_ROUTES,1,r2c9_h+1v+1,18,2,9,1,1,quark_down_G4,quark_down,G4,B,28|6|-2|0|-12|+++---+++---,+++---+++---,66,60,68,48,32,80,6,"(80,66,4)","(80,54,6)",79.51881951611803769439539,79.60661013979482758647091,1.000000055128948890161264,1.000000055189812531859140,TARGET_FREE_INTERNAL_ROUTE,"2,9;8,1",27,27,27,54,216,40,20.339850002884624,,,,2,71,107,0,0,0,17,9,9,28,6,0,0,-12,657 24 243 657 21 90 570 264 90 657 24 243 657 21 90 570 264 90,0 1 2 3 4 5 6 7 8 9 10 11 12 13 14 15 16 17,28|6|0|0|-12,True,EXACT_KEY_JOIN__NO_EXTERNAL_MASS_READ,ROUTE_MEMORY_AVAILABLE__ETA_TRANSDUCER_REQUIRES_CERTIFICATE
rutas_enriquecidas,70,INTERNAL_ENRICHED_ROUTES,1,r2c9_h+1v-1,18,2,9,1,-1,quark_down_G4,quark_down,G4,B,28|6|-2|0|-12|+++---+++---,+++---+++---,78,24,78,24,16,80,6,"(40,78,27)","(80,54,6)",39.43380880300855130367114,79.60661013979482758647091,1.000000027338740854894358,1.000000055189812531859140,TARGET_FREE_INTERNAL_ROUTE,"2,9;8,1",27,27,27,54,216,36,18.0,,,,2,71,107,1,0,1,17,9,9,14,4,0,0,-12,672 510 666 672 507 504 585 507 504 672 510 666 672 507 504 585 507 504,0 1 2 3 4 5 6 7 8 9 10 11 12 13 14 14 16 17,14|4|0|0|-12,True,EXACT_KEY_JOIN__NO_EXTERNAL_MASS_READ,ROUTE_MEMORY_AVAILABLE__ETA_TRANSDUCER_REQUIRES_CERTIFICATE
rutas_enriquecidas,71,INTERNAL_ENRICHED_ROUTES,1,r2c9_h-1v+1,18,2,9,-1,1,quark_down_G4,quark_down,G4,B,28|6|-2|0|-12|+++---+++---,+++---+++---,78,24,78,24,16,80,6,"(40,78,27)","(80,54,6)",39.43380880300855130367114,79.60661013979482758647091,1.000000027338740854894358,1.000000055189812531859140,TARGET_FREE_INTERNAL_ROUTE,"2,9;8,1",27,27,27,54,216,36,18.0,,,,2,71,107,1,0,1,17,9,9,14,-4,0,0,-12,585 507 504 585 510 666 672 510 666 585 507 504 585 510 666 672 510 666,0 1 2 3 4 5 6 7 8 9 10 11 12 13 14 14 16 17,14|-4|0|0|-12,True,EXACT_KEY_JOIN__NO_EXTERNAL_MASS_READ,ROUTE_MEMORY_AVAILABLE__ETA_TRANSDUCER_REQUIRES_CERTIFICATE
rutas_enriquecidas,72,INTERNAL_ENRICHED_ROUTES,1,r2c9_h-1v-1,18,2,9,-1,-1,quark_down_G4,quark_down,G4,B,28|6|-2|0|-12|+++---+++---,+++---+++---,66,60,68,48,32,80,6,"(80,66,4)","(80,54,6)",79.51881951611803769439539,79.60661013979482758647091,1.000000055128948890161264,1.000000055189812531859140,TARGET_FREE_INTERNAL_ROUTE,"2,9;8,1",27,27,27,54,216,36,18.0,,,,2,71,107,1,0,1,17,9,9,28,-6,0,0,-12,570 264 90 570 267 243 657 24 243 570 264 90 570 267 243 657 24 243,0 1 1 3 4 5 6 7 8 9 10 11 12 13 14 15 16 17,28|-6|0|0|-12,True,EXACT_KEY_JOIN__NO_EXTERNAL_MASS_READ,ROUTE_MEMORY_AVAILABLE__ETA_TRANSDUCER_REQUIRES_CERTIFICATE
rutas_enriquecidas,73,INTERNAL_ENRICHED_ROUTES,1,r3c1_h+1v+1,19,3,1,1,1,charged_lepton_G4,charged_lepton,G4,,28|6|-10|0|-12|+++---+++---,+++---+++---,66,60,66,48,32,80,6,"(80,66,3)","(80,54,6)",79.51870831969534555434134,79.60661013979482758647091,1.000000055128871799705072,1.000000055189812531859140,TARGET_FREE_INTERNAL_ROUTE,"3,1;7,9",18,27,27,54,216,54,28.5293250129808,,,,3,71,107,0,0,0,17,9,9,28,6,0,0,-12,243 657 24 243 657 570 264 90 570 243 657 24 243 657 570 264 90 570,0 1 2 3 4 5 6 7 8 9 10 11 12 13 14 15 16 17,28|6|0|0|-12,False,EXACT_KEY_JOIN__NO_EXTERNAL_MASS_READ,ROUTE_MEMORY_AVAILABLE__ETA_TRANSDUCER_REQUIRES_CERTIFICATE
rutas_enriquecidas,74,INTERNAL_ENRICHED_ROUTES,1,r3c1_h+1v-1,19,3,1,1,-1,charged_lepton_G4,charged_lepton,G4,,28|6|-10|0|-12|+++---+++---,+++---+++---,84,24,84,24,16,80,6,"(40,84,30)","(80,54,6)",39.39035827686092491784959,79.60661013979482758647091,1.000000027308617396708705,1.000000055189812531859140,TARGET_FREE_INTERNAL_ROUTE,"3,1;7,9",27,27,27,54,216,54,28.5293250129808,,,,3,71,107,3,1,3,16,9,9,8,2,0,0,-12,252 333 255 252 333 420 258 414 420 252 333 255 252 333 420 258 414 420,0 1 2 3 4 5 6 7 8 9 10 11 12 12 14 14 16 16,8|2|0|0|-12,False,EXACT_KEY_JOIN__NO_EXTERNAL_MASS_READ,ROUTE_MEMORY_AVAILABLE__ETA_TRANSDUCER_REQUIRES_CERTIFICATE
rutas_enriquecidas,75,INTERNAL_ENRICHED_ROUTES,1,r3c1_h-1v+1,19,3,1,-1,1,charged_lepton_G4,charged_lepton,G4,,28|6|-10|0|-12|+++---+++---,+++---+++---,84,24,84,24,16,80,6,"(40,84,30)","(80,54,6)",39.39035827686092491784959,79.60661013979482758647091,1.000000027308617396708705,1.000000055189812531859140,TARGET_FREE_INTERNAL_ROUTE,"3,1;7,9",27,27,27,54,216,54,28.5293250129808,,,,3,71,107,2,0,1,17,9,9,8,-2,0,0,-12,258 414 420 258 414 255 252 333 255 258 414 420 258 414 255 252 333 255,0 1 2 3 4 5 6 7 8 9 10 11 11 12 14 15 16 17,8|-2|0|0|-12,False,EXACT_KEY_JOIN__NO_EXTERNAL_MASS_READ,ROUTE_MEMORY_AVAILABLE__ETA_TRANSDUCER_REQUIRES_CERTIFICATE
rutas_enriquecidas,76,INTERNAL_ENRICHED_ROUTES,1,r3c1_h-1v-1,19,3,1,-1,-1,charged_lepton_G4,charged_lepton,G4,,28|6|-10|0|-12|+++---+++---,+++---+++---,66,60,66,48,32,80,6,"(80,66,3)","(80,54,6)",79.51870831969534555434134,79.60661013979482758647091,1.000000055128871799705072,1.000000055189812531859140,TARGET_FREE_INTERNAL_ROUTE,"3,1;7,9",9,27,27,54,216,54,28.5293250129808,,,,3,71,107,2,1,1,16,9,9,28,-6,0,0,-12,264 90 570 264 90 24 243 657 24 264 90 570 264 90 24 243 657 24,0 1 2 3 4 5 6 7 8 9 10 11 12 13 14 15 15 16,28|-6|0|0|-12,False,EXACT_KEY_JOIN__NO_EXTERNAL_MASS_READ,ROUTE_MEMORY_AVAILABLE__ETA_TRANSDUCER_REQUIRES_CERTIFICATE
rutas_enriquecidas,77,INTERNAL_ENRICHED_ROUTES,1,r3c2_h+1v+1,20,3,2,1,1,neutrino_G3,neutrino,G3,,28|-6|-4|-2|-8|0++---0++---,0++---0++---,66,60,66,48,32,56,5,"(80,66,3)","(56,54,5)",79.51870831969534555434134,55.60649894337213544641686,1.000000055128871799705072,1.000000038550972354141645,TARGET_FREE_INTERNAL_ROUTE,"3,2;7,8",27,27,27,54,216,36,18.0,,,,2,71,107,0,0,0,17,9,9,28,-6,2,-4,-8,498 99 327 498 99 15 486 423 15 498 99 327 498 99 15 486 423 15,0 1 2 3 4 5 6 7 8 9 10 11 12 13 14 15 16 17,28|-6|2|-4|-8,True,EXACT_KEY_JOIN__NO_EXTERNAL_MASS_READ,ROUTE_MEMORY_AVAILABLE__ETA_TRANSDUCER_REQUIRES_CERTIFICATE
rutas_enriquecidas,78,INTERNAL_ENRICHED_ROUTES,1,r3c2_h+1v-1,20,3,2,1,-1,neutrino_G3,neutrino,G3,,28|-6|-4|-2|-8|0++---0++---,+++---+++---,78,24,78,24,16,80,6,"(40,78,27)","(80,54,6)",39.43380880300855130367114,79.60661013979482758647091,1.000000027338740854894358,1.000000055189812531859140,TARGET_FREE_INTERNAL_ROUTE,"3,2;7,8",27,27,27,54,216,36,18.0,,,,2,71,107,1,0,1,17,9,9,44,-2,0,-2,-12,510 666 672 510 666 507 504 585 507 510 666 672 510 666 507 504 585 507,0 1 2 3 4 5 6 7 8 9 10 11 12 13 14 15 15 17,44|-2|0|-2|-12,True,EXACT_KEY_JOIN__NO_EXTERNAL_MASS_READ,ROUTE_MEMORY_AVAILABLE__ETA_TRANSDUCER_REQUIRES_CERTIFICATE
rutas_enriquecidas,79,INTERNAL_ENRICHED_ROUTES,1,r3c2_h-1v+1,20,3,2,-1,1,neutrino_G3,neutrino,G3,,28|-6|-4|-2|-8|0++---0++---,+++---+++---,78,24,78,24,16,80,6,"(40,78,27)","(80,54,6)",39.43380880300855130367114,79.60661013979482758647091,1.000000027338740854894358,1.000000055189812531859140,TARGET_FREE_INTERNAL_ROUTE,"3,2;7,8",27,27,27,54,216,36,18.0,,,,2,71,107,1,0,1,17,9,9,44,2,0,2,-12,504 585 507 504 585 672 510 666 672 504 585 507 504 585 672 510 666 672,0 1 2 3 4 5 6 7 8 9 10 11 12 13 14 14 16 17,44|2|0|2|-12,True,EXACT_KEY_JOIN__NO_EXTERNAL_MASS_READ,ROUTE_MEMORY_AVAILABLE__ETA_TRANSDUCER_REQUIRES_CERTIFICATE
rutas_enriquecidas,80,INTERNAL_ENRICHED_ROUTES,1,r3c2_h-1v-1,20,3,2,-1,-1,neutrino_G3,neutrino,G3,,28|-6|-4|-2|-8|0++---0++---,+++0--+++0--,66,60,66,48,32,56,5,"(80,66,3)","(56,54,5)",79.51870831969534555434134,55.60649894337213544641686,1.000000055128871799705072,1.000000038550972354141645,TARGET_FREE_INTERNAL_ROUTE,"3,2;7,8",27,27,27,54,216,36,18.0,,,,2,71,107,1,0,1,17,9,9,28,6,-2,4,-8,486 423 15 486 423 327 498 99 327 486 423 15 486 423 327 498 99 327,0 1 2 3 4 5 6 7 8 9 10 10 12 13 14 15 16 17,28|6|-2|4|-8,True,EXACT_KEY_JOIN__NO_EXTERNAL_MASS_READ,ROUTE_MEMORY_AVAILABLE__ETA_TRANSDUCER_REQUIRES_CERTIFICATE
rutas_enriquecidas,81,INTERNAL_ENRICHED_ROUTES,1,r3c3_h+1v+1,21,3,3,1,1,charged_lepton_G2,charged_lepton,G2,,24|0|12|0|-12|+++---+++---,+++---+++---,54,60,72,24,16,80,6,"(40,54,6)","(80,54,6)",39.60661013979482758647091,79.60661013979482758647091,1.000000027458540873559518,1.000000055189812531859140,TARGET_FREE_INTERNAL_ROUTE,"3,3;7,7",27,27,27,54,216,22,4.0,5,5,5,1,71,107,2,1,2,16,9,9,24,0,0,0,-12,24 243 657 24 243 423 15 486 423 24 243 657 24 243 423 15 486 423,0 1 2 3 4 5 6 7 8 9 10 11 12 13 13 15 16 16,24|0|0|0|-12,False,EXACT_KEY_JOIN__NO_EXTERNAL_MASS_READ,ROUTE_MEMORY_AVAILABLE__ETA_TRANSDUCER_REQUIRES_CERTIFICATE
rutas_enriquecidas,82,INTERNAL_ENRICHED_ROUTES,1,r3c3_h+1v-1,21,3,3,1,-1,charged_lepton_G2,charged_lepton,G2,,24|0|12|0|-12|+++---+++---,+++---+++---,24,24,24,0,0,80,6,"(0,24,0)","(80,54,6)",-0.1751364616628112239348425,79.60661013979482758647091,0.9999999998785810851337881,1.000000055189812531859140,TARGET_FREE_INTERNAL_ROUTE,"3,3;7,7",27,27,27,54,216,36,18.0,1,1,,2,71,107,0,0,0,17,9,9,14,-6,0,0,-12,3 0 81 3 0 81 3 0 81 3 0 81 3 0 81 3 0 81,0 1 2 3 4 5 6 7 8 9 10 11 12 13 14 15 16 17,14|-6|0|0|-12,False,EXACT_KEY_JOIN__NO_EXTERNAL_MASS_READ,ROUTE_MEMORY_AVAILABLE__ETA_TRANSDUCER_REQUIRES_CERTIFICATE
rutas_enriquecidas,83,INTERNAL_ENRICHED_ROUTES,1,r3c3_h-1v+1,21,3,3,-1,1,charged_lepton_G2,charged_lepton,G2,,24|0|12|0|-12|+++---+++---,+++---+++---,24,24,24,0,0,80,6,"(0,24,0)","(80,54,6)",-0.1751364616628112239348425,79.60661013979482758647091,0.9999999998785810851337881,1.000000055189812531859140,TARGET_FREE_INTERNAL_ROUTE,"3,3;7,7",27,27,27,54,216,36,18.0,1,1,,2,71,107,0,0,0,17,9,9,14,6,0,0,-12,3 0 81 3 0 81 3 0 81 3 0 81 3 0 81 3 0 81,0 1 2 3 4 5 6 7 8 9 10 11 12 13 14 15 16 17,14|6|0|0|-12,False,EXACT_KEY_JOIN__NO_EXTERNAL_MASS_READ,ROUTE_MEMORY_AVAILABLE__ETA_TRANSDUCER_REQUIRES_CERTIFICATE
rutas_enriquecidas,84,INTERNAL_ENRICHED_ROUTES,1,r3c3_h-1v-1,21,3,3,-1,-1,charged_lepton_G2,charged_lepton,G2,,24|0|12|0|-12|+++---+++---,+++---+++---,54,60,72,24,16,80,6,"(40,54,6)","(80,54,6)",39.60661013979482758647091,79.60661013979482758647091,1.000000027458540873559518,1.000000055189812531859140,TARGET_FREE_INTERNAL_ROUTE,"3,3;7,7",27,27,27,54,216,22,4.0,5,5,5,1,71,107,1,0,1,17,9,9,24,0,0,0,-12,15 486 423 15 486 657 24 243 657 15 486 423 15 486 657 24 243 657,0 1 2 3 4 5 6 7 8 9 10 11 12 13 14 15 15 17,24|0|0|0|-12,False,EXACT_KEY_JOIN__NO_EXTERNAL_MASS_READ,ROUTE_MEMORY_AVAILABLE__ETA_TRANSDUCER_REQUIRES_CERTIFICATE
rutas_enriquecidas,85,INTERNAL_ENRICHED_ROUTES,1,r3c4_h+1v+1,22,3,4,1,1,neutrino_G2,neutrino,G2,,28|6|0|0|-12|+++---+++---,+++---+++---,66,60,66,48,32,80,6,"(80,66,3)","(80,54,6)",79.51870831969534555434134,79.60661013979482758647091,1.000000055128871799705072,1.000000055189812531859140,TARGET_FREE_INTERNAL_ROUTE,"3,4;7,6",27,27,27,54,216,18,0.0,1,1,1,1,71,107,0,0,0,17,9,9,28,6,0,4,-12,243 657 24 243 657 570 264 90 570 243 657 24 243 657 570 264 90 570,0 1 2 3 4 5 6 7 8 9 10 11 12 13 14 15 16 17,28|6|0|4|-12,False,EXACT_KEY_JOIN__NO_EXTERNAL_MASS_READ,ROUTE_MEMORY_AVAILABLE__ETA_TRANSDUCER_REQUIRES_CERTIFICATE
rutas_enriquecidas,86,INTERNAL_ENRICHED_ROUTES,1,r3c4_h+1v-1,22,3,4,1,-1,neutrino_G2,neutrino,G2,,28|6|0|0|-12|+++---+++---,+0+---+0+---,84,24,84,24,16,48,5,"(40,84,30)","(48,54,5)",39.39035827686092491784959,47.60649894337213544641686,1.000000027308617396708705,1.000000033004718053243084,TARGET_FREE_INTERNAL_ROUTE,"3,4;7,6",27,27,27,54,216,18,0.0,1,1,1,1,71,107,3,1,3,16,9,9,50,-4,2,-2,-8,252 333 255 252 333 420 258 414 420 252 333 255 252 333 420 258 414 420,0 1 2 3 4 5 6 7 8 9 10 11 12 12 14 14 16 16,50|-4|2|-2|-8,False,EXACT_KEY_JOIN__NO_EXTERNAL_MASS_READ,ROUTE_MEMORY_AVAILABLE__ETA_TRANSDUCER_REQUIRES_CERTIFICATE
rutas_enriquecidas,87,INTERNAL_ENRICHED_ROUTES,1,r3c4_h-1v+1,22,3,4,-1,1,neutrino_G2,neutrino,G2,,28|6|0|0|-12|+++---+++---,+++-0-+++-0-,84,24,84,24,16,48,5,"(40,84,30)","(48,54,5)",39.39035827686092491784959,47.60649894337213544641686,1.000000027308617396708705,1.000000033004718053243084,TARGET_FREE_INTERNAL_ROUTE,"3,4;7,6",27,27,27,54,216,18,0.0,1,1,1,1,71,107,2,0,1,17,9,9,50,4,-2,2,-8,258 414 420 258 414 255 252 333 255 258 414 420 258 414 255 252 333 255,0 1 2 3 4 5 6 7 8 9 10 11 11 12 14 15 16 17,50|4|-2|2|-8,False,EXACT_KEY_JOIN__NO_EXTERNAL_MASS_READ,ROUTE_MEMORY_AVAILABLE__ETA_TRANSDUCER_REQUIRES_CERTIFICATE
rutas_enriquecidas,88,INTERNAL_ENRICHED_ROUTES,1,r3c4_h-1v-1,22,3,4,-1,-1,neutrino_G2,neutrino,G2,,28|6|0|0|-12|+++---+++---,+++---+++---,66,60,66,48,32,80,6,"(80,66,3)","(80,54,6)",79.51870831969534555434134,79.60661013979482758647091,1.000000055128871799705072,1.000000055189812531859140,TARGET_FREE_INTERNAL_ROUTE,"3,4;7,6",27,27,27,54,216,18,0.0,1,1,1,1,71,107,2,1,1,16,9,9,28,-6,0,-4,-12,264 90 570 264 90 24 243 657 24 264 90 570 264 90 24 243 657 24,0 1 2 3 4 5 6 7 8 9 10 11 12 13 14 15 15 16,28|-6|0|-4|-12,False,EXACT_KEY_JOIN__NO_EXTERNAL_MASS_READ,ROUTE_MEMORY_AVAILABLE__ETA_TRANSDUCER_REQUIRES_CERTIFICATE
rutas_enriquecidas,89,INTERNAL_ENRICHED_ROUTES,1,r3c5_h+1v+1,23,3,5,1,1,charged_lepton_G2,charged_lepton,G2,,28|-6|6|0|-8|+0+---+0+---,+0+---+0+---,66,60,66,48,32,48,5,"(80,66,3)","(48,54,5)",79.51870831969534555434134,47.60649894337213544641686,1.000000055128871799705072,1.000000033004718053243084,TARGET_FREE_INTERNAL_ROUTE,"3,5;7,5",27,27,27,54,216,18,0.0,1,1,1,1,71,107,0,0,0,17,9,9,28,-6,2,0,-8,498 99 327 498 99 15 486 423 15 498 99 327 498 99 15 486 423 15,0 1 2 3 4 5 6 7 8 9 10 11 12 13 14 15 16 17,28|-6|2|0|-8,True,EXACT_KEY_JOIN__NO_EXTERNAL_MASS_READ,ROUTE_MEMORY_AVAILABLE__ETA_TRANSDUCER_REQUIRES_CERTIFICATE
rutas_enriquecidas,90,INTERNAL_ENRICHED_ROUTES,1,r3c5_h+1v-1,23,3,5,1,-1,charged_lepton_G2,charged_lepton,G2,,28|-6|6|0|-8|+0+---+0+---,+++---+++---,78,24,78,24,16,80,6,"(40,78,27)","(80,54,6)",39.43380880300855130367114,79.60661013979482758647091,1.000000027338740854894358,1.000000055189812531859140,TARGET_FREE_INTERNAL_ROUTE,"3,5;7,5",27,27,27,54,216,18,0.0,1,1,1,1,71,107,1,0,1,17,9,9,14,4,0,0,-12,510 666 672 510 666 507 504 585 507 510 666 672 510 666 507 504 585 507,0 1 2 3 4 5 6 7 8 9 10 11 12 13 14 15 15 17,14|4|0|0|-12,True,EXACT_KEY_JOIN__NO_EXTERNAL_MASS_READ,ROUTE_MEMORY_AVAILABLE__ETA_TRANSDUCER_REQUIRES_CERTIFICATE
rutas_enriquecidas,91,INTERNAL_ENRICHED_ROUTES,1,r3c5_h-1v+1,23,3,5,-1,1,charged_lepton_G2,charged_lepton,G2,,28|-6|6|0|-8|+0+---+0+---,+++---+++---,78,24,78,24,16,80,6,"(40,78,27)","(80,54,6)",39.43380880300855130367114,79.60661013979482758647091,1.000000027338740854894358,1.000000055189812531859140,TARGET_FREE_INTERNAL_ROUTE,"3,5;7,5",27,27,27,54,216,18,0.0,1,1,1,1,71,107,1,0,1,17,9,9,14,-4,0,0,-12,504 585 507 504 585 672 510 666 672 504 585 507 504 585 672 510 666 672,0 1 2 3 4 5 6 7 8 9 10 11 12 13 14 14 16 17,14|-4|0|0|-12,True,EXACT_KEY_JOIN__NO_EXTERNAL_MASS_READ,ROUTE_MEMORY_AVAILABLE__ETA_TRANSDUCER_REQUIRES_CERTIFICATE
rutas_enriquecidas,92,INTERNAL_ENRICHED_ROUTES,1,r3c5_h-1v-1,23,3,5,-1,-1,charged_lepton_G2,charged_lepton,G2,,28|-6|6|0|-8|+0+---+0+---,+++-0-+++-0-,66,60,66,48,32,48,5,"(80,66,3)","(48,54,5)",79.51870831969534555434134,47.60649894337213544641686,1.000000055128871799705072,1.000000033004718053243084,TARGET_FREE_INTERNAL_ROUTE,"3,5;7,5",27,27,27,54,216,22,4.0,5,5,5,1,71,107,1,0,1,17,9,9,28,6,-2,0,-8,486 423 15 486 423 327 498 99 327 486 423 15 486 423 327 498 99 327,0 1 2 3 4 5 6 7 8 9 10 10 12 13 14 15 16 17,28|6|-2|0|-8,True,EXACT_KEY_JOIN__NO_EXTERNAL_MASS_READ,ROUTE_MEMORY_AVAILABLE__ETA_TRANSDUCER_REQUIRES_CERTIFICATE
rutas_enriquecidas,93,INTERNAL_ENRICHED_ROUTES,1,r3c6_h+1v+1,24,3,6,1,1,neutrino_G2,neutrino,G2,,30|-6|0|-2|-8|++0---++0---,++0---++0---,54,60,72,24,16,56,5,"(40,54,6)","(56,54,5)",39.60661013979482758647091,55.60649894337213544641686,1.000000027458540873559518,1.000000038550972354141645,TARGET_FREE_INTERNAL_ROUTE,"3,6;7,4",27,27,27,54,216,18,0.0,1,1,1,1,71,107,2,1,2,16,9,9,30,-6,2,-2,-8,24 243 657 24 243 423 15 486 423 24 243 657 24 243 423 15 486 423,0 1 2 3 4 5 6 7 8 9 10 11 12 13 13 15 16 16,30|-6|2|-2|-8,True,EXACT_KEY_JOIN__NO_EXTERNAL_MASS_READ,ROUTE_MEMORY_AVAILABLE__ETA_TRANSDUCER_REQUIRES_CERTIFICATE
rutas_enriquecidas,94,INTERNAL_ENRICHED_ROUTES,1,r3c6_h+1v-1,24,3,6,1,-1,neutrino_G2,neutrino,G2,,30|-6|0|-2|-8|++0---++0---,00+-0000+-00,24,24,24,0,0,4,2,"(0,24,0)","(4,54,2)",-0.1751364616628112239348425,3.606165354104059026254707,0.9999999998785810851337881,1.000000002500088676796314,TARGET_FREE_INTERNAL_ROUTE,"3,6;7,4",27,27,27,54,216,36,18.0,1,1,,2,71,107,0,0,0,17,9,9,20,0,0,0,0,3 0 81 3 0 81 3 0 81 3 0 81 3 0 81 3 0 81,0 1 2 3 4 5 6 7 8 9 10 11 12 13 14 15 16 17,20|0|0|0|0,True,EXACT_KEY_JOIN__NO_EXTERNAL_MASS_READ,ROUTE_MEMORY_AVAILABLE__ETA_TRANSDUCER_REQUIRES_CERTIFICATE
rutas_enriquecidas,95,INTERNAL_ENRICHED_ROUTES,1,r3c6_h-1v+1,24,3,6,-1,1,neutrino_G2,neutrino,G2,,30|-6|0|-2|-8|++0---++0---,+0000-+0000-,24,24,24,0,0,4,2,"(0,24,0)","(4,54,2)",-0.1751364616628112239348425,3.606165354104059026254707,0.9999999998785810851337881,1.000000002500088676796314,TARGET_FREE_INTERNAL_ROUTE,"3,6;7,4",27,27,27,54,216,36,18.0,1,1,,2,71,107,0,0,0,17,9,9,20,0,0,0,0,3 0 81 3 0 81 3 0 81 3 0 81 3 0 81 3 0 81,0 1 2 3 4 5 6 7 8 9 10 11 12 13 14 15 16 17,20|0|0|0|0,True,EXACT_KEY_JOIN__NO_EXTERNAL_MASS_READ,ROUTE_MEMORY_AVAILABLE__ETA_TRANSDUCER_REQUIRES_CERTIFICATE
rutas_enriquecidas,96,INTERNAL_ENRICHED_ROUTES,1,r3c6_h-1v-1,24,3,6,-1,-1,neutrino_G2,neutrino,G2,,30|-6|0|-2|-8|++0---++0---,+++--0+++--0,54,60,72,24,16,56,5,"(40,54,6)","(56,54,5)",39.60661013979482758647091,55.60649894337213544641686,1.000000027458540873559518,1.000000038550972354141645,TARGET_FREE_INTERNAL_ROUTE,"3,6;7,4",27,27,27,54,216,18,0.0,1,1,1,1,71,107,1,0,1,17,9,9,30,6,-2,2,-8,15 486 423 15 486 657 24 243 657 15 486 423 15 486 657 24 243 657,0 1 2 3 4 5 6 7 8 9 10 11 12 13 14 15 15 17,30|6|-2|2|-8,True,EXACT_KEY_JOIN__NO_EXTERNAL_MASS_READ,ROUTE_MEMORY_AVAILABLE__ETA_TRANSDUCER_REQUIRES_CERTIFICATE
rutas_enriquecidas,97,INTERNAL_ENRICHED_ROUTES,1,r3c7_h+1v+1,25,3,7,1,1,charged_lepton_G2,charged_lepton,G2,,34|0|-4|0|-12|+++---+++---,+++---+++---,66,60,66,48,32,80,6,"(80,66,3)","(80,54,6)",79.51870831969534555434134,79.60661013979482758647091,1.000000055128871799705072,1.000000055189812531859140,TARGET_FREE_INTERNAL_ROUTE,"3,7;7,3",27,27,27,54,216,18,0.0,1,1,1,1,71,107,0,0,0,17,9,9,34,0,0,0,-12,243 657 24 243 657 570 264 90 570 243 657 24 243 657 570 264 90 570,0 1 2 3 4 5 6 7 8 9 10 11 12 13 14 15 16 17,34|0|0|0|-12,True,EXACT_KEY_JOIN__NO_EXTERNAL_MASS_READ,ROUTE_MEMORY_AVAILABLE__ETA_TRANSDUCER_REQUIRES_CERTIFICATE
rutas_enriquecidas,98,INTERNAL_ENRICHED_ROUTES,1,r3c7_h+1v-1,25,3,7,1,-1,charged_lepton_G2,charged_lepton,G2,,34|0|-4|0|-12|+++---+++---,++0---++0---,84,24,84,24,16,56,5,"(40,84,30)","(56,54,5)",39.39035827686092491784959,55.60649894337213544641686,1.000000027308617396708705,1.000000038550972354141645,TARGET_FREE_INTERNAL_ROUTE,"3,7;7,3",27,27,27,54,216,18,0.0,1,1,1,1,71,107,3,1,3,16,9,9,50,-4,2,-2,-8,252 333 255 252 333 420 258 414 420 252 333 255 252 333 420 258 414 420,0 1 2 3 4 5 6 7 8 9 10 11 12 12 14 14 16 16,50|-4|2|-2|-8,True,EXACT_KEY_JOIN__NO_EXTERNAL_MASS_READ,ROUTE_MEMORY_AVAILABLE__ETA_TRANSDUCER_REQUIRES_CERTIFICATE
rutas_enriquecidas,99,INTERNAL_ENRICHED_ROUTES,1,r3c7_h-1v+1,25,3,7,-1,1,charged_lepton_G2,charged_lepton,G2,,34|0|-4|0|-12|+++---+++---,+++--0+++--0,84,24,84,24,16,56,5,"(40,84,30)","(56,54,5)",39.39035827686092491784959,55.60649894337213544641686,1.000000027308617396708705,1.000000038550972354141645,TARGET_FREE_INTERNAL_ROUTE,"3,7;7,3",27,27,27,54,216,18,0.0,1,1,1,1,71,107,2,0,1,17,9,9,50,4,-2,2,-8,258 414 420 258 414 255 252 333 255 258 414 420 258 414 255 252 333 255,0 1 2 3 4 5 6 7 8 9 10 11 11 12 14 15 16 17,50|4|-2|2|-8,True,EXACT_KEY_JOIN__NO_EXTERNAL_MASS_READ,ROUTE_MEMORY_AVAILABLE__ETA_TRANSDUCER_REQUIRES_CERTIFICATE
rutas_enriquecidas,100,INTERNAL_ENRICHED_ROUTES,1,r3c7_h-1v-1,25,3,7,-1,-1,charged_lepton_G2,charged_lepton,G2,,34|0|-4|0|-12|+++---+++---,+++---+++---,66,60,66,48,32,80,6,"(80,66,3)","(80,54,6)",79.51870831969534555434134,79.60661013979482758647091,1.000000055128871799705072,1.000000055189812531859140,TARGET_FREE_INTERNAL_ROUTE,"3,7;7,3",27,27,27,54,216,18,0.0,1,1,1,1,71,107,2,1,1,16,9,9,34,0,0,0,-12,264 90 570 264 90 24 243 657 24 264 90 570 264 90 24 243 657 24,0 1 2 3 4 5 6 7 8 9 10 11 12 13 14 15 15 16,34|0|0|0|-12,True,EXACT_KEY_JOIN__NO_EXTERNAL_MASS_READ,ROUTE_MEMORY_AVAILABLE__ETA_TRANSDUCER_REQUIRES_CERTIFICATE
rutas_enriquecidas,101,INTERNAL_ENRICHED_ROUTES,1,r3c8_h+1v+1,26,3,8,1,1,neutrino_G3,neutrino,G3,,34|0|0|-2|-8|++0---++0---,++0---++0---,66,60,66,48,32,56,5,"(80,66,3)","(56,54,5)",79.51870831969534555434134,55.60649894337213544641686,1.000000055128871799705072,1.000000038550972354141645,TARGET_FREE_INTERNAL_ROUTE,"3,8;7,2",27,27,27,54,216,36,18.0,,,,2,71,107,0,0,0,17,9,9,34,0,2,0,-8,498 99 327 498 99 15 486 423 15 498 99 327 498 99 15 486 423 15,0 1 2 3 4 5 6 7 8 9 10 11 12 13 14 15 16 17,34|0|2|0|-8,True,EXACT_KEY_JOIN__NO_EXTERNAL_MASS_READ,ROUTE_MEMORY_AVAILABLE__ETA_TRANSDUCER_REQUIRES_CERTIFICATE
rutas_enriquecidas,102,INTERNAL_ENRICHED_ROUTES,1,r3c8_h+1v-1,26,3,8,1,-1,neutrino_G3,neutrino,G3,,34|0|0|-2|-8|++0---++0---,+++---+++---,78,24,78,24,16,80,6,"(40,78,27)","(80,54,6)",39.43380880300855130367114,79.60661013979482758647091,1.000000027338740854894358,1.000000055189812531859140,TARGET_FREE_INTERNAL_ROUTE,"3,8;7,2",27,27,27,54,216,36,18.0,,,,2,71,107,1,0,1,17,9,9,14,4,0,0,-12,510 666 672 510 666 507 504 585 507 510 666 672 510 666 507 504 585 507,0 1 2 3 4 5 6 7 8 9 10 11 12 13 14 15 15 17,14|4|0|0|-12,True,EXACT_KEY_JOIN__NO_EXTERNAL_MASS_READ,ROUTE_MEMORY_AVAILABLE__ETA_TRANSDUCER_REQUIRES_CERTIFICATE
rutas_enriquecidas,103,INTERNAL_ENRICHED_ROUTES,1,r3c8_h-1v+1,26,3,8,-1,1,neutrino_G3,neutrino,G3,,34|0|0|-2|-8|++0---++0---,+++---+++---,78,24,78,24,16,80,6,"(40,78,27)","(80,54,6)",39.43380880300855130367114,79.60661013979482758647091,1.000000027338740854894358,1.000000055189812531859140,TARGET_FREE_INTERNAL_ROUTE,"3,8;7,2",27,27,27,54,216,36,18.0,,,,2,71,107,1,0,1,17,9,9,14,-4,0,0,-12,504 585 507 504 585 672 510 666 672 504 585 507 504 585 672 510 666 672,0 1 2 3 4 5 6 7 8 9 10 11 12 13 14 14 16 17,14|-4|0|0|-12,True,EXACT_KEY_JOIN__NO_EXTERNAL_MASS_READ,ROUTE_MEMORY_AVAILABLE__ETA_TRANSDUCER_REQUIRES_CERTIFICATE
rutas_enriquecidas,104,INTERNAL_ENRICHED_ROUTES,1,r3c8_h-1v-1,26,3,8,-1,-1,neutrino_G3,neutrino,G3,,34|0|0|-2|-8|++0---++0---,+++--0+++--0,66,60,66,48,32,56,5,"(80,66,3)","(56,54,5)",79.51870831969534555434134,55.60649894337213544641686,1.000000055128871799705072,1.000000038550972354141645,TARGET_FREE_INTERNAL_ROUTE,"3,8;7,2",27,27,27,54,216,36,18.0,,,,2,71,107,1,0,1,17,9,9,34,0,-2,0,-8,486 423 15 486 423 327 498 99 327 486 423 15 486 423 327 498 99 327,0 1 2 3 4 5 6 7 8 9 10 10 12 13 14 15 16 17,34|0|-2|0|-8,True,EXACT_KEY_JOIN__NO_EXTERNAL_MASS_READ,ROUTE_MEMORY_AVAILABLE__ETA_TRANSDUCER_REQUIRES_CERTIFICATE
rutas_enriquecidas,105,INTERNAL_ENRICHED_ROUTES,1,r3c9_h+1v+1,27,3,9,1,1,charged_lepton_G4,charged_lepton,G4,,30|6|0|2|-8|+++--0+++--0,+++--0+++--0,54,60,72,24,16,56,5,"(40,54,6)","(56,54,5)",39.60661013979482758647091,55.60649894337213544641686,1.000000027458540873559518,1.000000038550972354141645,TARGET_FREE_INTERNAL_ROUTE,"3,9;7,1",27,27,27,54,216,58,30.189475010096174,,,,3,71,107,2,1,2,16,9,9,30,6,-2,4,-8,24 243 657 24 243 423 15 486 423 24 243 657 24 243 423 15 486 423,0 1 2 3 4 5 6 7 8 9 10 11 12 13 13 15 16 16,30|6|-2|4|-8,True,EXACT_KEY_JOIN__NO_EXTERNAL_MASS_READ,ROUTE_MEMORY_AVAILABLE__ETA_TRANSDUCER_REQUIRES_CERTIFICATE
rutas_enriquecidas,106,INTERNAL_ENRICHED_ROUTES,1,r3c9_h+1v-1,27,3,9,1,-1,charged_lepton_G4,charged_lepton,G4,,30|6|0|2|-8|+++--0+++--0,+++--0+++--0,24,24,24,0,0,56,5,"(0,24,0)","(56,54,5)",-0.1751364616628112239348425,55.60649894337213544641686,0.9999999998785810851337881,1.000000038550972354141645,TARGET_FREE_INTERNAL_ROUTE,"3,9;7,1",9,27,27,54,216,108,46.52932501298079,,,,6,71,107,0,0,0,17,9,9,50,6,-2,4,-8,3 0 81 3 0 81 3 0 81 3 0 81 3 0 81 3 0 81,0 1 2 3 4 5 6 7 8 9 10 11 12 13 14 15 16 17,50|6|-2|4|-8,True,EXACT_KEY_JOIN__NO_EXTERNAL_MASS_READ,ROUTE_MEMORY_AVAILABLE__ETA_TRANSDUCER_REQUIRES_CERTIFICATE
rutas_enriquecidas,107,INTERNAL_ENRICHED_ROUTES,1,r3c9_h-1v+1,27,3,9,-1,1,charged_lepton_G4,charged_lepton,G4,,30|6|0|2|-8|+++--0+++--0,++0---++0---,24,24,24,0,0,56,5,"(0,24,0)","(56,54,5)",-0.1751364616628112239348425,55.60649894337213544641686,0.9999999998785810851337881,1.000000038550972354141645,TARGET_FREE_INTERNAL_ROUTE,"3,9;7,1",18,27,27,54,216,108,46.52932501298079,,,,6,71,107,0,0,0,17,9,9,50,-6,2,-4,-8,3 0 81 3 0 81 3 0 81 3 0 81 3 0 81 3 0 81,0 1 2 3 4 5 6 7 8 9 10 11 12 13 14 15 16 17,50|-6|2|-4|-8,True,EXACT_KEY_JOIN__NO_EXTERNAL_MASS_READ,ROUTE_MEMORY_AVAILABLE__ETA_TRANSDUCER_REQUIRES_CERTIFICATE
rutas_enriquecidas,108,INTERNAL_ENRICHED_ROUTES,1,r3c9_h-1v-1,27,3,9,-1,-1,charged_lepton_G4,charged_lepton,G4,,30|6|0|2|-8|+++--0+++--0,++0---++0---,54,60,72,24,16,56,5,"(40,54,6)","(56,54,5)",39.60661013979482758647091,55.60649894337213544641686,1.000000027458540873559518,1.000000038550972354141645,TARGET_FREE_INTERNAL_ROUTE,"3,9;7,1",27,27,27,54,216,58,30.189475010096174,,,,3,71,107,1,0,1,17,9,9,30,-6,2,-4,-8,15 486 423 15 486 657 24 243 657 15 486 423 15 486 657 24 243 657,0 1 2 3 4 5 6 7 8 9 10 11 12 13 14 15 15 17,30|-6|2|-4|-8,True,EXACT_KEY_JOIN__NO_EXTERNAL_MASS_READ,ROUTE_MEMORY_AVAILABLE__ETA_TRANSDUCER_REQUIRES_CERTIFICATE
rutas_enriquecidas,109,INTERNAL_ENRICHED_ROUTES,1,r4c1_h+1v+1,28,4,1,1,1,quark_down_G4,quark_down,G4,R,30|6|8|0|-12|+++---+++---,+++---+++---,54,56,70,48,32,80,6,"(80,54,7)","(80,54,6)",79.60672133621751972652496,79.60661013979482758647091,1.000000055189889622315337,1.000000055189812531859140,TARGET_FREE_INTERNAL_ROUTE,"4,1;6,9",27,27,27,54,216,26,6.339850002884624,5,5,5,1,71,107,2,0,1,17,9,9,30,6,0,4,-12,657 24 243 657 18 15 486 423 15 657 24 243 657 18 15 486 423 15,0 1 2 3 4 5 6 7 8 9 10 11 12 13 14 14 15 17,30|6|0|4|-12,True,EXACT_KEY_JOIN__NO_EXTERNAL_MASS_READ,ROUTE_MEMORY_AVAILABLE__ETA_TRANSDUCER_REQUIRES_CERTIFICATE
rutas_enriquecidas,110,INTERNAL_ENRICHED_ROUTES,1,r4c1_h+1v-1,28,4,1,1,-1,quark_down_G4,quark_down,G4,R,30|6|8|0|-12|+++---+++---,+++---+++---,78,28,78,36,24,80,6,"(60,78,25)","(80,54,6)",59.43358641016316702356304,79.60661013979482758647091,1.000000041204222405344905,1.000000055189812531859140,TARGET_FREE_INTERNAL_ROUTE,"4,1;6,9",27,27,27,54,216,18,0.0,1,1,1,1,71,107,2,0,1,17,9,9,44,-2,0,0,-12,666 672 510 666 666 585 507 504 585 666 672 510 666 666 585 507 504 585,0 1 2 3 4 5 6 7 8 9 10 11 12 12 13 15 16 17,44|-2|0|0|-12,True,EXACT_KEY_JOIN__NO_EXTERNAL_MASS_READ,ROUTE_MEMORY_AVAILABLE__ETA_TRANSDUCER_REQUIRES_CERTIFICATE
rutas_enriquecidas,111,INTERNAL_ENRICHED_ROUTES,1,r4c1_h-1v+1,28,4,1,-1,1,quark_down_G4,quark_down,G4,R,30|6|8|0|-12|+++---+++---,+++---+++---,78,28,78,36,24,80,6,"(60,78,25)","(80,54,6)",59.43358641016316702356304,79.60661013979482758647091,1.000000041204222405344905,1.000000055189812531859140,TARGET_FREE_INTERNAL_ROUTE,"4,1;6,9",27,27,27,54,216,18,0.0,1,1,1,1,71,107,0,0,0,17,9,9,44,2,0,0,-12,507 504 585 507 510 510 666 672 510 507 504 585 507 510 510 666 672 510,0 1 2 3 4 5 6 7 8 9 10 11 12 13 14 15 16 17,44|2|0|0|-12,True,EXACT_KEY_JOIN__NO_EXTERNAL_MASS_READ,ROUTE_MEMORY_AVAILABLE__ETA_TRANSDUCER_REQUIRES_CERTIFICATE
rutas_enriquecidas,112,INTERNAL_ENRICHED_ROUTES,1,r4c1_h-1v-1,28,4,1,-1,-1,quark_down_G4,quark_down,G4,R,30|6|8|0|-12|+++---+++---,+++---+++---,54,56,70,48,32,80,6,"(80,54,7)","(80,54,6)",79.60672133621751972652496,79.60661013979482758647091,1.000000055189889622315337,1.000000055189812531859140,TARGET_FREE_INTERNAL_ROUTE,"4,1;6,9",27,27,27,54,216,18,0.0,1,1,1,1,71,107,2,1,2,16,9,9,30,-6,0,-4,-12,486 423 15 486 429 243 657 24 243 486 423 15 486 429 243 657 24 243,0 1 2 3 4 5 6 7 8 9 10 11 12 13 13 15 16 16,30|-6|0|-4|-12,True,EXACT_KEY_JOIN__NO_EXTERNAL_MASS_READ,ROUTE_MEMORY_AVAILABLE__ETA_TRANSDUCER_REQUIRES_CERTIFICATE
rutas_enriquecidas,113,INTERNAL_ENRICHED_ROUTES,1,r4c2_h+1v+1,29,4,2,1,1,quark_up_G3,quark_up,G3,B,28|6|-2|0|-12|+++---+++---,+++---+++---,66,64,64,60,40,80,6,"(100,66,0)","(80,54,6)",99.51837473042726913417918,79.60661013979482758647091,1.000000068994276645021895,1.000000055189812531859140,TARGET_FREE_INTERNAL_ROUTE,"4,2;6,8",27,27,27,54,216,36,18.0,,,,2,71,107,0,0,0,17,9,9,28,6,0,0,-12,24 243 657 24 246 264 90 570 264 24 243 657 24 246 264 90 570 264,0 1 2 3 4 5 6 7 8 9 10 11 12 13 14 15 16 17,28|6|0|0|-12,True,EXACT_KEY_JOIN__NO_EXTERNAL_MASS_READ,ROUTE_MEMORY_AVAILABLE__ETA_TRANSDUCER_REQUIRES_CERTIFICATE
rutas_enriquecidas,114,INTERNAL_ENRICHED_ROUTES,1,r4c2_h+1v-1,29,4,2,1,-1,quark_up_G3,quark_up,G3,B,28|6|-2|0|-12|+++---+++---,+++---+++---,24,20,24,24,16,80,6,"(40,24,2)","(80,54,6)",39.82508593118257305617326,79.60661013979482758647091,1.000000027610006159514215,1.000000055189812531859140,TARGET_FREE_INTERNAL_ROUTE,"4,2;6,8",27,27,27,54,216,72,36.0,,,,4,71,107,0,0,0,17,9,9,14,-6,0,0,-12,0 81 3 0 84 0 81 3 0 0 81 3 0 84 0 81 3 0,0 1 2 3 4 5 6 7 8 9 10 11 12 13 14 15 16 17,14|-6|0|0|-12,True,EXACT_KEY_JOIN__NO_EXTERNAL_MASS_READ,ROUTE_MEMORY_AVAILABLE__ETA_TRANSDUCER_REQUIRES_CERTIFICATE
rutas_enriquecidas,115,INTERNAL_ENRICHED_ROUTES,1,r4c2_h-1v+1,29,4,2,-1,1,quark_up_G3,quark_up,G3,B,28|6|-2|0|-12|+++---+++---,+++---+++---,24,20,24,24,16,80,6,"(40,24,2)","(80,54,6)",39.82508593118257305617326,79.60661013979482758647091,1.000000027610006159514215,1.000000055189812531859140,TARGET_FREE_INTERNAL_ROUTE,"4,2;6,8",27,27,27,54,216,72,36.0,,,,4,71,107,2,0,2,17,9,9,14,6,0,0,-12,81 3 0 81 0 3 0 81 3 81 3 0 81 0 3 0 81 3,0 1 2 3 4 5 6 6 8 9 10 11 12 13 14 15 15 17,14|6|0|0|-12,True,EXACT_KEY_JOIN__NO_EXTERNAL_MASS_READ,ROUTE_MEMORY_AVAILABLE__ETA_TRANSDUCER_REQUIRES_CERTIFICATE
rutas_enriquecidas,116,INTERNAL_ENRICHED_ROUTES,1,r4c2_h-1v-1,29,4,2,-1,-1,quark_up_G3,quark_up,G3,B,28|6|-2|0|-12|+++---+++---,+++---+++---,66,64,64,60,40,80,6,"(100,66,0)","(80,54,6)",99.51837473042726913417918,79.60661013979482758647091,1.000000068994276645021895,1.000000055189812531859140,TARGET_FREE_INTERNAL_ROUTE,"4,2;6,8",27,27,27,54,216,36,18.0,,,,2,71,107,1,0,1,17,9,9,28,-6,0,0,-12,90 570 264 90 567 657 24 243 657 90 570 264 90 567 657 24 243 657,0 1 2 3 4 5 6 7 8 9 10 11 12 13 13 15 16 17,28|-6|0|0|-12,True,EXACT_KEY_JOIN__NO_EXTERNAL_MASS_READ,ROUTE_MEMORY_AVAILABLE__ETA_TRANSDUCER_REQUIRES_CERTIFICATE
rutas_enriquecidas,117,INTERNAL_ENRICHED_ROUTES,1,r4c3_h+1v+1,30,4,3,1,1,quark_down_G2,quark_down,G2,G,28|-6|0|0|-12|+++---+++---,+++---+++---,66,60,64,48,32,80,6,"(80,66,2)","(80,54,6)",79.51859712327265341428729,79.60661013979482758647091,1.000000055128794709248880,1.000000055189812531859140,TARGET_FREE_INTERNAL_ROUTE,"4,3;6,7",27,27,27,54,216,18,0.0,1,1,1,1,71,107,2,1,2,16,9,9,28,-6,0,-4,-12,327 498 99 327 501 486 423 15 486 327 498 99 327 501 486 423 15 486,0 1 2 3 4 5 6 7 7 9 10 11 12 13 14 15 16 16,28|-6|0|-4|-12,False,EXACT_KEY_JOIN__NO_EXTERNAL_MASS_READ,ROUTE_MEMORY_AVAILABLE__ETA_TRANSDUCER_REQUIRES_CERTIFICATE
rutas_enriquecidas,118,INTERNAL_ENRICHED_ROUTES,1,r4c3_h+1v-1,30,4,3,1,-1,quark_down_G2,quark_down,G2,G,28|-6|0|0|-12|+++---+++---,+0+---+0+---,84,24,84,24,16,48,5,"(40,84,30)","(48,54,5)",39.39035827686092491784959,47.60649894337213544641686,1.000000027308617396708705,1.000000033004718053243084,TARGET_FREE_INTERNAL_ROUTE,"4,3;6,7",27,27,27,54,216,18,0.0,1,1,1,1,71,107,0,0,0,17,9,9,50,-4,2,-2,-8,333 255 252 333 258 414 420 258 414 333 255 252 333 258 414 420 258 414,0 1 2 3 4 5 6 7 8 9 10 11 12 13 14 15 16 17,50|-4|2|-2|-8,False,EXACT_KEY_JOIN__NO_EXTERNAL_MASS_READ,ROUTE_MEMORY_AVAILABLE__ETA_TRANSDUCER_REQUIRES_CERTIFICATE
rutas_enriquecidas,119,INTERNAL_ENRICHED_ROUTES,1,r4c3_h-1v+1,30,4,3,-1,1,quark_down_G2,quark_down,G2,G,28|-6|0|0|-12|+++---+++---,+++-0-+++-0-,84,24,84,24,16,48,5,"(40,84,30)","(48,54,5)",39.39035827686092491784959,47.60649894337213544641686,1.000000027308617396708705,1.000000033004718053243084,TARGET_FREE_INTERNAL_ROUTE,"4,3;6,7",27,27,27,54,216,18,0.0,1,1,1,1,71,107,1,0,1,17,9,9,50,4,-2,2,-8,420 258 414 420 255 252 333 255 252 420 258 414 420 255 252 333 255 252,0 1 2 3 4 5 6 7 8 9 10 11 12 13 14 15 15 17,50|4|-2|2|-8,False,EXACT_KEY_JOIN__NO_EXTERNAL_MASS_READ,ROUTE_MEMORY_AVAILABLE__ETA_TRANSDUCER_REQUIRES_CERTIFICATE
rutas_enriquecidas,120,INTERNAL_ENRICHED_ROUTES,1,r4c3_h-1v-1,30,4,3,-1,-1,quark_down_G2,quark_down,G2,G,28|-6|0|0|-12|+++---+++---,+++---+++---,66,60,64,48,32,80,6,"(80,66,2)","(80,54,6)",79.51859712327265341428729,79.60661013979482758647091,1.000000055128794709248880,1.000000055189812531859140,TARGET_FREE_INTERNAL_ROUTE,"4,3;6,7",27,27,27,54,216,18,0.0,1,1,1,1,71,107,1,1,1,16,9,9,28,6,0,4,-12,423 15 486 423 12 99 327 498 99 423 15 486 423 12 99 327 498 99,0 1 2 3 4 5 6 7 8 9 10 11 12 13 14 15 16 16,28|6|0|4|-12,False,EXACT_KEY_JOIN__NO_EXTERNAL_MASS_READ,ROUTE_MEMORY_AVAILABLE__ETA_TRANSDUCER_REQUIRES_CERTIFICATE
rutas_enriquecidas,121,INTERNAL_ENRICHED_ROUTES,1,r4c4_h+1v+1,31,4,4,1,1,quark_up_G1,quark_up,G1,R,24|0|12|0|-12|+++---+++---,+++---+++---,54,56,70,48,32,80,6,"(80,54,7)","(80,54,6)",79.60672133621751972652496,79.60661013979482758647091,1.000000055189889622315337,1.000000055189812531859140,TARGET_FREE_INTERNAL_ROUTE,"4,4;6,6",27,27,27,54,216,18,0.0,1,1,1,1,71,107,2,0,1,17,9,9,24,0,0,0,-12,657 24 243 657 18 15 486 423 15 657 24 243 657 18 15 486 423 15,0 1 2 3 4 5 6 7 8 9 10 11 12 13 14 14 15 17,24|0|0|0|-12,True,EXACT_KEY_JOIN__NO_EXTERNAL_MASS_READ,ROUTE_MEMORY_AVAILABLE__ETA_TRANSDUCER_REQUIRES_CERTIFICATE
rutas_enriquecidas,122,INTERNAL_ENRICHED_ROUTES,1,r4c4_h+1v-1,31,4,4,1,-1,quark_up_G1,quark_up,G1,R,24|0|12|0|-12|+++---+++---,+++---+++---,78,28,78,36,24,80,6,"(60,78,25)","(80,54,6)",59.43358641016316702356304,79.60661013979482758647091,1.000000041204222405344905,1.000000055189812531859140,TARGET_FREE_INTERNAL_ROUTE,"4,4;6,6",27,27,27,54,216,18,0.0,1,1,1,1,71,107,2,0,1,17,9,9,14,4,0,0,-12,666 672 510 666 666 585 507 504 585 666 672 510 666 666 585 507 504 585,0 1 2 3 4 5 6 7 8 9 10 11 12 12 13 15 16 17,14|4|0|0|-12,True,EXACT_KEY_JOIN__NO_EXTERNAL_MASS_READ,ROUTE_MEMORY_AVAILABLE__ETA_TRANSDUCER_REQUIRES_CERTIFICATE
rutas_enriquecidas,123,INTERNAL_ENRICHED_ROUTES,1,r4c4_h-1v+1,31,4,4,-1,1,quark_up_G1,quark_up,G1,R,24|0|12|0|-12|+++---+++---,+++---+++---,78,28,78,36,24,80,6,"(60,78,25)","(80,54,6)",59.43358641016316702356304,79.60661013979482758647091,1.000000041204222405344905,1.000000055189812531859140,TARGET_FREE_INTERNAL_ROUTE,"4,4;6,6",27,27,27,54,216,18,0.0,1,1,1,1,71,107,0,0,0,17,9,9,14,-4,0,0,-12,507 504 585 507 510 510 666 672 510 507 504 585 507 510 510 666 672 510,0 1 2 3 4 5 6 7 8 9 10 11 12 13 14 15 16 17,14|-4|0|0|-12,True,EXACT_KEY_JOIN__NO_EXTERNAL_MASS_READ,ROUTE_MEMORY_AVAILABLE__ETA_TRANSDUCER_REQUIRES_CERTIFICATE
rutas_enriquecidas,124,INTERNAL_ENRICHED_ROUTES,1,r4c4_h-1v-1,31,4,4,-1,-1,quark_up_G1,quark_up,G1,R,24|0|12|0|-12|+++---+++---,+++---+++---,54,56,70,48,32,80,6,"(80,54,7)","(80,54,6)",79.60672133621751972652496,79.60661013979482758647091,1.000000055189889622315337,1.000000055189812531859140,TARGET_FREE_INTERNAL_ROUTE,"4,4;6,6",27,27,27,54,216,18,0.0,1,1,1,1,71,107,2,1,2,16,9,9,24,0,0,0,-12,486 423 15 486 429 243 657 24 243 486 423 15 486 429 243 657 24 243,0 1 2 3 4 5 6 7 8 9 10 11 12 13 13 15 16 16,24|0|0|0|-12,True,EXACT_KEY_JOIN__NO_EXTERNAL_MASS_READ,ROUTE_MEMORY_AVAILABLE__ETA_TRANSDUCER_REQUIRES_CERTIFICATE
rutas_enriquecidas,125,INTERNAL_ENRICHED_ROUTES,1,r4c5_h+1v+1,32,4,5,1,1,quark_down_G1,quark_down,G1,B,28|6|0|0|-12|+++---+++---,+++---+++---,66,64,64,60,40,80,6,"(100,66,0)","(80,54,6)",99.51837473042726913417918,79.60661013979482758647091,1.000000068994276645021895,1.000000055189812531859140,TARGET_FREE_INTERNAL_ROUTE,"4,5;6,5",27,27,27,54,216,18,0.0,1,1,1,1,71,107,0,0,0,17,9,9,28,6,0,0,-12,24 243 657 24 246 264 90 570 264 24 243 657 24 246 264 90 570 264,0 1 2 3 4 5 6 7 8 9 10 11 12 13 14 15 16 17,28|6|0|0|-12,True,EXACT_KEY_JOIN__NO_EXTERNAL_MASS_READ,ROUTE_MEMORY_AVAILABLE__ETA_TRANSDUCER_REQUIRES_CERTIFICATE
rutas_enriquecidas,126,INTERNAL_ENRICHED_ROUTES,1,r4c5_h+1v-1,32,4,5,1,-1,quark_down_G1,quark_down,G1,B,28|6|0|0|-12|+++---+++---,+0+-0-+0+-0-,24,20,24,24,16,40,4,"(40,24,2)","(40,54,4)",39.82508593118257305617326,39.60638774694944330636281,1.000000027610006159514215,1.000000027458386692651400,TARGET_FREE_INTERNAL_ROUTE,"4,5;6,5",27,27,27,54,216,18,0.0,1,1,1,1,71,107,0,0,0,17,9,9,20,0,0,0,-8,0 81 3 0 84 0 81 3 0 0 81 3 0 84 0 81 3 0,0 1 2 3 4 5 6 7 8 9 10 11 12 13 14 15 16 17,20|0|0|0|-8,True,EXACT_KEY_JOIN__NO_EXTERNAL_MASS_READ,ROUTE_MEMORY_AVAILABLE__ETA_TRANSDUCER_REQUIRES_CERTIFICATE
rutas_enriquecidas,127,INTERNAL_ENRICHED_ROUTES,1,r4c5_h-1v+1,32,4,5,-1,1,quark_down_G1,quark_down,G1,B,28|6|0|0|-12|+++---+++---,+0+-0-+0+-0-,24,20,24,24,16,40,4,"(40,24,2)","(40,54,4)",39.82508593118257305617326,39.60638774694944330636281,1.000000027610006159514215,1.000000027458386692651400,TARGET_FREE_INTERNAL_ROUTE,"4,5;6,5",27,27,27,54,216,18,0.0,1,1,1,1,71,107,2,0,2,17,9,9,20,0,0,0,-8,81 3 0 81 0 3 0 81 3 81 3 0 81 0 3 0 81 3,0 1 2 3 4 5 6 6 8 9 10 11 12 13 14 15 15 17,20|0|0|0|-8,True,EXACT_KEY_JOIN__NO_EXTERNAL_MASS_READ,ROUTE_MEMORY_AVAILABLE__ETA_TRANSDUCER_REQUIRES_CERTIFICATE
rutas_enriquecidas,128,INTERNAL_ENRICHED_ROUTES,1,r4c5_h-1v-1,32,4,5,-1,-1,quark_down_G1,quark_down,G1,B,28|6|0|0|-12|+++---+++---,+++---+++---,66,64,64,60,40,80,6,"(100,66,0)","(80,54,6)",99.51837473042726913417918,79.60661013979482758647091,1.000000068994276645021895,1.000000055189812531859140,TARGET_FREE_INTERNAL_ROUTE,"4,5;6,5",27,27,27,54,216,18,0.0,1,1,1,1,71,107,1,0,1,17,9,9,28,-6,0,0,-12,90 570 264 90 567 657 24 243 657 90 570 264 90 567 657 24 243 657,0 1 2 3 4 5 6 7 8 9 10 11 12 13 13 15 16 17,28|-6|0|0|-12,True,EXACT_KEY_JOIN__NO_EXTERNAL_MASS_READ,ROUTE_MEMORY_AVAILABLE__ETA_TRANSDUCER_REQUIRES_CERTIFICATE
rutas_enriquecidas,129,INTERNAL_ENRICHED_ROUTES,1,r4c6_h+1v+1,33,4,6,1,1,quark_up_G1,quark_up,G1,G,28|-6|10|0|-12|+++---+++---,+++---+++---,66,60,64,48,32,80,6,"(80,66,2)","(80,54,6)",79.51859712327265341428729,79.60661013979482758647091,1.000000055128794709248880,1.000000055189812531859140,TARGET_FREE_INTERNAL_ROUTE,"4,6;6,4",27,27,27,54,216,18,0.0,1,1,1,1,71,107,2,1,2,16,9,9,28,-6,0,0,-12,327 498 99 327 501 486 423 15 486 327 498 99 327 501 486 423 15 486,0 1 2 3 4 5 6 7 7 9 10 11 12 13 14 15 16 16,28|-6|0|0|-12,False,EXACT_KEY_JOIN__NO_EXTERNAL_MASS_READ,ROUTE_MEMORY_AVAILABLE__ETA_TRANSDUCER_REQUIRES_CERTIFICATE
rutas_enriquecidas,130,INTERNAL_ENRICHED_ROUTES,1,r4c6_h+1v-1,33,4,6,1,-1,quark_up_G1,quark_up,G1,G,28|-6|10|0|-12|+++---+++---,++0---++0---,84,24,84,24,16,56,5,"(40,84,30)","(56,54,5)",39.39035827686092491784959,55.60649894337213544641686,1.000000027308617396708705,1.000000038550972354141645,TARGET_FREE_INTERNAL_ROUTE,"4,6;6,4",27,27,27,54,216,18,0.0,1,1,1,1,71,107,0,0,0,17,9,9,50,-4,2,-2,-8,333 255 252 333 258 414 420 258 414 333 255 252 333 258 414 420 258 414,0 1 2 3 4 5 6 7 8 9 10 11 12 13 14 15 16 17,50|-4|2|-2|-8,False,EXACT_KEY_JOIN__NO_EXTERNAL_MASS_READ,ROUTE_MEMORY_AVAILABLE__ETA_TRANSDUCER_REQUIRES_CERTIFICATE
rutas_enriquecidas,131,INTERNAL_ENRICHED_ROUTES,1,r4c6_h-1v+1,33,4,6,-1,1,quark_up_G1,quark_up,G1,G,28|-6|10|0|-12|+++---+++---,+++--0+++--0,84,24,84,24,16,56,5,"(40,84,30)","(56,54,5)",39.39035827686092491784959,55.60649894337213544641686,1.000000027308617396708705,1.000000038550972354141645,TARGET_FREE_INTERNAL_ROUTE,"4,6;6,4",27,27,27,54,216,18,0.0,1,1,1,1,71,107,1,0,1,17,9,9,50,4,-2,2,-8,420 258 414 420 255 252 333 255 252 420 258 414 420 255 252 333 255 252,0 1 2 3 4 5 6 7 8 9 10 11 12 13 14 15 15 17,50|4|-2|2|-8,False,EXACT_KEY_JOIN__NO_EXTERNAL_MASS_READ,ROUTE_MEMORY_AVAILABLE__ETA_TRANSDUCER_REQUIRES_CERTIFICATE
rutas_enriquecidas,132,INTERNAL_ENRICHED_ROUTES,1,r4c6_h-1v-1,33,4,6,-1,-1,quark_up_G1,quark_up,G1,G,28|-6|10|0|-12|+++---+++---,+++---+++---,66,60,64,48,32,80,6,"(80,66,2)","(80,54,6)",79.51859712327265341428729,79.60661013979482758647091,1.000000055128794709248880,1.000000055189812531859140,TARGET_FREE_INTERNAL_ROUTE,"4,6;6,4",27,27,27,54,216,18,0.0,1,1,1,1,71,107,1,1,1,16,9,9,28,6,0,0,-12,423 15 486 423 12 99 327 498 99 423 15 486 423 12 99 327 498 99,0 1 2 3 4 5 6 7 8 9 10 11 12 13 14 15 16 16,28|6|0|0|-12,False,EXACT_KEY_JOIN__NO_EXTERNAL_MASS_READ,ROUTE_MEMORY_AVAILABLE__ETA_TRANSDUCER_REQUIRES_CERTIFICATE
rutas_enriquecidas,133,INTERNAL_ENRICHED_ROUTES,1,r4c7_h+1v+1,34,4,7,1,1,quark_down_G2,quark_down,G2,R,30|-6|0|-2|-8|++0---++0---,++0---++0---,54,56,70,48,32,56,5,"(80,54,7)","(56,54,5)",79.60672133621751972652496,55.60649894337213544641686,1.000000055189889622315337,1.000000038550972354141645,TARGET_FREE_INTERNAL_ROUTE,"4,7;6,3",27,27,27,54,216,18,0.0,1,1,1,1,71,107,2,0,1,17,9,9,30,-6,2,0,-8,657 24 243 657 18 15 486 423 15 657 24 243 657 18 15 486 423 15,0 1 2 3 4 5 6 7 8 9 10 11 12 13 14 14 15 17,30|-6|2|0|-8,True,EXACT_KEY_JOIN__NO_EXTERNAL_MASS_READ,ROUTE_MEMORY_AVAILABLE__ETA_TRANSDUCER_REQUIRES_CERTIFICATE
rutas_enriquecidas,134,INTERNAL_ENRICHED_ROUTES,1,r4c7_h+1v-1,34,4,7,1,-1,quark_down_G2,quark_down,G2,R,30|-6|0|-2|-8|++0---++0---,+++---+++---,78,28,78,36,24,80,6,"(60,78,25)","(80,54,6)",59.43358641016316702356304,79.60661013979482758647091,1.000000041204222405344905,1.000000055189812531859140,TARGET_FREE_INTERNAL_ROUTE,"4,7;6,3",27,27,27,54,216,18,0.0,1,1,1,1,71,107,2,0,1,17,9,9,14,4,0,0,-12,666 672 510 666 666 585 507 504 585 666 672 510 666 666 585 507 504 585,0 1 2 3 4 5 6 7 8 9 10 11 12 12 13 15 16 17,14|4|0|0|-12,True,EXACT_KEY_JOIN__NO_EXTERNAL_MASS_READ,ROUTE_MEMORY_AVAILABLE__ETA_TRANSDUCER_REQUIRES_CERTIFICATE
rutas_enriquecidas,135,INTERNAL_ENRICHED_ROUTES,1,r4c7_h-1v+1,34,4,7,-1,1,quark_down_G2,quark_down,G2,R,30|-6|0|-2|-8|++0---++0---,+++---+++---,78,28,78,36,24,80,6,"(60,78,25)","(80,54,6)",59.43358641016316702356304,79.60661013979482758647091,1.000000041204222405344905,1.000000055189812531859140,TARGET_FREE_INTERNAL_ROUTE,"4,7;6,3",27,27,27,54,216,18,0.0,1,1,1,1,71,107,0,0,0,17,9,9,14,-4,0,0,-12,507 504 585 507 510 510 666 672 510 507 504 585 507 510 510 666 672 510,0 1 2 3 4 5 6 7 8 9 10 11 12 13 14 15 16 17,14|-4|0|0|-12,True,EXACT_KEY_JOIN__NO_EXTERNAL_MASS_READ,ROUTE_MEMORY_AVAILABLE__ETA_TRANSDUCER_REQUIRES_CERTIFICATE
rutas_enriquecidas,136,INTERNAL_ENRICHED_ROUTES,1,r4c7_h-1v-1,34,4,7,-1,-1,quark_down_G2,quark_down,G2,R,30|-6|0|-2|-8|++0---++0---,+++--0+++--0,54,56,70,48,32,56,5,"(80,54,7)","(56,54,5)",79.60672133621751972652496,55.60649894337213544641686,1.000000055189889622315337,1.000000038550972354141645,TARGET_FREE_INTERNAL_ROUTE,"4,7;6,3",27,27,27,54,216,18,0.0,1,1,1,1,71,107,2,1,2,16,9,9,30,6,-2,0,-8,486 423 15 486 429 243 657 24 243 486 423 15 486 429 243 657 24 243,0 1 2 3 4 5 6 7 8 9 10 11 12 13 13 15 16 16,30|6|-2|0|-8,True,EXACT_KEY_JOIN__NO_EXTERNAL_MASS_READ,ROUTE_MEMORY_AVAILABLE__ETA_TRANSDUCER_REQUIRES_CERTIFICATE
rutas_enriquecidas,137,INTERNAL_ENRICHED_ROUTES,1,r4c8_h+1v+1,35,4,8,1,1,quark_up_G3,quark_up,G3,B,34|0|-20|-2|-8|0++---0++---,0++---0++---,66,64,64,60,40,56,5,"(100,66,0)","(56,54,5)",99.51837473042726913417918,55.60649894337213544641686,1.000000068994276645021895,1.000000038550972354141645,TARGET_FREE_INTERNAL_ROUTE,"4,8;6,2",27,27,27,54,216,36,18.0,,,,2,71,107,0,0,0,17,9,9,34,0,2,0,-8,24 243 657 24 246 264 90 570 264 24 243 657 24 246 264 90 570 264,0 1 2 3 4 5 6 7 8 9 10 11 12 13 14 15 16 17,34|0|2|0|-8,True,EXACT_KEY_JOIN__NO_EXTERNAL_MASS_READ,ROUTE_MEMORY_AVAILABLE__ETA_TRANSDUCER_REQUIRES_CERTIFICATE
rutas_enriquecidas,138,INTERNAL_ENRICHED_ROUTES,1,r4c8_h+1v-1,35,4,8,1,-1,quark_up_G3,quark_up,G3,B,34|0|-20|-2|-8|0++---0++---,+++0--+++0--,24,20,24,24,16,56,5,"(40,24,2)","(56,54,5)",39.82508593118257305617326,55.60649894337213544641686,1.000000027610006159514215,1.000000038550972354141645,TARGET_FREE_INTERNAL_ROUTE,"4,8;6,2",27,27,27,54,216,72,36.0,,,,4,71,107,0,0,0,17,9,9,50,6,-2,2,-8,0 81 3 0 84 0 81 3 0 0 81 3 0 84 0 81 3 0,0 1 2 3 4 5 6 7 8 9 10 11 12 13 14 15 16 17,50|6|-2|2|-8,True,EXACT_KEY_JOIN__NO_EXTERNAL_MASS_READ,ROUTE_MEMORY_AVAILABLE__ETA_TRANSDUCER_REQUIRES_CERTIFICATE
rutas_enriquecidas,139,INTERNAL_ENRICHED_ROUTES,1,r4c8_h-1v+1,35,4,8,-1,1,quark_up_G3,quark_up,G3,B,34|0|-20|-2|-8|0++---0++---,0++---0++---,24,20,24,24,16,56,5,"(40,24,2)","(56,54,5)",39.82508593118257305617326,55.60649894337213544641686,1.000000027610006159514215,1.000000038550972354141645,TARGET_FREE_INTERNAL_ROUTE,"4,8;6,2",27,27,27,54,216,72,36.0,,,,4,71,107,2,0,2,17,9,9,50,-6,2,-2,-8,81 3 0 81 0 3 0 81 3 81 3 0 81 0 3 0 81 3,0 1 2 3 4 5 6 6 8 9 10 11 12 13 14 15 15 17,50|-6|2|-2|-8,True,EXACT_KEY_JOIN__NO_EXTERNAL_MASS_READ,ROUTE_MEMORY_AVAILABLE__ETA_TRANSDUCER_REQUIRES_CERTIFICATE
rutas_enriquecidas,140,INTERNAL_ENRICHED_ROUTES,1,r4c8_h-1v-1,35,4,8,-1,-1,quark_up_G3,quark_up,G3,B,34|0|-20|-2|-8|0++---0++---,+++0--+++0--,66,64,64,60,40,56,5,"(100,66,0)","(56,54,5)",99.51837473042726913417918,55.60649894337213544641686,1.000000068994276645021895,1.000000038550972354141645,TARGET_FREE_INTERNAL_ROUTE,"4,8;6,2",27,27,27,54,216,36,18.0,,,,2,71,107,1,0,1,17,9,9,34,0,-2,0,-8,90 570 264 90 567 657 24 243 657 90 570 264 90 567 657 24 243 657,0 1 2 3 4 5 6 7 8 9 10 11 12 13 13 15 16 17,34|0|-2|0|-8,True,EXACT_KEY_JOIN__NO_EXTERNAL_MASS_READ,ROUTE_MEMORY_AVAILABLE__ETA_TRANSDUCER_REQUIRES_CERTIFICATE
rutas_enriquecidas,141,INTERNAL_ENRICHED_ROUTES,1,r4c9_h+1v+1,36,4,9,1,1,quark_down_G4,quark_down,G4,G,34|0|-8|0|-12|+++---+++---,+++---+++---,66,60,64,48,32,80,6,"(80,66,2)","(80,54,6)",79.51859712327265341428729,79.60661013979482758647091,1.000000055128794709248880,1.000000055189812531859140,TARGET_FREE_INTERNAL_ROUTE,"4,9;6,1",27,27,27,54,216,18,0.0,1,1,1,1,71,107,2,1,2,16,9,9,34,0,0,0,-12,327 498 99 327 501 486 423 15 486 327 498 99 327 501 486 423 15 486,0 1 2 3 4 5 6 7 7 9 10 11 12 13 14 15 16 16,34|0|0|0|-12,True,EXACT_KEY_JOIN__NO_EXTERNAL_MASS_READ,ROUTE_MEMORY_AVAILABLE__ETA_TRANSDUCER_REQUIRES_CERTIFICATE
rutas_enriquecidas,142,INTERNAL_ENRICHED_ROUTES,1,r4c9_h+1v-1,36,4,9,1,-1,quark_down_G4,quark_down,G4,G,34|0|-8|0|-12|+++---+++---,+++---+++---,84,24,84,24,16,80,6,"(40,84,30)","(80,54,6)",39.39035827686092491784959,79.60661013979482758647091,1.000000027308617396708705,1.000000055189812531859140,TARGET_FREE_INTERNAL_ROUTE,"4,9;6,1",27,27,27,54,216,18,0.0,1,1,1,1,71,107,0,0,0,17,9,9,8,2,0,0,-12,333 255 252 333 258 414 420 258 414 333 255 252 333 258 414 420 258 414,0 1 2 3 4 5 6 7 8 9 10 11 12 13 14 15 16 17,8|2|0|0|-12,True,EXACT_KEY_JOIN__NO_EXTERNAL_MASS_READ,ROUTE_MEMORY_AVAILABLE__ETA_TRANSDUCER_REQUIRES_CERTIFICATE
rutas_enriquecidas,143,INTERNAL_ENRICHED_ROUTES,1,r4c9_h-1v+1,36,4,9,-1,1,quark_down_G4,quark_down,G4,G,34|0|-8|0|-12|+++---+++---,+++---+++---,84,24,84,24,16,80,6,"(40,84,30)","(80,54,6)",39.39035827686092491784959,79.60661013979482758647091,1.000000027308617396708705,1.000000055189812531859140,TARGET_FREE_INTERNAL_ROUTE,"4,9;6,1",27,27,27,54,216,18,0.0,1,1,1,1,71,107,1,0,1,17,9,9,8,-2,0,0,-12,420 258 414 420 255 252 333 255 252 420 258 414 420 255 252 333 255 252,0 1 2 3 4 5 6 7 8 9 10 11 12 13 14 15 15 17,8|-2|0|0|-12,True,EXACT_KEY_JOIN__NO_EXTERNAL_MASS_READ,ROUTE_MEMORY_AVAILABLE__ETA_TRANSDUCER_REQUIRES_CERTIFICATE
rutas_enriquecidas,144,INTERNAL_ENRICHED_ROUTES,1,r4c9_h-1v-1,36,4,9,-1,-1,quark_down_G4,quark_down,G4,G,34|0|-8|0|-12|+++---+++---,+++---+++---,66,60,64,48,32,80,6,"(80,66,2)","(80,54,6)",79.51859712327265341428729,79.60661013979482758647091,1.000000055128794709248880,1.000000055189812531859140,TARGET_FREE_INTERNAL_ROUTE,"4,9;6,1",27,27,27,54,216,18,0.0,1,1,1,1,71,107,1,1,1,16,9,9,34,0,0,0,-12,423 15 486 423 12 99 327 498 99 423 15 486 423 12 99 327 498 99,0 1 2 3 4 5 6 7 8 9 10 11 12 13 14 15 16 16,34|0|0|0|-12,True,EXACT_KEY_JOIN__NO_EXTERNAL_MASS_READ,ROUTE_MEMORY_AVAILABLE__ETA_TRANSDUCER_REQUIRES_CERTIFICATE
rutas_enriquecidas,145,INTERNAL_ENRICHED_ROUTES,1,r5c1_h+1v+1,37,5,1,1,1,charged_lepton_G4,charged_lepton,G4,,34|0|-16|0|-8|+++-0-+++-0-,+++-0-+++-0-,66,64,68,60,40,48,5,"(100,66,2)","(48,54,5)",99.51859712327265341428729,47.60649894337213544641686,1.000000068994430825936417,1.000000033004718053243084,TARGET_FREE_INTERNAL_ROUTE,"5,1;5,9",27,27,27,54,216,18,0.0,1,1,1,1,71,107,1,0,1,17,9,9,34,0,-2,0,-8,99 327 498 99 324 423 15 486 423 99 327 498 99 324 423 15 486 423,0 1 2 3 4 5 6 7 8 9 10 11 12 13 14 14 16 17,34|0|-2|0|-8,False,EXACT_KEY_JOIN__NO_EXTERNAL_MASS_READ,ROUTE_MEMORY_AVAILABLE__ETA_TRANSDUCER_REQUIRES_CERTIFICATE
rutas_enriquecidas,146,INTERNAL_ENRICHED_ROUTES,1,r5c1_h+1v-1,37,5,1,1,-1,charged_lepton_G4,charged_lepton,G4,,34|0|-16|0|-8|+++-0-+++-0-,+++---+++---,24,20,24,24,16,80,6,"(40,24,2)","(80,54,6)",39.82508593118257305617326,79.60661013979482758647091,1.000000027610006159514215,1.000000055189812531859140,TARGET_FREE_INTERNAL_ROUTE,"5,1;5,9",27,27,27,54,216,36,18.0,,,,2,71,107,2,0,2,17,9,9,14,-6,0,0,-12,81 3 0 81 0 3 0 81 3 81 3 0 81 0 3 0 81 3,0 1 2 3 4 5 6 6 8 9 10 11 12 13 14 15 15 17,14|-6|0|0|-12,False,EXACT_KEY_JOIN__NO_EXTERNAL_MASS_READ,ROUTE_MEMORY_AVAILABLE__ETA_TRANSDUCER_REQUIRES_CERTIFICATE
rutas_enriquecidas,147,INTERNAL_ENRICHED_ROUTES,1,r5c1_h-1v+1,37,5,1,-1,1,charged_lepton_G4,charged_lepton,G4,,34|0|-16|0|-8|+++-0-+++-0-,+++---+++---,24,20,24,24,16,80,6,"(40,24,2)","(80,54,6)",39.82508593118257305617326,79.60661013979482758647091,1.000000027610006159514215,1.000000055189812531859140,TARGET_FREE_INTERNAL_ROUTE,"5,1;5,9",27,27,27,54,216,36,18.0,,,,2,71,107,0,0,0,17,9,9,14,6,0,0,-12,0 81 3 0 84 0 81 3 0 0 81 3 0 84 0 81 3 0,0 1 2 3 4 5 6 7 8 9 10 11 12 13 14 15 16 17,14|6|0|0|-12,False,EXACT_KEY_JOIN__NO_EXTERNAL_MASS_READ,ROUTE_MEMORY_AVAILABLE__ETA_TRANSDUCER_REQUIRES_CERTIFICATE
rutas_enriquecidas,148,INTERNAL_ENRICHED_ROUTES,1,r5c1_h-1v-1,37,5,1,-1,-1,charged_lepton_G4,charged_lepton,G4,,34|0|-16|0|-8|+++-0-+++-0-,+0+---+0+---,66,64,68,60,40,48,5,"(100,66,2)","(48,54,5)",99.51859712327265341428729,47.60649894337213544641686,1.000000068994430825936417,1.000000033004718053243084,TARGET_FREE_INTERNAL_ROUTE,"5,1;5,9",27,27,27,54,216,30,8.0,5,5,5,1,71,107,1,1,1,16,9,9,34,0,2,0,-8,15 486 423 15 489 498 99 327 498 15 486 423 15 489 498 99 327 498,0 1 2 3 4 5 6 7 8 9 10 11 12 13 14 15 16 16,34|0|2|0|-8,False,EXACT_KEY_JOIN__NO_EXTERNAL_MASS_READ,ROUTE_MEMORY_AVAILABLE__ETA_TRANSDUCER_REQUIRES_CERTIFICATE
rutas_enriquecidas,149,INTERNAL_ENRICHED_ROUTES,1,r5c2_h+1v+1,38,5,2,1,1,neutrino_G3,neutrino,G3,,30|6|0|0|-12|+++---+++---,+++---+++---,54,56,68,48,32,80,6,"(80,54,6)","(80,54,6)",79.60661013979482758647091,79.60661013979482758647091,1.000000055189812531859140,1.000000055189812531859140,TARGET_FREE_INTERNAL_ROUTE,"5,2;5,8",27,27,27,54,216,36,18.0,1,,,2,71,107,2,1,2,16,9,9,30,6,0,4,-12,243 657 24 243 663 486 423 15 486 243 657 24 243 663 486 423 15 486,0 1 2 3 4 5 6 7 8 9 10 11 12 13 14 14 16 16,30|6|0|4|-12,True,EXACT_KEY_JOIN__NO_EXTERNAL_MASS_READ,ROUTE_MEMORY_AVAILABLE__ETA_TRANSDUCER_REQUIRES_CERTIFICATE
rutas_enriquecidas,150,INTERNAL_ENRICHED_ROUTES,1,r5c2_h+1v-1,38,5,2,1,-1,neutrino_G3,neutrino,G3,,30|6|0|0|-12|+++---+++---,+00---+00---,84,28,84,36,24,20,4,"(60,84,28)","(20,54,4)",59.39013588401554063774148,19.60638774694944330636281,1.000000041174098946741575,1.000000013592751151887498,TARGET_FREE_INTERNAL_ROUTE,"5,2;5,8",27,27,27,54,216,36,18.0,1,,,2,71,107,3,0,2,17,9,9,50,-4,4,0,-4,255 252 333 255 258 258 414 420 258 255 252 333 255 258 258 414 420 258,0 1 2 3 4 5 6 7 8 9 10 11 11 12 14 15 15 17,50|-4|4|0|-4,True,EXACT_KEY_JOIN__NO_EXTERNAL_MASS_READ,ROUTE_MEMORY_AVAILABLE__ETA_TRANSDUCER_REQUIRES_CERTIFICATE
rutas_enriquecidas,151,INTERNAL_ENRICHED_ROUTES,1,r5c2_h-1v+1,38,5,2,-1,1,neutrino_G3,neutrino,G3,,30|6|0|0|-12|+++---+++---,+++-00+++-00,84,28,84,36,24,20,4,"(60,84,28)","(20,54,4)",59.39013588401554063774148,19.60638774694944330636281,1.000000041174098946741575,1.000000013592751151887498,TARGET_FREE_INTERNAL_ROUTE,"5,2;5,8",27,27,27,54,216,36,18.0,1,,,2,71,107,2,1,2,16,9,9,50,4,-4,0,-4,414 420 258 414 414 333 255 252 333 414 420 258 414 414 333 255 252 333,0 1 2 3 4 5 6 7 8 9 10 11 12 13 14 14 16 16,50|4|-4|0|-4,True,EXACT_KEY_JOIN__NO_EXTERNAL_MASS_READ,ROUTE_MEMORY_AVAILABLE__ETA_TRANSDUCER_REQUIRES_CERTIFICATE
rutas_enriquecidas,152,INTERNAL_ENRICHED_ROUTES,1,r5c2_h-1v-1,38,5,2,-1,-1,neutrino_G3,neutrino,G3,,30|6|0|0|-12|+++---+++---,+++---+++---,54,56,68,48,32,80,6,"(80,54,6)","(80,54,6)",79.60661013979482758647091,79.60661013979482758647091,1.000000055189812531859140,1.000000055189812531859140,TARGET_FREE_INTERNAL_ROUTE,"5,2;5,8",27,27,27,54,216,36,18.0,1,,,2,71,107,3,0,2,17,9,9,30,-6,0,-4,-12,423 15 486 423 9 24 243 657 24 423 15 486 423 9 24 243 657 24,0 1 2 3 4 5 6 7 8 9 10 11 11 13 14 14 15 17,30|-6|0|-4|-12,True,EXACT_KEY_JOIN__NO_EXTERNAL_MASS_READ,ROUTE_MEMORY_AVAILABLE__ETA_TRANSDUCER_REQUIRES_CERTIFICATE
rutas_enriquecidas,153,INTERNAL_ENRICHED_ROUTES,1,r5c3_h+1v+1,39,5,3,1,1,charged_lepton_G2,charged_lepton,G2,,28|6|2|0|-12|+++---+++---,+++---+++---,66,60,68,48,32,80,6,"(80,66,4)","(80,54,6)",79.51881951611803769439539,79.60661013979482758647091,1.000000055128948890161264,1.000000055189812531859140,TARGET_FREE_INTERNAL_ROUTE,"5,3;5,7",27,27,27,54,216,22,4.0,5,5,5,1,71,107,0,0,0,17,9,9,28,6,0,0,-12,657 24 243 657 21 90 570 264 90 657 24 243 657 21 90 570 264 90,0 1 2 3 4 5 6 7 8 9 10 11 12 13 14 15 16 17,28|6|0|0|-12,False,EXACT_KEY_JOIN__NO_EXTERNAL_MASS_READ,ROUTE_MEMORY_AVAILABLE__ETA_TRANSDUCER_REQUIRES_CERTIFICATE
rutas_enriquecidas,154,INTERNAL_ENRICHED_ROUTES,1,r5c3_h+1v-1,39,5,3,1,-1,charged_lepton_G2,charged_lepton,G2,,28|6|2|0|-12|+++---+++---,+++---+++---,78,24,78,24,16,80,6,"(40,78,27)","(80,54,6)",39.43380880300855130367114,79.60661013979482758647091,1.000000027338740854894358,1.000000055189812531859140,TARGET_FREE_INTERNAL_ROUTE,"5,3;5,7",27,27,27,54,216,18,0.0,1,1,1,1,71,107,1,0,1,17,9,9,14,4,0,0,-12,672 510 666 672 507 504 585 507 504 672 510 666 672 507 504 585 507 504,0 1 2 3 4 5 6 7 8 9 10 11 12 13 14 14 16 17,14|4|0|0|-12,False,EXACT_KEY_JOIN__NO_EXTERNAL_MASS_READ,ROUTE_MEMORY_AVAILABLE__ETA_TRANSDUCER_REQUIRES_CERTIFICATE
rutas_enriquecidas,155,INTERNAL_ENRICHED_ROUTES,1,r5c3_h-1v+1,39,5,3,-1,1,charged_lepton_G2,charged_lepton,G2,,28|6|2|0|-12|+++---+++---,+++---+++---,78,24,78,24,16,80,6,"(40,78,27)","(80,54,6)",39.43380880300855130367114,79.60661013979482758647091,1.000000027338740854894358,1.000000055189812531859140,TARGET_FREE_INTERNAL_ROUTE,"5,3;5,7",27,27,27,54,216,18,0.0,1,1,1,1,71,107,1,0,1,17,9,9,14,-4,0,0,-12,585 507 504 585 510 666 672 510 666 585 507 504 585 510 666 672 510 666,0 1 2 3 4 5 6 7 8 9 10 11 12 13 14 14 16 17,14|-4|0|0|-12,False,EXACT_KEY_JOIN__NO_EXTERNAL_MASS_READ,ROUTE_MEMORY_AVAILABLE__ETA_TRANSDUCER_REQUIRES_CERTIFICATE
rutas_enriquecidas,156,INTERNAL_ENRICHED_ROUTES,1,r5c3_h-1v-1,39,5,3,-1,-1,charged_lepton_G2,charged_lepton,G2,,28|6|2|0|-12|+++---+++---,+++---+++---,66,60,68,48,32,80,6,"(80,66,4)","(80,54,6)",79.51881951611803769439539,79.60661013979482758647091,1.000000055128948890161264,1.000000055189812531859140,TARGET_FREE_INTERNAL_ROUTE,"5,3;5,7",27,27,27,54,216,18,0.0,1,1,1,1,71,107,1,0,1,17,9,9,28,-6,0,0,-12,570 264 90 570 267 243 657 24 243 570 264 90 570 267 243 657 24 243,0 1 1 3 4 5 6 7 8 9 10 11 12 13 14 15 16 17,28|-6|0|0|-12,False,EXACT_KEY_JOIN__NO_EXTERNAL_MASS_READ,ROUTE_MEMORY_AVAILABLE__ETA_TRANSDUCER_REQUIRES_CERTIFICATE
rutas_enriquecidas,157,INTERNAL_ENRICHED_ROUTES,1,r5c4_h+1v+1,40,5,4,1,1,neutrino_G1,neutrino,G1,,28|-6|4|0|-12|+++---+++---,+++---+++---,66,64,68,60,40,80,6,"(100,66,2)","(80,54,6)",99.51859712327265341428729,79.60661013979482758647091,1.000000068994430825936417,1.000000055189812531859140,TARGET_FREE_INTERNAL_ROUTE,"5,4;5,6",27,27,27,54,216,18,0.0,1,1,1,1,71,107,1,0,1,17,9,9,28,-6,0,0,-12,99 327 498 99 324 423 15 486 423 99 327 498 99 324 423 15 486 423,0 1 2 3 4 5 6 7 8 9 10 11 12 13 14 14 16 17,28|-6|0|0|-12,True,EXACT_KEY_JOIN__NO_EXTERNAL_MASS_READ,ROUTE_MEMORY_AVAILABLE__ETA_TRANSDUCER_REQUIRES_CERTIFICATE
rutas_enriquecidas,158,INTERNAL_ENRICHED_ROUTES,1,r5c4_h+1v-1,40,5,4,1,-1,neutrino_G1,neutrino,G1,,28|-6|4|0|-12|+++---+++---,+0+-0-+0+-0-,24,20,24,24,16,40,4,"(40,24,2)","(40,54,4)",39.82508593118257305617326,39.60638774694944330636281,1.000000027610006159514215,1.000000027458386692651400,TARGET_FREE_INTERNAL_ROUTE,"5,4;5,6",27,27,27,54,216,18,0.0,1,1,1,1,71,107,2,0,2,17,9,9,20,0,0,0,-8,81 3 0 81 0 3 0 81 3 81 3 0 81 0 3 0 81 3,0 1 2 3 4 5 6 6 8 9 10 11 12 13 14 15 15 17,20|0|0|0|-8,True,EXACT_KEY_JOIN__NO_EXTERNAL_MASS_READ,ROUTE_MEMORY_AVAILABLE__ETA_TRANSDUCER_REQUIRES_CERTIFICATE
rutas_enriquecidas,159,INTERNAL_ENRICHED_ROUTES,1,r5c4_h-1v+1,40,5,4,-1,1,neutrino_G1,neutrino,G1,,28|-6|4|0|-12|+++---+++---,+0+-0-+0+-0-,24,20,24,24,16,40,4,"(40,24,2)","(40,54,4)",39.82508593118257305617326,39.60638774694944330636281,1.000000027610006159514215,1.000000027458386692651400,TARGET_FREE_INTERNAL_ROUTE,"5,4;5,6",27,27,27,54,216,18,0.0,1,1,1,1,71,107,0,0,0,17,9,9,20,0,0,0,-8,0 81 3 0 84 0 81 3 0 0 81 3 0 84 0 81 3 0,0 1 2 3 4 5 6 7 8 9 10 11 12 13 14 15 16 17,20|0|0|0|-8,True,EXACT_KEY_JOIN__NO_EXTERNAL_MASS_READ,ROUTE_MEMORY_AVAILABLE__ETA_TRANSDUCER_REQUIRES_CERTIFICATE
rutas_enriquecidas,160,INTERNAL_ENRICHED_ROUTES,1,r5c4_h-1v-1,40,5,4,-1,-1,neutrino_G1,neutrino,G1,,28|-6|4|0|-12|+++---+++---,+++---+++---,66,64,68,60,40,80,6,"(100,66,2)","(80,54,6)",99.51859712327265341428729,79.60661013979482758647091,1.000000068994430825936417,1.000000055189812531859140,TARGET_FREE_INTERNAL_ROUTE,"5,4;5,6",27,27,27,54,216,18,0.0,1,1,1,1,71,107,1,1,1,16,9,9,28,6,0,0,-12,15 486 423 15 489 498 99 327 498 15 486 423 15 489 498 99 327 498,0 1 2 3 4 5 6 7 8 9 10 11 12 13 14 15 16 16,28|6|0|0|-12,True,EXACT_KEY_JOIN__NO_EXTERNAL_MASS_READ,ROUTE_MEMORY_AVAILABLE__ETA_TRANSDUCER_REQUIRES_CERTIFICATE
rutas_enriquecidas,161,INTERNAL_ENRICHED_ROUTES,1,r5c5_h+1v+1,41,5,5,1,1,charged_lepton_G0,charged_lepton,G0_center,,24|0|12|0|-12|+++---+++---,+++---+++---,54,56,68,48,32,80,6,"(80,54,6)","(80,54,6)",79.60661013979482758647091,79.60661013979482758647091,1.000000055189812531859140,1.000000055189812531859140,TARGET_FREE_INTERNAL_ROUTE,"5,5",27,27,27,54,216,18,0.0,1,1,1,1,71,107,2,1,2,16,9,9,24,0,0,0,-12,243 657 24 243 663 486 423 15 486 243 657 24 243 663 486 423 15 486,0 1 2 3 4 5 6 7 8 9 10 11 12 13 14 14 16 16,24|0|0|0|-12,True,EXACT_KEY_JOIN__NO_EXTERNAL_MASS_READ,ROUTE_MEMORY_AVAILABLE__ETA_TRANSDUCER_REQUIRES_CERTIFICATE
rutas_enriquecidas,162,INTERNAL_ENRICHED_ROUTES,1,r5c5_h+1v-1,41,5,5,1,-1,charged_lepton_G0,charged_lepton,G0_center,,24|0|12|0|-12|+++---+++---,+0+---+0+---,84,28,84,36,24,48,5,"(60,84,28)","(48,54,5)",59.39013588401554063774148,47.60649894337213544641686,1.000000041174098946741575,1.000000033004718053243084,TARGET_FREE_INTERNAL_ROUTE,"5,5",27,27,27,54,216,18,0.0,1,1,1,1,71,107,3,0,2,17,9,9,50,-4,2,-2,-8,255 252 333 255 258 258 414 420 258 255 252 333 255 258 258 414 420 258,0 1 2 3 4 5 6 7 8 9 10 11 11 12 14 15 15 17,50|-4|2|-2|-8,True,EXACT_KEY_JOIN__NO_EXTERNAL_MASS_READ,ROUTE_MEMORY_AVAILABLE__ETA_TRANSDUCER_REQUIRES_CERTIFICATE
rutas_enriquecidas,163,INTERNAL_ENRICHED_ROUTES,1,r5c5_h-1v+1,41,5,5,-1,1,charged_lepton_G0,charged_lepton,G0_center,,24|0|12|0|-12|+++---+++---,+++-0-+++-0-,84,28,84,36,24,48,5,"(60,84,28)","(48,54,5)",59.39013588401554063774148,47.60649894337213544641686,1.000000041174098946741575,1.000000033004718053243084,TARGET_FREE_INTERNAL_ROUTE,"5,5",27,27,27,54,216,18,0.0,1,1,1,1,71,107,2,1,2,16,9,9,50,4,-2,2,-8,414 420 258 414 414 333 255 252 333 414 420 258 414 414 333 255 252 333,0 1 2 3 4 5 6 7 8 9 10 11 12 13 14 14 16 16,50|4|-2|2|-8,True,EXACT_KEY_JOIN__NO_EXTERNAL_MASS_READ,ROUTE_MEMORY_AVAILABLE__ETA_TRANSDUCER_REQUIRES_CERTIFICATE
rutas_enriquecidas,164,INTERNAL_ENRICHED_ROUTES,1,r5c5_h-1v-1,41,5,5,-1,-1,charged_lepton_G0,charged_lepton,G0_center,,24|0|12|0|-12|+++---+++---,+++---+++---,54,56,68,48,32,80,6,"(80,54,6)","(80,54,6)",79.60661013979482758647091,79.60661013979482758647091,1.000000055189812531859140,1.000000055189812531859140,TARGET_FREE_INTERNAL_ROUTE,"5,5",27,27,27,54,216,18,0.0,1,1,1,1,71,107,3,0,2,17,9,9,24,0,0,0,-12,423 15 486 423 9 24 243 657 24 423 15 486 423 9 24 243 657 24,0 1 2 3 4 5 6 7 8 9 10 11 11 13 14 14 15 17,24|0|0|0|-12,True,EXACT_KEY_JOIN__NO_EXTERNAL_MASS_READ,ROUTE_MEMORY_AVAILABLE__ETA_TRANSDUCER_REQUIRES_CERTIFICATE
rutas_enriquecidas,165,INTERNAL_ENRICHED_ROUTES,1,r5c6_h+1v+1,42,5,6,1,1,neutrino_G1,neutrino,G1,,28|6|-4|0|-12|+++---+++---,+++---+++---,66,60,68,48,32,80,6,"(80,66,4)","(80,54,6)",79.51881951611803769439539,79.60661013979482758647091,1.000000055128948890161264,1.000000055189812531859140,TARGET_FREE_INTERNAL_ROUTE,"5,4;5,6",27,27,27,54,216,18,0.0,1,1,1,1,71,107,0,0,0,17,9,9,28,6,0,0,-12,657 24 243 657 21 90 570 264 90 657 24 243 657 21 90 570 264 90,0 1 2 3 4 5 6 7 8 9 10 11 12 13 14 15 16 17,28|6|0|0|-12,True,EXACT_KEY_JOIN__NO_EXTERNAL_MASS_READ,ROUTE_MEMORY_AVAILABLE__ETA_TRANSDUCER_REQUIRES_CERTIFICATE
rutas_enriquecidas,166,INTERNAL_ENRICHED_ROUTES,1,r5c6_h+1v-1,42,5,6,1,-1,neutrino_G1,neutrino,G1,,28|6|-4|0|-12|+++---+++---,+++---+++---,78,24,78,24,16,80,6,"(40,78,27)","(80,54,6)",39.43380880300855130367114,79.60661013979482758647091,1.000000027338740854894358,1.000000055189812531859140,TARGET_FREE_INTERNAL_ROUTE,"5,4;5,6",27,27,27,54,216,18,0.0,1,1,1,1,71,107,1,0,1,17,9,9,14,4,0,0,-12,672 510 666 672 507 504 585 507 504 672 510 666 672 507 504 585 507 504,0 1 2 3 4 5 6 7 8 9 10 11 12 13 14 14 16 17,14|4|0|0|-12,True,EXACT_KEY_JOIN__NO_EXTERNAL_MASS_READ,ROUTE_MEMORY_AVAILABLE__ETA_TRANSDUCER_REQUIRES_CERTIFICATE
rutas_enriquecidas,167,INTERNAL_ENRICHED_ROUTES,1,r5c6_h-1v+1,42,5,6,-1,1,neutrino_G1,neutrino,G1,,28|6|-4|0|-12|+++---+++---,+++---+++---,78,24,78,24,16,80,6,"(40,78,27)","(80,54,6)",39.43380880300855130367114,79.60661013979482758647091,1.000000027338740854894358,1.000000055189812531859140,TARGET_FREE_INTERNAL_ROUTE,"5,4;5,6",27,27,27,54,216,18,0.0,1,1,1,1,71,107,1,0,1,17,9,9,14,-4,0,0,-12,585 507 504 585 510 666 672 510 666 585 507 504 585 510 666 672 510 666,0 1 2 3 4 5 6 7 8 9 10 11 12 13 14 14 16 17,14|-4|0|0|-12,True,EXACT_KEY_JOIN__NO_EXTERNAL_MASS_READ,ROUTE_MEMORY_AVAILABLE__ETA_TRANSDUCER_REQUIRES_CERTIFICATE
rutas_enriquecidas,168,INTERNAL_ENRICHED_ROUTES,1,r5c6_h-1v-1,42,5,6,-1,-1,neutrino_G1,neutrino,G1,,28|6|-4|0|-12|+++---+++---,+++---+++---,66,60,68,48,32,80,6,"(80,66,4)","(80,54,6)",79.51881951611803769439539,79.60661013979482758647091,1.000000055128948890161264,1.000000055189812531859140,TARGET_FREE_INTERNAL_ROUTE,"5,4;5,6",27,27,27,54,216,18,0.0,1,1,1,1,71,107,1,0,1,17,9,9,28,-6,0,0,-12,570 264 90 570 267 243 657 24 243 570 264 90 570 267 243 657 24 243,0 1 1 3 4 5 6 7 8 9 10 11 12 13 14 15 16 17,28|-6|0|0|-12,True,EXACT_KEY_JOIN__NO_EXTERNAL_MASS_READ,ROUTE_MEMORY_AVAILABLE__ETA_TRANSDUCER_REQUIRES_CERTIFICATE
rutas_enriquecidas,169,INTERNAL_ENRICHED_ROUTES,1,r5c7_h+1v+1,43,5,7,1,1,charged_lepton_G2,charged_lepton,G2,,28|-6|6|0|-12|+++---+++---,+++---+++---,66,64,68,60,40,80,6,"(100,66,2)","(80,54,6)",99.51859712327265341428729,79.60661013979482758647091,1.000000068994430825936417,1.000000055189812531859140,TARGET_FREE_INTERNAL_ROUTE,"5,3;5,7",27,27,27,54,216,18,0.0,1,1,1,1,71,107,1,0,1,17,9,9,28,-6,0,-4,-12,99 327 498 99 324 423 15 486 423 99 327 498 99 324 423 15 486 423,0 1 2 3 4 5 6 7 8 9 10 11 12 13 14 14 16 17,28|-6|0|-4|-12,False,EXACT_KEY_JOIN__NO_EXTERNAL_MASS_READ,ROUTE_MEMORY_AVAILABLE__ETA_TRANSDUCER_REQUIRES_CERTIFICATE
rutas_enriquecidas,170,INTERNAL_ENRICHED_ROUTES,1,r5c7_h+1v-1,43,5,7,1,-1,charged_lepton_G2,charged_lepton,G2,,28|-6|6|0|-12|+++---+++---,+++0--+++0--,24,20,24,24,16,56,5,"(40,24,2)","(56,54,5)",39.82508593118257305617326,55.60649894337213544641686,1.000000027610006159514215,1.000000038550972354141645,TARGET_FREE_INTERNAL_ROUTE,"5,3;5,7",27,27,27,54,216,36,18.0,,,,2,71,107,2,0,2,17,9,9,50,6,-2,2,-8,81 3 0 81 0 3 0 81 3 81 3 0 81 0 3 0 81 3,0 1 2 3 4 5 6 6 8 9 10 11 12 13 14 15 15 17,50|6|-2|2|-8,False,EXACT_KEY_JOIN__NO_EXTERNAL_MASS_READ,ROUTE_MEMORY_AVAILABLE__ETA_TRANSDUCER_REQUIRES_CERTIFICATE
rutas_enriquecidas,171,INTERNAL_ENRICHED_ROUTES,1,r5c7_h-1v+1,43,5,7,-1,1,charged_lepton_G2,charged_lepton,G2,,28|-6|6|0|-12|+++---+++---,0++---0++---,24,20,24,24,16,56,5,"(40,24,2)","(56,54,5)",39.82508593118257305617326,55.60649894337213544641686,1.000000027610006159514215,1.000000038550972354141645,TARGET_FREE_INTERNAL_ROUTE,"5,3;5,7",27,27,27,54,216,36,18.0,,,,2,71,107,0,0,0,17,9,9,50,-6,2,-2,-8,0 81 3 0 84 0 81 3 0 0 81 3 0 84 0 81 3 0,0 1 2 3 4 5 6 7 8 9 10 11 12 13 14 15 16 17,50|-6|2|-2|-8,False,EXACT_KEY_JOIN__NO_EXTERNAL_MASS_READ,ROUTE_MEMORY_AVAILABLE__ETA_TRANSDUCER_REQUIRES_CERTIFICATE
rutas_enriquecidas,172,INTERNAL_ENRICHED_ROUTES,1,r5c7_h-1v-1,43,5,7,-1,-1,charged_lepton_G2,charged_lepton,G2,,28|-6|6|0|-12|+++---+++---,+++---+++---,66,64,68,60,40,80,6,"(100,66,2)","(80,54,6)",99.51859712327265341428729,79.60661013979482758647091,1.000000068994430825936417,1.000000055189812531859140,TARGET_FREE_INTERNAL_ROUTE,"5,3;5,7",27,27,27,54,216,22,4.0,5,5,5,1,71,107,1,1,1,16,9,9,28,6,0,4,-12,15 486 423 15 489 498 99 327 498 15 486 423 15 489 498 99 327 498,0 1 2 3 4 5 6 7 8 9 10 11 12 13 14 15 16 16,28|6|0|4|-12,False,EXACT_KEY_JOIN__NO_EXTERNAL_MASS_READ,ROUTE_MEMORY_AVAILABLE__ETA_TRANSDUCER_REQUIRES_CERTIFICATE
rutas_enriquecidas,173,INTERNAL_ENRICHED_ROUTES,1,r5c8_h+1v+1,44,5,8,1,1,neutrino_G3,neutrino,G3,,30|-6|8|0|-12|+++---+++---,+++---+++---,54,56,68,48,32,80,6,"(80,54,6)","(80,54,6)",79.60661013979482758647091,79.60661013979482758647091,1.000000055189812531859140,1.000000055189812531859140,TARGET_FREE_INTERNAL_ROUTE,"5,2;5,8",27,27,27,54,216,36,18.0,1,,,2,71,107,2,1,2,16,9,9,30,-6,0,0,-12,243 657 24 243 663 486 423 15 486 243 657 24 243 663 486 423 15 486,0 1 2 3 4 5 6 7 8 9 10 11 12 13 14 14 16 16,30|-6|0|0|-12,True,EXACT_KEY_JOIN__NO_EXTERNAL_MASS_READ,ROUTE_MEMORY_AVAILABLE__ETA_TRANSDUCER_REQUIRES_CERTIFICATE
rutas_enriquecidas,174,INTERNAL_ENRICHED_ROUTES,1,r5c8_h+1v-1,44,5,8,1,-1,neutrino_G3,neutrino,G3,,30|-6|8|0|-12|+++---+++---,+++---+++---,84,28,84,36,24,80,6,"(60,84,28)","(80,54,6)",59.39013588401554063774148,79.60661013979482758647091,1.000000041174098946741575,1.000000055189812531859140,TARGET_FREE_INTERNAL_ROUTE,"5,2;5,8",27,27,27,54,216,36,18.0,1,,,2,71,107,3,0,2,17,9,9,8,2,0,0,-12,255 252 333 255 258 258 414 420 258 255 252 333 255 258 258 414 420 258,0 1 2 3 4 5 6 7 8 9 10 11 11 12 14 15 15 17,8|2|0|0|-12,True,EXACT_KEY_JOIN__NO_EXTERNAL_MASS_READ,ROUTE_MEMORY_AVAILABLE__ETA_TRANSDUCER_REQUIRES_CERTIFICATE
rutas_enriquecidas,175,INTERNAL_ENRICHED_ROUTES,1,r5c8_h-1v+1,44,5,8,-1,1,neutrino_G3,neutrino,G3,,30|-6|8|0|-12|+++---+++---,+++---+++---,84,28,84,36,24,80,6,"(60,84,28)","(80,54,6)",59.39013588401554063774148,79.60661013979482758647091,1.000000041174098946741575,1.000000055189812531859140,TARGET_FREE_INTERNAL_ROUTE,"5,2;5,8",27,27,27,54,216,36,18.0,1,,,2,71,107,2,1,2,16,9,9,8,-2,0,0,-12,414 420 258 414 414 333 255 252 333 414 420 258 414 414 333 255 252 333,0 1 2 3 4 5 6 7 8 9 10 11 12 13 14 14 16 16,8|-2|0|0|-12,True,EXACT_KEY_JOIN__NO_EXTERNAL_MASS_READ,ROUTE_MEMORY_AVAILABLE__ETA_TRANSDUCER_REQUIRES_CERTIFICATE
rutas_enriquecidas,176,INTERNAL_ENRICHED_ROUTES,1,r5c8_h-1v-1,44,5,8,-1,-1,neutrino_G3,neutrino,G3,,30|-6|8|0|-12|+++---+++---,+++---+++---,54,56,68,48,32,80,6,"(80,54,6)","(80,54,6)",79.60661013979482758647091,79.60661013979482758647091,1.000000055189812531859140,1.000000055189812531859140,TARGET_FREE_INTERNAL_ROUTE,"5,2;5,8",27,27,27,54,216,36,18.0,1,,,2,71,107,3,0,2,17,9,9,30,6,0,0,-12,423 15 486 423 9 24 243 657 24 423 15 486 423 9 24 243 657 24,0 1 2 3 4 5 6 7 8 9 10 11 11 13 14 14 15 17,30|6|0|0|-12,True,EXACT_KEY_JOIN__NO_EXTERNAL_MASS_READ,ROUTE_MEMORY_AVAILABLE__ETA_TRANSDUCER_REQUIRES_CERTIFICATE
rutas_enriquecidas,177,INTERNAL_ENRICHED_ROUTES,1,r5c9_h+1v+1,45,5,9,1,1,charged_lepton_G4,charged_lepton,G4,,34|0|-12|-2|-8|0++---0++---,0++---0++---,66,60,68,48,32,56,5,"(80,66,4)","(56,54,5)",79.51881951611803769439539,55.60649894337213544641686,1.000000055128948890161264,1.000000038550972354141645,TARGET_FREE_INTERNAL_ROUTE,"5,1;5,9",27,27,27,54,216,30,8.0,5,5,5,1,71,107,0,0,0,17,9,9,34,0,2,0,-8,657 24 243 657 21 90 570 264 90 657 24 243 657 21 90 570 264 90,0 1 2 3 4 5 6 7 8 9 10 11 12 13 14 15 16 17,34|0|2|0|-8,False,EXACT_KEY_JOIN__NO_EXTERNAL_MASS_READ,ROUTE_MEMORY_AVAILABLE__ETA_TRANSDUCER_REQUIRES_CERTIFICATE
rutas_enriquecidas,178,INTERNAL_ENRICHED_ROUTES,1,r5c9_h+1v-1,45,5,9,1,-1,charged_lepton_G4,charged_lepton,G4,,34|0|-12|-2|-8|0++---0++---,+++---+++---,78,24,78,24,16,80,6,"(40,78,27)","(80,54,6)",39.43380880300855130367114,79.60661013979482758647091,1.000000027338740854894358,1.000000055189812531859140,TARGET_FREE_INTERNAL_ROUTE,"5,1;5,9",27,27,27,54,216,18,0.0,1,1,1,1,71,107,1,0,1,17,9,9,44,-2,0,0,-12,672 510 666 672 507 504 585 507 504 672 510 666 672 507 504 585 507 504,0 1 2 3 4 5 6 7 8 9 10 11 12 13 14 14 16 17,44|-2|0|0|-12,False,EXACT_KEY_JOIN__NO_EXTERNAL_MASS_READ,ROUTE_MEMORY_AVAILABLE__ETA_TRANSDUCER_REQUIRES_CERTIFICATE
rutas_enriquecidas,179,INTERNAL_ENRICHED_ROUTES,1,r5c9_h-1v+1,45,5,9,-1,1,charged_lepton_G4,charged_lepton,G4,,34|0|-12|-2|-8|0++---0++---,+++---+++---,78,24,78,24,16,80,6,"(40,78,27)","(80,54,6)",39.43380880300855130367114,79.60661013979482758647091,1.000000027338740854894358,1.000000055189812531859140,TARGET_FREE_INTERNAL_ROUTE,"5,1;5,9",27,27,27,54,216,18,0.0,1,1,1,1,71,107,1,0,1,17,9,9,44,2,0,0,-12,585 507 504 585 510 666 672 510 666 585 507 504 585 510 666 672 510 666,0 1 2 3 4 5 6 7 8 9 10 11 12 13 14 14 16 17,44|2|0|0|-12,False,EXACT_KEY_JOIN__NO_EXTERNAL_MASS_READ,ROUTE_MEMORY_AVAILABLE__ETA_TRANSDUCER_REQUIRES_CERTIFICATE
rutas_enriquecidas,180,INTERNAL_ENRICHED_ROUTES,1,r5c9_h-1v-1,45,5,9,-1,-1,charged_lepton_G4,charged_lepton,G4,,34|0|-12|-2|-8|0++---0++---,+++0--+++0--,66,60,68,48,32,56,5,"(80,66,4)","(56,54,5)",79.51881951611803769439539,55.60649894337213544641686,1.000000055128948890161264,1.000000038550972354141645,TARGET_FREE_INTERNAL_ROUTE,"5,1;5,9",27,27,27,54,216,18,0.0,1,1,1,1,71,107,1,0,1,17,9,9,34,0,-2,0,-8,570 264 90 570 267 243 657 24 243 570 264 90 570 267 243 657 24 243,0 1 1 3 4 5 6 7 8 9 10 11 12 13 14 15 16 17,34|0|-2|0|-8,False,EXACT_KEY_JOIN__NO_EXTERNAL_MASS_READ,ROUTE_MEMORY_AVAILABLE__ETA_TRANSDUCER_REQUIRES_CERTIFICATE
rutas_enriquecidas,181,INTERNAL_ENRICHED_ROUTES,1,r6c1_h+1v+1,46,6,1,1,1,quark_down_G4,quark_down,G4,B,34|0|-4|0|-12|+++---+++---,+++---+++---,66,60,66,48,32,80,6,"(80,66,3)","(80,54,6)",79.51870831969534555434134,79.60661013979482758647091,1.000000055128871799705072,1.000000055189812531859140,TARGET_FREE_INTERNAL_ROUTE,"4,9;6,1",27,27,27,54,216,18,0.0,1,1,1,1,71,107,0,0,0,17,9,9,34,0,0,0,-12,243 657 24 243 657 570 264 90 570 243 657 24 243 657 570 264 90 570,0 1 2 3 4 5 6 7 8 9 10 11 12 13 14 15 16 17,34|0|0|0|-12,True,EXACT_KEY_JOIN__NO_EXTERNAL_MASS_READ,ROUTE_MEMORY_AVAILABLE__ETA_TRANSDUCER_REQUIRES_CERTIFICATE
rutas_enriquecidas,182,INTERNAL_ENRICHED_ROUTES,1,r6c1_h+1v-1,46,6,1,1,-1,quark_down_G4,quark_down,G4,B,34|0|-4|0|-12|+++---+++---,++0---++0---,84,24,84,24,16,56,5,"(40,84,30)","(56,54,5)",39.39035827686092491784959,55.60649894337213544641686,1.000000027308617396708705,1.000000038550972354141645,TARGET_FREE_INTERNAL_ROUTE,"4,9;6,1",27,27,27,54,216,18,0.0,1,1,1,1,71,107,3,1,3,16,9,9,50,-4,2,-2,-8,252 333 255 252 333 420 258 414 420 252 333 255 252 333 420 258 414 420,0 1 2 3 4 5 6 7 8 9 10 11 12 12 14 14 16 16,50|-4|2|-2|-8,True,EXACT_KEY_JOIN__NO_EXTERNAL_MASS_READ,ROUTE_MEMORY_AVAILABLE__ETA_TRANSDUCER_REQUIRES_CERTIFICATE
rutas_enriquecidas,183,INTERNAL_ENRICHED_ROUTES,1,r6c1_h-1v+1,46,6,1,-1,1,quark_down_G4,quark_down,G4,B,34|0|-4|0|-12|+++---+++---,+++--0+++--0,84,24,84,24,16,56,5,"(40,84,30)","(56,54,5)",39.39035827686092491784959,55.60649894337213544641686,1.000000027308617396708705,1.000000038550972354141645,TARGET_FREE_INTERNAL_ROUTE,"4,9;6,1",27,27,27,54,216,18,0.0,1,1,1,1,71,107,2,0,1,17,9,9,50,4,-2,2,-8,258 414 420 258 414 255 252 333 255 258 414 420 258 414 255 252 333 255,0 1 2 3 4 5 6 7 8 9 10 11 11 12 14 15 16 17,50|4|-2|2|-8,True,EXACT_KEY_JOIN__NO_EXTERNAL_MASS_READ,ROUTE_MEMORY_AVAILABLE__ETA_TRANSDUCER_REQUIRES_CERTIFICATE
rutas_enriquecidas,184,INTERNAL_ENRICHED_ROUTES,1,r6c1_h-1v-1,46,6,1,-1,-1,quark_down_G4,quark_down,G4,B,34|0|-4|0|-12|+++---+++---,+++---+++---,66,60,66,48,32,80,6,"(80,66,3)","(80,54,6)",79.51870831969534555434134,79.60661013979482758647091,1.000000055128871799705072,1.000000055189812531859140,TARGET_FREE_INTERNAL_ROUTE,"4,9;6,1",27,27,27,54,216,18,0.0,1,1,1,1,71,107,2,1,1,16,9,9,34,0,0,0,-12,264 90 570 264 90 24 243 657 24 264 90 570 264 90 24 243 657 24,0 1 2 3 4 5 6 7 8 9 10 11 12 13 14 15 15 16,34|0|0|0|-12,True,EXACT_KEY_JOIN__NO_EXTERNAL_MASS_READ,ROUTE_MEMORY_AVAILABLE__ETA_TRANSDUCER_REQUIRES_CERTIFICATE
rutas_enriquecidas,185,INTERNAL_ENRICHED_ROUTES,1,r6c2_h+1v+1,47,6,2,1,1,quark_up_G3,quark_up,G3,G,34|0|0|0|-8|+0+---+0+---,+0+---+0+---,66,60,66,48,32,48,5,"(80,66,3)","(48,54,5)",79.51870831969534555434134,47.60649894337213544641686,1.000000055128871799705072,1.000000033004718053243084,TARGET_FREE_INTERNAL_ROUTE,"4,8;6,2",27,27,27,54,216,36,18.0,,,,2,71,107,0,0,0,17,9,9,34,0,2,0,-8,498 99 327 498 99 15 486 423 15 498 99 327 498 99 15 486 423 15,0 1 2 3 4 5 6 7 8 9 10 11 12 13 14 15 16 17,34|0|2|0|-8,True,EXACT_KEY_JOIN__NO_EXTERNAL_MASS_READ,ROUTE_MEMORY_AVAILABLE__ETA_TRANSDUCER_REQUIRES_CERTIFICATE
rutas_enriquecidas,186,INTERNAL_ENRICHED_ROUTES,1,r6c2_h+1v-1,47,6,2,1,-1,quark_up_G3,quark_up,G3,G,34|0|0|0|-8|+0+---+0+---,+++---+++---,78,24,78,24,16,80,6,"(40,78,27)","(80,54,6)",39.43380880300855130367114,79.60661013979482758647091,1.000000027338740854894358,1.000000055189812531859140,TARGET_FREE_INTERNAL_ROUTE,"4,8;6,2",27,27,27,54,216,36,18.0,,,,2,71,107,1,0,1,17,9,9,14,4,0,0,-12,510 666 672 510 666 507 504 585 507 510 666 672 510 666 507 504 585 507,0 1 2 3 4 5 6 7 8 9 10 11 12 13 14 15 15 17,14|4|0|0|-12,True,EXACT_KEY_JOIN__NO_EXTERNAL_MASS_READ,ROUTE_MEMORY_AVAILABLE__ETA_TRANSDUCER_REQUIRES_CERTIFICATE
rutas_enriquecidas,187,INTERNAL_ENRICHED_ROUTES,1,r6c2_h-1v+1,47,6,2,-1,1,quark_up_G3,quark_up,G3,G,34|0|0|0|-8|+0+---+0+---,+++---+++---,78,24,78,24,16,80,6,"(40,78,27)","(80,54,6)",39.43380880300855130367114,79.60661013979482758647091,1.000000027338740854894358,1.000000055189812531859140,TARGET_FREE_INTERNAL_ROUTE,"4,8;6,2",27,27,27,54,216,36,18.0,,,,2,71,107,1,0,1,17,9,9,14,-4,0,0,-12,504 585 507 504 585 672 510 666 672 504 585 507 504 585 672 510 666 672,0 1 2 3 4 5 6 7 8 9 10 11 12 13 14 14 16 17,14|-4|0|0|-12,True,EXACT_KEY_JOIN__NO_EXTERNAL_MASS_READ,ROUTE_MEMORY_AVAILABLE__ETA_TRANSDUCER_REQUIRES_CERTIFICATE
rutas_enriquecidas,188,INTERNAL_ENRICHED_ROUTES,1,r6c2_h-1v-1,47,6,2,-1,-1,quark_up_G3,quark_up,G3,G,34|0|0|0|-8|+0+---+0+---,+++-0-+++-0-,66,60,66,48,32,48,5,"(80,66,3)","(48,54,5)",79.51870831969534555434134,47.60649894337213544641686,1.000000055128871799705072,1.000000033004718053243084,TARGET_FREE_INTERNAL_ROUTE,"4,8;6,2",27,27,27,54,216,36,18.0,,,,2,71,107,1,0,1,17,9,9,34,0,-2,0,-8,486 423 15 486 423 327 498 99 327 486 423 15 486 423 327 498 99 327,0 1 2 3 4 5 6 7 8 9 10 10 12 13 14 15 16 17,34|0|-2|0|-8,True,EXACT_KEY_JOIN__NO_EXTERNAL_MASS_READ,ROUTE_MEMORY_AVAILABLE__ETA_TRANSDUCER_REQUIRES_CERTIFICATE
rutas_enriquecidas,189,INTERNAL_ENRICHED_ROUTES,1,r6c3_h+1v+1,48,6,3,1,1,quark_down_G2,quark_down,G2,R,30|6|0|2|-8|+++0--+++0--,+++0--+++0--,54,60,72,24,16,56,5,"(40,54,6)","(56,54,5)",39.60661013979482758647091,55.60649894337213544641686,1.000000027458540873559518,1.000000038550972354141645,TARGET_FREE_INTERNAL_ROUTE,"4,7;6,3",27,27,27,54,216,18,0.0,1,1,1,1,71,107,2,1,2,16,9,9,30,6,-2,2,-8,24 243 657 24 243 423 15 486 423 24 243 657 24 243 423 15 486 423,0 1 2 3 4 5 6 7 8 9 10 11 12 13 13 15 16 16,30|6|-2|2|-8,True,EXACT_KEY_JOIN__NO_EXTERNAL_MASS_READ,ROUTE_MEMORY_AVAILABLE__ETA_TRANSDUCER_REQUIRES_CERTIFICATE
rutas_enriquecidas,190,INTERNAL_ENRICHED_ROUTES,1,r6c3_h+1v-1,48,6,3,1,-1,quark_down_G2,quark_down,G2,R,30|6|0|2|-8|+++0--+++0--,+0000-+0000-,24,24,24,0,0,4,2,"(0,24,0)","(4,54,2)",-0.1751364616628112239348425,3.606165354104059026254707,0.9999999998785810851337881,1.000000002500088676796314,TARGET_FREE_INTERNAL_ROUTE,"4,7;6,3",27,27,27,54,216,36,18.0,1,1,,2,71,107,0,0,0,17,9,9,20,0,0,0,0,3 0 81 3 0 81 3 0 81 3 0 81 3 0 81 3 0 81,0 1 2 3 4 5 6 7 8 9 10 11 12 13 14 15 16 17,20|0|0|0|0,True,EXACT_KEY_JOIN__NO_EXTERNAL_MASS_READ,ROUTE_MEMORY_AVAILABLE__ETA_TRANSDUCER_REQUIRES_CERTIFICATE
rutas_enriquecidas,191,INTERNAL_ENRICHED_ROUTES,1,r6c3_h-1v+1,48,6,3,-1,1,quark_down_G2,quark_down,G2,R,30|6|0|2|-8|+++0--+++0--,00+-0000+-00,24,24,24,0,0,4,2,"(0,24,0)","(4,54,2)",-0.1751364616628112239348425,3.606165354104059026254707,0.9999999998785810851337881,1.000000002500088676796314,TARGET_FREE_INTERNAL_ROUTE,"4,7;6,3",27,27,27,54,216,36,18.0,1,1,,2,71,107,0,0,0,17,9,9,20,0,0,0,0,3 0 81 3 0 81 3 0 81 3 0 81 3 0 81 3 0 81,0 1 2 3 4 5 6 7 8 9 10 11 12 13 14 15 16 17,20|0|0|0|0,True,EXACT_KEY_JOIN__NO_EXTERNAL_MASS_READ,ROUTE_MEMORY_AVAILABLE__ETA_TRANSDUCER_REQUIRES_CERTIFICATE
rutas_enriquecidas,192,INTERNAL_ENRICHED_ROUTES,1,r6c3_h-1v-1,48,6,3,-1,-1,quark_down_G2,quark_down,G2,R,30|6|0|2|-8|+++0--+++0--,0++---0++---,54,60,72,24,16,56,5,"(40,54,6)","(56,54,5)",39.60661013979482758647091,55.60649894337213544641686,1.000000027458540873559518,1.000000038550972354141645,TARGET_FREE_INTERNAL_ROUTE,"4,7;6,3",27,27,27,54,216,18,0.0,1,1,1,1,71,107,1,0,1,17,9,9,30,-6,2,-2,-8,15 486 423 15 486 657 24 243 657 15 486 423 15 486 657 24 243 657,0 1 2 3 4 5 6 7 8 9 10 11 12 13 14 15 15 17,30|-6|2|-2|-8,True,EXACT_KEY_JOIN__NO_EXTERNAL_MASS_READ,ROUTE_MEMORY_AVAILABLE__ETA_TRANSDUCER_REQUIRES_CERTIFICATE
rutas_enriquecidas,193,INTERNAL_ENRICHED_ROUTES,1,r6c4_h+1v+1,49,6,4,1,1,quark_up_G1,quark_up,G1,B,28|6|-2|0|-12|+++---+++---,+++---+++---,66,60,66,48,32,80,6,"(80,66,3)","(80,54,6)",79.51870831969534555434134,79.60661013979482758647091,1.000000055128871799705072,1.000000055189812531859140,TARGET_FREE_INTERNAL_ROUTE,"4,6;6,4",27,27,27,54,216,18,0.0,1,1,1,1,71,107,0,0,0,17,9,9,28,6,0,0,-12,243 657 24 243 657 570 264 90 570 243 657 24 243 657 570 264 90 570,0 1 2 3 4 5 6 7 8 9 10 11 12 13 14 15 16 17,28|6|0|0|-12,False,EXACT_KEY_JOIN__NO_EXTERNAL_MASS_READ,ROUTE_MEMORY_AVAILABLE__ETA_TRANSDUCER_REQUIRES_CERTIFICATE
rutas_enriquecidas,194,INTERNAL_ENRICHED_ROUTES,1,r6c4_h+1v-1,49,6,4,1,-1,quark_up_G1,quark_up,G1,B,28|6|-2|0|-12|+++---+++---,0++---0++---,84,24,84,24,16,56,5,"(40,84,30)","(56,54,5)",39.39035827686092491784959,55.60649894337213544641686,1.000000027308617396708705,1.000000038550972354141645,TARGET_FREE_INTERNAL_ROUTE,"4,6;6,4",27,27,27,54,216,18,0.0,1,1,1,1,71,107,3,1,3,16,9,9,50,-4,2,-2,-8,252 333 255 252 333 420 258 414 420 252 333 255 252 333 420 258 414 420,0 1 2 3 4 5 6 7 8 9 10 11 12 12 14 14 16 16,50|-4|2|-2|-8,False,EXACT_KEY_JOIN__NO_EXTERNAL_MASS_READ,ROUTE_MEMORY_AVAILABLE__ETA_TRANSDUCER_REQUIRES_CERTIFICATE
rutas_enriquecidas,195,INTERNAL_ENRICHED_ROUTES,1,r6c4_h-1v+1,49,6,4,-1,1,quark_up_G1,quark_up,G1,B,28|6|-2|0|-12|+++---+++---,+++0--+++0--,84,24,84,24,16,56,5,"(40,84,30)","(56,54,5)",39.39035827686092491784959,55.60649894337213544641686,1.000000027308617396708705,1.000000038550972354141645,TARGET_FREE_INTERNAL_ROUTE,"4,6;6,4",27,27,27,54,216,18,0.0,1,1,1,1,71,107,2,0,1,17,9,9,50,4,-2,2,-8,258 414 420 258 414 255 252 333 255 258 414 420 258 414 255 252 333 255,0 1 2 3 4 5 6 7 8 9 10 11 11 12 14 15 16 17,50|4|-2|2|-8,False,EXACT_KEY_JOIN__NO_EXTERNAL_MASS_READ,ROUTE_MEMORY_AVAILABLE__ETA_TRANSDUCER_REQUIRES_CERTIFICATE
rutas_enriquecidas,196,INTERNAL_ENRICHED_ROUTES,1,r6c4_h-1v-1,49,6,4,-1,-1,quark_up_G1,quark_up,G1,B,28|6|-2|0|-12|+++---+++---,+++---+++---,66,60,66,48,32,80,6,"(80,66,3)","(80,54,6)",79.51870831969534555434134,79.60661013979482758647091,1.000000055128871799705072,1.000000055189812531859140,TARGET_FREE_INTERNAL_ROUTE,"4,6;6,4",27,27,27,54,216,18,0.0,1,1,1,1,71,107,2,1,1,16,9,9,28,-6,0,0,-12,264 90 570 264 90 24 243 657 24 264 90 570 264 90 24 243 657 24,0 1 2 3 4 5 6 7 8 9 10 11 12 13 14 15 15 16,28|-6|0|0|-12,False,EXACT_KEY_JOIN__NO_EXTERNAL_MASS_READ,ROUTE_MEMORY_AVAILABLE__ETA_TRANSDUCER_REQUIRES_CERTIFICATE
rutas_enriquecidas,197,INTERNAL_ENRICHED_ROUTES,1,r6c5_h+1v+1,50,6,5,1,1,quark_down_G1,quark_down,G1,G,28|-6|4|-2|-8|++0---++0---,++0---++0---,66,60,66,48,32,56,5,"(80,66,3)","(56,54,5)",79.51870831969534555434134,55.60649894337213544641686,1.000000055128871799705072,1.000000038550972354141645,TARGET_FREE_INTERNAL_ROUTE,"4,5;6,5",27,27,27,54,216,18,0.0,1,1,1,1,71,107,0,0,0,17,9,9,28,-6,2,0,-8,498 99 327 498 99 15 486 423 15 498 99 327 498 99 15 486 423 15,0 1 2 3 4 5 6 7 8 9 10 11 12 13 14 15 16 17,28|-6|2|0|-8,True,EXACT_KEY_JOIN__NO_EXTERNAL_MASS_READ,ROUTE_MEMORY_AVAILABLE__ETA_TRANSDUCER_REQUIRES_CERTIFICATE
rutas_enriquecidas,198,INTERNAL_ENRICHED_ROUTES,1,r6c5_h+1v-1,50,6,5,1,-1,quark_down_G1,quark_down,G1,G,28|-6|4|-2|-8|++0---++0---,+++---+++---,78,24,78,24,16,80,6,"(40,78,27)","(80,54,6)",39.43380880300855130367114,79.60661013979482758647091,1.000000027338740854894358,1.000000055189812531859140,TARGET_FREE_INTERNAL_ROUTE,"4,5;6,5",27,27,27,54,216,18,0.0,1,1,1,1,71,107,1,0,1,17,9,9,14,4,0,0,-12,510 666 672 510 666 507 504 585 507 510 666 672 510 666 507 504 585 507,0 1 2 3 4 5 6 7 8 9 10 11 12 13 14 15 15 17,14|4|0|0|-12,True,EXACT_KEY_JOIN__NO_EXTERNAL_MASS_READ,ROUTE_MEMORY_AVAILABLE__ETA_TRANSDUCER_REQUIRES_CERTIFICATE
rutas_enriquecidas,199,INTERNAL_ENRICHED_ROUTES,1,r6c5_h-1v+1,50,6,5,-1,1,quark_down_G1,quark_down,G1,G,28|-6|4|-2|-8|++0---++0---,+++---+++---,78,24,78,24,16,80,6,"(40,78,27)","(80,54,6)",39.43380880300855130367114,79.60661013979482758647091,1.000000027338740854894358,1.000000055189812531859140,TARGET_FREE_INTERNAL_ROUTE,"4,5;6,5",27,27,27,54,216,18,0.0,1,1,1,1,71,107,1,0,1,17,9,9,14,-4,0,0,-12,504 585 507 504 585 672 510 666 672 504 585 507 504 585 672 510 666 672,0 1 2 3 4 5 6 7 8 9 10 11 12 13 14 14 16 17,14|-4|0|0|-12,True,EXACT_KEY_JOIN__NO_EXTERNAL_MASS_READ,ROUTE_MEMORY_AVAILABLE__ETA_TRANSDUCER_REQUIRES_CERTIFICATE
rutas_enriquecidas,200,INTERNAL_ENRICHED_ROUTES,1,r6c5_h-1v-1,50,6,5,-1,-1,quark_down_G1,quark_down,G1,G,28|-6|4|-2|-8|++0---++0---,+++--0+++--0,66,60,66,48,32,56,5,"(80,66,3)","(56,54,5)",79.51870831969534555434134,55.60649894337213544641686,1.000000055128871799705072,1.000000038550972354141645,TARGET_FREE_INTERNAL_ROUTE,"4,5;6,5",27,27,27,54,216,18,0.0,1,1,1,1,71,107,1,0,1,17,9,9,28,6,-2,0,-8,486 423 15 486 423 327 498 99 327 486 423 15 486 423 327 498 99 327,0 1 2 3 4 5 6 7 8 9 10 10 12 13 14 15 16 17,28|6|-2|0|-8,True,EXACT_KEY_JOIN__NO_EXTERNAL_MASS_READ,ROUTE_MEMORY_AVAILABLE__ETA_TRANSDUCER_REQUIRES_CERTIFICATE
rutas_enriquecidas,201,INTERNAL_ENRICHED_ROUTES,1,r6c6_h+1v+1,51,6,6,1,1,quark_up_G1,quark_up,G1,R,24|0|12|0|-12|+++---+++---,+++---+++---,54,60,72,24,16,80,6,"(40,54,6)","(80,54,6)",39.60661013979482758647091,79.60661013979482758647091,1.000000027458540873559518,1.000000055189812531859140,TARGET_FREE_INTERNAL_ROUTE,"4,4;6,6",27,27,27,54,216,18,0.0,1,1,1,1,71,107,2,1,2,16,9,9,24,0,0,0,-12,24 243 657 24 243 423 15 486 423 24 243 657 24 243 423 15 486 423,0 1 2 3 4 5 6 7 8 9 10 11 12 13 13 15 16 16,24|0|0|0|-12,True,EXACT_KEY_JOIN__NO_EXTERNAL_MASS_READ,ROUTE_MEMORY_AVAILABLE__ETA_TRANSDUCER_REQUIRES_CERTIFICATE
rutas_enriquecidas,202,INTERNAL_ENRICHED_ROUTES,1,r6c6_h+1v-1,51,6,6,1,-1,quark_up_G1,quark_up,G1,R,24|0|12|0|-12|+++---+++---,+++-0-+++-0-,24,24,24,0,0,48,5,"(0,24,0)","(48,54,5)",-0.1751364616628112239348425,47.60649894337213544641686,0.9999999998785810851337881,1.000000033004718053243084,TARGET_FREE_INTERNAL_ROUTE,"4,4;6,6",27,27,27,54,216,36,18.0,1,1,,2,71,107,0,0,0,17,9,9,50,6,-2,0,-8,3 0 81 3 0 81 3 0 81 3 0 81 3 0 81 3 0 81,0 1 2 3 4 5 6 7 8 9 10 11 12 13 14 15 16 17,50|6|-2|0|-8,True,EXACT_KEY_JOIN__NO_EXTERNAL_MASS_READ,ROUTE_MEMORY_AVAILABLE__ETA_TRANSDUCER_REQUIRES_CERTIFICATE
rutas_enriquecidas,203,INTERNAL_ENRICHED_ROUTES,1,r6c6_h-1v+1,51,6,6,-1,1,quark_up_G1,quark_up,G1,R,24|0|12|0|-12|+++---+++---,+0+---+0+---,24,24,24,0,0,48,5,"(0,24,0)","(48,54,5)",-0.1751364616628112239348425,47.60649894337213544641686,0.9999999998785810851337881,1.000000033004718053243084,TARGET_FREE_INTERNAL_ROUTE,"4,4;6,6",27,27,27,54,216,36,18.0,1,1,,2,71,107,0,0,0,17,9,9,50,-6,2,0,-8,3 0 81 3 0 81 3 0 81 3 0 81 3 0 81 3 0 81,0 1 2 3 4 5 6 7 8 9 10 11 12 13 14 15 16 17,50|-6|2|0|-8,True,EXACT_KEY_JOIN__NO_EXTERNAL_MASS_READ,ROUTE_MEMORY_AVAILABLE__ETA_TRANSDUCER_REQUIRES_CERTIFICATE
rutas_enriquecidas,204,INTERNAL_ENRICHED_ROUTES,1,r6c6_h-1v-1,51,6,6,-1,-1,quark_up_G1,quark_up,G1,R,24|0|12|0|-12|+++---+++---,+++---+++---,54,60,72,24,16,80,6,"(40,54,6)","(80,54,6)",39.60661013979482758647091,79.60661013979482758647091,1.000000027458540873559518,1.000000055189812531859140,TARGET_FREE_INTERNAL_ROUTE,"4,4;6,6",27,27,27,54,216,18,0.0,1,1,1,1,71,107,1,0,1,17,9,9,24,0,0,0,-12,15 486 423 15 486 657 24 243 657 15 486 423 15 486 657 24 243 657,0 1 2 3 4 5 6 7 8 9 10 11 12 13 14 15 15 17,24|0|0|0|-12,True,EXACT_KEY_JOIN__NO_EXTERNAL_MASS_READ,ROUTE_MEMORY_AVAILABLE__ETA_TRANSDUCER_REQUIRES_CERTIFICATE
rutas_enriquecidas,205,INTERNAL_ENRICHED_ROUTES,1,r6c7_h+1v+1,52,6,7,1,1,quark_down_G2,quark_down,G2,B,28|6|-8|0|-12|+++---+++---,+++---+++---,66,60,66,48,32,80,6,"(80,66,3)","(80,54,6)",79.51870831969534555434134,79.60661013979482758647091,1.000000055128871799705072,1.000000055189812531859140,TARGET_FREE_INTERNAL_ROUTE,"4,3;6,7",27,27,27,54,216,18,0.0,1,1,1,1,71,107,0,0,0,17,9,9,28,6,0,0,-12,243 657 24 243 657 570 264 90 570 243 657 24 243 657 570 264 90 570,0 1 2 3 4 5 6 7 8 9 10 11 12 13 14 15 16 17,28|6|0|0|-12,False,EXACT_KEY_JOIN__NO_EXTERNAL_MASS_READ,ROUTE_MEMORY_AVAILABLE__ETA_TRANSDUCER_REQUIRES_CERTIFICATE
rutas_enriquecidas,206,INTERNAL_ENRICHED_ROUTES,1,r6c7_h+1v-1,52,6,7,1,-1,quark_down_G2,quark_down,G2,B,28|6|-8|0|-12|+++---+++---,+++---+++---,84,24,84,24,16,80,6,"(40,84,30)","(80,54,6)",39.39035827686092491784959,79.60661013979482758647091,1.000000027308617396708705,1.000000055189812531859140,TARGET_FREE_INTERNAL_ROUTE,"4,3;6,7",27,27,27,54,216,18,0.0,1,1,1,1,71,107,3,1,3,16,9,9,8,2,0,0,-12,252 333 255 252 333 420 258 414 420 252 333 255 252 333 420 258 414 420,0 1 2 3 4 5 6 7 8 9 10 11 12 12 14 14 16 16,8|2|0|0|-12,False,EXACT_KEY_JOIN__NO_EXTERNAL_MASS_READ,ROUTE_MEMORY_AVAILABLE__ETA_TRANSDUCER_REQUIRES_CERTIFICATE
rutas_enriquecidas,207,INTERNAL_ENRICHED_ROUTES,1,r6c7_h-1v+1,52,6,7,-1,1,quark_down_G2,quark_down,G2,B,28|6|-8|0|-12|+++---+++---,+++---+++---,84,24,84,24,16,80,6,"(40,84,30)","(80,54,6)",39.39035827686092491784959,79.60661013979482758647091,1.000000027308617396708705,1.000000055189812531859140,TARGET_FREE_INTERNAL_ROUTE,"4,3;6,7",27,27,27,54,216,18,0.0,1,1,1,1,71,107,2,0,1,17,9,9,8,-2,0,0,-12,258 414 420 258 414 255 252 333 255 258 414 420 258 414 255 252 333 255,0 1 2 3 4 5 6 7 8 9 10 11 11 12 14 15 16 17,8|-2|0|0|-12,False,EXACT_KEY_JOIN__NO_EXTERNAL_MASS_READ,ROUTE_MEMORY_AVAILABLE__ETA_TRANSDUCER_REQUIRES_CERTIFICATE
rutas_enriquecidas,208,INTERNAL_ENRICHED_ROUTES,1,r6c7_h-1v-1,52,6,7,-1,-1,quark_down_G2,quark_down,G2,B,28|6|-8|0|-12|+++---+++---,+++---+++---,66,60,66,48,32,80,6,"(80,66,3)","(80,54,6)",79.51870831969534555434134,79.60661013979482758647091,1.000000055128871799705072,1.000000055189812531859140,TARGET_FREE_INTERNAL_ROUTE,"4,3;6,7",27,27,27,54,216,18,0.0,1,1,1,1,71,107,2,1,1,16,9,9,28,-6,0,0,-12,264 90 570 264 90 24 243 657 24 264 90 570 264 90 24 243 657 24,0 1 2 3 4 5 6 7 8 9 10 11 12 13 14 15 15 16,28|-6|0|0|-12,False,EXACT_KEY_JOIN__NO_EXTERNAL_MASS_READ,ROUTE_MEMORY_AVAILABLE__ETA_TRANSDUCER_REQUIRES_CERTIFICATE
rutas_enriquecidas,209,INTERNAL_ENRICHED_ROUTES,1,r6c8_h+1v+1,53,6,8,1,1,quark_up_G3,quark_up,G3,G,28|-6|-2|-2|-8|0++---0++---,0++---0++---,66,60,66,48,32,56,5,"(80,66,3)","(56,54,5)",79.51870831969534555434134,55.60649894337213544641686,1.000000055128871799705072,1.000000038550972354141645,TARGET_FREE_INTERNAL_ROUTE,"4,2;6,8",27,27,27,54,216,36,18.0,,,,2,71,107,0,0,0,17,9,9,28,-6,2,-2,-8,498 99 327 498 99 15 486 423 15 498 99 327 498 99 15 486 423 15,0 1 2 3 4 5 6 7 8 9 10 11 12 13 14 15 16 17,28|-6|2|-2|-8,True,EXACT_KEY_JOIN__NO_EXTERNAL_MASS_READ,ROUTE_MEMORY_AVAILABLE__ETA_TRANSDUCER_REQUIRES_CERTIFICATE
rutas_enriquecidas,210,INTERNAL_ENRICHED_ROUTES,1,r6c8_h+1v-1,53,6,8,1,-1,quark_up_G3,quark_up,G3,G,28|-6|-2|-2|-8|0++---0++---,+++---+++---,78,24,78,24,16,80,6,"(40,78,27)","(80,54,6)",39.43380880300855130367114,79.60661013979482758647091,1.000000027338740854894358,1.000000055189812531859140,TARGET_FREE_INTERNAL_ROUTE,"4,2;6,8",27,27,27,54,216,36,18.0,,,,2,71,107,1,0,1,17,9,9,44,-2,0,0,-12,510 666 672 510 666 507 504 585 507 510 666 672 510 666 507 504 585 507,0 1 2 3 4 5 6 7 8 9 10 11 12 13 14 15 15 17,44|-2|0|0|-12,True,EXACT_KEY_JOIN__NO_EXTERNAL_MASS_READ,ROUTE_MEMORY_AVAILABLE__ETA_TRANSDUCER_REQUIRES_CERTIFICATE
rutas_enriquecidas,211,INTERNAL_ENRICHED_ROUTES,1,r6c8_h-1v+1,53,6,8,-1,1,quark_up_G3,quark_up,G3,G,28|-6|-2|-2|-8|0++---0++---,+++---+++---,78,24,78,24,16,80,6,"(40,78,27)","(80,54,6)",39.43380880300855130367114,79.60661013979482758647091,1.000000027338740854894358,1.000000055189812531859140,TARGET_FREE_INTERNAL_ROUTE,"4,2;6,8",27,27,27,54,216,36,18.0,,,,2,71,107,1,0,1,17,9,9,44,2,0,0,-12,504 585 507 504 585 672 510 666 672 504 585 507 504 585 672 510 666 672,0 1 2 3 4 5 6 7 8 9 10 11 12 13 14 14 16 17,44|2|0|0|-12,True,EXACT_KEY_JOIN__NO_EXTERNAL_MASS_READ,ROUTE_MEMORY_AVAILABLE__ETA_TRANSDUCER_REQUIRES_CERTIFICATE
rutas_enriquecidas,212,INTERNAL_ENRICHED_ROUTES,1,r6c8_h-1v-1,53,6,8,-1,-1,quark_up_G3,quark_up,G3,G,28|-6|-2|-2|-8|0++---0++---,+++0--+++0--,66,60,66,48,32,56,5,"(80,66,3)","(56,54,5)",79.51870831969534555434134,55.60649894337213544641686,1.000000055128871799705072,1.000000038550972354141645,TARGET_FREE_INTERNAL_ROUTE,"4,2;6,8",27,27,27,54,216,36,18.0,,,,2,71,107,1,0,1,17,9,9,28,6,-2,2,-8,486 423 15 486 423 327 498 99 327 486 423 15 486 423 327 498 99 327,0 1 2 3 4 5 6 7 8 9 10 10 12 13 14 15 16 17,28|6|-2|2|-8,True,EXACT_KEY_JOIN__NO_EXTERNAL_MASS_READ,ROUTE_MEMORY_AVAILABLE__ETA_TRANSDUCER_REQUIRES_CERTIFICATE
rutas_enriquecidas,213,INTERNAL_ENRICHED_ROUTES,1,r6c9_h+1v+1,54,6,9,1,1,quark_down_G4,quark_down,G4,R,30|-6|0|0|-8|+0+---+0+---,+0+---+0+---,54,60,72,24,16,48,5,"(40,54,6)","(48,54,5)",39.60661013979482758647091,47.60649894337213544641686,1.000000027458540873559518,1.000000033004718053243084,TARGET_FREE_INTERNAL_ROUTE,"4,1;6,9",27,27,27,54,216,18,0.0,1,1,1,1,71,107,2,1,2,16,9,9,30,-6,2,0,-8,24 243 657 24 243 423 15 486 423 24 243 657 24 243 423 15 486 423,0 1 2 3 4 5 6 7 8 9 10 11 12 13 13 15 16 16,30|-6|2|0|-8,True,EXACT_KEY_JOIN__NO_EXTERNAL_MASS_READ,ROUTE_MEMORY_AVAILABLE__ETA_TRANSDUCER_REQUIRES_CERTIFICATE
rutas_enriquecidas,214,INTERNAL_ENRICHED_ROUTES,1,r6c9_h+1v-1,54,6,9,1,-1,quark_down_G4,quark_down,G4,R,30|-6|0|0|-8|+0+---+0+---,+++---+++---,24,24,24,0,0,80,6,"(0,24,0)","(80,54,6)",-0.1751364616628112239348425,79.60661013979482758647091,0.9999999998785810851337881,1.000000055189812531859140,TARGET_FREE_INTERNAL_ROUTE,"4,1;6,9",27,27,27,54,216,36,18.0,1,1,,2,71,107,0,0,0,17,9,9,14,-6,0,0,-12,3 0 81 3 0 81 3 0 81 3 0 81 3 0 81 3 0 81,0 1 2 3 4 5 6 7 8 9 10 11 12 13 14 15 16 17,14|-6|0|0|-12,True,EXACT_KEY_JOIN__NO_EXTERNAL_MASS_READ,ROUTE_MEMORY_AVAILABLE__ETA_TRANSDUCER_REQUIRES_CERTIFICATE
rutas_enriquecidas,215,INTERNAL_ENRICHED_ROUTES,1,r6c9_h-1v+1,54,6,9,-1,1,quark_down_G4,quark_down,G4,R,30|-6|0|0|-8|+0+---+0+---,+++---+++---,24,24,24,0,0,80,6,"(0,24,0)","(80,54,6)",-0.1751364616628112239348425,79.60661013979482758647091,0.9999999998785810851337881,1.000000055189812531859140,TARGET_FREE_INTERNAL_ROUTE,"4,1;6,9",27,27,27,54,216,36,18.0,1,1,,2,71,107,0,0,0,17,9,9,14,6,0,0,-12,3 0 81 3 0 81 3 0 81 3 0 81 3 0 81 3 0 81,0 1 2 3 4 5 6 7 8 9 10 11 12 13 14 15 16 17,14|6|0|0|-12,True,EXACT_KEY_JOIN__NO_EXTERNAL_MASS_READ,ROUTE_MEMORY_AVAILABLE__ETA_TRANSDUCER_REQUIRES_CERTIFICATE
rutas_enriquecidas,216,INTERNAL_ENRICHED_ROUTES,1,r6c9_h-1v-1,54,6,9,-1,-1,quark_down_G4,quark_down,G4,R,30|-6|0|0|-8|+0+---+0+---,+++-0-+++-0-,54,60,72,24,16,48,5,"(40,54,6)","(48,54,5)",39.60661013979482758647091,47.60649894337213544641686,1.000000027458540873559518,1.000000033004718053243084,TARGET_FREE_INTERNAL_ROUTE,"4,1;6,9",27,27,27,54,216,26,6.339850002884624,5,5,5,1,71,107,1,0,1,17,9,9,30,6,-2,0,-8,15 486 423 15 486 657 24 243 657 15 486 423 15 486 657 24 243 657,0 1 2 3 4 5 6 7 8 9 10 11 12 13 14 15 15 17,30|6|-2|0|-8,True,EXACT_KEY_JOIN__NO_EXTERNAL_MASS_READ,ROUTE_MEMORY_AVAILABLE__ETA_TRANSDUCER_REQUIRES_CERTIFICATE
rutas_enriquecidas,217,INTERNAL_ENRICHED_ROUTES,1,r7c1_h+1v+1,55,7,1,1,1,charged_lepton_G4,charged_lepton,G4,,30|-6|-8|0|-8|+0+---+0+---,+0+---+0+---,54,56,70,48,32,48,5,"(80,54,7)","(48,54,5)",79.60672133621751972652496,47.60649894337213544641686,1.000000055189889622315337,1.000000033004718053243084,TARGET_FREE_INTERNAL_ROUTE,"3,9;7,1",27,27,27,54,216,58,30.189475010096174,,,,3,71,107,2,0,1,17,9,9,30,-6,2,0,-8,657 24 243 657 18 15 486 423 15 657 24 243 657 18 15 486 423 15,0 1 2 3 4 5 6 7 8 9 10 11 12 13 14 14 15 17,30|-6|2|0|-8,True,EXACT_KEY_JOIN__NO_EXTERNAL_MASS_READ,ROUTE_MEMORY_AVAILABLE__ETA_TRANSDUCER_REQUIRES_CERTIFICATE
rutas_enriquecidas,218,INTERNAL_ENRICHED_ROUTES,1,r7c1_h+1v-1,55,7,1,1,-1,charged_lepton_G4,charged_lepton,G4,,30|-6|-8|0|-8|+0+---+0+---,+++---+++---,78,28,78,36,24,80,6,"(60,78,25)","(80,54,6)",59.43358641016316702356304,79.60661013979482758647091,1.000000041204222405344905,1.000000055189812531859140,TARGET_FREE_INTERNAL_ROUTE,"3,9;7,1",18,27,27,54,216,54,28.5293250129808,,,,3,71,107,2,0,1,17,9,9,14,4,0,0,-12,666 672 510 666 666 585 507 504 585 666 672 510 666 666 585 507 504 585,0 1 2 3 4 5 6 7 8 9 10 11 12 12 13 15 16 17,14|4|0|0|-12,True,EXACT_KEY_JOIN__NO_EXTERNAL_MASS_READ,ROUTE_MEMORY_AVAILABLE__ETA_TRANSDUCER_REQUIRES_CERTIFICATE
rutas_enriquecidas,219,INTERNAL_ENRICHED_ROUTES,1,r7c1_h-1v+1,55,7,1,-1,1,charged_lepton_G4,charged_lepton,G4,,30|-6|-8|0|-8|+0+---+0+---,+++---+++---,78,28,78,36,24,80,6,"(60,78,25)","(80,54,6)",59.43358641016316702356304,79.60661013979482758647091,1.000000041204222405344905,1.000000055189812531859140,TARGET_FREE_INTERNAL_ROUTE,"3,9;7,1",9,27,27,54,216,54,28.5293250129808,,,,3,71,107,0,0,0,17,9,9,14,-4,0,0,-12,507 504 585 507 510 510 666 672 510 507 504 585 507 510 510 666 672 510,0 1 2 3 4 5 6 7 8 9 10 11 12 13 14 15 16 17,14|-4|0|0|-12,True,EXACT_KEY_JOIN__NO_EXTERNAL_MASS_READ,ROUTE_MEMORY_AVAILABLE__ETA_TRANSDUCER_REQUIRES_CERTIFICATE
rutas_enriquecidas,220,INTERNAL_ENRICHED_ROUTES,1,r7c1_h-1v-1,55,7,1,-1,-1,charged_lepton_G4,charged_lepton,G4,,30|-6|-8|0|-8|+0+---+0+---,+++-0-+++-0-,54,56,70,48,32,48,5,"(80,54,7)","(48,54,5)",79.60672133621751972652496,47.60649894337213544641686,1.000000055189889622315337,1.000000033004718053243084,TARGET_FREE_INTERNAL_ROUTE,"3,9;7,1",27,27,27,54,216,58,30.189475010096174,,,,3,71,107,2,1,2,16,9,9,30,6,-2,0,-8,486 423 15 486 429 243 657 24 243 486 423 15 486 429 243 657 24 243,0 1 2 3 4 5 6 7 8 9 10 11 12 13 13 15 16 16,30|6|-2|0|-8,True,EXACT_KEY_JOIN__NO_EXTERNAL_MASS_READ,ROUTE_MEMORY_AVAILABLE__ETA_TRANSDUCER_REQUIRES_CERTIFICATE
rutas_enriquecidas,221,INTERNAL_ENRICHED_ROUTES,1,r7c2_h+1v+1,56,7,2,1,1,neutrino_G3,neutrino,G3,,34|0|-4|-2|-8|++0---++0---,++0---++0---,66,64,64,60,40,56,5,"(100,66,0)","(56,54,5)",99.51837473042726913417918,55.60649894337213544641686,1.000000068994276645021895,1.000000038550972354141645,TARGET_FREE_INTERNAL_ROUTE,"3,8;7,2",27,27,27,54,216,36,18.0,,,,2,71,107,0,0,0,17,9,9,34,0,2,0,-8,24 243 657 24 246 264 90 570 264 24 243 657 24 246 264 90 570 264,0 1 2 3 4 5 6 7 8 9 10 11 12 13 14 15 16 17,34|0|2|0|-8,True,EXACT_KEY_JOIN__NO_EXTERNAL_MASS_READ,ROUTE_MEMORY_AVAILABLE__ETA_TRANSDUCER_REQUIRES_CERTIFICATE
rutas_enriquecidas,222,INTERNAL_ENRICHED_ROUTES,1,r7c2_h+1v-1,56,7,2,1,-1,neutrino_G3,neutrino,G3,,34|0|-4|-2|-8|++0---++0---,++00--++00--,24,20,24,24,16,36,4,"(40,24,2)","(36,54,4)",39.82508593118257305617326,35.60638774694944330636281,1.000000027610006159514215,1.000000024685259569118152,TARGET_FREE_INTERNAL_ROUTE,"3,8;7,2",27,27,27,54,216,36,18.0,,,,2,71,107,0,0,0,17,9,9,20,0,0,0,-4,0 81 3 0 84 0 81 3 0 0 81 3 0 84 0 81 3 0,0 1 2 3 4 5 6 7 8 9 10 11 12 13 14 15 16 17,20|0|0|0|-4,True,EXACT_KEY_JOIN__NO_EXTERNAL_MASS_READ,ROUTE_MEMORY_AVAILABLE__ETA_TRANSDUCER_REQUIRES_CERTIFICATE
rutas_enriquecidas,223,INTERNAL_ENRICHED_ROUTES,1,r7c2_h-1v+1,56,7,2,-1,1,neutrino_G3,neutrino,G3,,34|0|-4|-2|-8|++0---++0---,0++--00++--0,24,20,24,24,16,36,4,"(40,24,2)","(36,54,4)",39.82508593118257305617326,35.60638774694944330636281,1.000000027610006159514215,1.000000024685259569118152,TARGET_FREE_INTERNAL_ROUTE,"3,8;7,2",27,27,27,54,216,36,18.0,,,,2,71,107,2,0,2,17,9,9,20,0,0,0,-4,81 3 0 81 0 3 0 81 3 81 3 0 81 0 3 0 81 3,0 1 2 3 4 5 6 6 8 9 10 11 12 13 14 15 15 17,20|0|0|0|-4,True,EXACT_KEY_JOIN__NO_EXTERNAL_MASS_READ,ROUTE_MEMORY_AVAILABLE__ETA_TRANSDUCER_REQUIRES_CERTIFICATE
rutas_enriquecidas,224,INTERNAL_ENRICHED_ROUTES,1,r7c2_h-1v-1,56,7,2,-1,-1,neutrino_G3,neutrino,G3,,34|0|-4|-2|-8|++0---++0---,+++--0+++--0,66,64,64,60,40,56,5,"(100,66,0)","(56,54,5)",99.51837473042726913417918,55.60649894337213544641686,1.000000068994276645021895,1.000000038550972354141645,TARGET_FREE_INTERNAL_ROUTE,"3,8;7,2",27,27,27,54,216,36,18.0,,,,2,71,107,1,0,1,17,9,9,34,0,-2,0,-8,90 570 264 90 567 657 24 243 657 90 570 264 90 567 657 24 243 657,0 1 2 3 4 5 6 7 8 9 10 11 12 13 13 15 16 17,34|0|-2|0|-8,True,EXACT_KEY_JOIN__NO_EXTERNAL_MASS_READ,ROUTE_MEMORY_AVAILABLE__ETA_TRANSDUCER_REQUIRES_CERTIFICATE
rutas_enriquecidas,225,INTERNAL_ENRICHED_ROUTES,1,r7c3_h+1v+1,57,7,3,1,1,charged_lepton_G2,charged_lepton,G2,,34|0|-12|0|-12|+++---+++---,+++---+++---,66,60,64,48,32,80,6,"(80,66,2)","(80,54,6)",79.51859712327265341428729,79.60661013979482758647091,1.000000055128794709248880,1.000000055189812531859140,TARGET_FREE_INTERNAL_ROUTE,"3,7;7,3",27,27,27,54,216,18,0.0,1,1,1,1,71,107,2,1,2,16,9,9,34,0,0,0,-12,327 498 99 327 501 486 423 15 486 327 498 99 327 501 486 423 15 486,0 1 2 3 4 5 6 7 7 9 10 11 12 13 14 15 16 16,34|0|0|0|-12,True,EXACT_KEY_JOIN__NO_EXTERNAL_MASS_READ,ROUTE_MEMORY_AVAILABLE__ETA_TRANSDUCER_REQUIRES_CERTIFICATE
rutas_enriquecidas,226,INTERNAL_ENRICHED_ROUTES,1,r7c3_h+1v-1,57,7,3,1,-1,charged_lepton_G2,charged_lepton,G2,,34|0|-12|0|-12|+++---+++---,0++---0++---,84,24,84,24,16,56,5,"(40,84,30)","(56,54,5)",39.39035827686092491784959,55.60649894337213544641686,1.000000027308617396708705,1.000000038550972354141645,TARGET_FREE_INTERNAL_ROUTE,"3,7;7,3",27,27,27,54,216,18,0.0,1,1,1,1,71,107,0,0,0,17,9,9,50,-4,2,-2,-8,333 255 252 333 258 414 420 258 414 333 255 252 333 258 414 420 258 414,0 1 2 3 4 5 6 7 8 9 10 11 12 13 14 15 16 17,50|-4|2|-2|-8,True,EXACT_KEY_JOIN__NO_EXTERNAL_MASS_READ,ROUTE_MEMORY_AVAILABLE__ETA_TRANSDUCER_REQUIRES_CERTIFICATE
rutas_enriquecidas,227,INTERNAL_ENRICHED_ROUTES,1,r7c3_h-1v+1,57,7,3,-1,1,charged_lepton_G2,charged_lepton,G2,,34|0|-12|0|-12|+++---+++---,+++0--+++0--,84,24,84,24,16,56,5,"(40,84,30)","(56,54,5)",39.39035827686092491784959,55.60649894337213544641686,1.000000027308617396708705,1.000000038550972354141645,TARGET_FREE_INTERNAL_ROUTE,"3,7;7,3",27,27,27,54,216,18,0.0,1,1,1,1,71,107,1,0,1,17,9,9,50,4,-2,2,-8,420 258 414 420 255 252 333 255 252 420 258 414 420 255 252 333 255 252,0 1 2 3 4 5 6 7 8 9 10 11 12 13 14 15 15 17,50|4|-2|2|-8,True,EXACT_KEY_JOIN__NO_EXTERNAL_MASS_READ,ROUTE_MEMORY_AVAILABLE__ETA_TRANSDUCER_REQUIRES_CERTIFICATE
rutas_enriquecidas,228,INTERNAL_ENRICHED_ROUTES,1,r7c3_h-1v-1,57,7,3,-1,-1,charged_lepton_G2,charged_lepton,G2,,34|0|-12|0|-12|+++---+++---,+++---+++---,66,60,64,48,32,80,6,"(80,66,2)","(80,54,6)",79.51859712327265341428729,79.60661013979482758647091,1.000000055128794709248880,1.000000055189812531859140,TARGET_FREE_INTERNAL_ROUTE,"3,7;7,3",27,27,27,54,216,18,0.0,1,1,1,1,71,107,1,1,1,16,9,9,34,0,0,0,-12,423 15 486 423 12 99 327 498 99 423 15 486 423 12 99 327 498 99,0 1 2 3 4 5 6 7 8 9 10 11 12 13 14 15 16 16,34|0|0|0|-12,True,EXACT_KEY_JOIN__NO_EXTERNAL_MASS_READ,ROUTE_MEMORY_AVAILABLE__ETA_TRANSDUCER_REQUIRES_CERTIFICATE
rutas_enriquecidas,229,INTERNAL_ENRICHED_ROUTES,1,r7c4_h+1v+1,58,7,4,1,1,neutrino_G2,neutrino,G2,,30|6|0|0|-12|+++---+++---,+++---+++---,54,56,70,48,32,80,6,"(80,54,7)","(80,54,6)",79.60672133621751972652496,79.60661013979482758647091,1.000000055189889622315337,1.000000055189812531859140,TARGET_FREE_INTERNAL_ROUTE,"3,6;7,4",27,27,27,54,216,18,0.0,1,1,1,1,71,107,2,0,1,17,9,9,30,6,0,0,-12,657 24 243 657 18 15 486 423 15 657 24 243 657 18 15 486 423 15,0 1 2 3 4 5 6 7 8 9 10 11 12 13 14 14 15 17,30|6|0|0|-12,True,EXACT_KEY_JOIN__NO_EXTERNAL_MASS_READ,ROUTE_MEMORY_AVAILABLE__ETA_TRANSDUCER_REQUIRES_CERTIFICATE
rutas_enriquecidas,230,INTERNAL_ENRICHED_ROUTES,1,r7c4_h+1v-1,58,7,4,1,-1,neutrino_G2,neutrino,G2,,30|6|0|0|-12|+++---+++---,+++---+++---,78,28,78,36,24,80,6,"(60,78,25)","(80,54,6)",59.43358641016316702356304,79.60661013979482758647091,1.000000041204222405344905,1.000000055189812531859140,TARGET_FREE_INTERNAL_ROUTE,"3,6;7,4",27,27,27,54,216,18,0.0,1,1,1,1,71,107,2,0,1,17,9,9,14,4,0,0,-12,666 672 510 666 666 585 507 504 585 666 672 510 666 666 585 507 504 585,0 1 2 3 4 5 6 7 8 9 10 11 12 12 13 15 16 17,14|4|0|0|-12,True,EXACT_KEY_JOIN__NO_EXTERNAL_MASS_READ,ROUTE_MEMORY_AVAILABLE__ETA_TRANSDUCER_REQUIRES_CERTIFICATE
rutas_enriquecidas,231,INTERNAL_ENRICHED_ROUTES,1,r7c4_h-1v+1,58,7,4,-1,1,neutrino_G2,neutrino,G2,,30|6|0|0|-12|+++---+++---,+++---+++---,78,28,78,36,24,80,6,"(60,78,25)","(80,54,6)",59.43358641016316702356304,79.60661013979482758647091,1.000000041204222405344905,1.000000055189812531859140,TARGET_FREE_INTERNAL_ROUTE,"3,6;7,4",27,27,27,54,216,18,0.0,1,1,1,1,71,107,0,0,0,17,9,9,14,-4,0,0,-12,507 504 585 507 510 510 666 672 510 507 504 585 507 510 510 666 672 510,0 1 2 3 4 5 6 7 8 9 10 11 12 13 14 15 16 17,14|-4|0|0|-12,True,EXACT_KEY_JOIN__NO_EXTERNAL_MASS_READ,ROUTE_MEMORY_AVAILABLE__ETA_TRANSDUCER_REQUIRES_CERTIFICATE
rutas_enriquecidas,232,INTERNAL_ENRICHED_ROUTES,1,r7c4_h-1v-1,58,7,4,-1,-1,neutrino_G2,neutrino,G2,,30|6|0|0|-12|+++---+++---,+++---+++---,54,56,70,48,32,80,6,"(80,54,7)","(80,54,6)",79.60672133621751972652496,79.60661013979482758647091,1.000000055189889622315337,1.000000055189812531859140,TARGET_FREE_INTERNAL_ROUTE,"3,6;7,4",27,27,27,54,216,18,0.0,1,1,1,1,71,107,2,1,2,16,9,9,30,-6,0,0,-12,486 423 15 486 429 243 657 24 243 486 423 15 486 429 243 657 24 243,0 1 2 3 4 5 6 7 8 9 10 11 12 13 13 15 16 16,30|-6|0|0|-12,True,EXACT_KEY_JOIN__NO_EXTERNAL_MASS_READ,ROUTE_MEMORY_AVAILABLE__ETA_TRANSDUCER_REQUIRES_CERTIFICATE
rutas_enriquecidas,233,INTERNAL_ENRICHED_ROUTES,1,r7c5_h+1v+1,59,7,5,1,1,charged_lepton_G2,charged_lepton,G2,,28|6|-2|0|-12|+++---+++---,+++---+++---,66,64,64,60,40,80,6,"(100,66,0)","(80,54,6)",99.51837473042726913417918,79.60661013979482758647091,1.000000068994276645021895,1.000000055189812531859140,TARGET_FREE_INTERNAL_ROUTE,"3,5;7,5",27,27,27,54,216,22,4.0,5,5,5,1,71,107,0,0,0,17,9,9,28,6,0,4,-12,24 243 657 24 246 264 90 570 264 24 243 657 24 246 264 90 570 264,0 1 2 3 4 5 6 7 8 9 10 11 12 13 14 15 16 17,28|6|0|4|-12,True,EXACT_KEY_JOIN__NO_EXTERNAL_MASS_READ,ROUTE_MEMORY_AVAILABLE__ETA_TRANSDUCER_REQUIRES_CERTIFICATE
rutas_enriquecidas,234,INTERNAL_ENRICHED_ROUTES,1,r7c5_h+1v-1,59,7,5,1,-1,charged_lepton_G2,charged_lepton,G2,,28|6|-2|0|-12|+++---+++---,+++--0+++--0,24,20,24,24,16,56,5,"(40,24,2)","(56,54,5)",39.82508593118257305617326,55.60649894337213544641686,1.000000027610006159514215,1.000000038550972354141645,TARGET_FREE_INTERNAL_ROUTE,"3,5;7,5",27,27,27,54,216,36,18.0,,,,2,71,107,0,0,0,17,9,9,50,6,-2,2,-8,0 81 3 0 84 0 81 3 0 0 81 3 0 84 0 81 3 0,0 1 2 3 4 5 6 7 8 9 10 11 12 13 14 15 16 17,50|6|-2|2|-8,True,EXACT_KEY_JOIN__NO_EXTERNAL_MASS_READ,ROUTE_MEMORY_AVAILABLE__ETA_TRANSDUCER_REQUIRES_CERTIFICATE
rutas_enriquecidas,235,INTERNAL_ENRICHED_ROUTES,1,r7c5_h-1v+1,59,7,5,-1,1,charged_lepton_G2,charged_lepton,G2,,28|6|-2|0|-12|+++---+++---,++0---++0---,24,20,24,24,16,56,5,"(40,24,2)","(56,54,5)",39.82508593118257305617326,55.60649894337213544641686,1.000000027610006159514215,1.000000038550972354141645,TARGET_FREE_INTERNAL_ROUTE,"3,5;7,5",27,27,27,54,216,36,18.0,,,,2,71,107,2,0,2,17,9,9,50,-6,2,-2,-8,81 3 0 81 0 3 0 81 3 81 3 0 81 0 3 0 81 3,0 1 2 3 4 5 6 6 8 9 10 11 12 13 14 15 15 17,50|-6|2|-2|-8,True,EXACT_KEY_JOIN__NO_EXTERNAL_MASS_READ,ROUTE_MEMORY_AVAILABLE__ETA_TRANSDUCER_REQUIRES_CERTIFICATE
rutas_enriquecidas,236,INTERNAL_ENRICHED_ROUTES,1,r7c5_h-1v-1,59,7,5,-1,-1,charged_lepton_G2,charged_lepton,G2,,28|6|-2|0|-12|+++---+++---,+++---+++---,66,64,64,60,40,80,6,"(100,66,0)","(80,54,6)",99.51837473042726913417918,79.60661013979482758647091,1.000000068994276645021895,1.000000055189812531859140,TARGET_FREE_INTERNAL_ROUTE,"3,5;7,5",27,27,27,54,216,18,0.0,1,1,1,1,71,107,1,0,1,17,9,9,28,-6,0,-4,-12,90 570 264 90 567 657 24 243 657 90 570 264 90 567 657 24 243 657,0 1 2 3 4 5 6 7 8 9 10 11 12 13 13 15 16 17,28|-6|0|-4|-12,True,EXACT_KEY_JOIN__NO_EXTERNAL_MASS_READ,ROUTE_MEMORY_AVAILABLE__ETA_TRANSDUCER_REQUIRES_CERTIFICATE
rutas_enriquecidas,237,INTERNAL_ENRICHED_ROUTES,1,r7c6_h+1v+1,60,7,6,1,1,neutrino_G2,neutrino,G2,,28|-6|8|0|-12|+++---+++---,+++---+++---,66,60,64,48,32,80,6,"(80,66,2)","(80,54,6)",79.51859712327265341428729,79.60661013979482758647091,1.000000055128794709248880,1.000000055189812531859140,TARGET_FREE_INTERNAL_ROUTE,"3,4;7,6",27,27,27,54,216,18,0.0,1,1,1,1,71,107,2,1,2,16,9,9,28,-6,0,0,-12,327 498 99 327 501 486 423 15 486 327 498 99 327 501 486 423 15 486,0 1 2 3 4 5 6 7 7 9 10 11 12 13 14 15 16 16,28|-6|0|0|-12,False,EXACT_KEY_JOIN__NO_EXTERNAL_MASS_READ,ROUTE_MEMORY_AVAILABLE__ETA_TRANSDUCER_REQUIRES_CERTIFICATE
rutas_enriquecidas,238,INTERNAL_ENRICHED_ROUTES,1,r7c6_h+1v-1,60,7,6,1,-1,neutrino_G2,neutrino,G2,,28|-6|8|0|-12|+++---+++---,+++---+++---,84,24,84,24,16,80,6,"(40,84,30)","(80,54,6)",39.39035827686092491784959,79.60661013979482758647091,1.000000027308617396708705,1.000000055189812531859140,TARGET_FREE_INTERNAL_ROUTE,"3,4;7,6",27,27,27,54,216,18,0.0,1,1,1,1,71,107,0,0,0,17,9,9,8,2,0,0,-12,333 255 252 333 258 414 420 258 414 333 255 252 333 258 414 420 258 414,0 1 2 3 4 5 6 7 8 9 10 11 12 13 14 15 16 17,8|2|0|0|-12,False,EXACT_KEY_JOIN__NO_EXTERNAL_MASS_READ,ROUTE_MEMORY_AVAILABLE__ETA_TRANSDUCER_REQUIRES_CERTIFICATE
rutas_enriquecidas,239,INTERNAL_ENRICHED_ROUTES,1,r7c6_h-1v+1,60,7,6,-1,1,neutrino_G2,neutrino,G2,,28|-6|8|0|-12|+++---+++---,+++---+++---,84,24,84,24,16,80,6,"(40,84,30)","(80,54,6)",39.39035827686092491784959,79.60661013979482758647091,1.000000027308617396708705,1.000000055189812531859140,TARGET_FREE_INTERNAL_ROUTE,"3,4;7,6",27,27,27,54,216,18,0.0,1,1,1,1,71,107,1,0,1,17,9,9,8,-2,0,0,-12,420 258 414 420 255 252 333 255 252 420 258 414 420 255 252 333 255 252,0 1 2 3 4 5 6 7 8 9 10 11 12 13 14 15 15 17,8|-2|0|0|-12,False,EXACT_KEY_JOIN__NO_EXTERNAL_MASS_READ,ROUTE_MEMORY_AVAILABLE__ETA_TRANSDUCER_REQUIRES_CERTIFICATE
rutas_enriquecidas,240,INTERNAL_ENRICHED_ROUTES,1,r7c6_h-1v-1,60,7,6,-1,-1,neutrino_G2,neutrino,G2,,28|-6|8|0|-12|+++---+++---,+++---+++---,66,60,64,48,32,80,6,"(80,66,2)","(80,54,6)",79.51859712327265341428729,79.60661013979482758647091,1.000000055128794709248880,1.000000055189812531859140,TARGET_FREE_INTERNAL_ROUTE,"3,4;7,6",27,27,27,54,216,18,0.0,1,1,1,1,71,107,1,1,1,16,9,9,28,6,0,0,-12,423 15 486 423 12 99 327 498 99 423 15 486 423 12 99 327 498 99,0 1 2 3 4 5 6 7 8 9 10 11 12 13 14 15 16 16,28|6|0|0|-12,False,EXACT_KEY_JOIN__NO_EXTERNAL_MASS_READ,ROUTE_MEMORY_AVAILABLE__ETA_TRANSDUCER_REQUIRES_CERTIFICATE
rutas_enriquecidas,241,INTERNAL_ENRICHED_ROUTES,1,r7c7_h+1v+1,61,7,7,1,1,charged_lepton_G2,charged_lepton,G2,,24|0|4|0|-12|+++---+++---,+++---+++---,54,56,70,48,32,80,6,"(80,54,7)","(80,54,6)",79.60672133621751972652496,79.60661013979482758647091,1.000000055189889622315337,1.000000055189812531859140,TARGET_FREE_INTERNAL_ROUTE,"3,3;7,7",27,27,27,54,216,22,4.0,5,5,5,1,71,107,2,0,1,17,9,9,24,0,0,0,-12,657 24 243 657 18 15 486 423 15 657 24 243 657 18 15 486 423 15,0 1 2 3 4 5 6 7 8 9 10 11 12 13 14 14 15 17,24|0|0|0|-12,False,EXACT_KEY_JOIN__NO_EXTERNAL_MASS_READ,ROUTE_MEMORY_AVAILABLE__ETA_TRANSDUCER_REQUIRES_CERTIFICATE
rutas_enriquecidas,242,INTERNAL_ENRICHED_ROUTES,1,r7c7_h+1v-1,61,7,7,1,-1,charged_lepton_G2,charged_lepton,G2,,24|0|4|0|-12|+++---+++---,+++---+++---,78,28,78,36,24,80,6,"(60,78,25)","(80,54,6)",59.43358641016316702356304,79.60661013979482758647091,1.000000041204222405344905,1.000000055189812531859140,TARGET_FREE_INTERNAL_ROUTE,"3,3;7,7",27,27,27,54,216,18,0.0,1,1,1,1,71,107,2,0,1,17,9,9,44,-2,0,0,-12,666 672 510 666 666 585 507 504 585 666 672 510 666 666 585 507 504 585,0 1 2 3 4 5 6 7 8 9 10 11 12 12 13 15 16 17,44|-2|0|0|-12,False,EXACT_KEY_JOIN__NO_EXTERNAL_MASS_READ,ROUTE_MEMORY_AVAILABLE__ETA_TRANSDUCER_REQUIRES_CERTIFICATE
rutas_enriquecidas,243,INTERNAL_ENRICHED_ROUTES,1,r7c7_h-1v+1,61,7,7,-1,1,charged_lepton_G2,charged_lepton,G2,,24|0|4|0|-12|+++---+++---,+++---+++---,78,28,78,36,24,80,6,"(60,78,25)","(80,54,6)",59.43358641016316702356304,79.60661013979482758647091,1.000000041204222405344905,1.000000055189812531859140,TARGET_FREE_INTERNAL_ROUTE,"3,3;7,7",27,27,27,54,216,18,0.0,1,1,1,1,71,107,0,0,0,17,9,9,44,2,0,0,-12,507 504 585 507 510 510 666 672 510 507 504 585 507 510 510 666 672 510,0 1 2 3 4 5 6 7 8 9 10 11 12 13 14 15 16 17,44|2|0|0|-12,False,EXACT_KEY_JOIN__NO_EXTERNAL_MASS_READ,ROUTE_MEMORY_AVAILABLE__ETA_TRANSDUCER_REQUIRES_CERTIFICATE
rutas_enriquecidas,244,INTERNAL_ENRICHED_ROUTES,1,r7c7_h-1v-1,61,7,7,-1,-1,charged_lepton_G2,charged_lepton,G2,,24|0|4|0|-12|+++---+++---,+++---+++---,54,56,70,48,32,80,6,"(80,54,7)","(80,54,6)",79.60672133621751972652496,79.60661013979482758647091,1.000000055189889622315337,1.000000055189812531859140,TARGET_FREE_INTERNAL_ROUTE,"3,3;7,7",27,27,27,54,216,22,4.0,5,5,5,1,71,107,2,1,2,16,9,9,24,0,0,0,-12,486 423 15 486 429 243 657 24 243 486 423 15 486 429 243 657 24 243,0 1 2 3 4 5 6 7 8 9 10 11 12 13 13 15 16 16,24|0|0|0|-12,False,EXACT_KEY_JOIN__NO_EXTERNAL_MASS_READ,ROUTE_MEMORY_AVAILABLE__ETA_TRANSDUCER_REQUIRES_CERTIFICATE
rutas_enriquecidas,245,INTERNAL_ENRICHED_ROUTES,1,r7c8_h+1v+1,62,7,8,1,1,neutrino_G3,neutrino,G3,,28|6|8|0|-12|+++---+++---,+++---+++---,66,64,64,60,40,80,6,"(100,66,0)","(80,54,6)",99.51837473042726913417918,79.60661013979482758647091,1.000000068994276645021895,1.000000055189812531859140,TARGET_FREE_INTERNAL_ROUTE,"3,2;7,8",27,27,27,54,216,36,18.0,,,,2,71,107,0,0,0,17,9,9,28,6,0,0,-12,24 243 657 24 246 264 90 570 264 24 243 657 24 246 264 90 570 264,0 1 2 3 4 5 6 7 8 9 10 11 12 13 14 15 16 17,28|6|0|0|-12,True,EXACT_KEY_JOIN__NO_EXTERNAL_MASS_READ,ROUTE_MEMORY_AVAILABLE__ETA_TRANSDUCER_REQUIRES_CERTIFICATE
rutas_enriquecidas,246,INTERNAL_ENRICHED_ROUTES,1,r7c8_h+1v-1,62,7,8,1,-1,neutrino_G3,neutrino,G3,,28|6|8|0|-12|+++---+++---,+++---+++---,24,20,24,24,16,80,6,"(40,24,2)","(80,54,6)",39.82508593118257305617326,79.60661013979482758647091,1.000000027610006159514215,1.000000055189812531859140,TARGET_FREE_INTERNAL_ROUTE,"3,2;7,8",27,27,27,54,216,36,18.0,,,,2,71,107,0,0,0,17,9,9,14,-6,0,0,-12,0 81 3 0 84 0 81 3 0 0 81 3 0 84 0 81 3 0,0 1 2 3 4 5 6 7 8 9 10 11 12 13 14 15 16 17,14|-6|0|0|-12,True,EXACT_KEY_JOIN__NO_EXTERNAL_MASS_READ,ROUTE_MEMORY_AVAILABLE__ETA_TRANSDUCER_REQUIRES_CERTIFICATE
rutas_enriquecidas,247,INTERNAL_ENRICHED_ROUTES,1,r7c8_h-1v+1,62,7,8,-1,1,neutrino_G3,neutrino,G3,,28|6|8|0|-12|+++---+++---,+++---+++---,24,20,24,24,16,80,6,"(40,24,2)","(80,54,6)",39.82508593118257305617326,79.60661013979482758647091,1.000000027610006159514215,1.000000055189812531859140,TARGET_FREE_INTERNAL_ROUTE,"3,2;7,8",27,27,27,54,216,36,18.0,,,,2,71,107,2,0,2,17,9,9,14,6,0,0,-12,81 3 0 81 0 3 0 81 3 81 3 0 81 0 3 0 81 3,0 1 2 3 4 5 6 6 8 9 10 11 12 13 14 15 15 17,14|6|0|0|-12,True,EXACT_KEY_JOIN__NO_EXTERNAL_MASS_READ,ROUTE_MEMORY_AVAILABLE__ETA_TRANSDUCER_REQUIRES_CERTIFICATE
rutas_enriquecidas,248,INTERNAL_ENRICHED_ROUTES,1,r7c8_h-1v-1,62,7,8,-1,-1,neutrino_G3,neutrino,G3,,28|6|8|0|-12|+++---+++---,+++---+++---,66,64,64,60,40,80,6,"(100,66,0)","(80,54,6)",99.51837473042726913417918,79.60661013979482758647091,1.000000068994276645021895,1.000000055189812531859140,TARGET_FREE_INTERNAL_ROUTE,"3,2;7,8",27,27,27,54,216,36,18.0,,,,2,71,107,1,0,1,17,9,9,28,-6,0,0,-12,90 570 264 90 567 657 24 243 657 90 570 264 90 567 657 24 243 657,0 1 2 3 4 5 6 7 8 9 10 11 12 13 13 15 16 17,28|-6|0|0|-12,True,EXACT_KEY_JOIN__NO_EXTERNAL_MASS_READ,ROUTE_MEMORY_AVAILABLE__ETA_TRANSDUCER_REQUIRES_CERTIFICATE
rutas_enriquecidas,249,INTERNAL_ENRICHED_ROUTES,1,r7c9_h+1v+1,63,7,9,1,1,charged_lepton_G4,charged_lepton,G4,,28|-6|6|0|-12|+++---+++---,+++---+++---,66,60,64,48,32,80,6,"(80,66,2)","(80,54,6)",79.51859712327265341428729,79.60661013979482758647091,1.000000055128794709248880,1.000000055189812531859140,TARGET_FREE_INTERNAL_ROUTE,"3,1;7,9",9,27,27,54,216,54,28.5293250129808,,,,3,71,107,2,1,2,16,9,9,28,-6,0,-4,-12,327 498 99 327 501 486 423 15 486 327 498 99 327 501 486 423 15 486,0 1 2 3 4 5 6 7 7 9 10 11 12 13 14 15 16 16,28|-6|0|-4|-12,False,EXACT_KEY_JOIN__NO_EXTERNAL_MASS_READ,ROUTE_MEMORY_AVAILABLE__ETA_TRANSDUCER_REQUIRES_CERTIFICATE
rutas_enriquecidas,250,INTERNAL_ENRICHED_ROUTES,1,r7c9_h+1v-1,63,7,9,1,-1,charged_lepton_G4,charged_lepton,G4,,28|-6|6|0|-12|+++---+++---,++0---++0---,84,24,84,24,16,56,5,"(40,84,30)","(56,54,5)",39.39035827686092491784959,55.60649894337213544641686,1.000000027308617396708705,1.000000038550972354141645,TARGET_FREE_INTERNAL_ROUTE,"3,1;7,9",27,27,27,54,216,54,28.5293250129808,,,,3,71,107,0,0,0,17,9,9,50,-4,2,-2,-8,333 255 252 333 258 414 420 258 414 333 255 252 333 258 414 420 258 414,0 1 2 3 4 5 6 7 8 9 10 11 12 13 14 15 16 17,50|-4|2|-2|-8,False,EXACT_KEY_JOIN__NO_EXTERNAL_MASS_READ,ROUTE_MEMORY_AVAILABLE__ETA_TRANSDUCER_REQUIRES_CERTIFICATE
rutas_enriquecidas,251,INTERNAL_ENRICHED_ROUTES,1,r7c9_h-1v+1,63,7,9,-1,1,charged_lepton_G4,charged_lepton,G4,,28|-6|6|0|-12|+++---+++---,+++--0+++--0,84,24,84,24,16,56,5,"(40,84,30)","(56,54,5)",39.39035827686092491784959,55.60649894337213544641686,1.000000027308617396708705,1.000000038550972354141645,TARGET_FREE_INTERNAL_ROUTE,"3,1;7,9",27,27,27,54,216,54,28.5293250129808,,,,3,71,107,1,0,1,17,9,9,50,4,-2,2,-8,420 258 414 420 255 252 333 255 252 420 258 414 420 255 252 333 255 252,0 1 2 3 4 5 6 7 8 9 10 11 12 13 14 15 15 17,50|4|-2|2|-8,False,EXACT_KEY_JOIN__NO_EXTERNAL_MASS_READ,ROUTE_MEMORY_AVAILABLE__ETA_TRANSDUCER_REQUIRES_CERTIFICATE
rutas_enriquecidas,252,INTERNAL_ENRICHED_ROUTES,1,r7c9_h-1v-1,63,7,9,-1,-1,charged_lepton_G4,charged_lepton,G4,,28|-6|6|0|-12|+++---+++---,+++---+++---,66,60,64,48,32,80,6,"(80,66,2)","(80,54,6)",79.51859712327265341428729,79.60661013979482758647091,1.000000055128794709248880,1.000000055189812531859140,TARGET_FREE_INTERNAL_ROUTE,"3,1;7,9",18,27,27,54,216,54,28.5293250129808,,,,3,71,107,1,1,1,16,9,9,28,6,0,4,-12,423 15 486 423 12 99 327 498 99 423 15 486 423 12 99 327 498 99,0 1 2 3 4 5 6 7 8 9 10 11 12 13 14 15 16 16,28|6|0|4|-12,False,EXACT_KEY_JOIN__NO_EXTERNAL_MASS_READ,ROUTE_MEMORY_AVAILABLE__ETA_TRANSDUCER_REQUIRES_CERTIFICATE
rutas_enriquecidas,253,INTERNAL_ENRICHED_ROUTES,1,r8c1_h+1v+1,64,8,1,1,1,quark_down_G4,quark_down,G4,G,28|-6|10|0|-12|+++---+++---,+++---+++---,66,64,68,60,40,80,6,"(100,66,2)","(80,54,6)",99.51859712327265341428729,79.60661013979482758647091,1.000000068994430825936417,1.000000055189812531859140,TARGET_FREE_INTERNAL_ROUTE,"2,9;8,1",27,27,27,54,216,36,18.0,,,,2,71,107,1,0,1,17,9,9,28,-6,0,0,-12,99 327 498 99 324 423 15 486 423 99 327 498 99 324 423 15 486 423,0 1 2 3 4 5 6 7 8 9 10 11 12 13 14 14 16 17,28|-6|0|0|-12,True,EXACT_KEY_JOIN__NO_EXTERNAL_MASS_READ,ROUTE_MEMORY_AVAILABLE__ETA_TRANSDUCER_REQUIRES_CERTIFICATE
rutas_enriquecidas,254,INTERNAL_ENRICHED_ROUTES,1,r8c1_h+1v-1,64,8,1,1,-1,quark_down_G4,quark_down,G4,G,28|-6|10|0|-12|+++---+++---,++00--++00--,24,20,24,24,16,36,4,"(40,24,2)","(36,54,4)",39.82508593118257305617326,35.60638774694944330636281,1.000000027610006159514215,1.000000024685259569118152,TARGET_FREE_INTERNAL_ROUTE,"2,9;8,1",27,27,27,54,216,36,18.0,,,,2,71,107,2,0,2,17,9,9,20,0,0,0,-4,81 3 0 81 0 3 0 81 3 81 3 0 81 0 3 0 81 3,0 1 2 3 4 5 6 6 8 9 10 11 12 13 14 15 15 17,20|0|0|0|-4,True,EXACT_KEY_JOIN__NO_EXTERNAL_MASS_READ,ROUTE_MEMORY_AVAILABLE__ETA_TRANSDUCER_REQUIRES_CERTIFICATE
rutas_enriquecidas,255,INTERNAL_ENRICHED_ROUTES,1,r8c1_h-1v+1,64,8,1,-1,1,quark_down_G4,quark_down,G4,G,28|-6|10|0|-12|+++---+++---,0++--00++--0,24,20,24,24,16,36,4,"(40,24,2)","(36,54,4)",39.82508593118257305617326,35.60638774694944330636281,1.000000027610006159514215,1.000000024685259569118152,TARGET_FREE_INTERNAL_ROUTE,"2,9;8,1",27,27,27,54,216,36,18.0,,,,2,71,107,0,0,0,17,9,9,20,0,0,0,-4,0 81 3 0 84 0 81 3 0 0 81 3 0 84 0 81 3 0,0 1 2 3 4 5 6 7 8 9 10 11 12 13 14 15 16 17,20|0|0|0|-4,True,EXACT_KEY_JOIN__NO_EXTERNAL_MASS_READ,ROUTE_MEMORY_AVAILABLE__ETA_TRANSDUCER_REQUIRES_CERTIFICATE
rutas_enriquecidas,256,INTERNAL_ENRICHED_ROUTES,1,r8c1_h-1v-1,64,8,1,-1,-1,quark_down_G4,quark_down,G4,G,28|-6|10|0|-12|+++---+++---,+++---+++---,66,64,68,60,40,80,6,"(100,66,2)","(80,54,6)",99.51859712327265341428729,79.60661013979482758647091,1.000000068994430825936417,1.000000055189812531859140,TARGET_FREE_INTERNAL_ROUTE,"2,9;8,1",27,27,27,54,216,40,20.339850002884624,,,,2,71,107,1,1,1,16,9,9,28,6,0,0,-12,15 486 423 15 489 498 99 327 498 15 486 423 15 489 498 99 327 498,0 1 2 3 4 5 6 7 8 9 10 11 12 13 14 15 16 16,28|6|0|0|-12,True,EXACT_KEY_JOIN__NO_EXTERNAL_MASS_READ,ROUTE_MEMORY_AVAILABLE__ETA_TRANSDUCER_REQUIRES_CERTIFICATE
rutas_enriquecidas,257,INTERNAL_ENRICHED_ROUTES,1,r8c2_h+1v+1,65,8,2,1,1,quark_up_G3,quark_up,G3,R,30|-6|4|0|-12|+++---+++---,+++---+++---,54,56,68,48,32,80,6,"(80,54,6)","(80,54,6)",79.60661013979482758647091,79.60661013979482758647091,1.000000055189812531859140,1.000000055189812531859140,TARGET_FREE_INTERNAL_ROUTE,"2,8;8,2",27,27,27,54,216,72,36.0,,,,4,71,107,2,1,2,16,9,9,30,-6,0,-2,-12,243 657 24 243 663 486 423 15 486 243 657 24 243 663 486 423 15 486,0 1 2 3 4 5 6 7 8 9 10 11 12 13 14 14 16 16,30|-6|0|-2|-12,True,EXACT_KEY_JOIN__NO_EXTERNAL_MASS_READ,ROUTE_MEMORY_AVAILABLE__ETA_TRANSDUCER_REQUIRES_CERTIFICATE
rutas_enriquecidas,258,INTERNAL_ENRICHED_ROUTES,1,r8c2_h+1v-1,65,8,2,1,-1,quark_up_G3,quark_up,G3,R,30|-6|4|0|-12|+++---+++---,++0---++0---,84,28,84,36,24,56,5,"(60,84,28)","(56,54,5)",59.39013588401554063774148,55.60649894337213544641686,1.000000041174098946741575,1.000000038550972354141645,TARGET_FREE_INTERNAL_ROUTE,"2,8;8,2",18,18,27,54,216,72,36.0,,,,4,71,107,3,0,2,17,9,9,50,-4,2,-2,-8,255 252 333 255 258 258 414 420 258 255 252 333 255 258 258 414 420 258,0 1 2 3 4 5 6 7 8 9 10 11 11 12 14 15 15 17,50|-4|2|-2|-8,True,EXACT_KEY_JOIN__NO_EXTERNAL_MASS_READ,ROUTE_MEMORY_AVAILABLE__ETA_TRANSDUCER_REQUIRES_CERTIFICATE
rutas_enriquecidas,259,INTERNAL_ENRICHED_ROUTES,1,r8c2_h-1v+1,65,8,2,-1,1,quark_up_G3,quark_up,G3,R,30|-6|4|0|-12|+++---+++---,+++--0+++--0,84,28,84,36,24,56,5,"(60,84,28)","(56,54,5)",59.39013588401554063774148,55.60649894337213544641686,1.000000041174098946741575,1.000000038550972354141645,TARGET_FREE_INTERNAL_ROUTE,"2,8;8,2",9,9,27,54,216,72,36.0,,,,4,71,107,2,1,2,16,9,9,50,4,-2,2,-8,414 420 258 414 414 333 255 252 333 414 420 258 414 414 333 255 252 333,0 1 2 3 4 5 6 7 8 9 10 11 12 13 14 14 16 16,50|4|-2|2|-8,True,EXACT_KEY_JOIN__NO_EXTERNAL_MASS_READ,ROUTE_MEMORY_AVAILABLE__ETA_TRANSDUCER_REQUIRES_CERTIFICATE
rutas_enriquecidas,260,INTERNAL_ENRICHED_ROUTES,1,r8c2_h-1v-1,65,8,2,-1,-1,quark_up_G3,quark_up,G3,R,30|-6|4|0|-12|+++---+++---,+++---+++---,54,56,68,48,32,80,6,"(80,54,6)","(80,54,6)",79.60661013979482758647091,79.60661013979482758647091,1.000000055189812531859140,1.000000055189812531859140,TARGET_FREE_INTERNAL_ROUTE,"2,8;8,2",27,27,27,54,216,72,36.0,,,,4,71,107,3,0,2,17,9,9,30,6,0,2,-12,423 15 486 423 9 24 243 657 24 423 15 486 423 9 24 243 657 24,0 1 2 3 4 5 6 7 8 9 10 11 11 13 14 14 15 17,30|6|0|2|-12,True,EXACT_KEY_JOIN__NO_EXTERNAL_MASS_READ,ROUTE_MEMORY_AVAILABLE__ETA_TRANSDUCER_REQUIRES_CERTIFICATE
rutas_enriquecidas,261,INTERNAL_ENRICHED_ROUTES,1,r8c3_h+1v+1,66,8,3,1,1,quark_down_G3,quark_down,G3,B,34|0|-8|-2|-8|++0---++0---,++0---++0---,66,60,68,48,32,56,5,"(80,66,4)","(56,54,5)",79.51881951611803769439539,55.60649894337213544641686,1.000000055128948890161264,1.000000038550972354141645,TARGET_FREE_INTERNAL_ROUTE,"2,7;8,3",27,27,27,54,216,36,18.0,,,,2,71,107,0,0,0,17,9,9,34,0,2,0,-8,657 24 243 657 21 90 570 264 90 657 24 243 657 21 90 570 264 90,0 1 2 3 4 5 6 7 8 9 10 11 12 13 14 15 16 17,34|0|2|0|-8,True,EXACT_KEY_JOIN__NO_EXTERNAL_MASS_READ,ROUTE_MEMORY_AVAILABLE__ETA_TRANSDUCER_REQUIRES_CERTIFICATE
rutas_enriquecidas,262,INTERNAL_ENRICHED_ROUTES,1,r8c3_h+1v-1,66,8,3,1,-1,quark_down_G3,quark_down,G3,B,34|0|-8|-2|-8|++0---++0---,+++---+++---,78,24,78,24,16,80,6,"(40,78,27)","(80,54,6)",39.43380880300855130367114,79.60661013979482758647091,1.000000027338740854894358,1.000000055189812531859140,TARGET_FREE_INTERNAL_ROUTE,"2,7;8,3",27,27,27,54,216,36,18.0,,,,2,71,107,1,0,1,17,9,9,14,4,0,0,-12,672 510 666 672 507 504 585 507 504 672 510 666 672 507 504 585 507 504,0 1 2 3 4 5 6 7 8 9 10 11 12 13 14 14 16 17,14|4|0|0|-12,True,EXACT_KEY_JOIN__NO_EXTERNAL_MASS_READ,ROUTE_MEMORY_AVAILABLE__ETA_TRANSDUCER_REQUIRES_CERTIFICATE
rutas_enriquecidas,263,INTERNAL_ENRICHED_ROUTES,1,r8c3_h-1v+1,66,8,3,-1,1,quark_down_G3,quark_down,G3,B,34|0|-8|-2|-8|++0---++0---,+++---+++---,78,24,78,24,16,80,6,"(40,78,27)","(80,54,6)",39.43380880300855130367114,79.60661013979482758647091,1.000000027338740854894358,1.000000055189812531859140,TARGET_FREE_INTERNAL_ROUTE,"2,7;8,3",27,27,27,54,216,36,18.0,,,,2,71,107,1,0,1,17,9,9,14,-4,0,0,-12,585 507 504 585 510 666 672 510 666 585 507 504 585 510 666 672 510 666,0 1 2 3 4 5 6 7 8 9 10 11 12 13 14 14 16 17,14|-4|0|0|-12,True,EXACT_KEY_JOIN__NO_EXTERNAL_MASS_READ,ROUTE_MEMORY_AVAILABLE__ETA_TRANSDUCER_REQUIRES_CERTIFICATE
rutas_enriquecidas,264,INTERNAL_ENRICHED_ROUTES,1,r8c3_h-1v-1,66,8,3,-1,-1,quark_down_G3,quark_down,G3,B,34|0|-8|-2|-8|++0---++0---,+++--0+++--0,66,60,68,48,32,56,5,"(80,66,4)","(56,54,5)",79.51881951611803769439539,55.60649894337213544641686,1.000000055128948890161264,1.000000038550972354141645,TARGET_FREE_INTERNAL_ROUTE,"2,7;8,3",27,27,27,54,216,36,18.0,,,,2,71,107,1,0,1,17,9,9,34,0,-2,0,-8,570 264 90 570 267 243 657 24 243 570 264 90 570 267 243 657 24 243,0 1 1 3 4 5 6 7 8 9 10 11 12 13 14 15 16 17,34|0|-2|0|-8,True,EXACT_KEY_JOIN__NO_EXTERNAL_MASS_READ,ROUTE_MEMORY_AVAILABLE__ETA_TRANSDUCER_REQUIRES_CERTIFICATE
rutas_enriquecidas,265,INTERNAL_ENRICHED_ROUTES,1,r8c4_h+1v+1,67,8,4,1,1,quark_up_G3,quark_up,G3,G,34|0|-4|2|-8|+++--0+++--0,+++--0+++--0,66,64,68,60,40,56,5,"(100,66,2)","(56,54,5)",99.51859712327265341428729,55.60649894337213544641686,1.000000068994430825936417,1.000000038550972354141645,TARGET_FREE_INTERNAL_ROUTE,"2,6;8,4",27,27,27,54,216,36,18.0,,,,2,71,107,1,0,1,17,9,9,34,0,-2,0,-8,99 327 498 99 324 423 15 486 423 99 327 498 99 324 423 15 486 423,0 1 2 3 4 5 6 7 8 9 10 11 12 13 14 14 16 17,34|0|-2|0|-8,False,EXACT_KEY_JOIN__NO_EXTERNAL_MASS_READ,ROUTE_MEMORY_AVAILABLE__ETA_TRANSDUCER_REQUIRES_CERTIFICATE
rutas_enriquecidas,266,INTERNAL_ENRICHED_ROUTES,1,r8c4_h+1v-1,67,8,4,1,-1,quark_up_G3,quark_up,G3,G,34|0|-4|2|-8|+++--0+++--0,+++--0+++--0,24,20,24,24,16,56,5,"(40,24,2)","(56,54,5)",39.82508593118257305617326,55.60649894337213544641686,1.000000027610006159514215,1.000000038550972354141645,TARGET_FREE_INTERNAL_ROUTE,"2,6;8,4",27,27,27,54,216,72,36.0,,,,4,71,107,2,0,2,17,9,9,50,6,-2,2,-8,81 3 0 81 0 3 0 81 3 81 3 0 81 0 3 0 81 3,0 1 2 3 4 5 6 6 8 9 10 11 12 13 14 15 15 17,50|6|-2|2|-8,False,EXACT_KEY_JOIN__NO_EXTERNAL_MASS_READ,ROUTE_MEMORY_AVAILABLE__ETA_TRANSDUCER_REQUIRES_CERTIFICATE
rutas_enriquecidas,267,INTERNAL_ENRICHED_ROUTES,1,r8c4_h-1v+1,67,8,4,-1,1,quark_up_G3,quark_up,G3,G,34|0|-4|2|-8|+++--0+++--0,++0---++0---,24,20,24,24,16,56,5,"(40,24,2)","(56,54,5)",39.82508593118257305617326,55.60649894337213544641686,1.000000027610006159514215,1.000000038550972354141645,TARGET_FREE_INTERNAL_ROUTE,"2,6;8,4",27,27,27,54,216,72,36.0,,,,4,71,107,0,0,0,17,9,9,50,-6,2,-2,-8,0 81 3 0 84 0 81 3 0 0 81 3 0 84 0 81 3 0,0 1 2 3 4 5 6 7 8 9 10 11 12 13 14 15 16 17,50|-6|2|-2|-8,False,EXACT_KEY_JOIN__NO_EXTERNAL_MASS_READ,ROUTE_MEMORY_AVAILABLE__ETA_TRANSDUCER_REQUIRES_CERTIFICATE
rutas_enriquecidas,268,INTERNAL_ENRICHED_ROUTES,1,r8c4_h-1v-1,67,8,4,-1,-1,quark_up_G3,quark_up,G3,G,34|0|-4|2|-8|+++--0+++--0,++0---++0---,66,64,68,60,40,56,5,"(100,66,2)","(56,54,5)",99.51859712327265341428729,55.60649894337213544641686,1.000000068994430825936417,1.000000038550972354141645,TARGET_FREE_INTERNAL_ROUTE,"2,6;8,4",27,27,27,54,216,36,18.0,,,,2,71,107,1,1,1,16,9,9,34,0,2,0,-8,15 486 423 15 489 498 99 327 498 15 486 423 15 489 498 99 327 498,0 1 2 3 4 5 6 7 8 9 10 11 12 13 14 15 16 16,34|0|2|0|-8,False,EXACT_KEY_JOIN__NO_EXTERNAL_MASS_READ,ROUTE_MEMORY_AVAILABLE__ETA_TRANSDUCER_REQUIRES_CERTIFICATE
rutas_enriquecidas,269,INTERNAL_ENRICHED_ROUTES,1,r8c5_h+1v+1,68,8,5,1,1,quark_down_G3,quark_down,G3,R,30|6|-4|0|-12|+++---+++---,+++---+++---,54,56,68,48,32,80,6,"(80,54,6)","(80,54,6)",79.60661013979482758647091,79.60661013979482758647091,1.000000055189812531859140,1.000000055189812531859140,TARGET_FREE_INTERNAL_ROUTE,"2,5;8,5",27,27,27,54,216,36,18.0,1,,,2,71,107,2,1,2,16,9,9,30,6,0,0,-12,243 657 24 243 663 486 423 15 486 243 657 24 243 663 486 423 15 486,0 1 2 3 4 5 6 7 8 9 10 11 12 13 14 14 16 16,30|6|0|0|-12,True,EXACT_KEY_JOIN__NO_EXTERNAL_MASS_READ,ROUTE_MEMORY_AVAILABLE__ETA_TRANSDUCER_REQUIRES_CERTIFICATE
rutas_enriquecidas,270,INTERNAL_ENRICHED_ROUTES,1,r8c5_h+1v-1,68,8,5,1,-1,quark_down_G3,quark_down,G3,R,30|6|-4|0|-12|+++---+++---,+++---+++---,84,28,84,36,24,80,6,"(60,84,28)","(80,54,6)",59.39013588401554063774148,79.60661013979482758647091,1.000000041174098946741575,1.000000055189812531859140,TARGET_FREE_INTERNAL_ROUTE,"2,5;8,5",27,27,27,54,216,36,18.0,1,,,2,71,107,3,0,2,17,9,9,8,2,0,0,-12,255 252 333 255 258 258 414 420 258 255 252 333 255 258 258 414 420 258,0 1 2 3 4 5 6 7 8 9 10 11 11 12 14 15 15 17,8|2|0|0|-12,True,EXACT_KEY_JOIN__NO_EXTERNAL_MASS_READ,ROUTE_MEMORY_AVAILABLE__ETA_TRANSDUCER_REQUIRES_CERTIFICATE
rutas_enriquecidas,271,INTERNAL_ENRICHED_ROUTES,1,r8c5_h-1v+1,68,8,5,-1,1,quark_down_G3,quark_down,G3,R,30|6|-4|0|-12|+++---+++---,+++---+++---,84,28,84,36,24,80,6,"(60,84,28)","(80,54,6)",59.39013588401554063774148,79.60661013979482758647091,1.000000041174098946741575,1.000000055189812531859140,TARGET_FREE_INTERNAL_ROUTE,"2,5;8,5",27,27,27,54,216,36,18.0,1,,,2,71,107,2,1,2,16,9,9,8,-2,0,0,-12,414 420 258 414 414 333 255 252 333 414 420 258 414 414 333 255 252 333,0 1 2 3 4 5 6 7 8 9 10 11 12 13 14 14 16 16,8|-2|0|0|-12,True,EXACT_KEY_JOIN__NO_EXTERNAL_MASS_READ,ROUTE_MEMORY_AVAILABLE__ETA_TRANSDUCER_REQUIRES_CERTIFICATE
rutas_enriquecidas,272,INTERNAL_ENRICHED_ROUTES,1,r8c5_h-1v-1,68,8,5,-1,-1,quark_down_G3,quark_down,G3,R,30|6|-4|0|-12|+++---+++---,+++---+++---,54,56,68,48,32,80,6,"(80,54,6)","(80,54,6)",79.60661013979482758647091,79.60661013979482758647091,1.000000055189812531859140,1.000000055189812531859140,TARGET_FREE_INTERNAL_ROUTE,"2,5;8,5",27,27,27,54,216,36,18.0,1,,,2,71,107,3,0,2,17,9,9,30,-6,0,0,-12,423 15 486 423 9 24 243 657 24 423 15 486 423 9 24 243 657 24,0 1 2 3 4 5 6 7 8 9 10 11 11 13 14 14 15 17,30|-6|0|0|-12,True,EXACT_KEY_JOIN__NO_EXTERNAL_MASS_READ,ROUTE_MEMORY_AVAILABLE__ETA_TRANSDUCER_REQUIRES_CERTIFICATE
rutas_enriquecidas,273,INTERNAL_ENRICHED_ROUTES,1,r8c6_h+1v+1,69,8,6,1,1,quark_up_G3,quark_up,G3,B,28|6|-6|0|-12|+++---+++---,+++---+++---,66,60,68,48,32,80,6,"(80,66,4)","(80,54,6)",79.51881951611803769439539,79.60661013979482758647091,1.000000055128948890161264,1.000000055189812531859140,TARGET_FREE_INTERNAL_ROUTE,"2,4;8,6",27,27,27,54,216,36,18.0,,,,2,71,107,0,0,0,17,9,9,28,6,0,2,-12,657 24 243 657 21 90 570 264 90 657 24 243 657 21 90 570 264 90,0 1 2 3 4 5 6 7 8 9 10 11 12 13 14 15 16 17,28|6|0|2|-12,False,EXACT_KEY_JOIN__NO_EXTERNAL_MASS_READ,ROUTE_MEMORY_AVAILABLE__ETA_TRANSDUCER_REQUIRES_CERTIFICATE
rutas_enriquecidas,274,INTERNAL_ENRICHED_ROUTES,1,r8c6_h+1v-1,69,8,6,1,-1,quark_up_G3,quark_up,G3,B,28|6|-6|0|-12|+++---+++---,+++---+++---,78,24,78,24,16,80,6,"(40,78,27)","(80,54,6)",39.43380880300855130367114,79.60661013979482758647091,1.000000027338740854894358,1.000000055189812531859140,TARGET_FREE_INTERNAL_ROUTE,"2,4;8,6",27,27,27,54,216,36,18.0,,,,2,71,107,1,0,1,17,9,9,44,-2,0,0,-12,672 510 666 672 507 504 585 507 504 672 510 666 672 507 504 585 507 504,0 1 2 3 4 5 6 7 8 9 10 11 12 13 14 14 16 17,44|-2|0|0|-12,False,EXACT_KEY_JOIN__NO_EXTERNAL_MASS_READ,ROUTE_MEMORY_AVAILABLE__ETA_TRANSDUCER_REQUIRES_CERTIFICATE
rutas_enriquecidas,275,INTERNAL_ENRICHED_ROUTES,1,r8c6_h-1v+1,69,8,6,-1,1,quark_up_G3,quark_up,G3,B,28|6|-6|0|-12|+++---+++---,+++---+++---,78,24,78,24,16,80,6,"(40,78,27)","(80,54,6)",39.43380880300855130367114,79.60661013979482758647091,1.000000027338740854894358,1.000000055189812531859140,TARGET_FREE_INTERNAL_ROUTE,"2,4;8,6",27,27,27,54,216,36,18.0,,,,2,71,107,1,0,1,17,9,9,44,2,0,0,-12,585 507 504 585 510 666 672 510 666 585 507 504 585 510 666 672 510 666,0 1 2 3 4 5 6 7 8 9 10 11 12 13 14 14 16 17,44|2|0|0|-12,False,EXACT_KEY_JOIN__NO_EXTERNAL_MASS_READ,ROUTE_MEMORY_AVAILABLE__ETA_TRANSDUCER_REQUIRES_CERTIFICATE
rutas_enriquecidas,276,INTERNAL_ENRICHED_ROUTES,1,r8c6_h-1v-1,69,8,6,-1,-1,quark_up_G3,quark_up,G3,B,28|6|-6|0|-12|+++---+++---,+++---+++---,66,60,68,48,32,80,6,"(80,66,4)","(80,54,6)",79.51881951611803769439539,79.60661013979482758647091,1.000000055128948890161264,1.000000055189812531859140,TARGET_FREE_INTERNAL_ROUTE,"2,4;8,6",27,27,27,54,216,36,18.0,,,,2,71,107,1,0,1,17,9,9,28,-6,0,-2,-12,570 264 90 570 267 243 657 24 243 570 264 90 570 267 243 657 24 243,0 1 1 3 4 5 6 7 8 9 10 11 12 13 14 15 16 17,28|-6|0|-2|-12,False,EXACT_KEY_JOIN__NO_EXTERNAL_MASS_READ,ROUTE_MEMORY_AVAILABLE__ETA_TRANSDUCER_REQUIRES_CERTIFICATE
rutas_enriquecidas,277,INTERNAL_ENRICHED_ROUTES,1,r8c7_h+1v+1,70,8,7,1,1,quark_down_G3,quark_down,G3,G,28|-6|0|0|-12|+++---+++---,+++---+++---,66,64,68,60,40,80,6,"(100,66,2)","(80,54,6)",99.51859712327265341428729,79.60661013979482758647091,1.000000068994430825936417,1.000000055189812531859140,TARGET_FREE_INTERNAL_ROUTE,"2,3;8,7",27,27,27,54,216,36,18.0,,,,2,71,107,1,0,1,17,9,9,28,-6,0,0,-12,99 327 498 99 324 423 15 486 423 99 327 498 99 324 423 15 486 423,0 1 2 3 4 5 6 7 8 9 10 11 12 13 14 14 16 17,28|-6|0|0|-12,True,EXACT_KEY_JOIN__NO_EXTERNAL_MASS_READ,ROUTE_MEMORY_AVAILABLE__ETA_TRANSDUCER_REQUIRES_CERTIFICATE
rutas_enriquecidas,278,INTERNAL_ENRICHED_ROUTES,1,r8c7_h+1v-1,70,8,7,1,-1,quark_down_G3,quark_down,G3,G,28|-6|0|0|-12|+++---+++---,+++---+++---,24,20,24,24,16,80,6,"(40,24,2)","(80,54,6)",39.82508593118257305617326,79.60661013979482758647091,1.000000027610006159514215,1.000000055189812531859140,TARGET_FREE_INTERNAL_ROUTE,"2,3;8,7",27,27,27,54,216,36,18.0,,,,2,71,107,2,0,2,17,9,9,14,-6,0,0,-12,81 3 0 81 0 3 0 81 3 81 3 0 81 0 3 0 81 3,0 1 2 3 4 5 6 6 8 9 10 11 12 13 14 15 15 17,14|-6|0|0|-12,True,EXACT_KEY_JOIN__NO_EXTERNAL_MASS_READ,ROUTE_MEMORY_AVAILABLE__ETA_TRANSDUCER_REQUIRES_CERTIFICATE
rutas_enriquecidas,279,INTERNAL_ENRICHED_ROUTES,1,r8c7_h-1v+1,70,8,7,-1,1,quark_down_G3,quark_down,G3,G,28|-6|0|0|-12|+++---+++---,+++---+++---,24,20,24,24,16,80,6,"(40,24,2)","(80,54,6)",39.82508593118257305617326,79.60661013979482758647091,1.000000027610006159514215,1.000000055189812531859140,TARGET_FREE_INTERNAL_ROUTE,"2,3;8,7",27,27,27,54,216,36,18.0,,,,2,71,107,0,0,0,17,9,9,14,6,0,0,-12,0 81 3 0 84 0 81 3 0 0 81 3 0 84 0 81 3 0,0 1 2 3 4 5 6 7 8 9 10 11 12 13 14 15 16 17,14|6|0|0|-12,True,EXACT_KEY_JOIN__NO_EXTERNAL_MASS_READ,ROUTE_MEMORY_AVAILABLE__ETA_TRANSDUCER_REQUIRES_CERTIFICATE
rutas_enriquecidas,280,INTERNAL_ENRICHED_ROUTES,1,r8c7_h-1v-1,70,8,7,-1,-1,quark_down_G3,quark_down,G3,G,28|-6|0|0|-12|+++---+++---,+++---+++---,66,64,68,60,40,80,6,"(100,66,2)","(80,54,6)",99.51859712327265341428729,79.60661013979482758647091,1.000000068994430825936417,1.000000055189812531859140,TARGET_FREE_INTERNAL_ROUTE,"2,3;8,7",27,27,27,54,216,36,18.0,,,,2,71,107,1,1,1,16,9,9,28,6,0,0,-12,15 486 423 15 489 498 99 327 498 15 486 423 15 489 498 99 327 498,0 1 2 3 4 5 6 7 8 9 10 11 12 13 14 15 16 16,28|6|0|0|-12,True,EXACT_KEY_JOIN__NO_EXTERNAL_MASS_READ,ROUTE_MEMORY_AVAILABLE__ETA_TRANSDUCER_REQUIRES_CERTIFICATE
rutas_enriquecidas,281,INTERNAL_ENRICHED_ROUTES,1,r8c8_h+1v+1,71,8,8,1,1,quark_up_G3,quark_up,G3,R,24|0|8|0|-12|+++---+++---,+++---+++---,54,56,68,48,32,80,6,"(80,54,6)","(80,54,6)",79.60661013979482758647091,79.60661013979482758647091,1.000000055189812531859140,1.000000055189812531859140,TARGET_FREE_INTERNAL_ROUTE,"2,2;8,8",9,9,27,54,216,72,36.0,,,,4,71,107,2,1,2,16,9,9,24,0,0,0,-12,243 657 24 243 663 486 423 15 486 243 657 24 243 663 486 423 15 486,0 1 2 3 4 5 6 7 8 9 10 11 12 13 14 14 16 16,24|0|0|0|-12,True,EXACT_KEY_JOIN__NO_EXTERNAL_MASS_READ,ROUTE_MEMORY_AVAILABLE__ETA_TRANSDUCER_REQUIRES_CERTIFICATE
rutas_enriquecidas,282,INTERNAL_ENRICHED_ROUTES,1,r8c8_h+1v-1,71,8,8,1,-1,quark_up_G3,quark_up,G3,R,24|0|8|0|-12|+++---+++---,0+0---0+0---,84,28,84,36,24,24,4,"(60,84,28)","(24,54,4)",59.39013588401554063774148,23.60638774694944330636281,1.000000041174098946741575,1.000000016365878244659810,TARGET_FREE_INTERNAL_ROUTE,"2,2;8,8",27,27,27,54,216,72,36.0,,,,4,71,107,3,0,2,17,9,9,50,-4,4,-2,-4,255 252 333 255 258 258 414 420 258 255 252 333 255 258 258 414 420 258,0 1 2 3 4 5 6 7 8 9 10 11 11 12 14 15 15 17,50|-4|4|-2|-4,True,EXACT_KEY_JOIN__NO_EXTERNAL_MASS_READ,ROUTE_MEMORY_AVAILABLE__ETA_TRANSDUCER_REQUIRES_CERTIFICATE
rutas_enriquecidas,283,INTERNAL_ENRICHED_ROUTES,1,r8c8_h-1v+1,71,8,8,-1,1,quark_up_G3,quark_up,G3,R,24|0|8|0|-12|+++---+++---,+++0-0+++0-0,84,28,84,36,24,24,4,"(60,84,28)","(24,54,4)",59.39013588401554063774148,23.60638774694944330636281,1.000000041174098946741575,1.000000016365878244659810,TARGET_FREE_INTERNAL_ROUTE,"2,2;8,8",27,27,27,54,216,72,36.0,,,,4,71,107,2,1,2,16,9,9,50,4,-4,2,-4,414 420 258 414 414 333 255 252 333 414 420 258 414 414 333 255 252 333,0 1 2 3 4 5 6 7 8 9 10 11 12 13 14 14 16 16,50|4|-4|2|-4,True,EXACT_KEY_JOIN__NO_EXTERNAL_MASS_READ,ROUTE_MEMORY_AVAILABLE__ETA_TRANSDUCER_REQUIRES_CERTIFICATE
rutas_enriquecidas,284,INTERNAL_ENRICHED_ROUTES,1,r8c8_h-1v-1,71,8,8,-1,-1,quark_up_G3,quark_up,G3,R,24|0|8|0|-12|+++---+++---,+++---+++---,54,56,68,48,32,80,6,"(80,54,6)","(80,54,6)",79.60661013979482758647091,79.60661013979482758647091,1.000000055189812531859140,1.000000055189812531859140,TARGET_FREE_INTERNAL_ROUTE,"2,2;8,8",18,18,27,54,216,72,36.0,,,,4,71,107,3,0,2,17,9,9,24,0,0,0,-12,423 15 486 423 9 24 243 657 24 423 15 486 423 9 24 243 657 24,0 1 2 3 4 5 6 7 8 9 10 11 11 13 14 14 15 17,24|0|0|0|-12,True,EXACT_KEY_JOIN__NO_EXTERNAL_MASS_READ,ROUTE_MEMORY_AVAILABLE__ETA_TRANSDUCER_REQUIRES_CERTIFICATE
rutas_enriquecidas,285,INTERNAL_ENRICHED_ROUTES,1,r8c9_h+1v+1,72,8,9,1,1,quark_down_G4,quark_down,G4,B,28|6|0|0|-12|+++---+++---,+++---+++---,66,60,68,48,32,80,6,"(80,66,4)","(80,54,6)",79.51881951611803769439539,79.60661013979482758647091,1.000000055128948890161264,1.000000055189812531859140,TARGET_FREE_INTERNAL_ROUTE,"2,1;8,9",27,27,27,54,216,40,20.339850002884624,,,,2,71,107,0,0,0,17,9,9,28,6,0,0,-12,657 24 243 657 21 90 570 264 90 657 24 243 657 21 90 570 264 90,0 1 2 3 4 5 6 7 8 9 10 11 12 13 14 15 16 17,28|6|0|0|-12,True,EXACT_KEY_JOIN__NO_EXTERNAL_MASS_READ,ROUTE_MEMORY_AVAILABLE__ETA_TRANSDUCER_REQUIRES_CERTIFICATE
rutas_enriquecidas,286,INTERNAL_ENRICHED_ROUTES,1,r8c9_h+1v-1,72,8,9,1,-1,quark_down_G4,quark_down,G4,B,28|6|0|0|-12|+++---+++---,+++---+++---,78,24,78,24,16,80,6,"(40,78,27)","(80,54,6)",39.43380880300855130367114,79.60661013979482758647091,1.000000027338740854894358,1.000000055189812531859140,TARGET_FREE_INTERNAL_ROUTE,"2,1;8,9",27,27,27,54,216,36,18.0,,,,2,71,107,1,0,1,17,9,9,14,4,0,0,-12,672 510 666 672 507 504 585 507 504 672 510 666 672 507 504 585 507 504,0 1 2 3 4 5 6 7 8 9 10 11 12 13 14 14 16 17,14|4|0|0|-12,True,EXACT_KEY_JOIN__NO_EXTERNAL_MASS_READ,ROUTE_MEMORY_AVAILABLE__ETA_TRANSDUCER_REQUIRES_CERTIFICATE
rutas_enriquecidas,287,INTERNAL_ENRICHED_ROUTES,1,r8c9_h-1v+1,72,8,9,-1,1,quark_down_G4,quark_down,G4,B,28|6|0|0|-12|+++---+++---,+++---+++---,78,24,78,24,16,80,6,"(40,78,27)","(80,54,6)",39.43380880300855130367114,79.60661013979482758647091,1.000000027338740854894358,1.000000055189812531859140,TARGET_FREE_INTERNAL_ROUTE,"2,1;8,9",27,27,27,54,216,36,18.0,,,,2,71,107,1,0,1,17,9,9,14,-4,0,0,-12,585 507 504 585 510 666 672 510 666 585 507 504 585 510 666 672 510 666,0 1 2 3 4 5 6 7 8 9 10 11 12 13 14 14 16 17,14|-4|0|0|-12,True,EXACT_KEY_JOIN__NO_EXTERNAL_MASS_READ,ROUTE_MEMORY_AVAILABLE__ETA_TRANSDUCER_REQUIRES_CERTIFICATE
rutas_enriquecidas,288,INTERNAL_ENRICHED_ROUTES,1,r8c9_h-1v-1,72,8,9,-1,-1,quark_down_G4,quark_down,G4,B,28|6|0|0|-12|+++---+++---,+++---+++---,66,60,68,48,32,80,6,"(80,66,4)","(80,54,6)",79.51881951611803769439539,79.60661013979482758647091,1.000000055128948890161264,1.000000055189812531859140,TARGET_FREE_INTERNAL_ROUTE,"2,1;8,9",27,27,27,54,216,36,18.0,,,,2,71,107,1,0,1,17,9,9,28,-6,0,0,-12,570 264 90 570 267 243 657 24 243 570 264 90 570 267 243 657 24 243,0 1 1 3 4 5 6 7 8 9 10 11 12 13 14 15 16 17,28|-6|0|0|-12,True,EXACT_KEY_JOIN__NO_EXTERNAL_MASS_READ,ROUTE_MEMORY_AVAILABLE__ETA_TRANSDUCER_REQUIRES_CERTIFICATE
rutas_enriquecidas,289,INTERNAL_ENRICHED_ROUTES,1,r9c1_h+1v+1,73,9,1,1,1,charged_lepton_G4,charged_lepton,G4,,28|6|0|0|-12|+++---+++---,+++---+++---,66,60,66,48,32,80,6,"(80,66,3)","(80,54,6)",79.51870831969534555434134,79.60661013979482758647091,1.000000055128871799705072,1.000000055189812531859140,TARGET_FREE_INTERNAL_ROUTE,"1,9;9,1",27,27,27,54,216,54,28.5293250129808,,,,3,71,107,0,0,0,17,9,9,28,6,0,2,-12,243 657 24 243 657 570 264 90 570 243 657 24 243 657 570 264 90 570,0 1 2 3 4 5 6 7 8 9 10 11 12 13 14 15 16 17,28|6|0|2|-12,False,EXACT_KEY_JOIN__NO_EXTERNAL_MASS_READ,ROUTE_MEMORY_AVAILABLE__ETA_TRANSDUCER_REQUIRES_CERTIFICATE
rutas_enriquecidas,290,INTERNAL_ENRICHED_ROUTES,1,r9c1_h+1v-1,73,9,1,1,-1,charged_lepton_G4,charged_lepton,G4,,28|6|0|0|-12|+++---+++---,+0+---+0+---,84,24,84,24,16,48,5,"(40,84,30)","(48,54,5)",39.39035827686092491784959,47.60649894337213544641686,1.000000027308617396708705,1.000000033004718053243084,TARGET_FREE_INTERNAL_ROUTE,"1,9;9,1",27,27,27,54,216,54,28.5293250129808,,,,3,71,107,3,1,3,16,9,9,50,-4,2,-2,-8,252 333 255 252 333 420 258 414 420 252 333 255 252 333 420 258 414 420,0 1 2 3 4 5 6 7 8 9 10 11 12 12 14 14 16 16,50|-4|2|-2|-8,False,EXACT_KEY_JOIN__NO_EXTERNAL_MASS_READ,ROUTE_MEMORY_AVAILABLE__ETA_TRANSDUCER_REQUIRES_CERTIFICATE
rutas_enriquecidas,291,INTERNAL_ENRICHED_ROUTES,1,r9c1_h-1v+1,73,9,1,-1,1,charged_lepton_G4,charged_lepton,G4,,28|6|0|0|-12|+++---+++---,+++-0-+++-0-,84,24,84,24,16,48,5,"(40,84,30)","(48,54,5)",39.39035827686092491784959,47.60649894337213544641686,1.000000027308617396708705,1.000000033004718053243084,TARGET_FREE_INTERNAL_ROUTE,"1,9;9,1",27,27,27,54,216,54,28.5293250129808,,,,3,71,107,2,0,1,17,9,9,50,4,-2,2,-8,258 414 420 258 414 255 252 333 255 258 414 420 258 414 255 252 333 255,0 1 2 3 4 5 6 7 8 9 10 11 11 12 14 15 16 17,50|4|-2|2|-8,False,EXACT_KEY_JOIN__NO_EXTERNAL_MASS_READ,ROUTE_MEMORY_AVAILABLE__ETA_TRANSDUCER_REQUIRES_CERTIFICATE
rutas_enriquecidas,292,INTERNAL_ENRICHED_ROUTES,1,r9c1_h-1v-1,73,9,1,-1,-1,charged_lepton_G4,charged_lepton,G4,,28|6|0|0|-12|+++---+++---,+++---+++---,66,60,66,48,32,80,6,"(80,66,3)","(80,54,6)",79.51870831969534555434134,79.60661013979482758647091,1.000000055128871799705072,1.000000055189812531859140,TARGET_FREE_INTERNAL_ROUTE,"1,9;9,1",27,27,27,54,216,54,28.5293250129808,,,,3,71,107,2,1,1,16,9,9,28,-6,0,-2,-12,264 90 570 264 90 24 243 657 24 264 90 570 264 90 24 243 657 24,0 1 2 3 4 5 6 7 8 9 10 11 12 13 14 15 15 16,28|-6|0|-2|-12,False,EXACT_KEY_JOIN__NO_EXTERNAL_MASS_READ,ROUTE_MEMORY_AVAILABLE__ETA_TRANSDUCER_REQUIRES_CERTIFICATE
rutas_enriquecidas,293,INTERNAL_ENRICHED_ROUTES,1,r9c2_h+1v+1,74,9,2,1,1,neutrino_G4,neutrino,G4,,28|-6|6|-2|-8|++0---++0---,++0---++0---,66,60,66,48,32,56,5,"(80,66,3)","(56,54,5)",79.51870831969534555434134,55.60649894337213544641686,1.000000055128871799705072,1.000000038550972354141645,TARGET_FREE_INTERNAL_ROUTE,"1,8;9,2",27,27,27,54,216,36,18.0,,,,2,71,107,0,0,0,17,9,9,28,-6,2,0,-8,498 99 327 498 99 15 486 423 15 498 99 327 498 99 15 486 423 15,0 1 2 3 4 5 6 7 8 9 10 11 12 13 14 15 16 17,28|-6|2|0|-8,True,EXACT_KEY_JOIN__NO_EXTERNAL_MASS_READ,ROUTE_MEMORY_AVAILABLE__ETA_TRANSDUCER_REQUIRES_CERTIFICATE
rutas_enriquecidas,294,INTERNAL_ENRICHED_ROUTES,1,r9c2_h+1v-1,74,9,2,1,-1,neutrino_G4,neutrino,G4,,28|-6|6|-2|-8|++0---++0---,+++---+++---,78,24,78,24,16,80,6,"(40,78,27)","(80,54,6)",39.43380880300855130367114,79.60661013979482758647091,1.000000027338740854894358,1.000000055189812531859140,TARGET_FREE_INTERNAL_ROUTE,"1,8;9,2",27,27,27,54,216,36,18.0,,,,2,71,107,1,0,1,17,9,9,14,4,0,0,-12,510 666 672 510 666 507 504 585 507 510 666 672 510 666 507 504 585 507,0 1 2 3 4 5 6 7 8 9 10 11 12 13 14 15 15 17,14|4|0|0|-12,True,EXACT_KEY_JOIN__NO_EXTERNAL_MASS_READ,ROUTE_MEMORY_AVAILABLE__ETA_TRANSDUCER_REQUIRES_CERTIFICATE
rutas_enriquecidas,295,INTERNAL_ENRICHED_ROUTES,1,r9c2_h-1v+1,74,9,2,-1,1,neutrino_G4,neutrino,G4,,28|-6|6|-2|-8|++0---++0---,+++---+++---,78,24,78,24,16,80,6,"(40,78,27)","(80,54,6)",39.43380880300855130367114,79.60661013979482758647091,1.000000027338740854894358,1.000000055189812531859140,TARGET_FREE_INTERNAL_ROUTE,"1,8;9,2",27,27,27,54,216,36,18.0,,,,2,71,107,1,0,1,17,9,9,14,-4,0,0,-12,504 585 507 504 585 672 510 666 672 504 585 507 504 585 672 510 666 672,0 1 2 3 4 5 6 7 8 9 10 11 12 13 14 14 16 17,14|-4|0|0|-12,True,EXACT_KEY_JOIN__NO_EXTERNAL_MASS_READ,ROUTE_MEMORY_AVAILABLE__ETA_TRANSDUCER_REQUIRES_CERTIFICATE
rutas_enriquecidas,296,INTERNAL_ENRICHED_ROUTES,1,r9c2_h-1v-1,74,9,2,-1,-1,neutrino_G4,neutrino,G4,,28|-6|6|-2|-8|++0---++0---,+++--0+++--0,66,60,66,48,32,56,5,"(80,66,3)","(56,54,5)",79.51870831969534555434134,55.60649894337213544641686,1.000000055128871799705072,1.000000038550972354141645,TARGET_FREE_INTERNAL_ROUTE,"1,8;9,2",27,27,27,54,216,40,20.339850002884624,,,,2,71,107,1,0,1,17,9,9,28,6,-2,0,-8,486 423 15 486 423 327 498 99 327 486 423 15 486 423 327 498 99 327,0 1 2 3 4 5 6 7 8 9 10 10 12 13 14 15 16 17,28|6|-2|0|-8,True,EXACT_KEY_JOIN__NO_EXTERNAL_MASS_READ,ROUTE_MEMORY_AVAILABLE__ETA_TRANSDUCER_REQUIRES_CERTIFICATE
rutas_enriquecidas,297,INTERNAL_ENRICHED_ROUTES,1,r9c3_h+1v+1,75,9,3,1,1,charged_lepton_G4,charged_lepton,G4,,30|-6|0|-2|-8|0++---0++---,0++---0++---,54,60,72,24,16,56,5,"(40,54,6)","(56,54,5)",39.60661013979482758647091,55.60649894337213544641686,1.000000027458540873559518,1.000000038550972354141645,TARGET_FREE_INTERNAL_ROUTE,"1,7;9,3",27,27,27,54,216,58,30.189475010096174,,,,3,71,107,2,1,2,16,9,9,30,-6,2,-4,-8,24 243 657 24 243 423 15 486 423 24 243 657 24 243 423 15 486 423,0 1 2 3 4 5 6 7 8 9 10 11 12 13 13 15 16 16,30|-6|2|-4|-8,True,EXACT_KEY_JOIN__NO_EXTERNAL_MASS_READ,ROUTE_MEMORY_AVAILABLE__ETA_TRANSDUCER_REQUIRES_CERTIFICATE
rutas_enriquecidas,298,INTERNAL_ENRICHED_ROUTES,1,r9c3_h+1v-1,75,9,3,1,-1,charged_lepton_G4,charged_lepton,G4,,30|-6|0|-2|-8|0++---0++---,+++0--+++0--,24,24,24,0,0,56,5,"(0,24,0)","(56,54,5)",-0.1751364616628112239348425,55.60649894337213544641686,0.9999999998785810851337881,1.000000038550972354141645,TARGET_FREE_INTERNAL_ROUTE,"1,7;9,3",18,27,27,54,216,108,46.52932501298079,,,,6,71,107,0,0,0,17,9,9,50,6,-2,4,-8,3 0 81 3 0 81 3 0 81 3 0 81 3 0 81 3 0 81,0 1 2 3 4 5 6 7 8 9 10 11 12 13 14 15 16 17,50|6|-2|4|-8,True,EXACT_KEY_JOIN__NO_EXTERNAL_MASS_READ,ROUTE_MEMORY_AVAILABLE__ETA_TRANSDUCER_REQUIRES_CERTIFICATE
rutas_enriquecidas,299,INTERNAL_ENRICHED_ROUTES,1,r9c3_h-1v+1,75,9,3,-1,1,charged_lepton_G4,charged_lepton,G4,,30|-6|0|-2|-8|0++---0++---,0++---0++---,24,24,24,0,0,56,5,"(0,24,0)","(56,54,5)",-0.1751364616628112239348425,55.60649894337213544641686,0.9999999998785810851337881,1.000000038550972354141645,TARGET_FREE_INTERNAL_ROUTE,"1,7;9,3",9,27,27,54,216,108,46.52932501298079,,,,6,71,107,0,0,0,17,9,9,50,-6,2,-4,-8,3 0 81 3 0 81 3 0 81 3 0 81 3 0 81 3 0 81,0 1 2 3 4 5 6 7 8 9 10 11 12 13 14 15 16 17,50|-6|2|-4|-8,True,EXACT_KEY_JOIN__NO_EXTERNAL_MASS_READ,ROUTE_MEMORY_AVAILABLE__ETA_TRANSDUCER_REQUIRES_CERTIFICATE
rutas_enriquecidas,300,INTERNAL_ENRICHED_ROUTES,1,r9c3_h-1v-1,75,9,3,-1,-1,charged_lepton_G4,charged_lepton,G4,,30|-6|0|-2|-8|0++---0++---,+++0--+++0--,54,60,72,24,16,56,5,"(40,54,6)","(56,54,5)",39.60661013979482758647091,55.60649894337213544641686,1.000000027458540873559518,1.000000038550972354141645,TARGET_FREE_INTERNAL_ROUTE,"1,7;9,3",27,27,27,54,216,58,30.189475010096174,,,,3,71,107,1,0,1,17,9,9,30,6,-2,4,-8,15 486 423 15 486 657 24 243 657 15 486 423 15 486 657 24 243 657,0 1 2 3 4 5 6 7 8 9 10 11 12 13 14 15 15 17,30|6|-2|4|-8,True,EXACT_KEY_JOIN__NO_EXTERNAL_MASS_READ,ROUTE_MEMORY_AVAILABLE__ETA_TRANSDUCER_REQUIRES_CERTIFICATE
rutas_enriquecidas,301,INTERNAL_ENRICHED_ROUTES,1,r9c4_h+1v+1,76,9,4,1,1,neutrino_G4,neutrino,G4,,34|0|-12|0|-12|+++---+++---,+++---+++---,66,60,66,48,32,80,6,"(80,66,3)","(80,54,6)",79.51870831969534555434134,79.60661013979482758647091,1.000000055128871799705072,1.000000055189812531859140,TARGET_FREE_INTERNAL_ROUTE,"1,6;9,4",27,27,27,54,216,18,0.0,1,1,1,1,71,107,0,0,0,17,9,9,34,0,0,0,-12,243 657 24 243 657 570 264 90 570 243 657 24 243 657 570 264 90 570,0 1 2 3 4 5 6 7 8 9 10 11 12 13 14 15 16 17,34|0|0|0|-12,True,EXACT_KEY_JOIN__NO_EXTERNAL_MASS_READ,ROUTE_MEMORY_AVAILABLE__ETA_TRANSDUCER_REQUIRES_CERTIFICATE
rutas_enriquecidas,302,INTERNAL_ENRICHED_ROUTES,1,r9c4_h+1v-1,76,9,4,1,-1,neutrino_G4,neutrino,G4,,34|0|-12|0|-12|+++---+++---,+++---+++---,84,24,84,24,16,80,6,"(40,84,30)","(80,54,6)",39.39035827686092491784959,79.60661013979482758647091,1.000000027308617396708705,1.000000055189812531859140,TARGET_FREE_INTERNAL_ROUTE,"1,6;9,4",27,27,27,54,216,18,0.0,1,1,1,1,71,107,3,1,3,16,9,9,8,2,0,0,-12,252 333 255 252 333 420 258 414 420 252 333 255 252 333 420 258 414 420,0 1 2 3 4 5 6 7 8 9 10 11 12 12 14 14 16 16,8|2|0|0|-12,True,EXACT_KEY_JOIN__NO_EXTERNAL_MASS_READ,ROUTE_MEMORY_AVAILABLE__ETA_TRANSDUCER_REQUIRES_CERTIFICATE
rutas_enriquecidas,303,INTERNAL_ENRICHED_ROUTES,1,r9c4_h-1v+1,76,9,4,-1,1,neutrino_G4,neutrino,G4,,34|0|-12|0|-12|+++---+++---,+++---+++---,84,24,84,24,16,80,6,"(40,84,30)","(80,54,6)",39.39035827686092491784959,79.60661013979482758647091,1.000000027308617396708705,1.000000055189812531859140,TARGET_FREE_INTERNAL_ROUTE,"1,6;9,4",27,27,27,54,216,18,0.0,1,1,1,1,71,107,2,0,1,17,9,9,8,-2,0,0,-12,258 414 420 258 414 255 252 333 255 258 414 420 258 414 255 252 333 255,0 1 2 3 4 5 6 7 8 9 10 11 11 12 14 15 16 17,8|-2|0|0|-12,True,EXACT_KEY_JOIN__NO_EXTERNAL_MASS_READ,ROUTE_MEMORY_AVAILABLE__ETA_TRANSDUCER_REQUIRES_CERTIFICATE
rutas_enriquecidas,304,INTERNAL_ENRICHED_ROUTES,1,r9c4_h-1v-1,76,9,4,-1,-1,neutrino_G4,neutrino,G4,,34|0|-12|0|-12|+++---+++---,+++---+++---,66,60,66,48,32,80,6,"(80,66,3)","(80,54,6)",79.51870831969534555434134,79.60661013979482758647091,1.000000055128871799705072,1.000000055189812531859140,TARGET_FREE_INTERNAL_ROUTE,"1,6;9,4",27,27,27,54,216,18,0.0,1,1,1,1,71,107,2,1,1,16,9,9,34,0,0,0,-12,264 90 570 264 90 24 243 657 24 264 90 570 264 90 24 243 657 24,0 1 2 3 4 5 6 7 8 9 10 11 12 13 14 15 15 16,34|0|0|0|-12,True,EXACT_KEY_JOIN__NO_EXTERNAL_MASS_READ,ROUTE_MEMORY_AVAILABLE__ETA_TRANSDUCER_REQUIRES_CERTIFICATE
rutas_enriquecidas,305,INTERNAL_ENRICHED_ROUTES,1,r9c5_h+1v+1,77,9,5,1,1,charged_lepton_G4,charged_lepton,G4,,34|0|-8|-2|-8|0++---0++---,0++---0++---,66,60,66,48,32,56,5,"(80,66,3)","(56,54,5)",79.51870831969534555434134,55.60649894337213544641686,1.000000055128871799705072,1.000000038550972354141645,TARGET_FREE_INTERNAL_ROUTE,"1,5;9,5",27,27,27,54,216,18,0.0,1,1,1,1,71,107,0,0,0,17,9,9,34,0,2,0,-8,498 99 327 498 99 15 486 423 15 498 99 327 498 99 15 486 423 15,0 1 2 3 4 5 6 7 8 9 10 11 12 13 14 15 16 17,34|0|2|0|-8,True,EXACT_KEY_JOIN__NO_EXTERNAL_MASS_READ,ROUTE_MEMORY_AVAILABLE__ETA_TRANSDUCER_REQUIRES_CERTIFICATE
rutas_enriquecidas,306,INTERNAL_ENRICHED_ROUTES,1,r9c5_h+1v-1,77,9,5,1,-1,charged_lepton_G4,charged_lepton,G4,,34|0|-8|-2|-8|0++---0++---,+++---+++---,78,24,78,24,16,80,6,"(40,78,27)","(80,54,6)",39.43380880300855130367114,79.60661013979482758647091,1.000000027338740854894358,1.000000055189812531859140,TARGET_FREE_INTERNAL_ROUTE,"1,5;9,5",27,27,27,54,216,18,0.0,1,1,1,1,71,107,1,0,1,17,9,9,44,-2,0,0,-12,510 666 672 510 666 507 504 585 507 510 666 672 510 666 507 504 585 507,0 1 2 3 4 5 6 7 8 9 10 11 12 13 14 15 15 17,44|-2|0|0|-12,True,EXACT_KEY_JOIN__NO_EXTERNAL_MASS_READ,ROUTE_MEMORY_AVAILABLE__ETA_TRANSDUCER_REQUIRES_CERTIFICATE
rutas_enriquecidas,307,INTERNAL_ENRICHED_ROUTES,1,r9c5_h-1v+1,77,9,5,-1,1,charged_lepton_G4,charged_lepton,G4,,34|0|-8|-2|-8|0++---0++---,+++---+++---,78,24,78,24,16,80,6,"(40,78,27)","(80,54,6)",39.43380880300855130367114,79.60661013979482758647091,1.000000027338740854894358,1.000000055189812531859140,TARGET_FREE_INTERNAL_ROUTE,"1,5;9,5",27,27,27,54,216,18,0.0,1,1,1,1,71,107,1,0,1,17,9,9,44,2,0,0,-12,504 585 507 504 585 672 510 666 672 504 585 507 504 585 672 510 666 672,0 1 2 3 4 5 6 7 8 9 10 11 12 13 14 14 16 17,44|2|0|0|-12,True,EXACT_KEY_JOIN__NO_EXTERNAL_MASS_READ,ROUTE_MEMORY_AVAILABLE__ETA_TRANSDUCER_REQUIRES_CERTIFICATE
rutas_enriquecidas,308,INTERNAL_ENRICHED_ROUTES,1,r9c5_h-1v-1,77,9,5,-1,-1,charged_lepton_G4,charged_lepton,G4,,34|0|-8|-2|-8|0++---0++---,+++0--+++0--,66,60,66,48,32,56,5,"(80,66,3)","(56,54,5)",79.51870831969534555434134,55.60649894337213544641686,1.000000055128871799705072,1.000000038550972354141645,TARGET_FREE_INTERNAL_ROUTE,"1,5;9,5",27,27,27,54,216,30,8.0,5,5,5,1,71,107,1,0,1,17,9,9,34,0,-2,0,-8,486 423 15 486 423 327 498 99 327 486 423 15 486 423 327 498 99 327,0 1 2 3 4 5 6 7 8 9 10 10 12 13 14 15 16 17,34|0|-2|0|-8,True,EXACT_KEY_JOIN__NO_EXTERNAL_MASS_READ,ROUTE_MEMORY_AVAILABLE__ETA_TRANSDUCER_REQUIRES_CERTIFICATE
rutas_enriquecidas,309,INTERNAL_ENRICHED_ROUTES,1,r9c6_h+1v+1,78,9,6,1,1,neutrino_G4,neutrino,G4,,30|6|0|0|-8|+++-0-+++-0-,+++-0-+++-0-,54,60,72,24,16,48,5,"(40,54,6)","(48,54,5)",39.60661013979482758647091,47.60649894337213544641686,1.000000027458540873559518,1.000000033004718053243084,TARGET_FREE_INTERNAL_ROUTE,"1,4;9,6",27,27,27,54,216,26,6.339850002884624,5,5,5,1,71,107,2,1,2,16,9,9,30,6,-2,0,-8,24 243 657 24 243 423 15 486 423 24 243 657 24 243 423 15 486 423,0 1 2 3 4 5 6 7 8 9 10 11 12 13 13 15 16 16,30|6|-2|0|-8,True,EXACT_KEY_JOIN__NO_EXTERNAL_MASS_READ,ROUTE_MEMORY_AVAILABLE__ETA_TRANSDUCER_REQUIRES_CERTIFICATE
rutas_enriquecidas,310,INTERNAL_ENRICHED_ROUTES,1,r9c6_h+1v-1,78,9,6,1,-1,neutrino_G4,neutrino,G4,,30|6|0|0|-8|+++-0-+++-0-,+++---+++---,24,24,24,0,0,80,6,"(0,24,0)","(80,54,6)",-0.1751364616628112239348425,79.60661013979482758647091,0.9999999998785810851337881,1.000000055189812531859140,TARGET_FREE_INTERNAL_ROUTE,"1,4;9,6",27,27,27,54,216,36,18.0,1,1,,2,71,107,0,0,0,17,9,9,14,-6,0,0,-12,3 0 81 3 0 81 3 0 81 3 0 81 3 0 81 3 0 81,0 1 2 3 4 5 6 7 8 9 10 11 12 13 14 15 16 17,14|-6|0|0|-12,True,EXACT_KEY_JOIN__NO_EXTERNAL_MASS_READ,ROUTE_MEMORY_AVAILABLE__ETA_TRANSDUCER_REQUIRES_CERTIFICATE
rutas_enriquecidas,311,INTERNAL_ENRICHED_ROUTES,1,r9c6_h-1v+1,78,9,6,-1,1,neutrino_G4,neutrino,G4,,30|6|0|0|-8|+++-0-+++-0-,+++---+++---,24,24,24,0,0,80,6,"(0,24,0)","(80,54,6)",-0.1751364616628112239348425,79.60661013979482758647091,0.9999999998785810851337881,1.000000055189812531859140,TARGET_FREE_INTERNAL_ROUTE,"1,4;9,6",27,27,27,54,216,36,18.0,1,1,,2,71,107,0,0,0,17,9,9,14,6,0,0,-12,3 0 81 3 0 81 3 0 81 3 0 81 3 0 81 3 0 81,0 1 2 3 4 5 6 7 8 9 10 11 12 13 14 15 16 17,14|6|0|0|-12,True,EXACT_KEY_JOIN__NO_EXTERNAL_MASS_READ,ROUTE_MEMORY_AVAILABLE__ETA_TRANSDUCER_REQUIRES_CERTIFICATE
rutas_enriquecidas,312,INTERNAL_ENRICHED_ROUTES,1,r9c6_h-1v-1,78,9,6,-1,-1,neutrino_G4,neutrino,G4,,30|6|0|0|-8|+++-0-+++-0-,+0+---+0+---,54,60,72,24,16,48,5,"(40,54,6)","(48,54,5)",39.60661013979482758647091,47.60649894337213544641686,1.000000027458540873559518,1.000000033004718053243084,TARGET_FREE_INTERNAL_ROUTE,"1,4;9,6",27,27,27,54,216,18,0.0,1,1,1,1,71,107,1,0,1,17,9,9,30,-6,2,0,-8,15 486 423 15 486 657 24 243 657 15 486 423 15 486 657 24 243 657,0 1 2 3 4 5 6 7 8 9 10 11 12 13 14 15 15 17,30|-6|2|0|-8,True,EXACT_KEY_JOIN__NO_EXTERNAL_MASS_READ,ROUTE_MEMORY_AVAILABLE__ETA_TRANSDUCER_REQUIRES_CERTIFICATE
rutas_enriquecidas,313,INTERNAL_ENRICHED_ROUTES,1,r9c7_h+1v+1,79,9,7,1,1,charged_lepton_G4,charged_lepton,G4,,28|6|-2|0|-12|+++---+++---,+++---+++---,66,60,66,48,32,80,6,"(80,66,3)","(80,54,6)",79.51870831969534555434134,79.60661013979482758647091,1.000000055128871799705072,1.000000055189812531859140,TARGET_FREE_INTERNAL_ROUTE,"1,3;9,7",9,27,27,54,216,54,28.5293250129808,,,,3,71,107,0,0,0,17,9,9,28,6,0,4,-12,243 657 24 243 657 570 264 90 570 243 657 24 243 657 570 264 90 570,0 1 2 3 4 5 6 7 8 9 10 11 12 13 14 15 16 17,28|6|0|4|-12,False,EXACT_KEY_JOIN__NO_EXTERNAL_MASS_READ,ROUTE_MEMORY_AVAILABLE__ETA_TRANSDUCER_REQUIRES_CERTIFICATE
rutas_enriquecidas,314,INTERNAL_ENRICHED_ROUTES,1,r9c7_h+1v-1,79,9,7,1,-1,charged_lepton_G4,charged_lepton,G4,,28|6|-2|0|-12|+++---+++---,0++---0++---,84,24,84,24,16,56,5,"(40,84,30)","(56,54,5)",39.39035827686092491784959,55.60649894337213544641686,1.000000027308617396708705,1.000000038550972354141645,TARGET_FREE_INTERNAL_ROUTE,"1,3;9,7",27,27,27,54,216,54,28.5293250129808,,,,3,71,107,3,1,3,16,9,9,50,-4,2,-2,-8,252 333 255 252 333 420 258 414 420 252 333 255 252 333 420 258 414 420,0 1 2 3 4 5 6 7 8 9 10 11 12 12 14 14 16 16,50|-4|2|-2|-8,False,EXACT_KEY_JOIN__NO_EXTERNAL_MASS_READ,ROUTE_MEMORY_AVAILABLE__ETA_TRANSDUCER_REQUIRES_CERTIFICATE
rutas_enriquecidas,315,INTERNAL_ENRICHED_ROUTES,1,r9c7_h-1v+1,79,9,7,-1,1,charged_lepton_G4,charged_lepton,G4,,28|6|-2|0|-12|+++---+++---,+++0--+++0--,84,24,84,24,16,56,5,"(40,84,30)","(56,54,5)",39.39035827686092491784959,55.60649894337213544641686,1.000000027308617396708705,1.000000038550972354141645,TARGET_FREE_INTERNAL_ROUTE,"1,3;9,7",27,27,27,54,216,54,28.5293250129808,,,,3,71,107,2,0,1,17,9,9,50,4,-2,2,-8,258 414 420 258 414 255 252 333 255 258 414 420 258 414 255 252 333 255,0 1 2 3 4 5 6 7 8 9 10 11 11 12 14 15 16 17,50|4|-2|2|-8,False,EXACT_KEY_JOIN__NO_EXTERNAL_MASS_READ,ROUTE_MEMORY_AVAILABLE__ETA_TRANSDUCER_REQUIRES_CERTIFICATE
rutas_enriquecidas,316,INTERNAL_ENRICHED_ROUTES,1,r9c7_h-1v-1,79,9,7,-1,-1,charged_lepton_G4,charged_lepton,G4,,28|6|-2|0|-12|+++---+++---,+++---+++---,66,60,66,48,32,80,6,"(80,66,3)","(80,54,6)",79.51870831969534555434134,79.60661013979482758647091,1.000000055128871799705072,1.000000055189812531859140,TARGET_FREE_INTERNAL_ROUTE,"1,3;9,7",18,27,27,54,216,54,28.5293250129808,,,,3,71,107,2,1,1,16,9,9,28,-6,0,-4,-12,264 90 570 264 90 24 243 657 24 264 90 570 264 90 24 243 657 24,0 1 2 3 4 5 6 7 8 9 10 11 12 13 14 15 15 16,28|-6|0|-4|-12,False,EXACT_KEY_JOIN__NO_EXTERNAL_MASS_READ,ROUTE_MEMORY_AVAILABLE__ETA_TRANSDUCER_REQUIRES_CERTIFICATE
rutas_enriquecidas,317,INTERNAL_ENRICHED_ROUTES,1,r9c8_h+1v+1,80,9,8,1,1,neutrino_G4,neutrino,G4,,28|-6|4|0|-8|+0+---+0+---,+0+---+0+---,66,60,66,48,32,48,5,"(80,66,3)","(48,54,5)",79.51870831969534555434134,47.60649894337213544641686,1.000000055128871799705072,1.000000033004718053243084,TARGET_FREE_INTERNAL_ROUTE,"1,2;9,8",27,27,27,54,216,36,18.0,,,,2,71,107,0,0,0,17,9,9,28,-6,2,0,-8,498 99 327 498 99 15 486 423 15 498 99 327 498 99 15 486 423 15,0 1 2 3 4 5 6 7 8 9 10 11 12 13 14 15 16 17,28|-6|2|0|-8,True,EXACT_KEY_JOIN__NO_EXTERNAL_MASS_READ,ROUTE_MEMORY_AVAILABLE__ETA_TRANSDUCER_REQUIRES_CERTIFICATE
rutas_enriquecidas,318,INTERNAL_ENRICHED_ROUTES,1,r9c8_h+1v-1,80,9,8,1,-1,neutrino_G4,neutrino,G4,,28|-6|4|0|-8|+0+---+0+---,+++---+++---,78,24,78,24,16,80,6,"(40,78,27)","(80,54,6)",39.43380880300855130367114,79.60661013979482758647091,1.000000027338740854894358,1.000000055189812531859140,TARGET_FREE_INTERNAL_ROUTE,"1,2;9,8",27,27,27,54,216,36,18.0,,,,2,71,107,1,0,1,17,9,9,14,4,0,0,-12,510 666 672 510 666 507 504 585 507 510 666 672 510 666 507 504 585 507,0 1 2 3 4 5 6 7 8 9 10 11 12 13 14 15 15 17,14|4|0|0|-12,True,EXACT_KEY_JOIN__NO_EXTERNAL_MASS_READ,ROUTE_MEMORY_AVAILABLE__ETA_TRANSDUCER_REQUIRES_CERTIFICATE
rutas_enriquecidas,319,INTERNAL_ENRICHED_ROUTES,1,r9c8_h-1v+1,80,9,8,-1,1,neutrino_G4,neutrino,G4,,28|-6|4|0|-8|+0+---+0+---,+++---+++---,78,24,78,24,16,80,6,"(40,78,27)","(80,54,6)",39.43380880300855130367114,79.60661013979482758647091,1.000000027338740854894358,1.000000055189812531859140,TARGET_FREE_INTERNAL_ROUTE,"1,2;9,8",27,27,27,54,216,36,18.0,,,,2,71,107,1,0,1,17,9,9,14,-4,0,0,-12,504 585 507 504 585 672 510 666 672 504 585 507 504 585 672 510 666 672,0 1 2 3 4 5 6 7 8 9 10 11 12 13 14 14 16 17,14|-4|0|0|-12,True,EXACT_KEY_JOIN__NO_EXTERNAL_MASS_READ,ROUTE_MEMORY_AVAILABLE__ETA_TRANSDUCER_REQUIRES_CERTIFICATE
rutas_enriquecidas,320,INTERNAL_ENRICHED_ROUTES,1,r9c8_h-1v-1,80,9,8,-1,-1,neutrino_G4,neutrino,G4,,28|-6|4|0|-8|+0+---+0+---,+++-0-+++-0-,66,60,66,48,32,48,5,"(80,66,3)","(48,54,5)",79.51870831969534555434134,47.60649894337213544641686,1.000000055128871799705072,1.000000033004718053243084,TARGET_FREE_INTERNAL_ROUTE,"1,2;9,8",27,27,27,54,216,40,20.339850002884624,,,,2,71,107,1,0,1,17,9,9,28,6,-2,0,-8,486 423 15 486 423 327 498 99 327 486 423 15 486 423 327 498 99 327,0 1 2 3 4 5 6 7 8 9 10 10 12 13 14 15 16 17,28|6|-2|0|-8,True,EXACT_KEY_JOIN__NO_EXTERNAL_MASS_READ,ROUTE_MEMORY_AVAILABLE__ETA_TRANSDUCER_REQUIRES_CERTIFICATE
rutas_enriquecidas,321,INTERNAL_ENRICHED_ROUTES,1,r9c9_h+1v+1,81,9,9,1,1,charged_lepton_G4,charged_lepton,G4,,24|0|12|0|-12|+++---+++---,+++---+++---,54,60,72,24,16,80,6,"(40,54,6)","(80,54,6)",39.60661013979482758647091,79.60661013979482758647091,1.000000027458540873559518,1.000000055189812531859140,TARGET_FREE_INTERNAL_ROUTE,"1,1;9,9",27,27,27,54,216,58,30.189475010096174,,,,3,71,107,2,1,2,16,9,9,24,0,0,0,-12,24 243 657 24 243 423 15 486 423 24 243 657 24 243 423 15 486 423,0 1 2 3 4 5 6 7 8 9 10 11 12 13 13 15 16 16,24|0|0|0|-12,False,EXACT_KEY_JOIN__NO_EXTERNAL_MASS_READ,ROUTE_MEMORY_AVAILABLE__ETA_TRANSDUCER_REQUIRES_CERTIFICATE
rutas_enriquecidas,322,INTERNAL_ENRICHED_ROUTES,1,r9c9_h+1v-1,81,9,9,1,-1,charged_lepton_G4,charged_lepton,G4,,24|0|12|0|-12|+++---+++---,0+00-00+00-0,24,24,24,0,0,24,2,"(0,24,0)","(24,54,2)",-0.1751364616628112239348425,23.60616535410405902625471,0.9999999998785810851337881,1.000000016365724063753403,TARGET_FREE_INTERNAL_ROUTE,"1,1;9,9",27,27,27,54,216,108,46.52932501298079,,,,6,71,107,0,0,0,17,9,9,20,0,0,0,-4,3 0 81 3 0 81 3 0 81 3 0 81 3 0 81 3 0 81,0 1 2 3 4 5 6 7 8 9 10 11 12 13 14 15 16 17,20|0|0|0|-4,False,EXACT_KEY_JOIN__NO_EXTERNAL_MASS_READ,ROUTE_MEMORY_AVAILABLE__ETA_TRANSDUCER_REQUIRES_CERTIFICATE
rutas_enriquecidas,323,INTERNAL_ENRICHED_ROUTES,1,r9c9_h-1v+1,81,9,9,-1,1,charged_lepton_G4,charged_lepton,G4,,24|0|12|0|-12|+++---+++---,0+00-00+00-0,24,24,24,0,0,24,2,"(0,24,0)","(24,54,2)",-0.1751364616628112239348425,23.60616535410405902625471,0.9999999998785810851337881,1.000000016365724063753403,TARGET_FREE_INTERNAL_ROUTE,"1,1;9,9",27,27,27,54,216,108,46.52932501298079,,,,6,71,107,0,0,0,17,9,9,20,0,0,0,-4,3 0 81 3 0 81 3 0 81 3 0 81 3 0 81 3 0 81,0 1 2 3 4 5 6 7 8 9 10 11 12 13 14 15 16 17,20|0|0|0|-4,False,EXACT_KEY_JOIN__NO_EXTERNAL_MASS_READ,ROUTE_MEMORY_AVAILABLE__ETA_TRANSDUCER_REQUIRES_CERTIFICATE
rutas_enriquecidas,324,INTERNAL_ENRICHED_ROUTES,1,r9c9_h-1v-1,81,9,9,-1,-1,charged_lepton_G4,charged_lepton,G4,,24|0|12|0|-12|+++---+++---,+++---+++---,54,60,72,24,16,80,6,"(40,54,6)","(80,54,6)",39.60661013979482758647091,79.60661013979482758647091,1.000000027458540873559518,1.000000055189812531859140,TARGET_FREE_INTERNAL_ROUTE,"1,1;9,9",27,27,27,54,216,58,30.189475010096174,,,,3,71,107,1,0,1,17,9,9,24,0,0,0,-12,15 486 423 15 486 657 24 243 657 15 486 423 15 486 657 24 243 657,0 1 2 3 4 5 6 7 8 9 10 11 12 13 14 15 15 17,24|0|0|0|-12,False,EXACT_KEY_JOIN__NO_EXTERNAL_MASS_READ,ROUTE_MEMORY_AVAILABLE__ETA_TRANSDUCER_REQUIRES_CERTIFICATE
