channel,K,phase9,ambient_candidates,survivors,killed_before,killed_after,candidate_index,block,prefix_trits,prefix_bits,prefix_sha256,witt_right,witt_weight
pi,0,9,729,1,103,625,103,010211,6,7,2ca1c54f5b3f8799c53b7633ac72205c2caf1b0a4b319d2c4a053f3192897771,211220,9
pi,1,1,729,1,161,567,161,012222,12,17,f0423949ef0b72767ccb7e76a6c01a226cb632c30ba5c2e6e49b20297ee18648,002112,9
pi,2,2,729,1,103,625,103,010211,18,26,d843054ecb96014067e928c3de0f54fccec4e30e80427e3a2b4a937bc8703f1f,211220,9
pi,3,3,729,1,67,661,67,002111,24,36,e1d28fcdc449606bb2e274987db2f8f1865d25af2fcbe86a178f1f1ecd03c449,212201,9
pi,4,4,729,1,349,379,349,110221,30,45,672cf71cc5d55140c3e6713d2b003da57a839cdbe477bf8a6fd45fc5242a2466,011102,9
pi,5,5,729,1,726,2,726,222220,36,55,000b7fd8f7a5dabe2be2b069b10fbcd77bad05e7c78b833f86263220310b850e,201102,9
pi,6,6,729,1,370,358,370,111201,42,64,63e8c9a964b0469eea0f92dc9db3671525bf3bfa504b86dec4d3ad76f36eaaf2,210022,9
pi,7,7,729,1,637,91,637,212121,48,74,4b4f3decf188215435b0943e2e1735eef4f3dc31cc70f330940b9cac11167745,121112,12
pi,8,8,729,1,502,226,502,200121,54,83,fe3094757f5a1eb7310dca6a5bc113aeb6467a3a4744231a09d9321843ada7ff,100010,6
pi,9,9,729,1,252,476,252,100100,60,93,f11f975df50a7cbf650c14c0b22cd803a54a0e252d6aa45854e2c357637e4a52,102120,6
pi,10,1,729,1,296,432,296,101222,66,102,23f47637c633cc83fcebdc06dbe99d1ef2b2b5e9301d1f25f30054fe988979ea,102210,9
pi,11,2,729,1,239,489,239,022212,72,112,2c6c6f723076105ad229c55f9a64d45e582ffe06f616e5c225cf71b8ef32cc6d,011202,9
pi,12,3,729,1,140,588,140,012012,78,121,f679ad55033823c817e5f285ae94205bbd37c4b3a8279ca11c7f914dc83b81b1,001020,6
pi,13,4,729,1,372,356,372,111210,84,131,8a6f953ee5fe69f2d430c351d92eafdfcf4d2bd6090f93786e37c68fd8dd5b76,220210,9
pi,14,5,729,1,436,292,436,121011,90,140,af776070bc4ccf5d00bb5b7e82002805944d78acd6f5989591d6da6fbc6faced,221020,9
pi,15,6,729,1,510,218,510,200220,96,150,0b1d1456f7bab0578e787fda4cc638b911e4119c137fe2777c5a1cc70492c56f,112112,9
pi,16,7,729,1,426,302,426,120210,102,159,fbae3a9633180327fb0c6088d6d69c8ca75a966790139e75bd7980817698c4cd,211012,9
pi,17,8,729,1,10,718,10,000101,108,169,2e02668a80f7bad11f327b1bf6a5a4685e8c19dcf06bf2a0e4de176492d87dad,200222,6
pi,18,9,729,1,219,509,219,022010,114,178,9c064efe3cb10cc52b59d4960f719c553fd7dfa0e5b3e6f920823cafb6e880ab,211121,9
pi,19,1,729,1,175,553,175,020111,120,188,87d3509b3cefffd0669ec456d36e5eeb4106d8dc989e3ccdeed0f60d8949148a,221102,9
pi,20,2,729,1,407,321,407,120002,126,197,d02556cdc0bb2a05d26369df743321cccf2f425e53228339cf67ec90e6dee9c1,101010,6
pi,21,3,729,1,683,45,683,221022,132,207,8dce889acbc61c4d74defecf7e74adf708b9c9d4616405365a121665990f0fb9,100112,9
pi,22,4,729,1,522,206,522,201100,138,216,9944a17a81f74fa32bece1b39433fd1a611b172ea86adfc65aadd647c1a46157,220020,6
pi,23,5,729,1,282,446,282,101110,144,226,f40ed213bdfb7674ce85c5d78fd6a16b5d5520115812c24573653ae3abb5c5b0,001010,6
pi,24,6,729,1,442,286,442,121101,150,235,a172adef639203d29cc3a34c74d4c05c0a5abf2772f971d18d2abcdc85d79e52,220201,9
pi,25,7,729,1,516,212,516,201010,156,245,0517e78631a3a8a2f717fe6613c8fdc71761f7c51771e491843aa50a32a47041,221112,9
pi,26,8,729,1,27,701,27,001000,162,254,bea3777dfc591db2d4e00c95307728d627c6bad210c2be3299f5934063c77de1,110122,6
pi,27,9,729,1,709,19,709,222021,168,264,bcb821327702435aade04ca9de08f165625f53d325aacb8b3a392f62d638c20d,101021,9
pi,28,1,729,1,660,68,660,220110,174,273,fc513f4af6929521f65b9f5337949ff2b04a1615009a817c62898f2d20de5d06,101111,9
pi,29,2,729,1,233,495,233,022122,180,283,e9550a0e3396424f0a12b5d1ee9dc9c16093d37abc9ae078d87a53744f6da6a4,012021,9
pi,30,3,729,1,581,147,581,210112,186,292,a9c8fcef483954694a38e7484073bdf9cbfd2e8250133dc610472c5a0e7e9581,221010,9
pi,31,4,729,1,725,3,725,222212,192,302,2826d2c77889db23d13d3fe9c3d6487795d50ee9180baba5f6591fc53b3ccd7f,000121,9
pi,32,5,729,1,305,423,305,102022,198,312,3f396222fac565e17cf1e6cf8f6b6bfef025d4886239c35daaafe4ce833dbbe0,000011,6
pi,33,6,729,1,114,614,114,011020,204,321,d90cd255d926c1c3263789cbd12a86f8fca4f6eb81367ad7d803defad3d1e91e,122212,9
pi,34,7,729,1,440,288,440,121022,210,331,44a7e9d633d385472ee624dce881346e079fa760ef874fcb783da8630856e123,122001,9
pi,35,8,729,1,559,169,559,202201,216,340,dc0432b9e763db90edd932ce83af5a44c2dd02b554584834b89cee9c91443d8b,200001,6
pi,36,9,729,1,566,162,566,202222,222,350,fa5e6d4255d8e0386d3e57d8a5d19cf49d5dd223ffe964e99562144a1cce2743,220110,9
pi,37,1,729,1,421,307,421,120121,228,359,0cebe4cae3a38e5a12968fbe4fd2eb60b158b419081ac177fd0daca7e2f42b7e,021011,9
pi,38,2,729,1,505,223,505,200201,234,369,4f0c8ad2cc9a9e288dbe51d9eae9972292cf7f7e6828436914f770a951125974,010120,6
pi,39,3,729,1,399,329,399,112210,240,378,5f740e4f915cfcad8655fd1bb3c771ea867f4237618798909bec3911fd2abd63,000002,6
pi,40,4,729,1,14,714,14,000112,246,388,4a282218d233f1de6e1fb4d21accc45556879001483b95c61d0014fc80b8a6f1,101200,6
pi,41,5,729,1,217,511,217,022001,252,397,85f35ec6d59406d8d88fb5d11c701c0a750d10b66014124fae25524c2ba91799,201200,6
pi,42,6,729,1,640,88,640,212201,258,407,6913ea9033be36d7edee5b15408c8ead19c5ee4b6cdabc459764162fbdba9676,001222,9
pi,43,7,729,1,282,446,282,101110,264,416,4fed26bfc9841002815615f151595017bdd057bba4ba1d3f2f71fcd842517e95,001010,6
pi,44,8,729,1,480,248,480,122210,270,426,214630e794aa91ea7877ef1ca8df465e6047dc81bb0a5a0916dfa69bd0cc7a47,101220,9
pi,45,9,729,1,596,132,596,211002,276,435,6a3f0a6e5a5fe1aa1514443331b8c34d21e14e6755bea309eac929fa0c55f884,121022,9
pi,46,1,729,1,395,333,395,112122,282,445,cf71c32c4c151787df8fe7eb15d0bdced06192880244ae0fcb1c5ce0ba06b3b2,222211,12
pi,47,2,729,1,454,274,454,121211,288,454,f22f30197c5e465a61689f91a713e8d6b42e14d7792e5f098957a3c4028efc4d,100011,9
pi,48,3,729,1,719,9,719,222122,294,464,f8d477086b5e36055ca9acd79d910cd2fe156bb0cb2123af1bcd8bd81ae8019c,001210,9
pi,49,4,729,1,347,381,347,110212,300,473,2f8820b2b70fdc1e741c579b0df275aba837c85827d3e94ed3e235f56b4ccd02,001211,9
pi,50,5,729,1,633,95,633,212110,306,483,8ee32989a55c7b43b8ec8fee5c6fa798363bc22a811fc63831b5948f3b4d60ca,220101,9
pi,51,6,729,1,268,460,268,100221,312,492,7a32e237079226ae188406300b4b760206f7414b0def60a2b9e2e62a204f4214,210211,9
pi,52,7,729,1,556,172,556,202121,318,502,95a5f27c2f45416349833d07b756dcdd404fae339ee0f874b1019a15897d5ff2,020221,9
pi,53,8,729,1,109,619,109,011001,324,511,fcfbb702db302d9ac6584bb260dd52d8bdef30262a331ebef467a8248ac8ca71,020220,6
pi,54,9,729,1,588,140,588,210210,330,521,91b5baf5025a5496de965b692d3e28b6289bc9ec68903b221c3e14b6ecf21aeb,121202,9
pi,55,1,729,1,112,616,112,011011,336,530,d8b3cf70061d4527b29fbd2cf48109e7620039903d74d1361699a381ac88408b,112021,9
pi,56,2,729,1,323,405,323,102222,342,540,0320bbff7b0043af04364a98c375083ebf6767a7dd855da02e062e37152f6c97,212002,9
pi,57,3,729,1,169,559,169,020021,348,549,5e4ef62abc190fd0c058b29aa1061fe6c5f2f19714612deb6c11da030b208603,222221,9
pi,58,4,729,1,367,361,367,111121,354,559,f558b8b92086ad153d681df7bb573403a31345a7692246019a385c54b4c4d673,000212,9
pi,59,5,729,1,102,626,102,010210,360,568,a738a264f10e4631835e10923be68494bd0b4559eb8f47587c18f19d6cf0b8cf,102010,6
pi,60,6,729,1,6,722,6,000020,366,578,48502d8b1d31759c1c8b0664fa60b7ee68e9c093764133265a547768fcbc2966,211202,6
pi,61,7,729,1,401,327,401,112212,372,587,8113d17ad68030c5a4538d42d9e9f1197ad5a10372a1ee85d7374b596f47fa3d,221122,12
pi,62,8,729,1,514,214,514,201001,378,597,e72c5a34fe5fd17bba0e53145a4565f5a7c502a4338497000d25d9cac211f478,211221,9
pi,63,9,729,1,605,123,605,211102,384,606,d5c07564437aece774046bff9bfc0b8df19342ea517d0244254eeb7561d7dfb9,212001,9
pi,64,1,729,1,563,165,563,202212,390,616,ddd21886e2d409db6d7525ddfa1384158c053f43384fa88c27304e171b2c2770,101012,9
pi,65,2,729,1,501,227,501,200120,396,625,ed6386d82ed9bc39520a983671e499f8c340d0c11e867ca5b3195b897f473ef1,021100,6
pi,66,3,729,1,168,560,168,020020,402,635,382ba1b4b536a732bc4982c531b0d475312b76e6674933f8be2250ad81a379bc,110011,6
pi,67,4,729,1,86,642,86,010012,408,644,a602fb1a4199a116ae48247919647824bbe691f9278c830fb46a2da6c043da84,111112,9
pi,68,5,729,1,253,475,253,100101,414,654,225fc3b472dfda2bb723116c9b381fc23c25e45aa8d9763c189dd302ee974087,211000,6
pi,69,6,729,1,477,251,477,122200,420,663,0cd2e80728e18e8d78ddf6e98b814e33a280b9089f2ba0c8b275637be9e8bd4a,012122,9
pi,70,7,729,1,236,492,236,022202,426,673,c109321d6ed3b6dad0906412234276581f84298285287217a0256233a26cbaf9,222101,9
pi,71,8,729,1,346,382,346,110211,432,682,0f175b41bfdb45b28917bfb40e51097c7b0e53a117c423c4e8c4fca30cf6239e,222001,9
pi,72,9,729,1,584,144,584,210122,438,692,4f83360f69b2b366daa884d15bb8b7a5026e1def78a127ff72d72ec1e17d4c36,010111,9
pi,73,1,729,1,341,387,341,110122,444,701,ca8a6ae834de8f694708fcebedebccb9bacb1119d531d34682a752973cef687d,002000,6
pi,74,2,729,1,393,335,393,112120,450,711,c8421872201cd206935169895250b5c4bd8505cecc2781bbe46e3f71262d1d6c,001121,9
pi,75,3,729,1,648,80,648,220000,456,720,52915ffcf6e3beb73f7377d0b1993bbe5fc4bfbef30d3b055b80204325948d66,221001,6
pi,76,4,729,1,361,367,361,111101,462,730,12b571c50f137dd7024b6ff5b9a71529584f7ae424a34285bbf15c4d2bbc0b88,122010,9
pi,77,5,729,1,496,232,496,200101,468,739,4a00cf9b81de00c682de301376ca6ff060b575580984e865dfec2b7463c9e84d,222111,9
pi,78,6,729,1,368,360,368,111122,474,749,303aba532f550fdc845b3e8686829c1aed004c03fdf0597e63a30dcae7d406af,112122,12
pi,79,7,729,1,19,709,19,000201,480,758,e0ec10207329ea8f3e6b5fd479a74f12842b357d608d868bc82006c62914e045,021201,6
pi,80,8,729,1,472,256,472,122111,486,768,e9cf8c4a6bf4c69045f7b142a44f875323a3c2aeb4e844d211977ee4d5cb578f,122121,12
pi,81,9,729,1,478,250,478,122201,492,777,bdf47e0235f9f07a18c3784c067db4a63500704607bdcede9e5bca241c2ac42a,121002,9
pi,82,1,729,1,103,625,103,010211,498,787,790dcc7be647b23944fa9bef5b91cda3c799c5908a659960ef943c979e200bca,211220,9
pi,83,2,729,1,688,40,688,221111,504,797,15fb3a6d7e7ee9ff894c5ac9e470a7a4ac45a49fc509dd4b98f4041f2d2eeb46,020110,9
pi,84,3,729,1,233,495,233,022122,510,806,baca505388c63198d69670026ee9b5e7b4e48273580494f8f971ac87a89c1d8c,012021,9
pi,85,4,729,1,631,97,631,212101,516,816,756d068972fc5373b0f1b5a760c230b8364401bc13a16af823a844b52757c00a,210210,9
pi,86,5,729,1,512,216,512,200222,522,825,3f90a6d4bc34df19a7e7cd8732149e88e9bed0d92d13b9f8f25897b4cb31da7d,000202,6
pi,87,6,729,1,320,408,320,102212,528,835,3d7712323767bb36382f8fe22975865011098a753ad6381b60df88fb952d99c4,120201,9
pi,88,7,729,1,463,265,463,122011,534,844,63114b7c2cba28f31b0c967841bca521d1aa52be884eab2566adc10e9ffe33be,001112,9
pi,89,8,729,1,47,681,47,001202,540,854,cb138646c6c08f3a1fdfa398a904bb20821f0959e93701f058e89faca8d2356a,210200,6
pi,90,9,729,1,230,498,230,022112,546,863,930c9d351297465709dd13942dbcd6372ec8e1229b8da382b93bb97be039f030,220220,9
pi,91,1,729,1,6,722,6,000020,552,873,f2bae081c4e10debc83f78bc4b2a9ace65c307b1ae2fe3af2395d3c8c6384253,211202,6
pi,92,2,729,1,374,354,374,111212,558,882,0c29fa6c7c62c92fe058ef99bec95f0d2b88996c63b0d139923bc98b0b56a574,111000,9
pi,93,3,729,1,180,548,180,020200,564,892,b8e8ae624e38b6f941d0a76f2c688b844967b900c851f0b01802653bb68dc752,111100,6
pi,94,4,729,1,6,722,6,000020,570,901,5a4b07b24203b462acf4d4dd4384a82b5a8f80c9f9b954931f857e5cea968aad,211202,6
pi,95,5,729,1,723,5,723,222210,576,911,9e5d3b00cd01227599a69126a8cf93a220b001549af305907a468447b4d2ce9b,112001,9
pi,96,6,729,1,213,515,213,021220,582,920,3de88820ae2b4cccc15d9fa3a5d1586c2f9ee759836e122b0a8227fd80c041da,102121,9
pi,97,7,729,1,193,535,193,021011,588,930,d673bf5797379c49925cb71ae45e89a8a660a3e38b446eced5ad92cd63ec9c54,210212,9
pi,98,8,729,1,289,439,289,101201,594,939,d8a00ca601f5e9cc581b63b62933822ec34a7cb0d700a33448a15effefd67c37,112101,9
pi,99,9,729,1,475,253,475,122121,600,949,ebc7799104be73bec784de9e8327e7fe385fc90dfa3c1aa4d06a7c8c6099ef2c,211222,12
pi,100,1,729,1,297,431,297,102000,606,958,7eb7c3fc5c537cc93261d50849d9658aa600c76c4e6efd59d600536230ffbb2a,201022,6
pi,101,2,729,1,92,636,92,010102,612,968,39a5424bb72814c0e5b89adef7691b296528ecf804ff1bd467ac113a0db223d1,110020,6
pi,102,3,729,1,279,449,279,101100,618,977,13a69ea84c2d9d905067b8b3de0280fafc07422cb26a15e833e2ec57fcc459ed,212212,9
pi,103,4,729,1,506,222,506,200202,624,987,3f55e78aeba285535c18c3ad242fce4f41f9e88c49a0c8f099a2fd2eb5abc589,122000,6
pi,104,5,729,1,668,60,668,220202,630,996,f54927d9b5a46305017548f047d933715d800bec0ff1499e6d8f0b57fc819e40,021112,9
pi,105,6,729,1,260,468,260,100122,636,1006,a6092f13b97a7493bc279685d30c22db24f857e5bd33938b216238cc27ff282e,201112,9
pi,106,7,729,1,3,725,3,000010,642,1015,ee6d26a71e9b0b3a3d8a73fefbaa6468f228a110e8d45874b8c030bef6ca11be,122101,6
pi,107,8,729,1,3,725,3,000010,648,1025,05e2668d35dac4e8bbb65e812a39a7d758dba5d8556016d914629d4008e34a16,122101,6
pi,108,9,729,1,488,240,488,200002,654,1034,5006749dbe19654121c21fcafd14ab8cd71882165438f69408c8ae68dec392f7,210012,6
pi,109,1,729,1,95,633,95,010112,660,1044,28a943357b36c6a97d00b7ccfacc2a638ffe8b2c96b577c1e83e79314f66d408,202121,9
pi,110,2,729,1,555,173,555,202120,666,1053,687fc44a5e5a4e82771d23297ddbcb5c7ba085b200deaaf4e93aee18e4cbf130,211011,9
pi,111,3,729,1,641,87,641,212202,672,1063,53689a279135a3da7f5502934a7f6c78cfa5e42a19a549bc699f89a78c7e9424,110102,9
pi,112,4,729,1,597,131,597,211010,678,1072,6a3488499bb6ed3e264967acf360be5a8467fba4a7d8ff7a0420723fc0b14d9c,022000,6
pi,113,5,729,1,457,271,457,121221,684,1082,fade98bb629349318b6c6e650cf7e389327bf9815e22a0cd4677bbbe2b9790b7,222112,12
pi,114,6,729,1,639,89,639,212200,690,1091,7cdd0cb324909d7a46ec4d3932b58a93c561af1d55dfb3ca0c85f1a07e4f2684,222012,9
pi,115,7,729,1,552,176,552,202110,696,1101,e7fcb087082fae3ea2f1a2fb7192df8c6458cdb8bd7fb13dcb1c917fa7435d96,122210,9
pi,116,8,729,1,484,244,484,122221,702,1110,043e4db7f838de6629d3c3c60c2dd1a6f5367fa1053fb0bc67d115ab53039e75,002201,9
pi,117,9,729,1,590,138,590,210212,708,1120,9a83a34920ec33c3680f6e0741445d3a1d688ac89368765026ce28986bfc43d3,012022,9
pi,118,1,729,1,396,332,396,112200,714,1129,ba1581ada4899fea92f3c454d3b86a0cac16f021cc6f4966236a3932fca00eee,211201,9
pi,119,2,729,1,522,206,522,201100,720,1139,d25572f92c3693513b971bfd067afe6f80f8861a894ed917112478d601243bab,220020,6
pi,120,3,729,1,606,122,606,211110,726,1148,f721ba53b80dfd5906385d627094af6dc206354f613760a4c5cc54a0767fc641,110012,9
pi,121,4,729,1,25,703,25,000221,732,1158,7fc4f8958eb82d71f4f118563890930d88e7b003caca40cdf536b692aeff2783,202100,6
pi,122,5,729,1,220,508,220,022011,738,1167,c56f3fb3d613364ba41b7f6db187d7253239d00beefa3469e8e1e39ae8dca8de,020001,6
pi,123,6,729,1,342,386,342,110200,744,1177,f20ba43507382d989d6990a523b378035fc0647abbfe0d6452586afa3b79665c,021020,6
pi,124,7,729,1,166,562,166,020011,750,1186,3d01701478435ea23bcfe421efd80fb428c3740c46ff54295bf5482ed20f5149,100120,6
pi,125,8,729,1,424,304,424,120201,756,1196,f371855b541969dff8bb0a547ed056f4904c6a43792124fb2667fabcfe22326d,201121,9
pi,126,9,729,1,202,526,202,021111,762,1205,c0b327611aa513e4520af70284d475bef192e1f16ed256f32e072f02f9e5b0c8,001221,9
pi,127,1,729,1,134,594,134,011222,768,1215,b7189c0849610544d4b0b075abb3c42c76b89733333bbda669ce22b7af0484d7,222020,9
pi,128,2,729,1,566,162,566,202222,774,1224,6b1cb5a97f2764f5526d86765d492da3f9cf75712b702572155aaada287ec9fb,220110,9
pi,129,3,729,1,104,624,104,010212,780,1234,08641cf4ae57eb9370bab6d73a609e7362b080f7f2448f89c0d0e5476d9b8c07,020100,6
pi,130,4,729,1,597,131,597,211010,786,1243,7a0f3380dca379f68d75ba8e43495837d68d02045d33a19d8d3be8f1ff4310ac,022000,6
pi,131,5,729,1,304,424,304,102021,792,1253,f551d7a75af988e248466565cb2dca893685e3fe262aa57e92fdc5f43393356a,221101,9
pi,132,6,729,1,635,93,635,212112,798,1262,3dff8d8824ca01fd97c74224e6eae41a965e33451982f1f41df95ea893665a92,111221,12
pi,133,7,729,1,98,630,98,010122,804,1272,2dfa52ff0d6497750a9db99c780623fb31dbf24f1d9ec0508298d86cf97fc2e9,021222,9
pi,134,8,729,1,703,25,703,222001,810,1281,da3de768d6cce27b24e42fdc8b50faabae6ca5a3f580d344cedf56c4e9c09622,220122,9
pi,135,9,729,1,531,197,531,201200,816,1291,a867a55561fcef126122e603281aeb3bdb37d083e695624f2507c04991d12f51,011002,6
pi,136,1,729,1,719,9,719,222122,822,1301,ae9dd91a1268cd3952eae305d9dd6943069183c5b125b3ac2b51be7d65aeed0f,001210,9
pi,137,2,729,1,81,647,81,010000,828,1310,e3ff07287372dae4464e76a733ecdf33c643263acb66e6d6fad87d480f307f5d,101221,6
pi,138,3,729,1,115,613,115,011021,834,1320,f4912eb6c749e721a2d985f8dd58554007fe2a8d2d6eb2b9c98e48ed8c600b49,201122,9
pi,139,4,729,1,79,649,79,002221,840,1329,bc66740ca59f38f7717a266bca85888a6e9b21a0fd004a3cfc30fe8b98c4da6f,122011,9
pi,140,5,729,1,13,715,13,000111,846,1339,66e376176eab2a7cfd03603055c62fd6ab7b543193b6b505d09d294577efd69a,022020,6
pi,141,6,729,1,603,125,603,211100,852,1348,e1a8b240af03817f92cefc607d79eff49d7531ac5890aef3d29aae77b871aadc,021211,9
pi,142,7,729,1,79,649,79,002221,858,1358,158f0ba913740410e6f2a9f5ba2b32cb8f8435dd9e951d08366b40b90dc76715,122011,9
pi,143,8,729,1,47,681,47,001202,864,1367,c5e0aca65a73da3761c82755be8d0161de05998132d615aa4fb5f9bb073b7cdf,210200,6
pi,144,9,729,1,428,300,428,120212,870,1377,34aa72c12fe6424143b1a4d2bc2d9a3216c1f8cdd0b01576e54445776c48e604,102102,9
pi,145,1,729,1,391,337,391,112111,876,1386,b10c1543767c129b0b985d3c47ba2802236c58e48a5049db2393330accef9012,021200,9
pi,146,2,729,1,103,625,103,010211,882,1396,ba8df7a0a29364995d91f008fda46a6ff5fe416171fd7a7734775dc8e097f7ca,211220,9
pi,147,3,729,1,208,520,208,021201,888,1405,bb3c60638d498cb523017bc3dae6c0f35302914aeb2d244f3fe26806620588d9,000102,6
pi,148,4,729,1,219,509,219,022010,894,1415,866fddda535052b3b0329ef2d2219aea589c271cb9ecc45c4b6e9cb5f8db8ee3,211121,9
pi,149,5,729,1,655,73,655,220021,900,1424,00ad197ca406726f8056e1669b18c80c9e117f7c26741d4567dc7ac8dbb5ea6b,211110,9
pi,150,6,729,1,589,139,589,210211,906,1434,38d6f2403e19c045261f5d8b16d0d063f7bbaaa7a0d1d743b05dad5a0774aad9,200112,9
pi,151,7,729,1,655,73,655,220021,912,1443,83095d11ef3d1c7e90cf3a51b6c12f9b2e2cf59721640d17b934ff818272db71,211110,9
pi,152,8,729,1,542,186,542,202002,918,1453,a156f5d4cf45cf0153ad09795a8fde9e576f658762b69815975e58d048e00c25,100220,6
pi,153,9,729,1,369,359,369,111200,924,1462,48eb413259f803687d53bfc0ca5ea62ec1c1eaf40b094a086ecb269e88953102,101112,9
pi,154,1,729,1,256,472,256,100111,930,1472,99bc3f9c6e6a12813c0183159a4c52df674a3f1a874df2c5c414fc4882eebe06,000101,6
pi,155,2,729,1,366,362,366,111120,936,1481,65fd530c15547b9d833fa38a64d83686d6e8b3f98153ce4904fac983aec00381,221002,9
pi,156,3,729,1,670,58,670,220211,942,1491,3e06a358700c0237764b8ee8e1adac4101ff216cc447fb9bfca25a2c2709092b,001000,6
pi,157,4,729,1,514,214,514,201001,948,1500,6a00748615ce8b6e21bfe2a1db9429d4a67b12ec91b5a584132bed0b7b112fad,211221,9
pi,158,5,729,1,605,123,605,211102,954,1510,1681e11d7387945d45e356e14551b730ccf6b5fe68df454b1be597f5d9b38c94,212001,9
pi,159,6,729,1,15,713,15,000120,960,1519,a89e8f83fd44ff5431ed1b29ea47ccd63067be9f2d7172069df354e6f5f5e857,002211,6
pi,160,7,729,1,261,467,261,100200,966,1529,f69b6f40460f9be7187a3ffc647ee1ad95242e5e4f86936e4345d676d4c2adf6,220102,6
pi,161,8,729,1,131,597,131,011212,972,1538,7eaefecdea08b4490de367945dad1e2d9563d7e2789cd1af5cac496adca9e1b2,100222,9
pi,162,9,729,1,12,716,12,000110,978,1548,f895fb11ca3749107d7b736202d9792afc6a1f3a5b6f04ab26f06f37f4c665eb,210110,6
pi,163,1,729,1,206,522,206,021122,984,1557,57110a5372cad8490df19d7880974f0b9bbd15c7da07735c60f3adffeb58b0de,202202,9
pi,164,2,729,1,471,257,471,122110,990,1567,3d849527449cbda7ae0cfc84b05b943fb7b72bcdbf9a49b765b1c74a6ba6513e,010211,9
pi,165,3,729,1,444,284,444,121110,996,1576,22600ff82d9d6548bf70cd45b5d20cee4d8209ca0b3cea5252aa9eef4238713b,200122,9
pi,166,4,729,1,601,127,601,211021,1002,1586,15dfa2f9ed952193bb44a4a2e3f72e5086077a98d39e2c4f4d99fd1e28bacc3a,220011,9
pi,167,5,729,1,663,65,663,220120,1008,1595,5d947c4c51ccda52350041406eb1d0fb45a6a77040f3ebe2dfdc765fb57e8e27,220212,9
pi,168,6,729,1,278,450,278,101022,1014,1605,db42f88585f4720c64edd227087b6c00e93b345beec1a3be7e52966b1d727bb4,220222,9
pi,169,7,729,1,703,25,703,222001,1020,1614,cbba791782e8e82739e0eca0a60d3edadb8bbe8da223ca94a15edffe60fe8133,220122,9
pi,170,8,729,1,601,127,601,211021,1026,1624,5d33a60d993a7c72f708f29ed0fc321a0a7698e177055c5d73d73e05ac5fbb43,220011,9
pi,171,9,729,1,376,352,376,111221,1032,1633,c818c9c2178a00f414e9e61c4785e62c9a4da2ed2962d1b6e76df39d4fb0d372,121221,12
pi,172,1,729,1,29,699,29,001002,1038,1643,d2d1d36c29b2eccf242f60386ef55f94981a93dc2ff26464c8c74dd3079d0d76,001212,6
pi,173,2,729,1,24,704,24,000220,1044,1652,5947479644309f6624efff6761d61dbf35eb30cebd753f5f4bd02f6d86e792b4,120220,6
pi,174,3,729,1,418,310,418,120111,1050,1662,0bff6541d2b3c9f2a734e9a94a35347e79d73a49d02fff7150a812c7372b8da9,202210,9
pi,175,4,729,1,609,119,609,211120,1056,1671,a611ed06800864533a93e0d027d09855b407acfe65300384ec3299856325cb85,202110,9
pi,176,5,729,1,187,541,187,020221,1062,1681,dacb044d3c42aeccac32f8fdd12df824551ad17837f77a7c28ac16b589906e47,101212,9
pi,177,6,729,1,121,607,121,011111,1068,1690,3cac681ffef06216f87f705929097efb15b550215b22d9b6f256119f21ac9fe8,200000,6
pi,178,7,729,1,222,506,222,022020,1074,1700,31b14446781385a420bf04031933aee383bc52b9bef83b3fc1a4f2bac1ea2df0,000222,6
pi,179,8,729,1,195,533,195,021020,1080,1709,d94da5442835d0a9298b0ef8c126fd591f620743f281119f862078f9b0bbc3c5,220100,6
pi,180,9,729,1,427,301,427,120211,1086,1719,634b634417f4d791594f605d41b7bc671707b3ba0752beafd7932810021dd7e4,020222,9
pi,181,1,729,1,614,114,614,211202,1092,1728,bd9bdcc6e5548b8333f2daf714c7092eb9edf385f507a1cd00b31bcd12139036,000010,6
pi,182,2,729,1,344,384,344,110202,1098,1738,1994e77dfff6c058af116a758a7a43c420266ab35fec8447b3f49c5cce757398,212110,9
pi,183,3,729,1,557,171,557,202122,1104,1747,6273781282faa464195983de03b065bd9e6293abb892084a3c66a2aed11bc828,102101,9
pi,184,4,729,1,397,331,397,112201,1110,1757,75ceeae32075d639c12a660a314c3c9ffe938ea19089d103468149cd4f845d95,020111,9
pi,185,5,729,1,305,423,305,102022,1116,1766,4c4278f99755e7241e458184a30a1f90e248aef4cd9e0b573912fceab5ce389f,000011,6
pi,186,6,729,1,224,504,224,022022,1122,1776,c57e005819c6a04b362e038db64c8163cf5c5b93dbaaad87835219d950e3cf35,221012,9
pi,187,7,729,1,613,115,613,211201,1128,1786,141537390515ac62e4e1aa6cf86ee37be1f31f6b5c9d91c723dc585cd9e06be4,221100,9
pi,188,8,729,1,408,320,408,120010,1134,1795,b1d3010008e0665f87b1d7e9279bbdba5bf6ed55ee155c194a633f322f823c81,002021,6
pi,189,9,729,1,301,427,301,102011,1140,1805,8cedc182a4ee3442de9d8f88a5daf118a5575eb71851da2b20ecdb962d7320d9,102000,6
pi,190,1,729,1,630,98,630,212100,1146,1814,9261432ce9d09e8c87e7021c290b0f83130304be44c190b6071fe41e812d0012,101000,6
pi,191,2,729,1,583,145,583,210121,1152,1824,bcb365cb33244c8ccd787a18eab105ed50278137750496702502eed3c5df5a93,201201,9
pi,192,3,729,1,666,62,666,220200,1158,1833,adb12f2978aaa4e5a6fd0ead8331b4be41b2d554b431157d5472d7862f5d4ec0,100022,6
pi,193,4,729,1,655,73,655,220021,1164,1843,84907459a6b86c5180764294c9eeb7b246674fb99f9e5806d90765a1c921cc65,211110,9
pi,194,5,729,1,115,613,115,011021,1170,1852,f28c325159d045bf284627e73d5e21c8fb92543ab8bc087cdd264765ddeb36c2,201122,9
pi,195,6,729,1,4,724,4,000011,1176,1862,757fac634ad626f6cf122069a427a9bcc525b0a6f03e7c7f3492d0ccc24af172,201011,6
pi,196,7,729,1,461,267,461,122002,1182,1871,1ac754d33e54bc58fa7e00702b91f619852852215078e148a9b17d693c0e5777,021221,9
pi,197,8,729,1,314,414,314,102122,1188,1881,1fdcdaa293ff29180c70cc1dfc786e90253a7515c0ec6938bbceec9ddad034fe,121020,9
pi,198,9,729,1,200,528,200,021102,1194,1890,b044a0452cdec56a75d97f4b7e556447dcd9ac06cefcbe1ce2223629637834d1,021000,6
pi,199,1,729,1,728,0,728,222222,1200,1900,2488036fc7a1c52d0c704de459b21792a735263bd0b7f8e8fbd456c1bf72ddaa,122222,12
pi,200,2,729,1,510,218,510,200220,1206,1909,577aa97e000e203257b88a1ddbe3a24ee43f0750d3da28c90215b39e7c54323f,112112,9
pi,201,3,729,1,183,545,183,020210,1212,1919,c56ae30cac7ae695dbdb31728c860d13d73b139c9fab830b7088d0c193708d82,200201,6
pi,202,4,729,1,140,588,140,012012,1218,1928,48efba676349c6917490cbb93e3af546957a1cd218207a8f7b0b029f37cf2573,001020,6
pi,203,5,729,1,590,138,590,210212,1224,1938,24e6c4096d05564fc54e96b68322100dc4a0d3daa27b866600591a3aa14421bb,012022,9
pi,204,6,729,1,590,138,590,210212,1230,1947,0699cbd6e291ca6bbc6c84d7852a0f079519cef4715c50daf10ff7b7b11f9fa7,012022,9
pi,205,7,729,1,671,57,671,220212,1236,1957,838931a9c89e289b441a62ba71c061ca45b693fcb99947ccedaa4fd26e4bb524,110210,9
pi,206,8,729,1,99,629,99,010200,1242,1966,b3b0a8858083c4a63e70bcac7c80dec171ba621c76ecba2931649e34eeae0c50,010212,6
pi,207,9,729,1,343,385,343,110201,1248,1976,868a38be3da830b0c2232758f93654b4bb45e18406be01cb73f56fd0b940c0e3,100200,6
pi,208,1,729,1,16,712,16,000121,1254,1985,600fa4f1aac99f73552046b5586c64f2acb950994f2b8accfc5ee657f439e671,111121,9
pi,209,2,729,1,447,281,447,121120,1260,1995,197ed724a1386f500a23c013d90d44b76f648420bca2f708cf01f77bf29f3a45,022220,9
pi,210,3,729,1,419,309,419,120112,1266,2004,e373d037e211d2e120bc1f1f71e911a5c65c8e53c0968301679d16adee06c8da,011120,9
pi,211,4,729,1,690,38,690,221120,1272,2014,22277a815a2573dc7e10aea5ff2c4d503a7d91067cb05cf34095378d9a9963d1,000001,6
pi,212,5,729,1,248,480,248,100012,1278,2023,263409ed0b0a3546dcb7ca3b65d2c612d6352b1c607a93da493f3ff7eb00b334,021002,6
pi,213,6,729,1,461,267,461,122002,1284,2033,f25753ba7e25fbcafc2c0bfaab6dee3652c5a5a824262b88bf2897e095bcd325,021221,9
pi,214,7,729,1,404,324,404,112222,1290,2042,5171ba004bb8764d8458878872175cad38a7ca632b478a5650e2df0b58f6014a,010220,9
pi,215,8,729,1,241,487,241,022221,1296,2052,bae14e46a5846efc1abf471118463a91180d251ebe25d25661bc23a922dacf4f,021120,9
pi,216,9,729,1,151,577,151,012121,1302,2061,1908351c9e5716ba8c1351f8b70ed476688046867a5876419ca3019fdd5733c2,102220,9
pi,217,1,729,1,78,650,78,002220,1308,2071,bccbd950af3af412f73f5854733e449e33f53c8a988e3eb65f863fa72bf57251,010101,6
pi,218,2,729,1,360,368,360,111100,1314,2080,004920a1998da3c13645235e0471c6df8cdf5609846a79fc3ecd507c01e2ca00,010100,6
pi,219,3,729,1,542,186,542,202002,1320,2090,7d78554c9815fdbda02247cd9ffd0118e4ab183a9a5711e0150807e414f64177,100220,6
pi,220,4,729,1,192,536,192,021010,1326,2099,f5f26cf5f617684dc70c2afe0a4c5fbfb08362718c3492cb84b8bdae14872ae1,101002,6
pi,221,5,729,1,116,612,116,011022,1332,2109,7addb24fc273efd031fdded9f565e3e2ac612a16b0625b554939b502969e21e5,010002,6
pi,222,6,729,1,198,530,198,021100,1338,2118,039a6cb80fc2691f07ec5542d3755ec1a643c144d64f11e13b50970a1cb55272,100210,6
pi,223,7,729,1,514,214,514,201001,1344,2128,53c5d7e8204bdc4a56eaea27d106a25afae8ebeb7f8b00eb37372955d86e091c,211221,9
pi,224,8,729,1,252,476,252,100100,1350,2137,6fe235a7c2ec5621ea9fceec957375e28572b93d38f86f2a17c61a34ce400c1e,102120,6
pi,225,9,729,1,429,299,429,120220,1356,2147,6f4ab55bb62f1caf17aeff427cbcc40c5dc27a449674fe679898676ef1f33de9,000110,6
pi,226,1,729,1,303,425,303,102020,1362,2156,1ad8862b30da4cf64a5ffc56dce7970518324a46acbaf72724f9b46cfc17fd84,112221,9
pi,227,2,729,1,527,201,527,201112,1368,2166,cdc36070338c362d63e7afff8fe9eca77869650af5d43fbe7b6cd19a17f42bb0,200211,9
pi,228,3,729,1,8,720,8,000022,1374,2175,1df06504de03c863c40f4c923922571c62097343ac964ab29065b2e642217c41,102022,6
pi,229,4,729,1,351,377,351,111000,1380,2185,3badf8ad994290d641394a45adccf31d66c3556a488fc6f86b86bacfa1c811e4,222121,9
pi,230,5,729,1,168,560,168,020020,1386,2194,468095d52b3013377cb6f3ba84240aee8190ea8fc361568586421e4b230febcc,110011,6
pi,231,6,729,1,258,470,258,100120,1392,2204,5d71b2977748aa0a90362a5e66d89c197db788f305ee84041f7f19d33e3fdd84,010022,6
pi,232,7,729,1,669,59,669,220210,1398,2213,c6e64758f4a27fc8ffb24a62b945922c9d2896c8e02834780dc23c28cf2f9bc5,222120,9
pi,233,8,729,1,566,162,566,202222,1404,2223,be643d84cb26f9889655c97150707693919b2bccb763b36bfe181d72d6c01179,220110,9
pi,234,9,729,1,107,621,107,010222,1410,2232,45d4b34901b9a250645b8770fdc45bbc6bace814d74a9d0296c451503b7533b9,112201,9
pi,235,1,729,1,310,418,310,102111,1416,2242,e1f634354917f391050dab88fc47cf47736e40e4ce03011e40a24d9509becd7a,220012,9
pi,236,2,729,1,528,200,528,201120,1422,2251,e55991a7d2b15ad949ce9eebf122039b51cf092f3cece45137ac2e3b1a9ea87b,101222,9
pi,237,3,729,1,95,633,95,010112,1428,2261,dada98dd765601ee9e29e982d5d6ec94a3c02c8ac1938208e5347327645eebb7,202121,9
pi,238,4,729,1,95,633,95,010112,1434,2271,f8f0283d9e48d7c76551f0e54a79c2b699001a2fb763caf0d83b3585a9f200c3,202121,9
pi,239,5,729,1,216,512,216,022000,1440,2280,42c3c32c7e4abda430206c99064f63972f103a7d6dc472b0663b7b9de4627ca2,122020,6
pi,240,6,729,1,455,273,455,121212,1446,2290,21f96d1b8aa9606f704eb74e33313e2ec77370eacd763b0fbc24e789bf5e724a,212221,12
pi,241,7,729,1,656,72,656,220022,1452,2299,f861fcd14584ffcd82890b505e77d59e57f237cb46b9b0ded9424fb2fb55a266,020020,6
pi,242,8,729,1,32,696,32,001012,1458,2309,8c4a640d7ad5ab046ce2fd68186a6f3c1853e7421bdfaeaa05cee5466f6974a4,120010,6
pi,243,9,729,1,113,615,113,011012,1464,2318,30d346d0a36c40f536ff778470681853284cdfe68f05ae87b5d5098a41ffc4b6,221201,9
pi,244,1,729,1,672,56,672,220220,1470,2328,249a21991a8ed5acfac50595e7b7412ae452b3af470859728b1c1628c4660856,011221,9
pi,245,2,729,1,564,164,564,202220,1476,2337,69e1bb5515e118478325ae8ec53141b75a45bcf002a76c8ed861d6f89c83f2ec,002020,6
pi,246,3,729,1,507,221,507,200210,1482,2347,6565aa72ccf1b519f675a34f96ef7dfd95958f11f7dfb2eec16e5226e95539dd,020011,6
pi,247,4,729,1,290,438,290,101202,1488,2356,e9d45913570bdd7dd3b7ec64449803949af12641a3d4b6be97402c8501a05a8b,221011,9
pi,248,5,729,1,576,152,576,210100,1494,2366,ee55a2927b6318721a2077efc45a6447c17a6d2d24722930fdf0195eb884de67,211122,9
pi,249,6,729,1,386,342,386,112022,1500,2375,2bdfdce0136ce85a9cfc4b3a59660abcb4fd3da6db812abc907d8a89aec50ec9,101202,9
pi,250,7,729,1,452,276,452,121202,1506,2385,c2edb6e57efffcb2de05c3aac4ba3785182c56cb9894e8b01511cc449424ac2a,120120,9
pi,251,8,729,1,211,517,211,021211,1512,2394,fda342eb40afd5c7f91020842c0909487cb268159c2eb220827675037824e48c,122200,9
pi,252,9,729,1,31,697,31,001011,1518,2404,26ce6236b7b4189036d2fb37b4b52e445aa11b23dc3de436e935008b4591cfa1,011100,6
pi,253,1,729,1,327,401,327,110010,1524,2413,c07325a09eb0fbcf6d5d72d60c042e84e8c8cedc06c076007a6a19366801a56d,201100,6
pi,254,2,729,1,176,552,176,020112,1530,2423,61701e009c58cc81728d9420c52b75b9101ea6dec5aa87913a980f1dc94bc1fd,000012,6
pi,255,3,729,1,190,538,190,021001,1536,2432,af90c8520d0c2887b1a0673520e0664dd3539c7144e01ae573ad3d0d42536e14,121111,9
pi,256,4,729,1,188,540,188,020222,1542,2442,526f92edafbba22b7aa7bdf483293b18bcd952a36a67dfa5eada2aced5728415,210122,9
pi,257,5,729,1,670,58,670,220211,1548,2451,2ca9b55d28c386ecda0554e57e3a44c3538165a82b9e7828350c9632ba2a5e30,001000,6
pi,258,6,729,1,166,562,166,020011,1554,2461,17d8ac7b43b30cf3f62ad63d5cfe98fd4eb1744ad0d37e3aa58e9d75b1f77117,100120,6
pi,259,7,729,1,278,450,278,101022,1560,2470,72de5a13204550bb0360553b8997e0ae721dc4556f501cd2eadb9c0e0d8e2a90,220222,9
pi,260,8,729,1,148,580,148,012111,1566,2480,a6b52d486dc26da0172d4d081a9fd045b4f3b0576e1dbc57337ad30a70ee0af8,010122,9
pi,261,9,729,1,403,325,403,112221,1572,2489,513afe81d29ec338353c8e11ca84e72f94acca3760115cd5876ca4a40f258235,201010,9
pi,262,1,729,1,416,312,416,120102,1578,2499,51d397e30f6453f0fec2ab9fa38151d31ac526609f14393df09e4bd6dc2b3fe6,222022,9
pi,263,2,729,1,570,158,570,210010,1584,2508,b85d422927f9801faf5fe1c0ad74f914b9c266dcf8ef0634f5fddacf3f679823,212211,9
pi,264,3,729,1,164,564,164,020002,1590,2518,67c769eb32fd6d3c84181c6dbf6c277e631d9e42436acafdec1ea526d19599c1,120202,6
pi,265,4,729,1,708,20,708,222020,1596,2527,a07fdc0d318fb02c0a1afec156efb00553b8d9d23a5c811830891c276b8dc66c,022111,9
pi,266,5,729,1,87,641,87,010020,1602,2537,1edb52d56fc0a644fa8a522ad44daee0b4de2e205eaf3abcb9548c5076303e2e,012120,6
pi,267,6,729,1,76,652,76,002211,1608,2546,b729007ebeeed36044604d355131cd80030a0f71bb691d838577dd9e743fbe1d,000210,6
pi,268,7,729,1,338,390,338,110112,1614,2556,1f0be044aeaaf507583cec17ce7c9ea77c8c7cdadcc8f599c7b5506971751523,210202,9
pi,269,8,729,1,153,575,153,012200,1620,2565,1faee40ef1495ac94754befbf7316dc645fafd30ceb3790c8e34ada238896452,200120,6
pi,270,9,729,1,673,55,673,220221,1626,2575,5fc25aacd2de77a30c66a7c0fa9caf5e0978e02cd2b1d87c98b8d8d015b9c2b4,120101,9
pi,271,1,729,1,703,25,703,222001,1632,2584,40aeb59f0446be2e2210c376faf16d76f00145e5c3bc69cbb88d7a6d97dc0cf9,220122,9
pi,272,2,729,1,452,276,452,121202,1638,2594,d9ade2c48a292f468a454d96b7544ba39a95cbb35ac85e9e2bf7944d573ab2f7,120120,9
pi,273,3,729,1,268,460,268,100221,1644,2603,ff228697458c754612d628bb66f1c2767cd9e5e1cf49dd7c21bc0d52e693b630,210211,9
pi,274,4,729,1,444,284,444,121110,1650,2613,421d301c0a448a69142e15096950d13887ba878c716d54bca02cb09b77ed1ba7,200122,9
pi,275,5,729,1,101,627,101,010202,1656,2622,72a0c25430761251a6f144dad5f9cccf4ad0b4c7d2a02e3526548c5cf8d3cab7,201002,6
pi,276,6,729,1,425,303,425,120202,1662,2632,9b869a27e4dc5357437f87ee4175c038f856cc0c2921a22ce90ad3351a81c46e,010001,6
pi,277,7,729,1,557,171,557,202122,1668,2641,5ddb413bee8a7f030d4c757429df0dc0cf2de9a9141cdea8a7503a6db4fa90b5,102101,9
pi,278,8,729,1,707,21,707,222012,1674,2651,24342a4a31c82001c7da9092c736bd89007306e035bde446e0c97febb3cd4418,121100,9
pi,279,9,729,1,25,703,25,000221,1680,2660,f5cd64411f6bf54ea5151937e64a15cf570715305d79c54171d7216fcd680b5e,202100,6
pi,280,1,729,1,80,648,80,002222,1686,2670,857949299e8c152ee1888245c71c773e3b5d0d84e1763db88af7cee31a07efcb,201221,9
pi,281,2,729,1,431,297,431,120222,1692,2679,c15530db3f85a4b8e2e51cade488a5db960e8ffecef5f0f4ff96dfaa4de56fc3,221200,9
pi,282,3,729,1,466,262,466,122021,1698,2689,b5cf07f766ba6a087597e253517b77afbf321af43cc3b718cd7bea00ee1e2349,120210,9
pi,283,4,729,1,707,21,707,222012,1704,2698,ee2c826f6abccb650a808840bd2f18fcd99ef64003f04d2eb768ce9ab3fb317a,121100,9
pi,284,5,729,1,370,358,370,111201,1710,2708,78eb7225d1da024653afb68f17b9dc6e6b7e2a5dff128e17f050aacafff33a49,210022,9
pi,285,6,729,1,719,9,719,222122,1716,2717,f7de52c5dcd8992636b513c51b8ba15d57f96834059d7b3032ad05691b246d80,001210,9
pi,286,7,729,1,439,289,439,121021,1722,2727,176871f160c1a3fbcce77f538b4135354edd80ce3be7805bf597c67757389ed8,010121,9
pi,287,8,729,1,205,523,205,021121,1728,2736,eaa7318e41f24aa015ceb107e6e09e37eca52df7dc882950a73f1d9ab02d2986,120022,9
pi,288,9,729,1,84,644,84,010010,1734,2746,48cdbbdde8ac1b56d1611023e424860bb13a508707c440ae5de6c6459e41e401,220022,6
pi,289,1,729,1,434,294,434,121002,1740,2756,0ee6160b4c15a2c27fa14d0de3636a5bb53069a7d0be34ab6c16e2ea429e82a5,211102,9
pi,290,2,729,1,722,6,722,222202,1746,2765,ed9d2bbc30112ae68dbceac94e5430a8515332898a41b15d7460b8757bafc3e5,211020,9
pi,291,3,729,1,85,643,85,010011,1752,2775,87c8614a903ebad06e25573e4b9be22360597db611a05b7be40c6eb582ab06bb,002202,6
pi,292,4,729,1,384,344,384,112020,1758,2784,17d680335cc8fb7547e0330b98fdc7765e7d72ba103aa3d92c367b1723dc195b,210112,9
pi,293,5,729,1,329,399,329,110012,1764,2794,3be652ffbbea41d6d93cce5527db993305c9d5267add8c5b3f36147502b082a6,122220,9
pi,294,6,729,1,450,278,450,121200,1770,2803,885cecbb35a0d799dcc273e0179a78517b1f95620c06b3121dcd967cb6c72754,202000,6
pi,295,7,729,1,723,5,723,222210,1776,2813,6a5a3ad947dabaf415a507e7dc666cf9e56d9e0534c8b3338046516df1171a24,112001,9
pi,296,8,729,1,291,437,291,101210,1782,2822,0ac44fefd57fa847a8e7fc5b468139d41fba91254dd43a7575d7365e70ace8dc,122022,9
pi,297,9,729,1,378,350,378,112000,1788,2832,a249e9f39ea683d0d693c8cad84d44c837e10fb3b405292402e7f8d80e9ade9b,002210,6
pi,298,1,729,1,563,165,563,202212,1794,2841,67a9018f4a76c32d7cf193401e36a658a5d97532b441dd831e7756e45448f58c,101012,9
pi,299,2,729,1,487,241,487,200001,1800,2851,4bde995be9b3c1132c9d7629264015798810574828d0e1f9c9c693457726c39b,101102,6
pi,300,3,729,1,261,467,261,100200,1806,2860,7d0f9b052ff5be4aa9b3c82a0cac9005ca02696d0acef8c2ff2af77b81b8e769,220102,6
pi,301,4,729,1,242,486,242,022222,1812,2870,38e5f8ba0cbbff57f3a18e8bff9e211d5b8ec7db1e7e8e99e2b296cb17f721c1,100000,6
pi,302,5,729,1,77,651,77,002212,1818,2879,f525c46791300527555dc6215489dd65129925977765ae50134ccc72a5b2fc22,112120,9
pi,303,6,729,1,641,87,641,212202,1824,2889,241c2ad45c92c55fc5f42f348f73d230a1030690370002e4d7434e5dce8289ca,110102,9
pi,304,7,729,1,2,726,2,000002,1830,2898,71fa7107060759f6e493b379fa0cc506a88337a4c16614aa9a61b98e33c93d08,221120,6
pi,305,8,729,1,30,698,30,001010,1836,2908,0a0a044bbaea26e45058a230a5bf8ae359f57cfbd07a1f4ca71072d85f2c5b39,202220,6
pi,306,9,729,1,172,556,172,020101,1842,2917,acbf9dc4f4184277addae7624ad27896569065878ebb8156af368e999490948c,102001,6
pi,307,1,729,1,364,364,364,111111,1848,2927,187d140120471b7ae1af07aa589a9acd0825914670e4bee6121d16991c9010bb,211111,12
pi,308,2,729,1,531,197,531,201200,1854,2936,fa14fb125604ce82039a17ac03d2bd26922055fdfdb6c81e47ae54774b755825,011002,6
pi,309,3,729,1,579,149,579,210110,1860,2946,5721ace833db962c4e94160168bebf23b6d5925d909ac10494b0a8b3823f5a8d,000220,6
pi,310,4,729,1,259,469,259,100121,1866,2955,8ef965d97924f2d8f8fcf1d26c4f14f996b930f7b9f6327c94a570ee123142e0,122202,9
pi,311,5,729,1,47,681,47,001202,1872,2965,9c5722df16f99c9dabd3f06a4f2891d4b49ef935becd3737b4a1f706e9a5be67,210200,6
pi,312,6,729,1,487,241,487,200001,1878,2974,f7c5ddc9145762946fa6259d78c8217d7e99c2938460c56eb4923e615874f27d,101102,6
pi,313,7,729,1,705,23,705,222010,1884,2984,6596138ceb578fcddabd45b2dd3191133d74503a8128dbb9158bd62d4b402d05,200010,6
pi,314,8,729,1,233,495,233,022122,1890,2993,b3ed21a46530964567969685039401c4a72735bd8a4df4f2eb7af30205e21d50,012021,9
pi,315,9,729,1,395,333,395,112122,1896,3003,1040bc1f7cddefa764bdb0e7fcf998463ff6c69609f074e8bbc89e49e995fbd9,222211,12
pi,316,1,729,1,704,24,704,222002,1902,3012,e1a7742d3548e1ecaa406c7602e969f73a076de56c685219e48dbaceb8a64a4c,002002,6
pi,317,2,729,1,203,525,203,021112,1908,3022,be361477d72a3315f06a9f69da39e4b001735f739f92a20518f9e5a4639d7d3d,110101,9
pi,318,3,729,1,138,590,138,012010,1914,3031,5c2c4111436dcd15f911c4dad75014be04c9967e1e9ceda48577e2a5562f726b,110200,6
pi,319,4,729,1,435,293,435,121010,1920,3041,ade597de30177f80fa413fa43f30147fe528e552b068902307f8833da32f5a11,112110,9
pi,320,5,729,1,74,654,74,002202,1926,3050,46689fe716d3b2caf2f3a9abc8fcf25a7ce4a3d2d4a962a84f17295b3715026f,020022,6
pi,321,6,729,1,28,700,28,001001,1932,3060,582e8fa2c03bc8ef79652ab8d4ef1436f436186c792e96dbec4dbeb420d30757,222002,6
pi,322,7,729,1,230,498,230,022112,1938,3069,7609aafcc5a0423608866396c8d91a56223e929d013153b30a6ef58cd42cd35d,220220,9
pi,323,8,729,1,490,238,490,200011,1944,3079,a2bf8733f4d3464ed77ef4ecee351d8b1de79463771476dab59d66386c48ae62,220200,6
pi,324,9,729,1,289,439,289,101201,1950,3088,109fb83270c2f958abb84544ac084350bb29047c4e43a2cf5f48b04de5298db9,112101,9
pi,325,1,729,1,70,658,70,002121,1956,3098,7dc21372b3fa3b50b669a09fbf2cb66163c093dd04c8b2274e5bb8c905a715f4,001002,6
pi,326,2,729,1,456,272,456,121220,1962,3107,7f7f0b88b079e81d20225e2882a527d0f1428f28b29a79245d0fbf44dffce880,110202,9
pi,327,3,729,1,308,420,308,102102,1968,3117,e4063b790b9b632b76f48f90b95d78ceccf0d6f9a8c4a1c0c21b5e027f19d5fe,210121,9
pi,328,4,729,1,648,80,648,220000,1974,3126,68b760e1fdd8fc47895b6bee59d2df377b42f5e934d36af4cced99223b989d7a,221001,6
pi,329,5,729,1,597,131,597,211010,1980,3136,e667b56376c20278b9ce425beaab75b8da9aecf4ef0f4916ebf9f6b75d9fe20b,022000,6
pi,330,6,729,1,76,652,76,002211,1986,3145,a3eeb8f96381d81d0560e9461dc675237d65009ef619c51f097aaa0f482a4fc2,000210,6
pi,331,7,729,1,715,13,715,222111,1992,3155,6271768958427a2728f588e4df67621615e77fabda8664cd3f2a7d3029985d9f,100202,9
pi,332,8,729,1,554,174,554,202112,1998,3164,c8a5e5019937e97a5816cb85a0358db007f493228d514d647621fcce3300ed9d,010000,6
pi,333,9,729,1,549,179,549,202100,2004,3174,1b7021d50539e7ad568fa253d302789e4c1075552568d3da483ac3dce7e9505a,000112,6
pi,334,1,729,1,200,528,200,021102,2010,3183,9fece0654b3d59c64044b0bbf477e6c2453fd512e3fbee1427b7998c4eb6697b,021000,6
pi,335,2,729,1,437,291,437,121012,2016,3193,2296762b04a742a264e06a9e80f401540796f3ccbb77759a9aa135ab854b8ac4,000200,6
pi,336,3,729,1,163,565,163,020001,2022,3202,3e8ae59bd72fc65e9c16fd06edd41559c916257331a7c5c940520815aeab873a,011022,6
pi,337,4,729,1,290,438,290,101202,2028,3212,d76eb815a0acd840893deabcfc015825f0acb5cba68362f94d9c0edf501c56c5,221011,9
pi,338,5,729,1,494,234,494,200022,2034,3221,88a68b0d52612603a43f609bb477deb19abf7b38818f1b98793bb565a9c98131,121211,9
pi,339,6,729,1,467,261,467,122022,2040,3231,378bc36d387c394f01f6d9b54a60a52a6b656804c6f9688dd74983594eeae8bd,202120,9
pi,340,7,729,1,712,16,712,222101,2046,3241,d560a5c37e9842a74b30f665d10943679d752afc016d245415d3c74fd1027c3b,011101,9
pi,341,8,729,1,34,694,34,001021,2052,3250,d5d260e000308b1e21050592ec911c271b1217f43ef309f0f6e763ac3f4b630f,100201,6
pi,342,9,729,1,198,530,198,021100,2058,3260,f4d60080282fd265f89cfda0fe7d0b86f256406f24ada07127ab807accdea6d6,100210,6
pi,343,1,729,1,701,27,701,221222,2064,3269,45a2849718b9b8e01b94081fda10be6cb6f6fa6e5438a64ce297df0268c4e2fd,012100,9
pi,344,2,729,1,20,708,20,000202,2070,3279,54b2d5ba7546ce5dd90adb02b1778d6c69ff5bc541e593d5ff9b29111befe29d,100111,6
pi,345,3,729,1,499,229,499,200111,2076,3288,1bbdb8da628eccf0fc8512985206eaa728d9b95f6e3acad79b2bf3d1324dd637,011212,9
pi,346,4,729,1,679,49,679,221011,2082,3298,93385dbf162a0d1c6ea42388369bac7779f3a151d2dd190cee13f0e3952cf6b3,202101,9
pi,347,5,729,1,15,713,15,000120,2088,3307,530ae90a4155830b90bb606a277f745c52220ed61ad1cdc7c404dc809f4155fa,002211,6
pi,348,6,729,1,540,188,540,202000,2094,3317,ef0d8fd3783074e7b2a6f58fd878a2bf0a846a21121d5d691ba724eac95cb714,212100,6
pi,349,7,729,1,17,711,17,000122,2100,3326,3e5adf613d8cd25979e129e89f5051c6cecb246eda7950d3f85001a6756768b5,220001,6
pi,350,8,729,1,711,17,711,222100,2106,3336,9e5c00a3f59252aa9517ba873cefe5b07312d44ebc41f46e2e7787dbcced6814,202221,9
pi,351,9,729,1,26,702,26,000222,2112,3345,9f022cff31af6ce18050f4d0452f5de2f72e956f83e2419aab80fb5781149553,011010,6
pi,352,1,729,1,228,500,228,022110,2118,3355,5ec1a59b63411e629eb41ebdafac25a8bfcb797060b7490851ea8974fcb0e6a7,002100,6
pi,353,2,729,1,87,641,87,010020,2124,3364,50d1a01d402d5f19bd44eaeca6ba317ec1adb7b8add8a4951541432c20676ebe,012120,6
pi,354,3,729,1,650,78,650,220002,2130,3374,f7c6256cd5f8742f9e24513b30ccf8a2638597fc84a07bdd6c436a30ca9b3454,112121,9
pi,355,4,729,1,493,235,493,200021,2136,3383,3a87afd57fb3a9f53b1059200f824e14fec5e3b2aede735df0b13c23dcf449df,012001,6
pi,356,5,729,1,205,523,205,021121,2142,3393,d5b3ad3a28041c11eb72073381a9b3f5a7ccdac6471607fc7ae6620729127636,120022,9
pi,357,6,729,1,57,671,57,002010,2148,3402,d8915a39521509e368735e93ae4a9813c7dc51924c6cc603f3ac74d05528e3bb,012012,6
pi,358,7,729,1,545,183,545,202012,2154,3412,b2abe60bc9e7a5fc451ba9fd83c4e61fa76a2d821fb524272f5693b33285b5c2,222021,9
pi,359,8,729,1,217,511,217,022001,2160,3421,3ac36261f4f2d8ce7957c44796a3d7674b9c8f16b66f1a21e89e0df47c1bd4a1,201200,6
pi,360,9,729,1,449,279,449,121122,2166,3431,c19987484c7d7d274ad4897dd6ed53c06880d48ba63ab281c7020df7a8f5727a,210010,9
pi,361,1,729,1,552,176,552,202110,2172,3440,f9fa2ba2946cf9e412edd0a96e68e172d94ec18d067f4dca436f4426e6a0f0e7,122210,9
pi,362,2,729,1,354,374,354,111010,2178,3450,8532284c60652143f004615933f8189007a1aef68a69932dcb1e169b4fd8956f,011222,9
pi,363,3,729,1,485,243,485,122222,2184,3459,2c0c35f1ea54103778a287d8a15087fdfb3475d4c3e8fe774bbaa84dc19e6590,111111,12
pi,364,4,729,1,315,413,315,102200,2190,3469,1ea8d8d49c44bb3552c55984304210822f8f38205930255492f7045e3cf786db,110010,6
pi,365,5,729,1,559,169,559,202201,2196,3478,0d60f9dd207c35211693926f1f15421981fd92884730f62fc7bcf82ee09045b4,200001,6
pi,366,6,729,1,343,385,343,110201,2202,3488,81b0eea208cd5e44aaef813d8882246d3233df0d8e1e5c96c1d07ecefda47e7e,100200,6
pi,367,7,729,1,373,355,373,111211,2208,3497,53de4173c2ab5b83854d3dba203d8352af93601139751496846a0ba0cde4e140,002120,9
pi,368,8,729,1,522,206,522,201100,2214,3507,ae201e24019707be075eb88b3ce6bc02dc4d7857d1d3f107139e24fc03fb661d,220020,6
pi,369,9,729,1,472,256,472,122111,2220,3516,003b13b7d658e72684d34ef858e486572adef0f586d33a56b0d6b2082debdae1,122121,12
pi,370,1,729,1,543,185,543,202010,2226,3526,1c34ab98bb4ba486745900474cf170a35a4b333032f53960688a2b46f6b213a3,001201,6
pi,371,2,729,1,140,588,140,012012,2232,3535,aa4f15ec0daf29b9805535942e2135357f1d8da5873ac22e818e2087ae93aead,001020,6
pi,372,3,729,1,233,495,233,022122,2238,3545,0020b01d00972330df46c1f8859deea494ca1a68b6835f4f34481bc81c6c0663,012021,9
pi,373,4,729,1,496,232,496,200101,2244,3554,ad1f6feb29b080e85c33e359f7bb5e009a37e5c2a6bfc41f1ba1abe0f4ee582f,222111,9
pi,374,5,729,1,146,582,146,012102,2250,3564,734b5b8768b29b69a9caa8b0cf5056474b82e4125ebcc8186e4023d12d1c8e44,000201,6
pi,375,6,729,1,219,509,219,022010,2256,3573,049c0c0bc7882e8d8712bb2d1a569c2a73f674c5db13ccede102c21a005376b1,211121,9
pi,376,7,729,1,271,457,271,101001,2262,3583,145edae188f35aa23d7a2978be87e99d4111bbada89bc49321f9fcca6f45ba81,200110,6
pi,377,8,729,1,727,1,727,222221,2268,3592,be188fa8274f1903a3291ec8809c3f94239417d292822a773d38cee4ab137b9b,010012,9
pi,378,9,729,1,238,490,238,022211,2274,3602,da8989b53a46ee001ac65ebefd7f38fc0edbb31f9fb581f23581ae68978bdd7e,202022,9
pi,379,1,729,1,654,74,654,220020,2280,3611,ac0184da58764f4c4c603c4edd592d3e81fa816e6889e4c4efd0393844451443,102200,6
pi,380,2,729,1,674,54,674,220222,2286,3621,cdbfa66279faf9137a5099bda527f7b144e2d759bcf66ee9cfe128adeb500e85,202011,9
pi,381,3,729,1,539,189,539,201222,2292,3630,48911377ffa4556c557421bca8b050f67730ea82bb262e5718c55011dca5d21c,110021,9
pi,382,4,729,1,664,64,664,220121,2298,3640,8244717e892be93717307f60d4aa07bc02e97c9d78b120a79cb0331424c813a3,002122,9
pi,383,5,729,1,400,328,400,112211,2304,3649,bd773496ff53769c07b8f4de874ddb98a886c81a4328b3792d4cd0c4afab0e16,112212,12
pi,384,6,729,1,382,346,382,112011,2310,3659,59f8bd0d2128518b44c0081b2f47e8714e7c4843054b319b5c6da1bd9d0dbbd8,200221,9
pi,385,7,729,1,412,316,412,120021,2316,3668,2a9c7c1a389abfb4d2b358b1789edae4f9e2f62546e3610366d2c41e64a2855d,200002,6
pi,386,8,729,1,452,276,452,121202,2322,3678,42909afa9066fbc912fb74fa72a4209b012443e1da936c02c908c5efaa77a64b,120120,9
pi,387,9,729,1,312,416,312,102120,2328,3687,a199c7351c56af61f87b035db3a3ed6f9c69c3220e149c676fad7896a9c9db05,200200,6
pi,388,1,729,1,427,301,427,120211,2334,3697,c3d5619f15520c6c99532c21663c002795ecfddb44c96d928fbcf1b4171ce3be,020222,9
pi,389,2,729,1,722,6,722,222202,2340,3706,681b45bed28191f2d341d514253a086595333b8d8355325697671bc8338094cf,211020,9
pi,390,3,729,1,352,376,352,111001,2346,3716,5ed62d539a26492a4582cf604ce4301de7d15ef0559f44cc6d5f248e6af63c06,001001,6
pi,391,4,729,1,386,342,386,112022,2352,3726,ebc5edafb48cdd54d2b635b1007359f00542bbd9cae6ac80865e54cbeca7341b,101202,9
pi,392,5,729,1,493,235,493,200021,2358,3735,3463ddf057c6de9f8083a173f65af767a80ed0db7c76da96578e089e51abce34,012001,6
pi,393,6,729,1,254,474,254,100102,2364,3745,ce61da3b58d3aa412f20d34be358029242f9f3246946354732f60359ccb4ebee,020210,6
pi,394,7,729,1,543,185,543,202010,2370,3754,5880c7f6b871d4616d84de94fae18d4e14be69a6d8fc9f740be1155353856a22,001201,6
pi,395,8,729,1,305,423,305,102022,2376,3764,e55c9351bcc0f3f6bfdd0584865dbb2e3198142df24cf73c45c0fde107c820d9,000011,6
e,0,9,729,1,523,205,523,201101,6,10,db984e8dcba0b287fd7f7074e617502fe33cc64038abc126aa5fcd6992fdf1e1,002200,6
e,1,1,729,1,457,271,457,121221,12,19,b1fbad920c2cbe8827bd31a34024c9f94359d49c390d318d574ba21fc1267ac8,222112,12
e,2,2,729,1,301,427,301,102011,18,29,c6e229d42c16e70396b13cc30010ebf3561f522447db7dfcf8d08acdd0784ca1,102000,6
e,3,3,729,1,161,567,161,012222,24,38,23bdd430bd113e628eb66798fac1d704cd94cabc4081686b2b76e2a10249a3a9,002112,9
e,4,4,729,1,301,427,301,102011,30,48,d5fd927d7c4a4e3d86f787fc409febe017e4ed5ae7f0cf33e30d4745552daeda,102000,6
e,5,5,729,1,215,513,215,021222,36,57,623ed87fafe1f293fc1d7fb06602a383c5d3bfa978369ee3b12007e4a6f569c5,020211,9
e,6,6,729,1,533,195,533,201202,42,67,c97536e9a5b3f6bd019b0c595a9940fc352f6c2b703687aaab49f0639541fa67,202122,9
e,7,7,729,1,723,5,723,222210,48,76,262973affc1721e22f9464131a42d2f923d5eb43f119674c7c4294f19a777e9f,112001,9
e,8,8,729,1,644,84,644,212212,54,86,0faf6b49e8596e8e7f7fdc63ccbbc75baa9aea89f4eb6f4ed6e6e59f9824650e,202200,9
e,9,9,729,1,176,552,176,020112,60,95,d4545c39fca9905c07b983a8e9341be345eb5c52efa50e128108e7ce9fa057f1,000012,6
e,10,1,729,1,403,325,403,112221,66,105,3545e9c1d4a8fc9238983b21a865338ac8f7aa1960c405806032592549eb3934,201010,9
e,11,2,729,1,325,403,325,110001,72,114,8526b84120a5acce53041f576fc930a7b96e53ef543ffef6666288817d5cde81,221212,9
e,12,3,729,1,566,162,566,202222,78,124,8beac0b04929e44aec4f1965d0c18f04537c8665ac0e0992acfd5ab0d4997397,220110,9
e,13,4,729,1,389,339,389,112102,84,133,511a68c9564d2c7b79e6914528539565a34c0c084d1b390165fc81612fa64c82,011012,9
e,14,5,729,1,300,428,300,102010,90,143,2ab1f57b02bcfd19550cf353a6a43b4c1bebb6b6d10738d209aef0f41c1bdee4,020120,6
e,15,6,729,1,222,506,222,022020,96,152,be46c82af8a445529844a83e67e2380a178b5bba614b84b8634622ff32bb17f4,000222,6
e,16,7,729,1,704,24,704,222002,102,162,c6de4fbb41c0e77228097372e3231b0312db98a3c678aea76a237210980a7e40,002002,6
e,17,8,729,1,138,590,138,012010,108,171,b71f989a2fa6e4ce2819cab992166a98cc85c5a6763537acbe5e1538b720f0a3,110200,6
e,18,9,729,1,41,687,41,001112,114,181,8320c4f853a8763bc7ea81132fb10335d54d7bfb4aaf72140317da2feb876e75,211022,9
e,19,1,729,1,239,489,239,022212,120,190,09a1e7b6379c2e52d2bc4794e96b43495c5206fc2a810a358645b9c6ce9d9c68,011202,9
e,20,2,729,1,173,555,173,020102,126,200,34ab975fafbf3d1dcc8c12d242fcef2469d0dbb539afaf7251308dbaac85648f,211211,9
e,21,3,729,1,171,557,171,020100,132,209,db889cea60207b9a809a82fc68055f59a99f23ae1c493347b3faeaa64535bb3d,020121,6
e,22,4,729,1,49,679,49,001211,138,219,9c6f708fa6acd13431c08db84b0adc4b0e001749e7925474e901f40d0fde119e,220121,9
e,23,5,729,1,275,453,275,101012,144,228,4a7dcf3d9002b38e751ca619b2d981b647e2a0a45624a653c4849595f017acb0,101121,9
e,24,6,729,1,287,441,287,101122,150,238,bdd71b986b9e9050df28052e79515c0b1970fa112cb2a71ffaeaec1562e6e8a7,011201,9
e,25,7,729,1,202,526,202,021111,156,247,9b5c99d566b994c611f8cd6d8e8c796f0e96921e8aabcb11b26ccd52467d4d78,001221,9
e,26,8,729,1,374,354,374,111212,162,257,cdcaa59690ffe247d211d2ff5141362f10864940a79f9185d8a1d1eef893bb6e,111000,9
e,27,9,729,1,548,180,548,202022,168,266,9f3e4731adab21e0a0404c2d4ab3472ddf15f84d630cc61dcd405b70d15e5030,011122,9
e,28,1,729,1,215,513,215,021222,174,276,96493bb196490f41b62994f8a630899fd854eb4252e51d0e50146f45b5dba099,020211,9
e,29,2,729,1,166,562,166,020011,180,285,c0872747455721c1ffec490c55bb9584e14f7736b7fede5e08e088488173a350,100120,6
e,30,3,729,1,344,384,344,110202,186,295,32c85c78e12b5dda705750ad608643f8a762c34eccd23fd8a58ee4ae20255fa6,212110,9
e,31,4,729,1,93,635,93,010110,192,304,d0222bf5b01f103af69d2b892ed71825f783e0ce17afa31618f58a7b647939ca,011001,6
e,32,5,729,1,196,532,196,021021,198,314,916f531ae28d0189947b06cc275a8f3b19b189a33abcb38b0a5279db44f06eb8,002010,6
e,33,6,729,1,259,469,259,100121,204,323,b8883d4504ae150bf3178b395df998cda692831760a296f46e89dd53636c8593,122202,9
e,34,7,729,1,4,724,4,000011,210,333,e77c6929070b68b547c616d6cac189263c8403404599c42e7b13d5e577e3a153,201011,6
e,35,8,729,1,611,117,611,211122,216,342,686bc714a9d2949116c379b843a582068fb3e2ce9c0b493d6468e5bf52082c94,120200,9
e,36,9,729,1,275,453,275,101012,222,352,f18c1cb413783788ecc2726a613d21da9740822f88c2b8caea679d1152993787,101121,9
e,37,1,729,1,128,600,128,011202,228,361,232b89d75dc9b3c09b64b4428805ae0dce24e1b5e7d809219c618863e1f588a9,011121,9
e,38,2,729,1,498,230,498,200110,234,371,be36cfd6c74c1dbd3973b66de5093f8920a7702521c0f72f59a6d05acfb4f421,202002,6
e,39,3,729,1,127,601,127,011201,240,380,a4f16cd8ce4cf692cff4228cbcef6f2a5a0c0120ba2f31ca7269687f66de4df7,202211,9
e,40,4,729,1,52,676,52,001221,246,390,f7b2120c5a9d50f17f009eddebce772b2893833c05732d8ff5d5710b89a98a19,012222,9
e,41,5,729,1,688,40,688,221111,252,399,db075df38650a74cd4b7fb27e6f97833cedda98746b856cdbfabebd4a4b9136c,020110,9
e,42,6,729,1,313,415,313,102121,258,409,86814f295291cb7eeb8e29b33606c191624b1a1ba1a3b874a7deb9d710683fde,012110,9
e,43,7,729,1,520,208,520,201021,264,418,be5c6dab237c4bed5fc44d33cce76edfbe9999c72b4b539876599c0259dcb85c,122120,9
e,44,8,729,1,667,61,667,220201,270,428,cb5c714d5ceef6fd35835617b7969f9b60f3550d2ee1fb48331ccc66e9106f22,212202,9
e,45,9,729,1,442,286,442,121101,276,437,d00eed755071d8a1eba251dfc23299385b6d5d37bffcebeb00222b6f7cc72745,220201,9
e,46,1,729,1,181,547,181,020201,282,447,c13cfc75dccf13ea79f7b81dbedad5ab7d3ddaaa730931ebd353181305a1de49,220010,6
e,47,2,729,1,2,726,2,000002,288,456,1d380bd44755928d894557e7a049ff998704495aa3485cc62b5703f798ea8589,221120,6
e,48,3,729,1,681,47,681,221020,294,466,a46346b19b4675da220670e9300bc02d4ba415a67d773dc8184046e5b37a436a,212022,9
e,49,4,729,1,509,219,509,200212,300,476,3a4087ec42f3549ce55805f2220a5d221a0c3a58a7ba5626626bd1712517ecf3,211101,9
e,50,5,729,1,677,51,677,221002,306,485,ceaf35ae098c57b6538ece710d4a7bd9a4b2b8f6df58acf31a5a3bedcbdd688a,222210,9
e,51,6,729,1,636,92,636,212120,312,495,a9894f5beeb53ba6fe5583542f04729e0d07f79a7f5470d6e6869c289cea43b4,012202,9
e,52,7,729,1,459,269,459,122000,318,504,df5cb4e4ebbf154bfccaecd8477bf98570ca5d07c7fc9bf19716560916df026c,100101,6
e,53,8,729,1,561,167,561,202210,324,514,91ca08630e251882082cf62827267617f397ddd8a434ec540677d40f975bfa8b,210222,9
e,54,9,729,1,594,134,594,211000,330,523,aca081bcd4a6a38880f4be89c31e957d1b18933ce630a3f9547f69095241d844,200202,6
e,55,1,729,1,696,32,696,221210,336,533,01394b01763ea75e536ebe2b5529f18b1fabc1b672626755f9f05becf4765146,002212,9
e,56,2,729,1,199,529,199,021101,342,542,9efae146494580d3d9109b0067aa0cbefe0073a7659acde710734b833d1a96ea,212120,9
e,57,3,729,1,358,370,358,111021,348,552,c4c8f94ea718af5abc8028ec917ced1cd62fa1acdac6a9ec16de7740267cbf9d,212200,9
e,58,4,729,1,232,496,232,022121,354,561,b0f158f52b757abc58930924c7768003a3fdc24803ace909bdbb7e6d41fde16a,200111,9
e,59,5,729,1,392,336,392,112112,360,571,f3ec3e6407acf62e9f4aa84553eead2d5b64122e716066f78081f5ba5f1addec,100110,9
e,60,6,729,1,717,11,717,222120,366,580,7772288c014887db5ca8c83e202288c3cb15be461a928cdcececdce183b475ee,110120,9
e,61,7,729,1,111,617,111,011010,372,590,9a084fb6c1d9e71a1b89c77ca8040dc5881cc8657892db333193773aba28559b,000111,6
e,62,8,729,1,177,551,177,020120,378,599,9a8847b16d77d56cd056ca41d2a41f520de6247b82ef7b43756d26a21abab661,201020,6
e,63,9,729,1,461,267,461,122002,384,609,b8d6c6975934773bd6785c7a74dca43b4399cd9a0982d424f71ab5d41feb5408,021221,9
e,64,1,729,1,609,119,609,211120,390,618,2b28b8bf3bda023cbdea17835761479bcba223f6ffdb385d469389d924b63c83,202110,9
e,65,2,729,1,482,246,482,122212,396,628,24713029e1f870e22e21fead549ffe93c9394ee2c79e0c1aa87b82e57c44e233,022010,9
e,66,3,729,1,326,402,326,110002,402,637,3a6763f4f3822a08cab44251aaf1109bcc57ba32d255d4ab4adf3e166c527082,000122,6
e,67,4,729,1,51,677,51,001220,408,647,f52e614478f195a631c758b52938759d11b9107d01be003ea16c11393efb0a08,200012,6
e,68,5,729,1,700,28,700,221221,414,656,2d185dcec2855e3d706ff9b494c73dc92cb5363c45cb3cf2ac8de2eb7001ff26,200220,9
e,69,6,729,1,535,193,535,201211,420,666,a17d4736e8e04387e4cbe054bcaef578302369b6956ed77c25f7ec807eb02cbe,212010,9
e,70,7,729,1,586,142,586,210201,426,675,c888270f9916d85c93a84e0459c9bf0eca6035fd47a08d97e5481da4061f51d1,111011,9
e,71,8,729,1,295,433,295,101221,432,685,9883dbe13f4f2b37557f594c9885031c9de0105fa8b6d807575065d41d8c34b3,020000,6
e,72,9,729,1,561,167,561,202210,438,694,0a436a2f91333b459fae3c152682887a0c56b3e95ac47279c5e8ba83906240c8,210222,9
e,73,1,729,1,157,571,157,012211,444,704,35ea83c968065b379118bf55c1cc4fc30e696207f10a23a564988ae9f517aeb5,101101,9
e,74,2,729,1,460,268,460,122001,450,713,15b8fa40819458c6ead722d584478f9e91302cedf5ea0136d7ca63fee47ab547,212011,9
e,75,3,729,1,175,553,175,020111,456,723,762ea48e5ba5da3fca7e680aa4164466d8ba7b0ffe8b7a16eb65ff82d56b162f,221102,9
e,76,4,729,1,549,179,549,202100,462,732,37a210f70c24fc783090e421bdd0c6628f8e8ed8dad620373dfd2177582eda1b,000112,6
e,77,5,729,1,561,167,561,202210,468,742,5fb0db06ef2e6ed9543038c6c0002d540476a2eee28a3640785c84d261861274,210222,9
e,78,6,729,1,711,17,711,222100,474,751,867ec3c7b73358ca802f65595c83613541e19f36c5f602eb6c44d407e7a8fa0f,202221,9
e,79,7,729,1,308,420,308,102102,480,761,4c2c1db0d0f59bbc9ae00cd113cb4bf7fd391664db7df0bbbe84534e2634a57e,210121,9
e,80,8,729,1,532,196,532,201201,486,770,e9d3e495787df8c0a37c2bea4bbac76fae1de75f4b04c2863ddaccb8ba348a11,120212,9
e,81,9,729,1,182,546,182,020202,492,780,dbc3e15bde20ad886aed050dcff5d16fdbe3532a84b03d9e92669a75341bd44f,002220,6
e,82,1,729,1,419,309,419,120112,498,789,d8f30dae6499a870383a87e6557d2004da324809138b7b9ce41055c99b3462db,011120,9
e,83,2,729,1,705,23,705,222010,504,799,f6fafd05d56f14951e4473c162c68ba2c5bbf8ea93ffbee9058adbf587a50a32,200010,6
e,84,3,729,1,166,562,166,020011,510,808,71f498a84f5eaa011f580b7bea3ca47d2fbd4704038d900476ddf1079c8215ec,100120,6
e,85,4,729,1,514,214,514,201001,516,818,68560495bf27696009d9c3ffd0862faab46e88a8ae3d06d24e5e022e0e7cf6d0,211221,9
e,86,5,729,1,583,145,583,210121,522,827,5b5be22178bbf653c16a53bcab6d49b33dbf0c6d41f2deef3b018b3277d2b9d6,201201,9
e,87,6,729,1,402,326,402,112220,528,837,db646176c6e541e20b4a2f909427de47360ce9d4c1e9db3a449c54566b7f9da3,122100,9
e,88,7,729,1,413,315,413,120022,534,846,26af7255e7164f18c2c2ad3b2541ce949d801d5517100cb5e4c9f8214ee227e9,012212,9
e,89,8,729,1,178,550,178,020121,540,856,1b865fcfc15b2cc2f87e6ea0444b65e50b3e8ca3a6b15e6e7adfe09cc27e0bd0,010200,6
e,90,9,729,1,228,500,228,022110,546,865,d5122ba673acf63abfc7e1e2210957df36bc95ff7b8931f70a4e64adc26e8663,002100,6
e,91,1,729,1,168,560,168,020020,552,875,695ca8b5829445989c770aed8cf30d7cd6f18a2245249a0a51dbf6566bf3bb5e,110011,6
e,92,2,729,1,130,598,130,011211,558,884,98ecd40de8c44536ba2845e7afa84f1b158f03ed693569a005fba5dae7efea3e,021012,9
e,93,3,729,1,142,586,142,012021,564,894,567817e3cd8980df97b4b847e766b134262f746e643a05106a695b4bb9ff8577,011211,9
e,94,4,729,1,465,263,465,122020,570,903,0d550f2d4c5c345485d69b8c66cfdf246450c30ae88e187c065a40576f7d7615,011000,6
e,95,5,729,1,600,128,600,211020,576,913,6f2be536cb817bba50c58fed97241afe0da3cf15b707d2e048229d8b221f16cb,111101,9
e,96,6,729,1,328,400,328,110011,582,922,44a99e3f8f30307a991a10d616358dc312b1c886ef21d41bdc5c3d27c7468631,010010,6
e,97,7,729,1,275,453,275,101012,588,932,8fdf48a3973398e1d0c3e20b045b181650603ab2b7f79a4f7bdc1234eb1740ba,101121,9
e,98,8,729,1,7,721,7,000021,594,941,8d957844b54e46fbc814c4f83b0327f59fd3923a1b58e61f3ccc162da57fce69,020112,6
e,99,9,729,1,492,236,492,200020,600,951,4aa8890a1a230060ca544ebeadedadf46e648e975e7118597e9bac77304b602c,200121,6
e,100,1,729,1,281,447,281,101102,606,961,a30521d6e7331e43019654194c4b935544a4a8bb26b276432c2f6156875cb372,100002,6
e,101,2,729,1,97,631,97,010121,612,970,13a502331a730180754a327a7109cff2ca45e54dd4eab4531fd9078e33937cba,212012,9
e,102,3,729,1,648,80,648,220000,618,980,42277194a9649a92ad496ea90b5d9ae48000731d914ad9440b9979ba62dd70e6,221001,6
e,103,4,729,1,64,664,64,002101,624,989,b6cf1c8e9fd4e270dcd19a7a363cbbd0f7b236c7fc8aca9bddc4245d1806e935,120100,6
e,104,5,729,1,638,90,638,212122,630,999,29ee0176d8e139fd1a7139869f64b02625fcec05048d69d5264c426c86a3b820,200022,9
e,105,6,729,1,525,203,525,201110,636,1008,fb33fef54f30e948b474ea86b206fea67c1764fedcac5efa16c73a8eab79f4a5,012121,9
e,106,7,729,1,230,498,230,022112,642,1018,7142ac4c6bd11c21b43cd46b876b1a009dae42ef66680a349de6a5e2591fe69e,220220,9
e,107,8,729,1,724,4,724,222211,648,1027,9b9eaceb84404c6122c3a9f6aa2bde50a65d4de54fe0abd807d0b9c92a2a43fc,221211,12
e,108,9,729,1,136,592,136,012001,654,1037,e45d59c80f3c590d125665780b9e4df75165ff7ca72afd699b31a0a39137c432,100012,6
e,109,1,729,1,495,233,495,200100,660,1046,16fb1232216606ea637d5c406a6a22e223a3497037d16e5dab1da5b56c5b0eaf,110201,6
e,110,2,729,1,339,389,339,110120,666,1056,0adcbb00405a82407492c3ca8946042ed0c907f360449c9e345fdd6ed91a7849,111210,9
e,111,3,729,1,80,648,80,002222,672,1065,3566161733f98417a7b3bb43024eca3e3e58d9507c61ad313c32011e361a8ffd,201221,9
e,112,4,729,1,564,164,564,202220,678,1075,4272437cc0a2fef4ae3de2bcadb513b2af62a905b13e9b3328b45e2deebfaf8f,002020,6
e,113,5,729,1,39,689,39,001110,684,1084,a8a68bbe1022f49e9e6a57f0f95530312915b4a595fab51dd5bc7f1ae590e457,020202,6
e,114,6,729,1,576,152,576,210100,690,1094,27cd6ef4e2e4404d35bcafd0a084f2e9a693e53b978d2a4ba33d90d378dc298e,211122,9
e,115,7,729,1,442,286,442,121101,696,1103,566046d4d985a2e39e7eaaaae3ebb5b505b3b6386598a5d26acd46933fa214f0,220201,9
e,116,8,729,1,56,672,56,002002,702,1113,3b45e38d0b21bbeee6fca39d5139da3bc6f1bc1f6677faf05a95193176d1f304,111001,6
e,117,9,729,1,66,662,66,002110,708,1122,d7fdd17596a9cafb2901c9135950a698a0d2dbe3fc8aef14ba32f6ec214ad616,100021,6
e,118,1,729,1,373,355,373,111211,714,1132,afd42ac48388c501c50ba7430f11f20d3d8aef7c603e4259717050f91aba830e,002120,9
e,119,2,729,1,149,579,149,012112,720,1141,63dd9247dd3d137ba4f29175e4edb515eda6571511afe93fa10e6e532cfd69a3,122002,9
e,120,3,729,1,610,118,610,211121,726,1151,0c6d2bda35839bc86cc8d7484dc8131c6bf57932c790c3f6b699280049d4cea7,011020,9
e,121,4,729,1,499,229,499,200111,732,1160,bd1318a96fbb90cc3c1cc4cbecfb469aa1e869af0a4b59d38d8fb315f1b13317,011212,9
e,122,5,729,1,410,318,410,120012,738,1170,60d18d2c53113f49b5204912e4844f854d8c1275f6519ac364b89479d8e57314,220111,9
e,123,6,729,1,470,258,470,122102,744,1179,175dcce8a513999778a0c2aed32d050d70ee82a76394bf1697bbcc41a19ab652,112200,9
e,124,7,729,1,668,60,668,220202,750,1189,de2a1b391db4ff112ea10edea048db30d83655a227b3230fcb7101a496c34e75,021112,9
e,125,8,729,1,108,620,108,011000,756,1198,c337ea13443616600a0f6b67a23e5be72703d518d91ce8aae1497ede16d23bba,211010,6
e,126,9,729,1,470,258,470,122102,762,1208,ada745f12450b23b2c9ad185f7322a4fc3fd1c707b06f72a72af925b5eab2127,112200,9
e,127,1,729,1,721,7,721,222201,768,1217,455b33bda9a61e94acd14c2a49a30c1ad9f58c76c5c901249297bc8f1e0b03ad,102110,9
e,128,2,729,1,473,255,473,122112,774,1227,1d73bca744ca2be774f06e5d68d627398c9c0362cfe0e20be23d9c9428c7b7ce,201001,9
e,129,3,729,1,666,62,666,220200,780,1236,0a545afeaa63d2035a3800d8fce44c583aa9ecc027d0027ca6ac89c7a0c1b5b1,100022,6
e,130,4,729,1,166,562,166,020011,786,1246,a2b752723e798224b058667a8cef18265ccc8166044adb0afa32e2587cabc245,100120,6
e,131,5,729,1,12,716,12,000110,792,1255,c988537be9d24acbc73ee6876955f95e4addc60bba029e950577ec80610ffb20,210110,6
e,132,6,729,1,165,563,165,020010,798,1265,f36deaa215ad5550b2c9124305341cf2881dd6df66a8f7bc62c0277597d05452,021210,6
e,133,7,729,1,28,700,28,001001,804,1274,01d4d5041d604fe6e90e29c3d054c5ac2f46c5657aa1e1d6b9625195934aa67d,222002,6
e,134,8,729,1,28,700,28,001001,810,1284,f9e4b735fe7edd9205a939c8268e3f43bf0d5eed4c8a9a20b6a18a382f85fd16,222002,6
e,135,9,729,1,551,177,551,202102,816,1293,2c5d952375f316605b6894f12f08fea5d3d14e76f4c8a878c9a5faa545a241db,221202,9
e,136,1,729,1,604,124,604,211101,822,1303,48a1428c002272d1474679ac3022a3439abdcda2e1351b86be6a7910d50e3b0a,100121,9
e,137,2,729,1,622,106,622,212001,828,1312,61b443034fcb59dedc3f48577f4a381e969e8b3736a35e64bbd7d9f92a76775c,122201,9
e,138,3,729,1,710,18,710,222022,834,1322,db457f1451f5da10f726ded83f15e7f1669a2e4e26e40d01007e821b83916b7e,210201,9
e,139,4,729,1,325,403,325,110001,840,1331,03c13d5665f167474ecf5b51c6daade21366bc79a5b031317e9099235ef82b8e,221212,9
e,140,5,729,1,560,168,560,202202,846,1341,83c56c7616a9714c28f7e96c96ad1f06065e7e8bcbb63fc6efa214f29ef8ee45,012211,9
e,141,6,729,1,648,80,648,220000,852,1350,6f5ee8df869afe9cad2fffff4433216c70920470164780f06a1829c4bb9c3844,221001,6
e,142,7,729,1,602,126,602,211022,858,1360,a1d1efade63e1bc02856072347ad3582fce04a17b7c4d493ae374de07c16a579,002221,9
e,143,8,729,1,257,471,257,100112,864,1369,bc3a6b040e1faaa6f90aad30c54fbd2885a9b47e2b5b2d4cfb1a6d6a8b692983,112011,9
e,144,9,729,1,92,636,92,010102,870,1379,9e9491ef1a09d523feb2600ec05f2a01c69feead1bbb1cb84b841bb2cde06a53,110020,6
e,145,1,729,1,531,197,531,201200,876,1388,302202707ee70327a78da35d9ff79ef6b1b4aacd47d458db9773d4245af493e7,011002,6
e,146,2,729,1,356,372,356,111012,882,1398,012b7c1322489f6da96aad3f702f8b846a0be4c2e72c6818546e4ecfa2eaebeb,202012,9
e,147,3,729,1,154,574,154,012201,888,1407,60a436bb537de39a069bb9571e702bd8c49b714b83d2de98c8a9b6bb64be9728,012000,6
e,148,4,729,1,372,356,372,111210,894,1417,38980813dd63a27fc332acfc5e4914fedb7aca7a4a114c329008a271ff03bd53,220210,9
e,149,5,729,1,516,212,516,201010,900,1426,f92e3a18ae616430185c89fc9456d53bbc349db8d41e271f5277c8a3c570eeab,221112,9
e,150,6,729,1,727,1,727,222221,906,1436,0865c0e7eb7e9f2cfcdff6c3f677eb7241a680d318e7eacd8b9e2c266fad6bfc,010012,9
e,151,7,729,1,362,366,362,111102,912,1446,f65a81d4841a04c1d4614d3072cc6ea1682448a91eebc38ce726679d510fd9bc,201220,9
e,152,8,729,1,121,607,121,011111,918,1455,ed630894492732e16b81cf2cb0099c3091a4cb38c9a8d4200f0e92250227bf21,200000,6
e,153,9,729,1,370,358,370,111201,924,1465,9fc1b39cf005868c28a89150d5cc3bc64d6b758a9242ca8c7aa5f5ecb8106ed8,210022,9
e,154,1,729,1,586,142,586,210201,930,1474,2a639e0e2281107082b243210d9f91d42c6a88e0d11be9353ca9b2b9d6988dba,111011,9
e,155,2,729,1,436,292,436,121011,936,1484,af5eee080d16cb2ef0de856e7bee5cbd1a29820a751cd21f458fd53c99a40f54,221020,9
e,156,3,729,1,348,380,348,110220,942,1493,61df5e9cf5895d58c73c5a758f2be28a8311b38eee03e5e3858a6c9598278a67,202222,9
e,157,4,729,1,463,265,463,122011,948,1503,36a9c4934d3270f911cf4da44df2eb488d0951fc1991d0d174962e974adb0991,001112,9
e,158,5,729,1,682,46,682,221021,954,1512,d35564ac3f7b860e5f04fff8b14b2f4729e7f1cfcec7908fd3ca86b95d5db05a,021202,9
e,159,6,729,1,507,221,507,200210,960,1522,1458403dee6fe5fbe62ae2514af4c4f82ed53857f898b5dc0ce5f33bdaf40ea5,020011,6
e,160,7,729,1,295,433,295,101221,966,1531,2e81e82571d6381282398d59ea77484861d721b55a82c4384f81e22f6909bc97,020000,6
e,161,8,729,1,55,673,55,002001,972,1541,b9031bc55ff9365a8765a2f86e4850e407fc6f6292932abc9c7edb847ab2d1b3,002121,6
e,162,9,729,1,520,208,520,201021,978,1550,2af18658ca0cda71f1941d804365c490218a1a14eb6c0d189d507935dba20f34,122120,9
e,163,1,729,1,105,623,105,010220,984,1560,5760633ee6f886fe46a6ca909077b6fa99cafa995aa96f219d6b7db55e9edef3,221111,9
e,164,2,729,1,202,526,202,021111,990,1569,f94158a8ee4f9662c94d295165fc9debdabbffd1eebb3c316a53362662ef5a84,001221,9
e,165,3,729,1,290,438,290,101202,996,1579,81f1e11ec97f0c819c68ed93c5918ba1a0f2b4eb6797f196e3ab086d94837a31,221011,9
e,166,4,729,1,73,655,73,002201,1002,1588,869982541f1f6e6fd187b97e36dcaff142152534a24df6ff52302e6a8f2f4283,211112,9
e,167,5,729,1,645,83,645,212220,1008,1598,ea3380169743d84083d2631fb19240341842a1c8514b2b9645e8dc8ef5fd4328,100211,9
e,168,6,729,1,22,706,22,000211,1014,1607,496ad49be1197c2eda663f7f03dca722be01178a9834d9ef8cf8482b04ea6960,110002,6
e,169,7,729,1,14,714,14,000112,1020,1617,a74f7264b3da791d6205b086cce9b7589eecd60cb8ad9bcbd8626e7d7c12acc9,101200,6
e,170,8,729,1,437,291,437,121012,1026,1626,9dad10c2b26275855b1a69e87be3c29da58a3a892267b3f715c254f6fbb34fd5,000200,6
e,171,9,729,1,347,381,347,110212,1032,1636,4f9b78c95f752abc0fef0963327f635a46a406f37863530274f393670967d204,001211,9
e,172,1,729,1,163,565,163,020001,1038,1645,7e097bb12e5e26e2bc4cd26a1e5840e73955cf74c812fef5bf2552b28b8c4ad4,011022,6
e,173,2,729,1,258,470,258,100120,1044,1655,0ae585e4c39e51fed912f6ed6128355f943468c90efcf052633ebc3c06dec4e8,010022,6
e,174,3,729,1,45,683,45,001200,1050,1664,e2303f48e78c5e4911cf683aa58db1abf56eab7f2964e597c8699f7cd4679fab,022110,6
e,175,4,729,1,531,197,531,201200,1056,1674,ec4754cfa6c9a58a9496426fa9b655a9cf3ea42cf19fa0eed8032e55bb06fe83,011002,6
e,176,5,729,1,370,358,370,111201,1062,1683,282d42e590ba6639152f402f8c42c2f138210e5010484a62472010d241fd18ab,210022,9
e,177,6,729,1,114,614,114,011020,1068,1693,04514c240e100464ef797c95fa3fb589e6db636fa4b7b35b371ecccefd74c041,122212,9
e,178,7,729,1,499,229,499,200111,1074,1702,a69381e0b2458e205b3e069785021e483816dcecf21909e285de6877a481d68f,011212,9
e,179,8,729,1,51,677,51,001220,1080,1712,4b75f634836a51136987675fb32a9dd2a91ba9ebceab45d16500d9ca3712e74d,200012,6
e,180,9,729,1,132,596,132,011220,1086,1721,a06e8c6796663a1ed1241b345507f6f85a879d08873e9330fe9ee63c2395090d,001200,6
e,181,1,729,1,492,236,492,200020,1092,1731,fb4b897be229e3112284e362f558599e7caa9337035e87f7a8e3d00e190a52ba,200121,6
e,182,2,729,1,440,288,440,121022,1098,1740,f3f17f43175b5f3e46db19fdd164ea58c315396ed6503ea000216fe763f0baa2,122001,9
e,183,3,729,1,571,157,571,210011,1104,1750,36f1a60e79d62f6502dedf680b98191ae1c64b339024d878052d00cfdedab57a,021121,9
e,184,4,729,1,477,251,477,122200,1110,1759,d34e6c20b22bcca6bf9fa7379575b3644775a8e8dd8acb77d17686ce20fdda37,012122,9
e,185,5,729,1,34,694,34,001021,1116,1769,8a34b7bad3aa987b883d404575a576b436f877b31fe0987fcf2f95c1489570b8,100201,6
e,186,6,729,1,280,448,280,101101,1122,1778,5e02ca0359810831150a7d3bb050a6b159d633e506ee5a3da97a171415d38f71,021122,9
e,187,7,729,1,367,361,367,111121,1128,1788,fdc7d5f30a9d973530c0c6c3dcd01180fae371f9ef0531d1168910f209aa0c25,000212,9
e,188,8,729,1,627,101,627,212020,1134,1797,24188c74a87d09d54a46c12569463436484f4c91b828c095bb4e5d941e172c0d,221220,9
e,189,9,729,1,545,183,545,202012,1140,1807,ce51c98910630417e3e93d38f2695be0c72cc60bd0b3abe86c86c848273b1875,222021,9
e,190,1,729,1,132,596,132,011220,1146,1816,50af8cf43cce936c6eed7e166e3f589628d51fb288e63938b0a4dfe6ed8384fb,001200,6
e,191,2,729,1,410,318,410,120012,1152,1826,8fa78a750b78c9b039591b10d252ac65eebf034c044f6b20f1b5b92db8fcc44b,220111,9
e,192,3,729,1,216,512,216,022000,1158,1835,f94677459b5d3c05875824c204f6bc4a4f2251540ee01774a204121c6f202b23,122020,6
e,193,4,729,1,41,687,41,001112,1164,1845,cea74dab5ccc43f240ddd2124ca96483d36e8f98611db102bb97cf764cd08547,211022,9
e,194,5,729,1,365,363,365,111112,1170,1854,8d50e88729bbde6003050abbddc1a14a83f91ab8be3716a2835a6bcf8d73545c,020021,9
e,195,6,729,1,12,716,12,000110,1176,1864,4084e53f2f6bde45629207e21962a9bb3cdfce59694cd176db25b382dbf41281,210110,6
e,196,7,729,1,341,387,341,110122,1182,1873,bdea5925866370bcdac12bfec97553a138680dc44307c1b4213c8e84282fdeca,002000,6
e,197,8,729,1,473,255,473,122112,1188,1883,22a2910e058fd0139ccd83766124557bc596114fd6e86b36e32595d77e4ae1f9,201001,9
e,198,9,729,1,415,313,415,120101,1194,1892,ff3a467597d070320fe83afcd1a3ef7b04bfd7384b301c328447b1b6e914bdda,110112,9
e,199,1,729,1,718,10,718,222121,1200,1902,79d770f4cd76403df2d2881a69ee80aa5b2ce13228cfdcd9e480d26d331ff4e0,222000,9
e,200,2,729,1,1,727,1,000001,1206,1911,ef1cc0c68340475813007af34fe551e4ea698aede1683ea02e5bdb62749bfbfd,112210,6
e,201,3,729,1,180,548,180,020200,1212,1921,8e35084fa5e636a977999dae9cd46a20d657bda7c2abe1bd7516074386fec1b5,111100,6
e,202,4,729,1,129,599,129,011210,1218,1931,97e766f47431da39d853e01406401cb0a3c98c05b2e19ed5b45c84c21fa0864d,212102,9
e,203,5,729,1,453,275,453,121210,1224,1940,5cac249982d9d90a20ac241c8a1557243191d5a5d021fbb1df93c559edfae8c2,021101,9
e,204,6,729,1,220,508,220,022011,1230,1950,6ec37fb34325548d5941d47259b6c046a8c0a1a83fb9453d62b9be182320cb8d,020001,6
e,205,7,729,1,717,11,717,222120,1236,1959,0a34bfd0d899b99c70f3c5f851ec2375a7e5ec251270086de25953c2d14f431c,110120,9
e,206,8,729,1,270,458,270,101000,1242,1969,97d9fe84c676187f605255054a679ad24e2998623fd901411e736c93237845e0,121200,6
e,207,9,729,1,240,488,240,022220,1248,1978,ec4a62088a5a0375a98282a15222f78255aae5edd7084dc34a185ef6ee33a51d,212210,9
e,208,1,729,1,181,547,181,020201,1254,1988,81551e28749a84b3b3b35368c17081407cf91331b99e7668ed274f96a6790d72,220010,6
e,209,2,729,1,588,140,588,210210,1260,1997,fdeed157ce1ab208f5f162f3323fefee4ecb6830479d395449bdab3231b44bfe,121202,9
e,210,3,729,1,177,551,177,020120,1266,2007,0756a6cc813786beada77892fa908fb76eb0af6792946d1492a71f9055d259be,201020,6
e,211,4,729,1,219,509,219,022010,1272,2016,ac2cb44e31e9076dc3f22a931d3f5d83a41e59682ae2a89684582a18eae9b300,211121,9
e,212,5,729,1,150,578,150,012120,1278,2026,27bf94f22293f019d807e819df4707e077f6c1c2e7db6569a485727a6fe27cb7,020010,6
e,213,6,729,1,423,305,423,120200,1284,2035,7cebe597d5fdce862319d303d93848c832aece20cadc275f78f0b7f34d6c801c,122211,9
e,214,7,729,1,389,339,389,112102,1290,2045,3b35ead207ed118068712f1e996e80ba0ad33bfba89ef8b337b328ac965cea85,011012,9
e,215,8,729,1,29,699,29,001002,1296,2054,689915e56f68129ad2d1c740acd0c6d62c76496de175fefadd2f7fc67d0ea544,001212,6
e,216,9,729,1,11,717,11,000102,1302,2064,af81ae59425d32b5896fe79f1ed6490e83b161117ad6d64b36d981305cacb1c3,012102,6
e,217,1,729,1,40,688,40,001111,1308,2073,312989418a0ea323a7d5a074ed47128c8e36bddc0d385cb8a6e476732a4f7722,102112,9
e,218,2,729,1,156,572,156,012210,1314,2083,391361fa916d3a4cd388b1ebc1b1176245fb915278cb14e1930ebd15afec825b,022221,9
e,219,3,729,1,218,510,218,022002,1320,2092,f5593a806129f140625579dcd716587c1cb3d114fd9d65b5097637c17551d3c6,010110,6
e,220,4,729,1,244,484,244,100001,1326,2102,2447525ab56e612ba0bcd8ba460792296c65e47cb078c5cbd6f2b9b8be0bba68,120021,6
e,221,5,729,1,441,287,441,121100,1332,2111,eb74a15001d924f4852ad431c0e0dcd7e4cafda9c966456323c5fdc40a3ff0ba,111021,9
e,222,6,729,1,470,258,470,122102,1338,2121,9a9735e090d21a6dd2a5d57854910d2ee1c50cf97cf9987b7b330cb99262c5ff,112200,9
e,223,7,729,1,485,243,485,122222,1344,2130,ae313a8b86dd327650845bbe58afefc6e7358ea1989d5fbf342f34bfb92da349,111111,12
e,224,8,729,1,395,333,395,112122,1350,2140,23ce0eb0aa69c33a983065514c786ed8fa1b56ba56db050f52041a1761d408c4,222211,12
e,225,9,729,1,312,416,312,102120,1356,2149,23b1ad56e97f58d37a80c897879247d76d1614c6935a2924ab98aea15f9e979f,200200,6
e,226,1,729,1,691,37,691,221121,1362,2159,74a33b047a091d44add6a638ef6113fe9a02a97669743737c625d57ab4d72c10,112211,12
e,227,2,729,1,72,656,72,002200,1368,2168,87088f6a0aec87cf1dc7cce23478517910b9b1c67056decbf763e63ab12864a1,102202,6
e,228,3,729,1,726,2,726,222220,1374,2178,68cbe51796fa6aac3c98ad93d76f7fc1c34070a043a1933f7468c7ffdd5942fe,201102,9
e,229,4,729,1,291,437,291,101210,1380,2187,64d3bde1f71aa73e4680a3a1d1244702298c1539f7c99525b06cb75dc6fd1f69,122022,9
e,230,5,729,1,590,138,590,210212,1386,2197,72afc059418c40c04b242d6bcfbe97d74104c03db52ca4f05999287be3a2b411,012022,9
e,231,6,729,1,242,486,242,022222,1392,2206,0da4eeff89e0b7313959c4c429a79398b0cd6829366032ba09f518639823d046,100000,6
e,232,7,729,1,611,117,611,211122,1398,2216,5fc508a6d0ce68437092c58bd573b91414771dbdf768e2a9759568e6477949f7,120200,9
e,233,8,729,1,570,158,570,210010,1404,2225,5f1eb785b948c7b0d61d03fdc9990075b923e72fb982504b7f60ab9cb09519cd,212211,9
e,234,9,729,1,515,213,515,201002,1410,2235,a8c8c75bfaa5e18cb4105fadb8248f5d1f77e36d24420b764b6907e9b4fe222c,020101,6
e,235,1,729,1,237,491,237,022210,1416,2244,374168cee92203041ebaab02dba49b6642f556082fafcca1938ad8ae06faa6df,120112,9
e,236,2,729,1,122,606,122,011112,1422,2254,3d503aee8bbcf29d898e8cd09d0bb91271c9f5a50fb2bc93f7835c220c9508b6,012210,9
e,237,3,729,1,627,101,627,212020,1428,2263,36834a43ecc53ba5f3e0f891d2262abe427a27c0e48d5c181a2f3eea2cd062c5,221220,9
e,238,4,729,1,85,643,85,010011,1434,2273,a101b2bc8e614fd1074e0a0c70a515cfba30cc0ddfe3e53c6481064cf5d7bf20,002202,6
e,239,5,729,1,489,239,489,200010,1440,2282,cd93a27fdd775886fbb188075b2fb8722e95c4333bf78820428e2e4430cef0ad,111020,6
e,240,6,729,1,405,323,405,120000,1446,2292,466225d9dafa4842abcec9713c94ff0d6b680200789e0e5fb70c8bec8dce88b5,210220,6
e,241,7,729,1,406,322,406,120001,1452,2301,3e2c939febb22f61eef1457318ca8159e09a1e8449f1c8cfba58c912595f61df,022100,6
e,242,8,729,1,629,99,629,212022,1458,2311,41e350faadaafd6943aa29d6b386c3466eabfdf3fb55dd4b83b76a9f1c71545b,112010,9
e,243,9,729,1,360,368,360,111100,1464,2320,c237a686ad124a1159cc33c37da9e0e1d3143c9bc36cb79083544fd34f8ae662,010100,6
e,244,1,729,1,691,37,691,221121,1470,2330,42701410ca1cd1e67a63b2e668ee5eea03fa35ecf3fa9c6e834e8eae363f6ad1,112211,12
e,245,2,729,1,209,519,209,021202,1476,2339,397f8a8fbd7683ae2f059418b9cda5705420a383f490690b8022b7d73b58bd47,112012,9
e,246,3,729,1,523,205,523,201101,1482,2349,6f11ac38b114eba223533bfc419d18b0bffb67f89bf4557f47a4a6a8c639a25f,002200,6
e,247,4,729,1,638,90,638,212122,1488,2358,e9d36257e0627dd7e2235c8c116ca5fc18fb306b77de440455b50ffeb56e85db,200022,9
e,248,5,729,1,80,648,80,002222,1494,2368,f76609eae7e16d235faa0e6857ba57c9fa7b5b506f17d25f030f4db5bcd494ac,201221,9
e,249,6,729,1,463,265,463,122011,1500,2377,9d58941a572c2cd7b4dc63e092ce880a6b8b3b335bae9df24a695b44dcccc57c,001112,9
e,250,7,729,1,171,557,171,020100,1506,2387,01df15eb7ea0971293cd1f9f47a5877418eed27c092c3ad8ccc55fe923cc1ffd,020121,6
e,251,8,729,1,583,145,583,210121,1512,2396,192e730c5ec6b95d3a567990eb3ecb8cc1e20779c244d6750478e399f29d5553,201201,9
e,252,9,729,1,547,181,547,202021,1518,2406,b58f31628693e8a3ca0153365b6bb276d198a2ed6f714fa51056add13fc3ee9a,202212,9
e,253,1,729,1,693,35,693,221200,1524,2416,9ca9aef4e3bf240cc5800a5ca934101a946927d8d8a01c45f722d9eb68079a64,210111,9
e,254,2,729,1,698,30,698,221212,1530,2425,dc38306eae28e15c0ecdd2a7e9d38a421c872f3e1ec8ca8d43cabc11410bb56c,220002,9
e,255,3,729,1,334,394,334,110101,1536,2435,c0eac18116743e07ef38f57a96d6bfdc07b3209ef6f15ac92db53c837422cbec,012221,9
e,256,4,729,1,229,499,229,022111,1542,2444,4f5fb5590e7ef92d6d7e58fdd2c4842f5bd6cbcd6a05b9fdeec7081a17e2ed43,111010,9
e,257,5,729,1,183,545,183,020210,1548,2454,28928d8d31f684d4d99ae20c7e5e9fb499d8edf4d18397a813d77c1dc08f34b2,200201,6
e,258,6,729,1,266,462,266,100212,1554,2463,73d4128c44b3755201b8315c77a592845941f736d4d2ccb2e8e508e18a514fd4,200020,6
e,259,7,729,1,489,239,489,200010,1560,2473,3df07b4b5663554e36a2f8fe1f9d175627f52e6f5f9c5d1001fae0983ff33e79,111020,6
e,260,8,729,1,433,295,433,121001,1566,2482,a067cc421693ff94c06d76a588a5a5f1b4518c8e1c9af2c3fd2e84da05fdc49c,102222,9
e,261,9,729,1,664,64,664,220121,1572,2492,73bc4cae1963a37d0362647aa1f868f259af9ecfd445918dbd04ef68d8d82209,002122,9
e,262,1,729,1,108,620,108,011000,1578,2501,aea5f5f33c56e711c52fbc7d3f74948ff29c0d939168281451859360426fe934,211010,6
e,263,2,729,1,164,564,164,020002,1584,2511,0cc8145921a809118047469a64800a9eeab1433cede9222b1e13476bd78edf99,120202,6
e,264,3,729,1,404,324,404,112222,1590,2520,8382537e2ff29441f444079b9f75d84b92051eb115ad2d0adcee79a06df6662e,010220,9
e,265,4,729,1,473,255,473,122112,1596,2530,1bc1ca9cfca0de41c47cc2e3e27519a702db0f54d0adb1332eec7debe40dcf41,201001,9
e,266,5,729,1,322,406,322,102221,1602,2539,c5421da9691c83ad091a5b1f8d6d5a6fa68d7e415b6c1bd6974ec930bde699dc,100122,9
e,267,6,729,1,124,604,124,011121,1608,2549,d2f1e799de10031b846610efffd48d34eb9cbe738c3a02962c157aa489084f18,022101,9
e,268,7,729,1,524,204,524,201102,1614,2558,b681ef1da6beaf59abaff8f52bdeb7c0f7c1d3b9e46b096432f8a835d567adc1,111110,9
e,269,8,729,1,116,612,116,011022,1620,2568,937a1f20afb01e63116e91606fc83479930cb4f4134f468530df49e69935d9a4,010002,6
e,270,9,729,1,178,550,178,020121,1626,2577,f89cab9cd39388063b6f89229df7f3cf591666b8ef91da88cff53fbc7e137fcb,010200,6
e,271,1,729,1,312,416,312,102120,1632,2587,0140a07f1f8c46fe1e7fbc1e52496d735bd987b823396c6abb44d3e8c6efc872,200200,6
e,272,2,729,1,112,616,112,011011,1638,2596,e83ef0796ad96686781864b5fb839cf686739877e8f703ecece2bb119739de5a,112021,9
e,273,3,729,1,76,652,76,002211,1644,2606,83e16e494e23894a463004cd8876d0d2117207a0caf24f4ea83cfe4dcf23a237,000210,6
e,274,4,729,1,230,498,230,022112,1650,2615,c135582f6479d95c4edbfe516bf6dce529a9a8c44f01a1c4af775deda271230a,220220,9
e,275,5,729,1,44,684,44,001122,1656,2625,fbf8e85ca1fbfbcc068b2a4a9916f543b3d2697ccd36f7ba7ed698a28d14ed73,000120,6
e,276,6,729,1,337,391,337,110111,1662,2634,43e2ed4410d57935f61ce384451ca5c857e003e22e333b864a2ff765b702725a,101022,9
e,277,7,729,1,595,133,595,211001,1668,2644,80f246519e69805963f689f0f536ee38582c4bdd2d16393d10360472be64bdca,012112,9
e,278,8,729,1,219,509,219,022010,1674,2653,47fd6ecc6577553b5e70e18c85196fe43915f362255a6f80d7dc379d621ac5e6,211121,9
e,279,9,729,1,460,268,460,122001,1680,2663,40006a74a860bee515c9ca2fa5f4a6f3d6a7733a14139b8839595e5ca517db40,212011,9
e,280,1,729,1,676,52,676,221001,1686,2672,8d434ad9bb259962b34b58d248a7ed9920d953b7d3df14e4f48910c8bef3a3c4,110000,6
e,281,2,729,1,632,96,632,212102,1692,2682,4e0ad642e07a3db1a2492dca39d7318305d4ed7e00f6a720fe0e37c914c325bf,022120,9
e,282,3,729,1,454,274,454,121211,1698,2691,1436214b999d322ef7438cb03a57a2dd44f21fe7aa81fc019f15b237f595249d,100011,9
e,283,4,729,1,27,701,27,001000,1704,2701,36a258864fb63b2cebcc80a61d66e839dd6ed9897f812ddac64f20fd2df2749f,110122,6
e,284,5,729,1,144,584,144,012100,1710,2710,74edf5ba646bff5d7ddc313a50cea84ff4510a2263ab713d671f6a65497988f8,112111,9
e,285,6,729,1,52,676,52,001221,1716,2720,2da3fc2d999ec0657dfede42a5d201f0523fc7c3e1cda71d6c5e20a9c13376fb,012222,9
e,286,7,729,1,362,366,362,111102,1722,2729,7d390c821b581aed849bf51f69b2f3ecb8ff912f66cdf264ad9aad92aa9c11e3,201220,9
e,287,8,729,1,676,52,676,221001,1728,2739,50fe9691536eb27433d7520c90976c7adabdcb81989286ad205566b23efdac2e,110000,6
e,288,9,729,1,161,567,161,012222,1734,2748,af7853efdc382246f9cfc397f07f65591e9c56fce6a811236a02cb1baa2488fa,002112,9
e,289,1,729,1,430,298,430,120221,1740,2758,244214aed8fc53aa682519555ea622b5ecdbb92b37e43f6029e253e15b6676ad,112020,9
e,290,2,729,1,219,509,219,022010,1746,2767,eca240bef44c4b9d866aaa3e0389212e964f690d2871cace01a5f3c90060da06,211121,9
e,291,3,729,1,192,536,192,021010,1752,2777,f06f624c20a3298972483797c283ef3231e5615125d4a3637596fdf3cb597584,101002,6
e,292,4,729,1,93,635,93,010110,1758,2786,0d95e60c670d8c70635942ba06c9fee40cd4bef11ea5c4b4f4c6cc4618ebc4d1,011001,6
e,293,5,729,1,177,551,177,020120,1764,2796,0dd1dc3a64922bc457c5e02c37a935c2eb549f9c18661c28510e1417a36c0a5f,201020,6
e,294,6,729,1,510,218,510,200220,1770,2805,1ac5ef6f0af8e1311415f2585adc8114a47610349671633981bb180c28fbdc91,112112,9
e,295,7,729,1,684,44,684,221100,1776,2815,62b1a2686cb66b59a67f0fa07857b7ab9e2a58f4833fb5e07479db415bae7be9,122102,9
e,296,8,729,1,144,584,144,012100,1782,2824,73cb10a28345a9edb2a7b099a8073c4a200ca22ad2216559ad666ee6051a2115,112111,9
e,297,9,729,1,458,270,458,121222,1788,2834,bad62c376a94e6f9ca9f71f3cb4f407d603d128e66e7bff913b6bd2de1267e12,001022,9
e,298,1,729,1,558,170,558,202200,1794,2843,bd4e0c5bc82c808199169a7661e31e372163cb789d62ef8fb6cf7b97184e8d63,121121,9
e,299,2,729,1,699,29,699,221220,1800,2853,a90a44db14dd474191a5308e095755caea321115cf8f321289f69b91ec3235c5,121010,9
e,300,3,729,1,597,131,597,211010,1806,2862,7e4940e4c2f60fe803626b81f70c99f2242aa144d46d9418d757a648b227039c,022000,6
e,301,4,729,1,10,718,10,000101,1812,2872,b8e831c9f25424e9ab2b03f97999231463e87ffb2e18f639620919ed89ddb2eb,200222,6
e,302,5,729,1,513,215,513,201000,1818,2881,7f2e42380196b953eeca29cb3f1b58128091b89f505f1c069f5c93ca3dcbcab7,102011,6
e,303,6,729,1,468,260,468,122100,1824,2891,ddad2d44e26de70d7d719df88a9b13543427920e9f7ca9556104bd7ea19e5c7b,221110,9
e,304,7,729,1,403,325,403,112221,1830,2901,caf736bfb28453e47706334493bc64dc4dac651738bd206759fbf91613660bb7,201010,9
e,305,8,729,1,620,108,620,211222,1836,2910,2207ba950442b0eb67312b0542d1ee0f33074d5c9e14dc078a832ac027835865,211212,12
e,306,9,729,1,73,655,73,002201,1842,2920,e489365e9a332eb8bc26f723242b34c4f7345ad2e93a645d5dbd22c056a0c462,211112,9
e,307,1,729,1,35,693,35,001022,1848,2929,6f036e79cda3ff702facc28c669cd51798d91aabdad2e4c1c2857f3e94bd1f84,212111,9
e,308,2,729,1,341,387,341,110122,1854,2939,86d1d0f528eec317748f7102b80e2139d89015f949c66f7cd964d93b41591fa6,002000,6
e,309,3,729,1,658,70,658,220101,1860,2948,7e479d7c4533e2823ddc2768ae73f8a71c80c39a755d188fe61c9a68e6a94945,121220,9
e,310,4,729,1,593,135,593,210222,1866,2958,25484f5f4b1d22548211565cab89f957ff23436b579db6a6d5c3d2af19faad4b,101120,9
e,311,5,729,1,464,264,464,122012,1872,2967,eb7fcb044f15b73223bc389c229274bab40ce705a3118811d2b377e1878e3dae,110022,9
e,312,6,729,1,608,120,608,211112,1878,2977,420c4b27aa9b6ddab98f91e3dc4d19723b639b62f0e5606ee7184c9bc6a7ba72,001102,9
e,313,7,729,1,602,126,602,211022,1884,2986,4633024a4f31205ccb629076eb3485b1bc470bd50fc48236d9b0e94d124f4bc9,002221,9
e,314,8,729,1,545,183,545,202012,1890,2996,25db005641619a52fb8cbfe771f657f590f76bf8c772b0158a38f84a4346efb5,222021,9
e,315,9,729,1,619,109,619,211221,1896,3005,5dcd1e9c8836da6e9fcbeca3c12fbd3482140fa04d15d05fcd533f7c936fb90b,102002,9
e,316,1,729,1,314,414,314,102122,1902,3015,d27f074de31d253199204b6db93e27229ec5475dd313b932b3e609dc787bd387,121020,9
e,317,2,729,1,581,147,581,210112,1908,3024,2a2c3f68931913dd385b23ca3bdd503bb1e087685d1fc5568e45d8e903ed91ab,221010,9
e,318,3,729,1,211,517,211,021211,1914,3034,dd6db5fbb87403d224546b6939c72a31ca82ae9ab23d2ad2781b3c45a384fad9,122200,9
e,319,4,729,1,333,395,333,110100,1920,3043,4059d7e478eda6680710235d14f9e656d7436c5f9690dc7f4fee1f8c69d80cf4,200011,6
e,320,5,729,1,137,591,137,012002,1926,3053,1b19937797e09cfd1739b61d7a4467529aa236b2d07c352c89d600ebe77e57eb,212222,9
e,321,6,729,1,464,264,464,122012,1932,3062,d55bddfaca7a3e121cc1d0be55b7a64ceb6ee5e82d3896b9b14ef542eefb50c2,110022,9
e,322,7,729,1,217,511,217,022001,1938,3072,9bdb7ec396d5c952677bc734444680d4b1541987a891606773eb22dc3fa7fac1,201200,6
e,323,8,729,1,55,673,55,002001,1944,3081,f365d563912ac2d85e096ff7ccebeb596af2b3c0fb8783703b17862770728463,002121,6
e,324,9,729,1,319,409,319,102211,1950,3091,6a0955f6f9dcde8d0e4399e59a101b0508a8c50a92ad8897a08418a2e4bb4025,011021,9
e,325,1,729,1,200,528,200,021102,1956,3100,36fca55900052f6859cc72391887cab19797a028768583a0958fa50b8949ee1b,021000,6
e,326,2,729,1,63,665,63,002100,1962,3110,526377c99ab1585c12087069b770e24ef14e2246e3e07692f163bd90f7d0aa8a,011220,6
e,327,3,729,1,57,671,57,002010,1968,3119,004e5f5b2e068a92e607dea00776a43dafd977fd952bdcaf79d04840523e19dc,012012,6
e,328,4,729,1,326,402,326,110002,1974,3129,03b89dbbe5d3c80b151d5995c9ceecdc67fe6631a378aa184d416513deb063fa,000122,6
e,329,5,729,1,351,377,351,111000,1980,3138,f78186a0f4b43aa3481b02c7451cfe85b84f3eadb92df545d53c963c7041d900,222121,9
e,330,6,729,1,405,323,405,120000,1986,3148,ac995087ed6cf67c2d28bc80478b98fd63c56bcbd680ba4b65b11c8465045795,210220,6
e,331,7,729,1,506,222,506,200202,1992,3157,7632e00ff619365582dc9fdb5fa573cb64efc242c4767e25aedb665c29523088,122000,6
e,332,8,729,1,655,73,655,220021,1998,3167,8aa28f085a00e53cd12489cc9fe41d4584ca6476d39f7a11ca8481702bf49e78,211110,9
e,333,9,729,1,699,29,699,221220,2004,3176,dc1eb3958688690f9990efea9687d8225f1e46dad7e17bdc048ddf72e793d7ca,121010,9
e,334,1,729,1,319,409,319,102211,2010,3186,abd9e9ac6421a62ef610dee972b496eb717f9585d1651df07657e9b935e60501,011021,9
e,335,2,729,1,698,30,698,221212,2016,3195,56d8ed800378f8d00261e41883b78baf79e29965a0dc66b6bad71232f2ed0ed7,220002,9
e,336,3,729,1,607,121,607,211111,2022,3205,bd95f0aa176571d08fe0e1163a605d28e15f45c666f3846fd7f3285650d5c230,222222,12
e,337,4,729,1,481,247,481,122211,2028,3214,9a90af3df33dbbf189e9f57abf3e82e636c0af3ffb531c4ee981262fad4a6c41,210100,9
e,338,5,729,1,543,185,543,202010,2034,3224,269e3dce717003793131d1c1b49afdfa8e01951ca2d0c901b75ace2dda859c99,001201,6
e,339,6,729,1,239,489,239,022212,2040,3233,3d0a0e7631b7cee5667d78eda6ce81d980e3c686162a659c8ab803d0e7b3ceda,011202,9
e,340,7,729,1,673,55,673,220221,2046,3243,7a4201eef1bd426acb83b44466420a07cd0aff20bccfd7d2488e1f07c5ace967,120101,9
e,341,8,729,1,343,385,343,110201,2052,3252,fbfbff6b9cd5b8236cb5a031ef5947997797f2661bdd1369fc5ffe41c33b6525,100200,6
e,342,9,729,1,57,671,57,002010,2058,3262,dae99d59aba59982a26f0719efcd4a2dd8a0d31bacc805ea18401377983798d8,012012,6
e,343,1,729,1,724,4,724,222211,2064,3271,b97e2ddcba9c51131cce9ccc37c27f7c383b78f6042966393dbced2903c8a10a,221211,12
e,344,2,729,1,694,34,694,221201,2070,3281,fb8ed530f2e020415204ae8e66bd06af2828ca8b5eb9fb5d7d30f7c51dd33181,022021,9
e,345,3,729,1,696,32,696,221210,2076,3290,13ba85888ac9ab4b6c4bd6ee91830273698ef33362c8245df01432e7a2e07f62,002212,9
e,346,4,729,1,427,301,427,120211,2082,3300,39cf49da469f79d36e406bf8452de739f2dd40bfa2c59db8a86fc88a814a8167,020222,9
e,347,5,729,1,158,570,158,012212,2088,3309,b04fb3c6843abc07cea4fcdb4f68554fea56818a2a072916784d2879e71503d0,210011,9
e,348,6,729,1,688,40,688,221111,2094,3319,bc03e8418eff5b991a605fbda7f510fdc1f1c94cb292a34f36d30118cd493b61,020110,9
e,349,7,729,1,227,501,227,022102,2100,3328,b14159a8542000a2580ab9720d4f5185ceeb7f03ddde0aedfa587feba42ed3bd,101122,9
e,350,8,729,1,42,686,42,001120,2106,3338,3a030c44e10dd84c0b8ad11c5ebfcb6b5c72e3dd6be1836ef5de7ea7829fb014,112000,6
e,351,9,729,1,611,117,611,211122,2112,3347,29aca0f7659ece0e84c0463200679e7c5e47ca4c475bda24ada56ee761e1d551,120200,9
e,352,1,729,1,497,231,497,200102,2118,3357,857dc9097ae9a520b54ae8c1e61e730023b16c0a722088412994f17b4df5c075,001021,6
e,353,2,729,1,98,630,98,010122,2124,3366,1ef6fae4b108cd84ac9f4331ca805903fd1e5e630751400c997036630ee1ae0e,021222,9
e,354,3,729,1,599,129,599,211012,2130,3376,05e82f968b0bb29f49e47631d01da30c25fb86c3b1f744fea7217383927aa57e,210120,9
e,355,4,729,1,8,720,8,000022,2136,3386,9d3d4ca9e05b01c7844e6d85c9d71b9c41e237975f4857794801fa3e7e46647a,102022,6
e,356,5,729,1,446,282,446,121112,2142,3395,3f7dc4b058b7318c7f762271f4aa76149a7ea70214fa449662b679548807d2c6,121212,12
e,357,6,729,1,478,250,478,122201,2148,3405,736eaf65da017c73996f978bebbb3a44e2415ad7063d5afed8470285a34b19fc,121002,9
e,358,7,729,1,391,337,391,112111,2154,3414,dabbc61dc077699f77a881f03dee11c913bfe314d77fc21fa69812f1c7fbfd26,021200,9
e,359,8,729,1,68,660,68,002112,2160,3424,21168b7c79f79723af90a379611fb6dd87f2e2a08feacdd19e95227dc2856546,021111,9
e,360,9,729,1,414,314,414,120100,2166,3433,0de1e21aaccbae07a25732772d00c5de00fc16e9294e11962546b468fe772a2a,001202,6
e,361,1,729,1,321,407,321,102220,2172,3443,0074ec47fa140bf128bebb9a2d708ab0f9d2ca2fdcd4086d2e819e600ea96683,021212,9
e,362,2,729,1,581,147,581,210112,2178,3452,31c1038d3f3dd84317afdd219ce66329805ad7e2c48cc53c3578c154f6933a00,221010,9
e,363,3,729,1,412,316,412,120021,2184,3462,5bdf17432501a31dbfbf6dcaff015859702d907f4de80aa2833ac1f11bedef4b,200002,6
e,364,4,729,1,571,157,571,210011,2190,3471,6478e33c5825f7a2513eec70d4493fccee59973e4060cefa1863f94e70f5ea74,021121,9
e,365,5,729,1,506,222,506,200202,2196,3481,bcdee8e7f99e8d16fbce5e7b3ddaae60b2942646cb6d0169aa89d5066f2e56ba,122000,6
e,366,6,729,1,434,294,434,121002,2202,3490,d7f8813be9c19252136bb2406157c8352a7e9098b013764b6467547940b9b158,211102,9
e,367,7,729,1,568,160,568,210001,2208,3500,8fb08f547c684b1abb3d9f986d2b02f077e76b763942d970548e91f9cae659a8,202020,6
e,368,8,729,1,46,682,46,001201,2214,3509,59e9085a19bdd5135b7856157ae2c457c344899e0977620af5ae940b8eb9dd57,101020,6
e,369,9,729,1,710,18,710,222022,2220,3519,a4a2dfa7914636e03a4eacb801624eeaa224f1ef66779f95f79d4e00d665e3e1,210201,9
e,370,1,729,1,533,195,533,201202,2226,3528,52b6490b14d1ad267a285180abfef8ad297332dd128fe6fdcb9ecdbdbd490016,202122,9
e,371,2,729,1,409,319,409,120011,2232,3538,952b807fd966a23fe069237c3ea93e67b7a16d7ca6aaec1e06e1f59a32733e23,111201,9
e,372,3,729,1,659,69,659,220102,2238,3547,b8a283e7786a7a631fc7d9e85f6e77da5e8d6669a84f2ad2e8f22f248b743b79,200100,6
e,373,4,729,1,484,244,484,122221,2244,3557,061c5b603a3d44eff22d78366d0e14bf40c7969c02969485c06c382a9cc5aade,002201,9
e,374,5,729,1,496,232,496,200101,2250,3566,37f5600a674dd52106ce2cd9c5f22c877863fda5341d06890ebdfe244d1869f8,222111,9
e,375,6,729,1,340,388,340,110121,2256,3576,1e1bc58b6f3be44e5c7b3abf4641f209987736424c7e675e11e61d91ebdd7a36,220120,9
e,376,7,729,1,602,126,602,211022,2262,3585,a3cb72484753d0f2ee30bbe96dc280fc2a40524f0bfe38747968c296078e928b,002221,9
e,377,8,729,1,295,433,295,101221,2268,3595,ed09f0a02a14b8cf819186a3172cd29e7a7fcfd835445b3469d4751adff7a569,020000,6
e,378,9,729,1,543,185,543,202010,2274,3604,f00274d08cee7042e41ae9ffd195140253e3370b58d99149d00a9463c4f10fc1,001201,6
e,379,1,729,1,299,429,299,102002,2280,3614,8f244ba6b95469198a23a61947265af579c664b237f44a63c5d758d5eb609ee0,122112,9
e,380,2,729,1,162,566,162,020000,2286,3623,0ebbf526e96898571e860b2946c1749b19262cf52b638621b8cd84263d792974,202112,6
e,381,3,729,1,386,342,386,112022,2292,3633,0decb7c2615a7bd390951914381607b844b6e51f42a5ea587b4f092e41cd23b7,101202,9
e,382,4,729,1,545,183,545,202012,2298,3642,f6e463bedfe278ea16e39dc6e9594fcb4a6f39846f093c0432b9decb83ba5146,222021,9
e,383,5,729,1,133,595,133,011221,2304,3652,720f43531b4111dd5fff5b566d2f871e51e3d2db8779d6403a6c626cc6d57eb6,110110,9
e,384,6,729,1,181,547,181,020201,2310,3661,997407227cae7876b0d7a9b304215483a3b0d74b65f4251326f523b98a1d3801,220010,6
e,385,7,729,1,442,286,442,121101,2316,3671,80b24d8bbd35958dda11923421c03203940a261416db49ac2a66ae42bd3ce875,220201,9
e,386,8,729,1,596,132,596,211002,2322,3680,688c6502a9c7dad652664ce8a3327674611d00ab0bf5a6de2aeca3e43639734a,121022,9
e,387,9,729,1,203,525,203,021112,2328,3690,b79ee8f9ac10c33166764969db586d1edf2d8d526413511089e1a03d2f0a1a52,110101,9
e,388,1,729,1,202,526,202,021111,2334,3699,5688aaafd4c2dbe8958f9f69ad4372bbee8f7f2dde528e5c22941a4a4164d583,001221,9
e,389,2,729,1,201,527,201,021110,2340,3709,7d5f9dcc9cee89e9801c6a2ed6cb1089e75346f6f484d1b5dd7a454ded1e3703,222011,9
e,390,3,729,1,263,465,263,100202,2346,3718,2bf70f60344674669507fa3a754a4790532a23ee013c8593e9d9534d20d55947,111222,9
e,391,4,729,1,231,497,231,022120,2352,3728,846e65d61a3d03f1451d740fd4b89c0d8dbae698470079e9032bd98ec25aa64e,121201,9
e,392,5,729,1,35,693,35,001022,2358,3737,1c96185282a536a5cd895fb5774c6fe5dac5dd14052d871d5a42f57713e99feb,212111,9
e,393,6,729,1,340,388,340,110121,2364,3747,8546272b6304d541f49bb36b1fa107f3238d7712bae0d50d1754b16aed726473,220120,9
e,394,7,729,1,393,335,393,112120,2370,3756,07eaae0a49324a847167436ebf0e6cc2fc57624f5355a24128772f21bc500126,001121,9
e,395,8,729,1,165,563,165,020010,2376,3766,37394ba165bde0ccc2cad043d1ac6e6496a14f481db3ff9f3e7c39535f74923b,021210,6
phi,0,9,729,1,450,278,450,121200,6,9,3a8385c6f4dbcbf2767ea660d9a14ddde897787d5498cca90930916a50fdd5da,202000,6
phi,1,1,729,1,398,330,398,112202,12,19,f2ca19d24028b63c6e9d2e3042d2ad6b69984dda859660599258c83e17a1a97c,102021,9
phi,2,2,729,1,438,290,438,121020,18,28,31f40e5eb2a8d0ab6426da897d22547b23ba57d5ff8f869a9e263113083e9139,201211,9
phi,3,3,729,1,102,626,102,010210,24,38,1a39cbc765db327a37448c3d09827df95ddd27ebb8e94cb1cd37f2eb0a962fb0,102010,6
phi,4,4,729,1,99,629,99,010200,30,47,c27179283557a02757a5eaa3243d21c6f1c7e72d3a941723e84575e29167cce2,010212,6
phi,5,5,729,1,301,427,301,102011,36,57,ebf01d4791a3007977d507af8f6641ec896aa9af228819da4f0bae47193e8901,102000,6
phi,6,6,729,1,682,46,682,221021,42,66,2487c4c879d9031919262d6ce631b6a8f00c7b186880f86052da47018cdcd1e1,021202,9
phi,7,7,729,1,511,217,511,200221,48,76,f48f02d12651ecfb2c9ea02412a3f4e4ec90a5b624436ed78677e940c66a0425,221022,9
phi,8,8,729,1,336,392,336,110110,54,85,a753307f0efaf3445062310e81b87b11998ca17fe623c5c6b6876dbe1f60e163,022112,9
phi,9,9,729,1,98,630,98,010122,60,95,a6c97ac5e4c5dd69642173bbfea320d608736e8b270776239fd6ddb5db9625ab,021222,9
phi,10,1,729,1,380,348,380,112002,66,104,b32c7ef39e3a12a6327ad8cfe5e913d4237d915ebe2cd4d9288937ddd81c4b99,220000,6
phi,11,2,729,1,250,478,250,100021,72,114,66d70eeb44575e02061fce14c76171afe7b55d4d6785d3f089abc329aa9dca91,001220,6
phi,12,3,729,1,15,713,15,000120,78,123,4a1a8495378a908f1399598dedec549f5d7263e92cb7e89fa730947e763449e6,002211,6
phi,13,4,729,1,611,117,611,211122,84,133,7cc33265fbf042287e344234e5db368e271e26959b1277c1934b7c6cc81dee91,120200,9
phi,14,5,729,1,558,170,558,202200,90,142,d621a50df42adb696f6236bab79483d2fa9f37008f795061f66ca83aec736e27,121121,9
phi,15,6,729,1,552,176,552,202110,96,152,c52c6e7d95ab8e1e5f944ed0847d09a0729331ff8cef38936da0b7785a452fbf,122210,9
phi,16,7,729,1,675,53,675,221000,102,161,0d0a9d31ecb308022ea8cbb49a19f702762a9235fb6e640b98d2aabac664ecea,001120,6
phi,17,8,729,1,254,474,254,100102,108,171,3cc14b6097a5f93a92d862ba23115b3b509d9152cfb59f261e11494d9bbf8aa0,020210,6
phi,18,9,729,1,368,360,368,111122,114,180,16113e937d3f1826495857005c5b765f7d92d57591b864934d962c3b563d91be,112122,12
phi,19,1,729,1,165,563,165,020010,120,190,b1ac0eea8560b5d7cc8c45e6f0cc7307fd41099a988c47f6ae572b4d538c2259,021210,6
phi,20,2,729,1,313,415,313,102121,126,200,7f5e4a5a9ae20c1ff4824b7c7e03250ae81daf2f8b1ade159e4a6029ab30c7f5,012110,9
phi,21,3,729,1,601,127,601,211021,132,209,fe00d39f01f13214947ac242a0223b6ad7072e23e83762a7af208b45a25a78bf,220011,9
phi,22,4,729,1,277,451,277,101021,138,219,553b5ca293826b1f795e55d667b55f38a2e6455e6624bdf5c34ee1889dadb87b,111012,9
phi,23,5,729,1,393,335,393,112120,144,228,74a5db767e34915cb5506ec752c960a6825e23fe782f8f7969fb6739d8a14068,001121,9
phi,24,6,729,1,569,159,569,210002,150,238,aa936f88f21a6bd2a42ce1a7918975dd8eee3dc8d0e76b539ace03b7c4fe8779,011200,6
phi,25,7,729,1,159,569,159,012220,156,247,6e7fbb5ea6743e3ce3368e1f3dcc4246b97bb94d2696e29e3baba18861eebff8,111022,9
phi,26,8,729,1,436,292,436,121011,162,257,30f1c61af289dd81a88e723d9cf2a417dca9e2f064bf7cd934198210cecd6e10,221020,9
phi,27,9,729,1,203,525,203,021112,168,266,244e883fbb0c8255257a027431ba1c3c71fc7136dc279aa0a83475f78b1175df,110101,9
phi,28,1,729,1,203,525,203,021112,174,276,1a3ee86509b266a13a005511fc08caef9c584a20bd5f0e272ac4033de7dcec73,110101,9
phi,29,2,729,1,70,658,70,002121,180,285,4e230d87bad7dd333e420a206983930a75dca5904775ac5d2c9a21863a56fa96,001002,6
phi,30,3,729,1,606,122,606,211110,186,295,d1152b0092733e21c0f250caf1b0a2cb659307689a1dedb918fc4ac321147578,110012,9
phi,31,4,729,1,4,724,4,000011,192,304,99df722ab8022538f24ddef621413d52c55632dffa1c35c79b2504af3a609857,201011,6
phi,32,5,729,1,398,330,398,112202,198,314,103c1f4a962b8334fa0bb06fe6b4cef9ec79224bff2089c0aabf6d033c02505f,102021,9
phi,33,6,729,1,712,16,712,222101,204,323,0caca95485b67050d5f08493206309949af9bd67b33a20d66d883409c06a48bd,011101,9
phi,34,7,729,1,390,338,390,112110,210,333,f7469dc300af3fb1ed9ff1d3966fe76a841397e2d41ee61dd657d5279747b540,212020,9
phi,35,8,729,1,631,97,631,212101,216,342,2213153c9e310d8ff959275ad9a3bce9a6252a6ecee07346b5d56ea5803dd335,210210,9
phi,36,9,729,1,130,598,130,011211,222,352,c092fc5115f09d934443a9231d619d85c38903d60041bc34e3f8c88e3b2c43c5,021012,9
phi,37,1,729,1,403,325,403,112221,228,361,a55c2478df9cd6a2a1f89d7282db914b20e88e7e7569ca3a9bfdc13f0b5ac149,201010,9
phi,38,2,729,1,216,512,216,022000,234,371,8867adce5a7c935985db94a49ce4b1e8a566b45279e4eb487fbc7cbd2ef4c345,122020,6
phi,39,3,729,1,181,547,181,020201,240,380,65ca45d742402972a616cf36012dda7154c53240d47562064044ea8e4ee69522,220010,6
phi,40,4,729,1,718,10,718,222121,246,390,a9763f120ae86f0c5cde7b12e0b75ffc78d67121e2556b6efcc7373b555ad936,222000,9
phi,41,5,729,1,369,359,369,111200,252,399,34f697094435c28b5c229d92d962452ad872348e08ab9fe4900e442cbb6785a6,101112,9
phi,42,6,729,1,63,665,63,002100,258,409,a0fe7d36442df74a79e79acc896a9575213181b2d4d334d05fd5dba9c73c2018,011220,6
phi,43,7,729,1,362,366,362,111102,264,418,181d3a8e3fa9babb363bc1d3e9ac78ff37cc7e52605a3d283335ce08b39bbe58,201220,9
phi,44,8,729,1,315,413,315,102200,270,428,a80abcd943602e6f9d2ca2909e6034f23be108e02a0d3c50faa26865e1374db8,110010,6
phi,45,9,729,1,611,117,611,211122,276,437,abbb7b8584fea6ddf15d851bb5e883d3da680414d5b11c88297820c54f1ad474,120200,9
phi,46,1,729,1,305,423,305,102022,282,447,08e5d2fc2cfcf17f13a0f11f8926b6d2e9a62a4bfa773306ebfda8c6016d70a1,000011,6
phi,47,2,729,1,228,500,228,022110,288,456,fd4abae66d0e9cfbb4612129fede07bc4bb3aa4e4ee233705eb7b05a845d82c4,002100,6
phi,48,3,729,1,179,549,179,020122,294,466,87aa90abd5de0fa81021ee63c94c7625ab9c72860b75f3d9833c3dc1b73d6b44,122110,9
phi,49,4,729,1,260,468,260,100122,300,475,905524348a549d5a089eeedce0bb6980d4498d8f350eb7a77bf6080cb0888c7a,201112,9
phi,50,5,729,1,376,352,376,111221,306,485,7586eee1547d5ba0bac2dd39b9310da18cbba993a0c1dbc1ca6b871778e409cc,121221,12
phi,51,6,729,1,610,118,610,211121,312,494,c81941f1a20f5bba4089c1e9e780757e446b6a10ececf931af210a4788bfb1af,011020,9
phi,52,7,729,1,115,613,115,011021,318,504,cc61f79e35a7776010c980f95e69c560bc287c705dd729fa3eec4b1245ab1661,201122,9
phi,53,8,729,1,164,564,164,020002,324,513,e65144fbeb047a3eb9067a1e69726e8070eb2819a2e902fc5be8f3abad18ab9e,120202,6
phi,54,9,729,1,508,220,508,200211,330,523,81d0397f237ca8dab580fc12e6cf7ab810f848e315c06b78948de43449f7a69f,102221,9
phi,55,1,729,1,355,373,355,111011,336,532,4e48da5ed1a9a8053b55238f0c620696be3d31e0832a2edbe2fb0bf8017f5859,120102,9
phi,56,2,729,1,352,376,352,111001,342,542,f72ea4fdecd8e90ef383c7374500fd3cd4294e5a66a702cbd9011b4e01421742,001001,6
phi,57,3,729,1,188,540,188,020222,348,551,21bb36309c754245545e63330ca34a4bc68e641f5858f3ff6c775f88e00cc6ab,210122,9
phi,58,4,729,1,478,250,478,122201,354,561,da62a118f5752c658ed02256286e582f5512dd65dcee8019d12a62bbd73de368,121002,9
phi,59,5,729,1,362,366,362,111102,360,570,7a77ca93276935bd68ee1c76712e85f2597be88e26456d450b63369e86c878a3,201220,9
phi,60,6,729,1,664,64,664,220121,366,580,c50733466d1b45763ee25612162b9873273b3b6a653659a810142b59eb729889,002122,9
phi,61,7,729,1,120,608,120,011110,372,589,377d85f6bd4c61c80c428d252e462e13273ea2be222a1c197e1ea606a4b6607a,121120,9
phi,62,8,729,1,560,168,560,202202,378,599,d27fc7d5da4bbca2305aafcf856250c9011a1c114b184609fff879dc5de3df09,012211,9
phi,63,9,729,1,353,375,353,111002,384,608,d2efc01eb8726d123bca2475a463f51fbff6e4957178b52c58ab692e0bd3e705,110211,9
phi,64,1,729,1,365,363,365,111112,390,618,6a45f9e9774f808940c4e82db4799fab4b24cb7e1649402dc55466f6c4c5140c,020021,9
phi,65,2,729,1,161,567,161,012222,396,627,d2bfce24224a0e6cd50017c96b6e065382017f633b62eded0dc5c4c24b7899ca,002112,9
phi,66,3,729,1,95,633,95,010112,402,637,9230eda79c62dc3a11de832293ad06cbc4363b4939f45d31fe37c9e870041bdc,202121,9
phi,67,4,729,1,123,605,123,011120,408,646,8a09ae8c15ae569360ce3d610ba8a32bf67693f28790b88736aedbe600aff73b,210221,9
phi,68,5,729,1,55,673,55,002001,414,656,7d27b62e762fa34e257ef2eecae8533df9e45cdd7a86fe6c89db9b854255346b,002121,6
phi,69,6,729,1,512,216,512,200222,420,665,0ca486a128eb18965db4a284334947550319745ec5d6d296330cc280523f7af5,000202,6
phi,70,7,729,1,675,53,675,221000,426,675,9e7975d088ce83d7198e590398d660f143bc1565da87137b6e1ccee9e98f022e,001120,6
phi,71,8,729,1,678,50,678,221010,432,685,60cd1e482ce4f64ce5ea6febb332543779cb5c6150cc9484bbcdc4a5643df9ef,120221,9
phi,72,9,729,1,480,248,480,122210,438,694,841067b92b280e89fae548e695095420b792ef0849b0f15a4a1a3d071fff79ac,101220,9
phi,73,1,729,1,515,213,515,201002,444,704,e4fc4058dd6ccd03e66c1935c611903908436aeb45e3a1d30a5ccebec3266a02,020101,6
phi,74,2,729,1,331,397,331,110021,450,713,07ce5e56a208f040bf560cc77c8237764b3dc062e022b578701d09ef03f02413,102111,9
phi,75,3,729,1,245,483,245,100002,456,723,66990fe456d4a2a2e380b897c954d82b8a5f7c48cb5b82fef44ddbd4d98a7efa,202201,6
phi,76,4,729,1,13,715,13,000111,462,732,0d2d8573e0d43593a793f7f221707e49267a6b531fffaabd03ca1a9ac49a54e0,022020,6
phi,77,5,729,1,127,601,127,011201,468,742,51c9bf4c201bfb0dc46985ed411d6e6c609edf9f87fc9b67aea3b78371a73388,202211,9
phi,78,6,729,1,261,467,261,100200,474,751,e84e5d4a51fb243479f689486ee80f5deaaccb079f19301ccb561a9af80fac5c,220102,6
phi,79,7,729,1,64,664,64,002101,480,761,7226f1774375333afa3b502e63dbf001fa6b23787ea106784b0ac497956d4f63,120100,6
phi,80,8,729,1,256,472,256,100111,486,770,3cd005c329c771304e217b5fd77aa1ad0a55a45372de154ffe3692d719b71d70,000101,6
phi,81,9,729,1,530,198,530,201122,492,780,bab32640e5242c230c3c600f0940f32a8e979309723e105cfd96bf13a5b95db2,022012,9
phi,82,1,729,1,195,533,195,021020,498,789,c7e65f73ec4fbf3c9e4a8d0b965bae5edf3ea58f5d04e3d3caef43058719f637,220100,6
phi,83,2,729,1,609,119,609,211120,504,799,6fa896bb4309410c6d2a710d648729f91a369e85bf71fbb128aed6fdced8b666,202110,9
phi,84,3,729,1,106,622,106,010221,510,808,05f9b3a1b2fc5b6beede947f00a481bba97e31b6bea64a2ac230caaf743d7cc0,000021,6
phi,85,4,729,1,453,275,453,121210,516,818,11d41b101571883998522821882df1caf3144fb0fd82288cdd2ba1741aa40511,021101,9
phi,86,5,729,1,653,75,653,220012,522,827,7f436d9dac4d38c751986a9425b9fc03e8d375a5d4f0db71dd4648e7547c6ec5,201222,9
phi,87,6,729,1,192,536,192,021010,528,837,f873e426c38c24886c11cf115ab584dd0371c17983aea5e1ebd3c198e0ee8558,101002,6
phi,88,7,729,1,112,616,112,011011,534,846,cd0fe7463b2d4844b06e13a8ef908b5d79311111d43e80d93fc3ba29acec3d45,112021,9
phi,89,8,729,1,650,78,650,220002,540,856,300e668d4454ee72d57e1c58bdacfe7b7245ed93f7f6ad7fccca64e1c89c8eb0,112121,9
phi,90,9,729,1,435,293,435,121010,546,865,387fa05a63a754615a832f908d7be9300944a2b2e41a4e4460ac8a87a9b24f04,112110,9
phi,91,1,729,1,32,696,32,001012,552,875,b990c37e3fcd17c43c524e29d404e223f4c9170a5ee5f805e975ac41909f9c05,120010,6
phi,92,2,729,1,38,690,38,001102,558,884,ad93cca942a135ef4f02a2b2d116e566caeb79d76526e3ae8ee893a2092d9fc4,122221,9
phi,93,3,729,1,259,469,259,100121,564,894,a05e4b38b693ea1ed5a3bfa4dcfec111291124078bbbd21b05e242f81ee44e6f,122202,9
phi,94,4,729,1,249,479,249,100020,570,903,a7695fe34d2cfd86873eccc28b3c511027ab7b3e5a9fa4f357f18de989ea4686,222010,6
phi,95,5,729,1,421,307,421,120121,576,913,84a7f9e08caf16d8c7dd36c98005bcadbf68244283a2a9aee0dbd3a6a9408718,021011,9
phi,96,6,729,1,584,144,584,210122,582,922,cc27fbc04569e52d5b0724ada6fc63555b9e4ea8952dc01bc34068c91453455e,010111,9
phi,97,7,729,1,174,554,174,020110,588,932,9152f250baf0b39e3d6300bba1d3d036970b8fd77e7126918dd6b60f7dfa83d5,112222,9
phi,98,8,729,1,668,60,668,220202,594,941,11ae26758332c6da3b723bd51185adebd4540785935be14c4a63ef644bf2ff92,021112,9
phi,99,9,729,1,664,64,664,220121,600,951,a7beb4399976ef8295aa3280ebd7923313082bcd2a715b6ca7297e0d56865a9e,002122,9
phi,100,1,729,1,577,151,577,210101,606,960,1222589b515f214c6cd1da016cecbb319f234a0274c1fd88ba99ebe168d8d1dd,020002,6
phi,101,2,729,1,615,113,615,211210,612,970,cf840a557efadb01c97d98be37bf9e0432fb96710281c5d46269f978a9780d77,201021,9
phi,102,3,729,1,131,597,131,011212,618,979,0b94e308be737e10f9b6e79711ce887b6d4bbabbff74334c70e549e981f04e51,100222,9
phi,103,4,729,1,235,493,235,022201,624,989,fad041d864ec95d97a3fa6155518003da15f3d139062b57b332ee034233dfba5,110221,9
phi,104,5,729,1,560,168,560,202202,630,998,8008c0f99296a39dc42690bc46ae9c6c171178052f893187fc7005e8ac99d247,012211,9
phi,105,6,729,1,228,500,228,022110,636,1008,34e07c2a1242ebacb153bdc43dedfdf0b7a01ba0361a78f17fd6a5d3ce99b75d,002100,6
phi,106,7,729,1,98,630,98,010122,642,1017,72f14223b4446462d1fcb695f68ff42f090679dd70ae75e009542c7393c2e6da,021222,9
phi,107,8,729,1,328,400,328,110011,648,1027,c39d9b4eb8c654bb237c573f024dcea13fedd9b6088da1556df300b4e6bf52e3,010010,6
phi,108,9,729,1,700,28,700,221221,654,1036,5b89d197fff284947db2719df7bfc704b355c6be92da114b99abf44be9660b46,200220,9
phi,109,1,729,1,20,708,20,000202,660,1046,5992aff0d6072c1e38aca1d36a4dfd46fb8710a808f0399bc89c8f4925bca67a,100111,6
phi,110,2,729,1,1,727,1,000001,666,1055,b37182d1410482bb98aa9914dcd41902a4715b289bf71ed572b6305d49964f35,112210,6
phi,111,3,729,1,269,459,269,100222,672,1065,e71ec3c2e8c6071f2f891253da7c04c6163e2a2143c07a7054c13133f245aff1,022121,9
phi,112,4,729,1,415,313,415,120101,678,1074,36442d27f0b16d573d974ced4122f353efbd732f49e2c473cd466bf852573fbf,110112,9
phi,113,5,729,1,30,698,30,001010,684,1084,4f18d330ed89427531bab155bebef11c74fb261529247a6b5f87adf2dc13b5e9,202220,6
phi,114,6,729,1,1,727,1,000001,690,1093,4b390b580897113531d5f6e93ce2490eeff2441bcae5cf05782aa60e587adec1,112210,6
phi,115,7,729,1,547,181,547,202021,696,1103,5b24b4f6d8a33cbbf00eddf1886973d0aa83c0aa14253a05418ad0b2f5a830e0,202212,9
phi,116,8,729,1,234,494,234,022200,702,1112,886c76f30f2849ed68c5a3be4fa68a86a58af4e0f4bf883bf3fc8f90fc7a9f64,001011,6
phi,117,9,729,1,239,489,239,022212,708,1122,e0118ccdaa0a81e6f246a5e12693827d7c40e12903262605751d6cec286b7c59,011202,9
phi,118,1,729,1,131,597,131,011212,714,1131,3dcde86e8f8f72dd90eee860911eb04db09f3aace5e235b465d22708286eee24,100222,9
phi,119,2,729,1,670,58,670,220211,720,1141,2e1fd8dcfa3aac10ec507d6b15dbe9d342510948f337b7f4a4774886de684e03,001000,6
phi,120,3,729,1,16,712,16,000121,726,1150,1164b7689121f199d7babb42fa81ebb9e0d3f8fd27cf0f1c65bb109737c4c304,111121,9
phi,121,4,729,1,509,219,509,200212,732,1160,23879ddb5d974c18e47e37f2e229e339ca4dd6bc79226a08d8a59e9b8191ca6c,211101,9
phi,122,5,729,1,564,164,564,202220,738,1170,81c18cad197e3ab6a59f7beac8b619cc75d2f2dcc634fd8fd3213f917c8da953,002020,6
phi,123,6,729,1,56,672,56,002002,744,1179,82d58e1120b75a3343bd6f69d5f696cef355a98594999fa096e7d43ac2fc62f2,111001,6
phi,124,7,729,1,208,520,208,021201,750,1189,1ca535b97cff6bf107f7fdfff29d47dee481659e49a156b795c12f22f5ee7ccb,000102,6
phi,125,8,729,1,635,93,635,212112,756,1198,df990929dac9b098724501ccce89468099f0909a819194d8654fd43c0f043026,111221,12
phi,126,9,729,1,106,622,106,010221,762,1208,ac04a3f979f55c847f42390387d9ed4328880f4a7b5fb09ed203ce3b8ca99a96,000021,6
phi,127,1,729,1,303,425,303,102020,768,1217,beeba4bb0af449f9eb67fb8a1613fced5c1c5f8ca9e9befa0246c07c4096fdb0,112221,9
phi,128,2,729,1,253,475,253,100101,774,1227,cc09e0665efb8bee62f421b80bc80d2bffc72eb8436d9a9e321850371c1e1f3a,211000,6
phi,129,3,729,1,685,43,685,221101,780,1236,5089ce03ed28691f4474ebb76bf54853089926ff47e33693bb7ccdf75dbdc44c,201012,9
phi,130,4,729,1,665,63,665,220122,786,1246,0085badeb7fb23cdf645f7470403a9ed9b2c2debd8ea7f60b1060e3a2dc4559d,111002,9
phi,131,5,729,1,284,444,284,101112,792,1255,1c7d885d61b7fa0e3bb65dc8fd8586e417ff4c59a087e944f91a3e49ab3239b6,222100,9
phi,132,6,729,1,567,161,567,210000,798,1265,28e08d8ef59e90d8b054dc788dc4e8f0237c5130b10e3daf8eaf1c7169981ad6,120110,6
phi,133,7,729,1,297,431,297,102000,804,1274,32e516b6eac0eb1d7c633a085892b0a704078457f5dadc8dee63d15e1a94cbae,201022,6
phi,134,8,729,1,632,96,632,212102,810,1284,4e19252a31d56ce33942dd9376f62b4d39b81ab00a70060c098f30f5ed6d6a60,022120,9
phi,135,9,729,1,10,718,10,000101,816,1293,0ecff22d2bca5ac1decaf95ceb0d00c0929f7c451b83af664284b373d0434ed3,200222,6
phi,136,1,729,1,364,364,364,111111,822,1303,c32f461184746d029a23b2760cd8fdc0475f784b38139dc671f53cfd75acd05a,211111,12
phi,137,2,729,1,154,574,154,012201,828,1312,f2e88995d86c58151ef853d163152a952242a586205a7c1f6126605b5cb9cbc5,012000,6
phi,138,3,729,1,246,482,246,100010,834,1322,d4e9513f7fafed92bebd60858499537ad6bed34a5697e48142e94a9c56fa1b2a,100212,6
phi,139,4,729,1,128,600,128,011202,840,1331,278bea8b7cd7b2f130611b3754ff0590596f29fdcba6a4bfd8417ea216022486,011121,9
phi,140,5,729,1,667,61,667,220201,846,1341,a51f78b6e8202d4e228138e834bf6304034215d43f5994f63e4e9a84c6689880,212202,9
phi,141,6,729,1,223,505,223,022021,852,1350,ae1cfa4890b9bfac064881f29da4be5d5de7abcab42f2509fda4b448a2fd4760,112102,9
phi,142,7,729,1,39,689,39,001110,858,1360,648b44c023fa6372e8a3e5060ea3aeb3b7085b962f4b0c2a8a5e1202176f5372,020202,6
phi,143,8,729,1,303,425,303,102020,864,1369,1261f16c1e316977fd098d4bdf5fbcc29c21c4f0604e8a49e6e8dbf14765750e,112221,9
phi,144,9,729,1,586,142,586,210201,870,1379,f98a6df7768fd89a31326ed63de6a170a295c0078011c3d4abef205a5794cf35,111011,9
phi,145,1,729,1,304,424,304,102021,876,1388,058fdbcfc5cd8e2c191e54f19fd97a47d8e041616c95bba2ce953628c8b4ccc3,221101,9
phi,146,2,729,1,80,648,80,002222,882,1398,ff5f4471a87a88d11d82f80295d1dd923ded33404da41051c0515537c15a0782,201221,9
phi,147,3,729,1,632,96,632,212102,888,1407,1195d4ebae0fbbe8b1ee1077f4fd204dc46cce1a88481707243ebc303db39dd7,022120,9
phi,148,4,729,1,82,646,82,010001,894,1417,d283bff8fb4122e84655c4e6bfb42ea4dc2baaa14557736e1c2ace3910b35fd1,210101,6
phi,149,5,729,1,99,629,99,010200,900,1426,8d5fdef05ec65858944c3fb80fb18c827ca53d286e3ecb7202c8a73db237adb1,010212,6
phi,150,6,729,1,261,467,261,100200,906,1436,9ac0e8a4b5add5ba313fa8fc5c039cb31b5791935e728f29ff0335a50279f995,220102,6
phi,151,7,729,1,40,688,40,001111,912,1445,65f4495edd1e973611000f7166a461244bd81ad4d30c6b6e7884427bf71b1467,102112,9
phi,152,8,729,1,494,234,494,200022,918,1455,9aa36de28a5e98ffc79696793560e1ac3ce21006b9c31a4d5403189a1039b431,121211,9
phi,153,9,729,1,332,396,332,110022,924,1464,d9a1360a71504f81eea6e1e547efb2ebf98fbf8d607fa1179da7f78458b9eb26,211021,9
phi,154,1,729,1,149,579,149,012112,930,1474,7eeaaf9e6c157954ea458759966be8d229a1dd8769b4c3f4b5fa7856be73bbff,122002,9
phi,155,2,729,1,617,111,617,211212,936,1483,ddda12c8110af276846bf855cb6bb26c6a5b366a6d3f97e7ef0b0f7b847aa007,122111,12
phi,156,3,729,1,305,423,305,102022,942,1493,52977bfb18bae50932647bb4962edf72062b388035b720ee73a0f859b7e059f0,000011,6
phi,157,4,729,1,197,531,197,021022,948,1502,e3d9424228ec0694478e0fbf63a5c4c6a88cc4f99abe037607bfae943c248221,111220,9
phi,158,5,729,1,224,504,224,022022,954,1512,ab3c76b5bb8ae87e3bb68c1dbc8d720c0efca9ab69a87fcac9f73218eeed1626,221012,9
phi,159,6,729,1,694,34,694,221201,960,1521,250a85d7bff59e8153e57f6271c992fd3b5aa0b3e62eb1fe21fb940fb6e63b69,022021,9
phi,160,7,729,1,22,706,22,000211,966,1531,8cb57564a053914d3ab994504086d58f059a009d13022be50a58e2008f3baec1,110002,6
phi,161,8,729,1,560,168,560,202202,972,1540,6ac5fc21e1bfee73916f7d7872c32ece49a793d79b6466293955ae3f7d4ad812,012211,9
phi,162,9,729,1,394,334,394,112121,978,1550,4381c4aa5abd4a50a8a68d61009243e15e34ed136d3f64c02443fc55567c8f4e,110001,9
phi,163,1,729,1,703,25,703,222001,984,1559,af6dbbc2b65a4ca08956b0a96868d492671152c3d3f521f1132760c1d77421c8,220122,9
phi,164,2,729,1,180,548,180,020200,990,1569,e2b587ce0c013c2af3d39aa5c05f17195e23f30a7ad231b471cdaf563f1d4b21,111100,6
phi,165,3,729,1,15,713,15,000120,996,1578,b73744b095dc05c606493296da562e00bf3326e3f3f09c23f628babf6821ed52,002211,6
phi,166,4,729,1,200,528,200,021102,1002,1588,fe8d04b206d31841b680d4c3442dcb47d47fc060fb374bec932fcc8f500dc111,021000,6
phi,167,5,729,1,276,452,276,101020,1008,1597,e591a9b70ce2e5b54ca28542e66fd7b65fbfa0ef2e3a4291c7deeb992197298e,002102,6
phi,168,6,729,1,612,116,612,211200,1014,1607,cb9f86e7033470b269f339677eb4c7bdecdc2c78fb27d82a64e7278674095cb2,112220,9
phi,169,7,729,1,331,397,331,110021,1020,1616,aba1c106acedc7b4e5f0091a5e22140de75fe1d58c0ccc603ea6ed0aa1e1a756,102111,9
phi,170,8,729,1,347,381,347,110212,1026,1626,a21353f1e34a178b5a7c56e813df9a089a1c6a38e8e53c5a2887b3b06bec6c0e,001211,9
phi,171,9,729,1,184,544,184,020211,1032,1635,f6ac902ae4e2fcbf7b83dbeabb3d8f0f18860f74f6b423e74a69a5527f930467,012111,9
phi,172,1,729,1,467,261,467,122022,1038,1645,3cff55abc380ac63d9d375292f110114ef542a9768ad7061ba5464e5b3fff9fb,202120,9
phi,173,2,729,1,318,410,318,102210,1044,1655,b8b9e7741141ea5604cb3f2df67007c2bc1ab82ac90c830a1dffe3691264df01,202111,9
phi,174,3,729,1,364,364,364,111111,1050,1664,2295a33c28ea95851b00b9a6812199204a71fb3302394a437d022bb395730baf,211111,12
phi,175,4,729,1,417,311,417,120110,1056,1674,52fcdacae121ad746e227db8a98f889cd0719163c4e9d51f111066aa7fe4aaf4,120000,6
phi,176,5,729,1,282,446,282,101110,1062,1683,4a31b52c4eafd2ca9de476ecf1de4e2c9b8bca3ca1f043a43e2946188c336307,001010,6
phi,177,6,729,1,324,404,324,110000,1068,1693,4bc9023be5908d0ca36066539234cf223df05cf895b8dfa1c7e44d4786d65de1,112002,6
phi,178,7,729,1,669,59,669,220210,1074,1702,66f772f6c517af15cfa5c79bc30447dcbe47f1f02e2abe434d807b41941377dc,222120,9
phi,179,8,729,1,264,464,264,100210,1080,1712,b3de76ef334904229f3ba92f977456d65dbcf0adcb2b0cbc200b4727738fe322,012200,6
phi,180,9,729,1,5,723,5,000012,1086,1721,8b2c4405a27bd5f6300558ffc5c89db70882a33bf3ae0d0f762decfae553e1cb,010221,6
phi,181,1,729,1,723,5,723,222210,1092,1731,ca01854b1f7313c5b38336da95338d29d3763df247cc7315d7091c6cb225cc50,112001,9
phi,182,2,729,1,23,705,23,000212,1098,1740,58c302a00630e67546d1458560b5babd1f80b4e601bef828a787dd4e0b2fd6c1,222212,9
phi,183,3,729,1,621,107,621,212000,1104,1750,3def123b3d36dd8a8b0d01272dbf4ef15cc27f0bf7f878560a8ac5069b2c95e9,010021,6
phi,184,4,729,1,540,188,540,202000,1110,1759,f7d6b701809c00de027182cb8c7578d0bf81bdb07f84ad1ced7b6413f5e16578,212100,6
phi,185,5,729,1,432,296,432,121000,1116,1769,b7d278bef4212a05c4dfbc4439470ac5025160503942b78f7ac2d28a95a17ffd,020012,6
phi,186,6,729,1,513,215,513,201000,1122,1778,7e5af7065103372757e3c5562a4d6353119495f85c5763446fa31f87fe7a2e1a,102011,6
phi,187,7,729,1,591,137,591,210220,1128,1788,681f536af9f4b598955e289e3e46df03a65ea8a9f9dea0fc9f143981a82c1825,210000,6
phi,188,8,729,1,31,697,31,001011,1134,1797,3310286fe8081fa08f899b919301b452a49c07f052455b7fa65cbca14ebc6cff,011100,6
phi,189,9,729,1,209,519,209,021202,1140,1807,fa4aa580959a28adeba7f44f8f2b26d24ae5b6a7720abd662f561e7604ecebf0,112012,9
phi,190,1,729,1,445,283,445,121111,1146,1816,54d3757d084fc95241136164f66317f0ef262d9e60ca8e08fcdb748845f02ff4,012002,9
phi,191,2,729,1,506,222,506,200202,1152,1826,cc5e25d5cac02ca85c16674b46947a45ee43cfb6d3cfcc98987490b0388c9338,122000,6
phi,192,3,729,1,393,335,393,112120,1158,1835,f58730daf2bc2133cfab9e3892ccf27ae099a042c11dbf1073a53e779a3f9cd8,001121,9
phi,193,4,729,1,535,193,535,201211,1164,1845,0cf5566a8ea5333350fb0af942af46ccfa3b2f7d0bf9c39f733f3943b2c63efd,212010,9
phi,194,5,729,1,39,689,39,001110,1170,1854,5ad410f1f9b94168ad647c090c9d2e738fe426cbd016b326e14c70fdc0cef723,020202,6
phi,195,6,729,1,393,335,393,112120,1176,1864,5caab08245b3ee3a2b108ddbe22234e68b7c1b36ea97cc876af8ff78e0e66fb4,001121,9
phi,196,7,729,1,270,458,270,101000,1182,1873,49b8d2b755599a4f347e399261e83144c6fc21e7cf578095b4fedeca5ee8a0e9,121200,6
phi,197,8,729,1,136,592,136,012001,1188,1883,5af52696ceeaf8cc4bb0f274025f445bdb044f02995f1104f37f6a2c89954c94,100012,6
phi,198,9,729,1,224,504,224,022022,1194,1892,3ad105becad4a500324645a8503d458551d299a785023c640e94d90d3b640767,221012,9
phi,199,1,729,1,152,576,152,012122,1200,1902,c93d472aba14e9e164aa6d27afa330c1ac9ddbd6a096fdb29ca660d7a0f45266,211100,9
phi,200,2,729,1,303,425,303,102020,1206,1911,4bd9a39d06d80f6c4ac401051274b14c94d0c73f29e32392e0f8738320579dc8,112221,9
phi,201,3,729,1,640,88,640,212201,1212,1921,864344c94bd2724973af63ecf6360f11fd15dcfc2e3ff029db856a694365a6cd,001222,9
phi,202,4,729,1,349,379,349,110221,1218,1930,298f76f323eb0322c1616110e3303b685094e4f58fc6dcbf8309476c4b736e56,011102,9
phi,203,5,729,1,195,533,195,021020,1224,1940,41be58163be55b0fd418a6c55be1622e35951a31d2ca0fffd0a8381a6c37cf4a,220100,6
phi,204,6,729,1,92,636,92,010102,1230,1949,7f1b8517c3dcf2992d6a8ea6ae880912cc2476fa5b656066d96c4653722117bb,110020,6
phi,205,7,729,1,234,494,234,022200,1236,1959,71718b9e191e92d6c61c2ff820a212f2130a19018cf75ddff2aa688c4dffd7db,001011,6
phi,206,8,729,1,270,458,270,101000,1242,1968,f1e1bf9de12ed17630e5f4472efcdb6726980d88757361f89ec7687346b39771,121200,6
phi,207,9,729,1,532,196,532,201201,1248,1978,9c392104d034500954c7bbdca4b10be2029583ea52f03864ced9072a71f29e28,120212,9
phi,208,1,729,1,545,183,545,202012,1254,1987,1ccfcff5c897dad7aa9f9d131d94314b9e2773ad4dd766ac987d4acd31d86b77,222021,9
phi,209,2,729,1,430,298,430,120221,1260,1997,342b667cb845e364f60cb0abfb43e83492658828001e8fd7da98c82670f595e0,112020,9
phi,210,3,729,1,113,615,113,011012,1266,2006,8df14eafa96f34e37c1c2a49336cea43d5feeaee30b6578ead609a8fd8081d9d,221201,9
phi,211,4,729,1,254,474,254,100102,1272,2016,541f6d091b9e14163bbef109a6f59bacc3ff0d9acede06af50590072880ac58f,020210,6
phi,212,5,729,1,285,443,285,101120,1278,2025,80d32c695e0463e20ac826246d57397da1183724050037f09095e51c7440e951,120111,9
phi,213,6,729,1,260,468,260,100122,1284,2035,5b5f97c6d8ec4e6d957eebc1d0e1bf827a996bf0205ba098a3a54796f0cf3d8f,201112,9
phi,214,7,729,1,493,235,493,200021,1290,2044,ad5e8abb2f5acf861da1ba3c6098f7c445ed935582c04992cc98cd3c40643cf5,012001,6
phi,215,8,729,1,442,286,442,121101,1296,2054,5207e5e5791d04fac9c3f052d37ff52be01ed953f99d41170df8e3506af419be,220201,9
phi,216,9,729,1,689,39,689,221112,1302,2063,0de08578536e00eda00699e3559d8527e88c6835828255d01252425b16898fd0,102020,9
phi,217,1,729,1,216,512,216,022000,1308,2073,c776c6224de7d4db8f44730482934c48aae2b6764d5dc27a668ff58096766701,122020,6
phi,218,2,729,1,669,59,669,220210,1314,2082,d26ec1e207a1f209afdce49027a4975d0e90a6693dd1c6ce24a651e2c2c317e3,222120,9
phi,219,3,729,1,4,724,4,000011,1320,2092,44d422c8983a637eab4606b06213050489cac1a07bafe00352871fed38a71996,201011,6
phi,220,4,729,1,577,151,577,210101,1326,2101,c78fec5eb29a5c085d87bc5f30cb6d8391bdc540d0bf3c2a764c8f05c91f5932,020002,6
phi,221,5,729,1,237,491,237,022210,1332,2111,d96d50a8f9444e87e8b246326975f20e72c73ba25efe4f008150ebc2646276b8,120112,9
phi,222,6,729,1,640,88,640,212201,1338,2120,c2f6633f927c9a30fa9e83775054cddb54ad07e7a44a206c5c16cca531e90ca6,001222,9
phi,223,7,729,1,598,130,598,211011,1344,2130,56b322a3e0cb952c6b107049d27eacb178400c689ea76b467e4068c77bb04a5d,101210,9
phi,224,8,729,1,388,340,388,112101,1350,2140,87664f2c25e29cf2327554bead6885725e1c3e6a9ed6ab5ff84543564c1fffc2,202102,9
phi,225,9,729,1,192,536,192,021010,1356,2149,320a2b52f809a10c1caa444ce88d21f04555bba018940147aca38bf431057d0e,101002,6
phi,226,1,729,1,255,473,255,100110,1362,2159,b8f06779c94f40452bfc4ba37a92b2d8b365333aee9ee68d842cde6a49bf72a3,221221,9
phi,227,2,729,1,718,10,718,222121,1368,2168,befae629b3b857a4ab95fee30d1d9136d8b6e3f75843c4a249f50ce5f463f771,222000,9
phi,228,3,729,1,12,716,12,000110,1374,2178,75e685be9caa93090ed63f5c4b1d8cd4a0d5e68d992031d8d44a11bf4f2ed230,210110,6
phi,229,4,729,1,137,591,137,012002,1380,2187,2912f033be79ad42fc49e1b491038183b448dafa092f477ba110e0f93f2f0b92,212222,9
phi,230,5,729,1,508,220,508,200211,1386,2197,33d7cc39e0cdb2b72d9b17118a74ee376dc64bbd83fb4674d44e5c44b9045849,102221,9
phi,231,6,729,1,667,61,667,220201,1392,2206,4e8b1df11df587745d6f96b1a16dc48b70823938470ed1e0fd437fc86b202ef3,212202,9
phi,232,7,729,1,67,661,67,002111,1398,2216,20b0e2becd895a0d801895e403977714df19679904064e8bd62574bcc34ba8bf,212201,9
phi,233,8,729,1,538,190,538,201221,1404,2225,077c06ebe21c0fd5949b5176b2a6214a4d5adfd9b17b2ce0dc25ee2dbaf21991,001111,9
phi,234,9,729,1,234,494,234,022200,1410,2235,a8ef53a51445ccc813d0e031afa480bf7ffff5d188076e4ec4292a98c0781ccb,001011,6
phi,235,1,729,1,133,595,133,011221,1416,2244,82a85451560701d63d6a67cb4e7e9b94b6fe5a96769bdb7c4eb7d6b748a7db15,110110,9
phi,236,2,729,1,595,133,595,211001,1422,2254,a6cbc7639d702670cc384fcf56c41c9c93606dab14785ea3c8fac20726b251e6,012112,9
phi,237,3,729,1,184,544,184,020211,1428,2263,0e6f6670ece11e8bac8a458e29a6d0a9ee6fadbb1e2279d0b071959a1e833c53,012111,9
phi,238,4,729,1,392,336,392,112112,1434,2273,fdb8bfa1febd568a91130c84623228e3a458a1f15824b1c0b1586b4e7b53b639,100110,9
phi,239,5,729,1,54,674,54,002000,1440,2282,55312fda4be25e960b24410c3dc92d644ee9992e21c658c5bc8e3080abefa98a,220211,6
phi,240,6,729,1,608,120,608,211112,1446,2292,f500d2b55e6bc50fc1dca230b84e59d787de52565eb01a8c68f5660661254354,001102,9
phi,241,7,729,1,650,78,650,220002,1452,2301,e49880275ddbd89623cce5e1461f0892e64c214a2b47f8cee6bd70591c2a965a,112121,9
phi,242,8,729,1,578,150,578,210102,1458,2311,00683eb23630f00ad92b9b02a6b602de58c0f713093490c9dda7abf3d9141e13,102212,9
phi,243,9,729,1,153,575,153,012200,1464,2320,0920b49e2924992cfe3613ead5b81af210990a6080bf978b90ef273fce866b4f,200120,6
phi,244,1,729,1,362,366,362,111102,1470,2330,b58f6a559954df34a5778941f781ef5960c2506a057d86282185b2fe372c63d1,201220,9
phi,245,2,729,1,462,266,462,122010,1476,2339,e12d1bcb376fa7c140240b2df746c6790ddec3a5665389f37eb945bc4572c016,222202,9
phi,246,3,729,1,74,654,74,002202,1482,2349,ec30706a1cdfe8e9bef8326404116f0bf66322e80ac712a5a723cd1a38db3b2f,020022,6
phi,247,4,729,1,26,702,26,000222,1488,2358,71fe971af7a28961b5f60204bae0561fc9b81a3101c67ce986973f01fdae28f3,011010,6
phi,248,5,729,1,682,46,682,221021,1494,2368,31b584a4cd210a8895d67f3ecaa2a7ce973c82f41e5fc4afd77a7d647ec00516,021202,9
phi,249,6,729,1,715,13,715,222111,1500,2377,45d200b38a0f46babd51689418c474822cda7a8b0107bf588c62eb9db7bd9d19,100202,9
phi,250,7,729,1,212,516,212,021212,1506,2387,a705944e6d16987fdddff57c75a071470234077bdeddf6093e1b419a80265c0c,201110,9
phi,251,8,729,1,393,335,393,112120,1512,2396,b7e6aea1b626cad769a8feef5b9778f2b12bf7c6f8826e87ae4fc818e744618b,001121,9
phi,252,9,729,1,523,205,523,201101,1518,2406,3f91668268743dbbd5709f8298e9cdb96802c3652bd21bcb928773a7b2f4e347,002200,6
phi,253,1,729,1,450,278,450,121200,1524,2415,c10fa8d676d00869f73ee98d9107be1b78d049b8c53338bc11cae04872a79210,202000,6
phi,254,2,729,1,581,147,581,210112,1530,2425,7fbc50145a7df46fdd4fd71ad48ca98934d2374b63dac54c4da89439d6da04cc,221010,9
phi,255,3,729,1,700,28,700,221221,1536,2434,dcab6423c8ca7317d4b2b6f21bf577e954ed0605df006d1115660a6e9e0e89d6,200220,9
phi,256,4,729,1,44,684,44,001122,1542,2444,1b2eccdecf0ba49597dfb0be7863db499ad467ef14b36ef3a31488ef37442069,000120,6
phi,257,5,729,1,428,300,428,120212,1548,2453,2003e8b65c9933c75e4cbbe17d5ee7d400d26f136635a8e27c760e9d18006f50,102102,9
phi,258,6,729,1,453,275,453,121210,1554,2463,ce334a048abf4c431fa246a5564c889e28e23ef7c1f953d5aa84bb5dcfbac9b7,021101,9
phi,259,7,729,1,401,327,401,112212,1560,2472,d11d4e44ae066f93b95422ecc7aca1466ff8e70c7df22808c8b50ca33cccaff3,221122,12
phi,260,8,729,1,701,27,701,221222,1566,2482,d09e367d387fd1f9c6b396c9a61efb08ab3063fcb319d37650650d6329d6be94,012100,9
phi,261,9,729,1,558,170,558,202200,1572,2491,3287f4886f9f1c4854d9eb4e369f0437905a8aa35312fcc49c90234b2daef0b8,121121,9
phi,262,1,729,1,680,48,680,221012,1578,2501,19d93619a5f4070eb6850ca5fb59bfdff4836be5abef9d6abbf7473c20dd6f0c,011011,9
phi,263,2,729,1,671,57,671,220212,1584,2510,2803552c71e90c58ecf7460d925f51971a097c2770aa3988b5422c99ea64e636,110210,9
phi,264,3,729,1,560,168,560,202202,1590,2520,1e0158d016ae8566b01406cf1705511595f8cae98f4c5b4720b2fc472dc9b4c9,012211,9
phi,265,4,729,1,5,723,5,000012,1596,2529,13bcbb7173153b61772b314eb093b3f95ab58e547469bdf252975f59ba52d265,010221,6
phi,266,5,729,1,485,243,485,122222,1602,2539,c57d0edba97851b32cafb083104b7c9e00c8e81f418f1bd8b82e4ac72cd32253,111111,12
phi,267,6,729,1,169,559,169,020021,1608,2548,89b3191443df2c95892cf2c4633ac84db1a2e1475bd2010d6c01c3fec073280e,222221,9
phi,268,7,729,1,19,709,19,000201,1614,2558,a62d4876a6847706e7890d471998af2b2a11181eec8abbaf623a85638c543bbf,021201,6
phi,269,8,729,1,138,590,138,012010,1620,2567,3d11601faac9c754aff07a1e86e900c5ff8a650e030637ba88a62f02d1da565e,110200,6
phi,270,9,729,1,632,96,632,212102,1626,2577,2768e2d8dd451b155af95daf627deb02cb4ca3835c9dc2c22da8c99d804d6a3a,022120,9
phi,271,1,729,1,648,80,648,220000,1632,2586,c5ed71f49bcbc46250274866a8a969e66469f4f55f2b10caf416b2af8628c4b3,221001,6
phi,272,2,729,1,198,530,198,021100,1638,2596,7b8e7de75928d8f87a80efab475b9c25bfc7c39b9b7905bbd1f25f1a28452136,100210,6
phi,273,3,729,1,713,15,713,222102,1644,2605,7075a07fa10c8628265d80ff68d132ff46451a85fe7f8f1dbfa5352aa11547e0,120011,9
phi,274,4,729,1,64,664,64,002101,1650,2615,2479603de4a279db697f97bc8628407f3df2bb6812ef340c82fcbf2044c31e7b,120100,6
phi,275,5,729,1,454,274,454,121211,1656,2625,f8d4bb00a22527029d0e4982f818dacb5a656eb062c54f683afa090919daf061,100011,9
phi,276,6,729,1,605,123,605,211102,1662,2634,f35f2f07854c3f269495fb39156c454ce86620b313c401ef3a601215f80c2d8b,212001,9
phi,277,7,729,1,712,16,712,222101,1668,2644,2e6d7cc36bbdd3cbf5fbc4159f504b5f75090989153264e70c8d98bb1c2b61dd,011101,9
phi,278,8,729,1,559,169,559,202201,1674,2653,f789f3ea4c0e13a9fac52a9ae93ad67ca175b919c6b99cc8eae841ddf25f6eb1,200001,6
phi,279,9,729,1,708,20,708,222020,1680,2663,74e7fb35487ab12c680f45bfb396d02d6810ec41587630b38ce0fb3aea253de1,022111,9
phi,280,1,729,1,345,383,345,110210,1686,2672,da76c87be38d4542131e4bf65325db8ecf8b50cb0206be39a84bd589452ccab3,110121,9
phi,281,2,729,1,391,337,391,112111,1692,2682,65b4e69cd62fd2b93642a7ae08a2d27d44f881a356a3ad3bf5c241b71ef2fb3b,021200,9
phi,282,3,729,1,720,8,720,222200,1698,2691,ba8276c087d342dc8287ee44b3cb01aa3e0caf4450ec530122a14ce5e482f853,020200,6
phi,283,4,729,1,251,477,251,100022,1704,2701,0847e7111d6761317d2bb3a6d8928c086c4fe9e7965d773e41e058d44fdaedb6,110100,6
phi,284,5,729,1,665,63,665,220122,1710,2710,074823b15011738cad54cd6ea4ae448c07ad4562b1a3e2c10df4e4b36981d7f8,111002,9
phi,285,6,729,1,389,339,389,112102,1716,2720,fa0df98e43361e8b35d24cb5b374bb9f9b9a117b97ac61bb44e274339a888368,011012,9
phi,286,7,729,1,223,505,223,022021,1722,2729,ee52e9cf54b5608c6984e53da7ad425091c276ea19e536920a252e4e7b1f4868,112102,9
phi,287,8,729,1,186,542,186,020220,1728,2739,11870cb947ccf0505156d84eebd332776ec1dae89ac94583ba3819f7495e087e,022002,6
phi,288,9,729,1,195,533,195,021020,1734,2748,136422533d2b6978f648a1d2407c4e270c8838c36ce44a6f47d1075007b33081,220100,6
phi,289,1,729,1,144,584,144,012100,1740,2758,c81766e8b9e2ee19f1d7b9533f8b138fa501e3251ce31a2cb2529457c369339f,112111,9
phi,290,2,729,1,166,562,166,020011,1746,2767,239067a06e214ab72c0c89306c25bdf59bc48bc86e649947e489070bb0e73a8b,100120,6
phi,291,3,729,1,432,296,432,121000,1752,2777,76b860a701f68c71fdf3a1eecdcd8b8ad03a34af6580897245a9812dc58664f5,020012,6
phi,292,4,729,1,631,97,631,212101,1758,2786,1350a9a82ec06e1b8a550b9706cd36fcdf3cb201c84646fc17218254148352eb,210210,9
phi,293,5,729,1,332,396,332,110022,1764,2796,e0c066daaac73dce2741a27af7e7b2dceb220ca860272ee0da5dd86570a12fcf,211021,9
phi,294,6,729,1,53,675,53,001222,1770,2805,8704343253578d99fde7ed77ea404fe5febecf6c159222b9638f9a78671cddc6,121102,9
phi,295,7,729,1,511,217,511,200221,1776,2815,6458b8fbe4542da6088d6a7bc32075708f4260d6745464f5ee7b7e468889c13d,221022,9
phi,296,8,729,1,671,57,671,220212,1782,2824,4f0c92684b66874ea9681b10b24030f49fd57f20a42e83c63ce877bb81aec2fd,110210,9
phi,297,9,729,1,609,119,609,211120,1788,2834,49ca6de579176ae0f714dca5d02a7c706a21993e2192cc991c4a772a0f3a2457,202110,9
phi,298,1,729,1,18,710,18,000200,1794,2843,2ef603f117bf13f86ae582301f3c0c0c3176662188eb60191ecc2f9ef04ba9a0,212021,6
phi,299,2,729,1,117,611,117,011100,1800,2853,1e2b8dafdfb23b0329cfb96dcbc6008d87bc9176bed93f07f1ad2048c6fa180f,002022,6
phi,300,3,729,1,534,194,534,201210,1806,2862,05dde20e8a68bc689926e4dd52e9fa6c2cb1dc34f91f6388b6fc705ebdd00018,100100,6
phi,301,4,729,1,103,625,103,010211,1812,2872,cc963e6a564a00a5e9bb9de19efc749d006d3bc0180ce1979b155d312149f943,211220,9
phi,302,5,729,1,125,603,125,011122,1818,2881,373fa06ee9df245818707909f32fc7a8dd16e3da2a663300331c8a15be1d367d,101011,9
phi,303,6,729,1,703,25,703,222001,1824,2891,41cb21703b49473c3f0e99f418ae3739e13e603606dbd0b9314fc04034e6e0c3,220122,9
phi,304,7,729,1,645,83,645,212220,1830,2900,0c78c6754565a55cebaa533815c06bfff3d4cb606e8fb59ffee4e0dc483f9ff3,100211,9
phi,305,8,729,1,136,592,136,012001,1836,2910,36a9595ac41f2750e33f837c274897030c5e0b24b8c62813c195388ae0b7bcc0,100012,6
phi,306,9,729,1,5,723,5,000012,1842,2919,3c6b12283946c965e2cba48c017adef0239061e11bf7770a69d0a935fa3dd7b7,010221,6
phi,307,1,729,1,230,498,230,022112,1848,2929,0f697ec63e941b88f91e9e25f4297b22993079cfdce436aa89dc60288241be49,220220,9
phi,308,2,729,1,666,62,666,220200,1854,2938,6293366bbe8dd4d3ddc391bf37b321f0648e93dd248c307a6dbce3b326809817,100022,6
phi,309,3,729,1,442,286,442,121101,1860,2948,98e4aea0874bc8bbfeaec79dced690e879539822a32a229325c8b237eda5af0f,220201,9
phi,310,4,729,1,8,720,8,000022,1866,2957,2c91494e79a930899eb527aef8348147d8816971c7ed1034762389aa975d6b08,102022,6
phi,311,5,729,1,348,380,348,110220,1872,2967,f25b23d0f0f69630faea4c899f670bca5d44d99d110eff24861ef8b4d024a44b,202222,9
phi,312,6,729,1,399,329,399,112210,1878,2976,56e90dd59343808a2f0507e961023b9bf67a8482472531791dfccae2dc6b8937,000002,6
phi,313,7,729,1,306,422,306,102100,1884,2986,ceee6e6819a673f4e78f6ce1a32a1e0919b41ade0bca05d204d0093ccd074b29,022001,6
phi,314,8,729,1,8,720,8,000022,1890,2995,4ec1783214c5fa2a538c4aacf55e9f337faa6576877f47176720e2630c61466a,102022,6
phi,315,9,729,1,272,456,272,101002,1896,3005,12a1242e8d6429ddee70cf14049a137a88de60372a96b0e0676cc53367a49a85,012020,6
phi,316,1,729,1,122,606,122,011112,1902,3014,b699357b6d74d282d86bf6e79c8bb503a013468efaa2244e76fba3649e302d85,012210,9
phi,317,2,729,1,180,548,180,020200,1908,3024,83e5327c0f8b1b3bde569911d4d58341a4691c5be32922f4e857b00777ed0a78,111100,6
phi,318,3,729,1,282,446,282,101110,1914,3033,0a06af65c0c273e67ae16df7c4eb731341c58766c86238bf45548d52f5217e0e,001010,6
phi,319,4,729,1,592,136,592,210221,1920,3043,c8100bf92c478ee11cb5ba40e7c38d59e1ed0050a0e6b743279e08be0321d18d,022210,9
phi,320,5,729,1,370,358,370,111201,1926,3052,72575db8634e1868b0b6f7033cee731d587b88683e514d82e1bc7ada6aa83157,210022,9
phi,321,6,729,1,525,203,525,201110,1932,3062,1afbe3668b5ab549feb0ba7e95c7fb697d04a5860286e99ad988f50a6088799d,012121,9
phi,322,7,729,1,655,73,655,220021,1938,3071,716bb3b356454dab1c3ed46109295d3fd9274539a5487801ea12ae26df2456d5,211110,9
phi,323,8,729,1,478,250,478,122201,1944,3081,95da586dd765b2bc1b068eb23038552ea691e0886fda7186a89ef352f36f3511,121002,9
phi,324,9,729,1,87,641,87,010020,1950,3090,a174832146e409f8754fbcacf0a051c395328900ba850718523d5dd2a0b2027a,012120,6
phi,325,1,729,1,212,516,212,021212,1956,3100,914e3031167fe0da80f50b47d97e7791b882f480ec3bce954dd83924f024749d,201110,9
phi,326,2,729,1,715,13,715,222111,1962,3110,8b6c0b969f1ca2b7f5c22a671f04b81dfa831032cbbb35b28a1105ca08b741a6,100202,9
phi,327,3,729,1,164,564,164,020002,1968,3119,71f2bcde175a9861972d4482fca6e17fb3c7de9e4dde88538f295a6834c17e1b,120202,6
phi,328,4,729,1,218,510,218,022002,1974,3129,62e78be9aeba2a6d7f3975007258c83842624528067dfdb4e8e76e218f9e1da1,010110,6
phi,329,5,729,1,501,227,501,200120,1980,3138,b6a5734aab00d70cc81ce58807560beba7ec9455f3bd7afcdc86743722d7a42d,021100,6
phi,330,6,729,1,719,9,719,222122,1986,3148,73d3d76427e5dd0834e5f408d5500a66a227b74faf6edcecd438290845b4563b,001210,9
phi,331,7,729,1,561,167,561,202210,1992,3157,f62d751defb1d28fa1dec33617af035da7bc37280f87c9885d278dcc00f4a26c,210222,9
phi,332,8,729,1,408,320,408,120010,1998,3167,e9c94f7574e9e686ead2e76130a9b899e706cbee1e49e453288d4d489653e8ef,002021,6
phi,333,9,729,1,515,213,515,201002,2004,3176,6fa05b45d240d5f4b89b39396c123872bb9cbda924469171bf8deea0e65316f0,020101,6
phi,334,1,729,1,463,265,463,122011,2010,3186,9a07424e26e77136e7047987c3b973d56c9f5d1e3d65c32dbdc6fafd1542421d,001112,9
phi,335,2,729,1,599,129,599,211012,2016,3195,29918c84a4eba29651f1ee0c3ba1ec168f92266218df1a607f43e928e081128f,210120,9
phi,336,3,729,1,707,21,707,222012,2022,3205,f33c4e37348d897d15e69c718a17ac2f5dba5717aa1bb8a73f47b60e3e0b41af,121100,9
phi,337,4,729,1,540,188,540,202000,2028,3214,6e111a056c584cc3b339d5a01c13bd86807568bb64d255ec3fd5d265ac39dd8c,212100,6
phi,338,5,729,1,644,84,644,212212,2034,3224,ceaad4eae246942da90c9060432102db9d75127a69096dbde8050bd0a8a15580,202200,9
phi,339,6,729,1,109,619,109,011001,2040,3233,c434394194ee020179170a805a3f07fe33684c3d4c87bdbc98644f6d3bb95a9b,020220,6
phi,340,7,729,1,378,350,378,112000,2046,3243,d617a79feb4b90590cb7894d6a4f89337b47152f57cbbc597457664109051dc1,002210,6
phi,341,8,729,1,139,589,139,012011,2052,3252,b481b377e74954f2da3c3cb5afa927deca6155c38a502fc1f423d615689e35b5,222110,9
phi,342,9,729,1,681,47,681,221020,2058,3262,4f2be1b7d9ead9138b51399ca670999d7d651373bc6673a97265679cde1d1779,212022,9
phi,343,1,729,1,28,700,28,001001,2064,3271,ed40fa0f2915e97b6f138de1df5f718c9596b9f817dde3cf503be6a8444f9995,222002,6
phi,344,2,729,1,77,651,77,002212,2070,3281,219a1879a60a3732a0eedf9141e8fef55a92e842bf5c4502e5282ab86a63c87e,112120,9
phi,345,3,729,1,575,153,575,210022,2076,3290,fb9d01c21e1a917e05659529eec30cff71238563c4172a8298fd3ef8bd48c801,222102,9
phi,346,4,729,1,711,17,711,222100,2082,3300,e7f126812d786d0fa97c4bccfbc93203eb379ef356c36e6178a417fecdba2a86,202221,9
phi,347,5,729,1,342,386,342,110200,2088,3309,1c2964d96a1db0f3fcdabb783402687bf337f5c68f79c85689b27830cb9687fa,021020,6
phi,348,6,729,1,181,547,181,020201,2094,3319,c5ba9b34c70b947a26b93e81d737d9c7b10e4d1891728c1c81846866e42a1b17,220010,6
phi,349,7,729,1,485,243,485,122222,2100,3328,e35eca5bf6fac25eb8096963cc68cb944982f75cb86c938983619a3b8e5b197e,111111,12
phi,350,8,729,1,41,687,41,001112,2106,3338,deaec6baf28c9aa0a512e80cd902c7898ae9b85cbf8ccec00a884a51e978a89b,211022,9
phi,351,9,729,1,116,612,116,011022,2112,3347,f45a41b1dc257ce09efefbfe6ff101ca6684d3c8836d338bcde6a11c70aaa64b,010002,6
phi,352,1,729,1,682,46,682,221021,2118,3357,b10f29c3123165c3302f4354e9b5fc857a70fd027447107414b47fe945af949a,021202,9
phi,353,2,729,1,589,139,589,210211,2124,3366,f1b529f676c6a6dbf2d6c244d21148729e56021b60b461c564d87a494fcdcb48,200112,9
phi,354,3,729,1,374,354,374,111212,2130,3376,50ac104fcff8efdf89b1edeb07c3d2f0e14a468eb60882118d74f60cf6882b04,111000,9
phi,355,4,729,1,80,648,80,002222,2136,3385,81e273b9e362ce1b4486ed37d70413107ab9d3ab98b18e5635409b5522e2bef2,201221,9
phi,356,5,729,1,507,221,507,200210,2142,3395,7c26a695aa1f29a92c615c84995d16dd0a57ac5bd9925daad970c2eb7dd7ba0c,020011,6
phi,357,6,729,1,661,67,661,220111,2148,3404,1123bb85164107033f8f14cf39e687f6747e652c5924c8944899c9cae72bdf2b,210021,9
phi,358,7,729,1,427,301,427,120211,2154,3414,e6ed22261bc428f06aea88e72345c79b9263cd3a1cd820049e361f0a879e7203,020222,9
phi,359,8,729,1,18,710,18,000200,2160,3423,9ca737551ac2595a6cbe44958c2971c18aa770a5720147f773eff91155615556,212021,6
phi,360,9,729,1,470,258,470,122102,2166,3433,ee6451caa32c5c16ae6c727e77fab4b5f6359f8f426e072bf230fee8518c2d4c,112200,9
phi,361,1,729,1,493,235,493,200021,2172,3442,7e2e7a2ac80a85529c5f3a1316f28b9542de2b66263849ba53b4114f5cdb847f,012001,6
phi,362,2,729,1,232,496,232,022121,2178,3452,4806fc65df097eff8f30012a4b86178e2baa32c49a956b199b523ad736f0e2d4,200111,9
phi,363,3,729,1,249,479,249,100020,2184,3461,9c7bba7bf497a23faaf6a1996d32135f95ae73b421b54f8fe15ce021316d7d39,222010,6
phi,364,4,729,1,680,48,680,221012,2190,3471,352d43c2f9a9227eeada2ac6d4ac644c3c3fd57f881199030075bc54a6634e0f,011011,9
phi,365,5,729,1,343,385,343,110201,2196,3480,4d3731566855ad7d5205eb8f453924c1c212a9e82564da6147899f80f9d0b1a3,100200,6
phi,366,6,729,1,723,5,723,222210,2202,3490,fcc36335f2fdf36039b3d2053b1911e20db6a23da92ec974bf09a7bd6b003adb,112001,9
phi,367,7,729,1,541,187,541,202001,2208,3499,d178def46f9cd5a0a25dcdbec21ef12babab816cef04144680c2279903885db7,021010,6
phi,368,8,729,1,168,560,168,020020,2214,3509,99037841d482d0f731d11efa8bd22fa05007695b61a7624211b551b8eea4a937,110011,6
phi,369,9,729,1,268,460,268,100221,2220,3518,f5905fce6f02fd7c6c96bd574a14657b34c48c2fc2176afc50ac0147f3aec9e0,210211,9
phi,370,1,729,1,462,266,462,122010,2226,3528,5a3251a43904e54e933dffd9bca04074b3809aba6959592281ef1ba69e85c0aa,222202,9
phi,371,2,729,1,647,81,647,212222,2232,3537,d0d5223487781cf261b12a910552fcdf33e0c28e0e1e4c8214fa60dddd00d00b,021001,9
phi,372,3,729,1,248,480,248,100012,2238,3547,2b1f16292ab70a8549c7c2b57d081e03ff8f5aeaa3cac5d15f8b771f3aef99eb,021002,6
phi,373,4,729,1,412,316,412,120021,2244,3556,0bad7901183ef5f2bb6d3bf1376f64aca919241892c12f048e4d016d933254a5,200002,6
phi,374,5,729,1,644,84,644,212212,2250,3566,27078aac89eed655093be9e493ff3d42090474d0fa35586abb88ddf6f1b85fcf,202200,9
phi,375,6,729,1,67,661,67,002111,2256,3575,84bf039c000e022a6bc5c26db1ff473f16abb4fc7b014e0208622b1a738d5d8f,212201,9
phi,376,7,729,1,504,224,504,200200,2262,3585,8a618ad81c829d7acfa0186c2bf07536dbbaebc55368686a070ab04f8e35ecc5,201210,6
phi,377,8,729,1,344,384,344,110202,2268,3595,f41a759b02e664cbb6586bbf802b1298c9669c7a56ddcd16503cad83edeac520,212110,9
phi,378,9,729,1,700,28,700,221221,2274,3604,102f814efd7272ae414f6ea889e29b824947643b1de0d7821fcb443d5ec3ae46,200220,9
phi,379,1,729,1,654,74,654,220020,2280,3614,a0a59ede6709a3d2818b235ddcc109a3994346e50450e2423c576d810e7b5d71,102200,6
phi,380,2,729,1,435,293,435,121010,2286,3623,b213cba55210631fad515fa22f852200ee75a90841d5691b32adc328f81b2dc4,112110,9
phi,381,3,729,1,83,645,83,010002,2292,3633,cf7f29ec104566f6151814377ce144abc315f86601f052e3424e09b0e4762bf1,022011,6
phi,382,4,729,1,576,152,576,210100,2298,3642,7e15d1ef4276da6be037a01f3a0a56a9677392c9ff300afed3f78ffb02673629,211122,9
phi,383,5,729,1,26,702,26,000222,2304,3652,ae5087e5199c46e87b07dbac786246681d7bc676c932f042b8af44e77a29ff79,011010,6
phi,384,6,729,1,625,103,625,212011,2310,3661,534b85e984c78acecf75b7c7c0fe72691144a9d68f3e502b50c722a5dc9791f8,211002,9
phi,385,7,729,1,451,277,451,121201,2316,3671,60c83728916d456e07b94e9e2d057157d2c88c15bacae2f75477151f3b5d481e,011210,9
phi,386,8,729,1,594,134,594,211000,2322,3680,05105ea2d7b21ed392659a1c654fbb27f7e705f6a6f01b2379e7b8ac86dc6126,200202,6
phi,387,9,729,1,484,244,484,122221,2328,3690,b41bd11d8ac23752219396c8ceb7afbb2b834bb0b263fe9503ff1e8e87e8b65b,002201,9
phi,388,1,729,1,349,379,349,110221,2334,3699,6d5a7558e03591211f9cdd3ec7768c88ef1c8d2f09391f86feaa3dc02d980ccb,011102,9
phi,389,2,729,1,356,372,356,111012,2340,3709,d215a2d0c31ad33ea47494fe96485895207c3594578bed87d3b9bf442beed02b,202012,9
phi,390,3,729,1,440,288,440,121022,2346,3718,90302ad7712dcac4ffbbe5d136c383db8a4f6aef2228a62a9695d0f76c1892bd,122001,9
phi,391,4,729,1,652,76,652,220011,2352,3728,ea237800e0f89441305fcde464fec9a2e6e3d450e404f6032d20f4694295c926,122012,9
phi,392,5,729,1,681,47,681,221020,2358,3737,af9528f697b088a0278bc4bbfef6a616b8c4f6cbb6f742fda3702c8e4f5ffc91,212022,9
phi,393,6,729,1,582,146,582,210120,2364,3747,ddb77b716c59f0814bc1a418dfb8a53571e9b1568528377ecf25087f12dc2f83,122021,9
phi,394,7,729,1,47,681,47,001202,2370,3756,5268b919d011ab0970fc34f49ce07529b36a58a289c111cda06835e9934504b7,210200,6
phi,395,8,729,1,311,417,311,102112,2376,3766,4662c666b59c5e72963c9492738dab6699529099afb9add266499c0ea8b42b10,002222,9
