cell_id,coarse_class,color,h0,v0,t,phase9,event12,block27,r_pre,c_pre,h_pre,v_pre,sheet,direction,raw_value,quotient9,digit,quotient3,trit,sigma,corona,vacancy,vacancy_window132,r_post,c_post
1,charged_lepton_G4,,-1,1,1,1,1,1,1,1,-1,1,sum,W,2,0,2,0,2,1,0,0,7,1,9
1,charged_lepton_G4,,-1,1,2,2,1,1,1,9,-1,1,product,S,9,0,9,3,0,1,0,0,6,2,9
1,charged_lepton_G4,,-1,1,3,3,1,1,2,9,-1,1,torsion,STAY,9,0,9,3,0,1,0,0,6,2,9
1,charged_lepton_G4,,-1,1,4,4,1,1,2,9,-1,1,sum,W,11,1,2,0,2,1,0,0,6,2,8
1,charged_lepton_G4,,-1,1,5,5,1,1,2,8,-1,1,product,S,16,1,7,2,1,1,0,0,6,3,8
1,charged_lepton_G4,,-1,1,6,6,1,1,3,8,-1,1,torsion,STAY,9,0,9,3,0,1,0,0,6,3,8
1,charged_lepton_G4,,-1,1,7,7,1,1,3,8,-1,1,sum,W,11,1,2,0,2,1,0,0,6,3,7
1,charged_lepton_G4,,-1,1,8,8,1,1,3,7,-1,1,product,S,21,2,3,1,0,1,0,0,6,4,7
1,charged_lepton_G4,,-1,1,9,9,1,1,4,7,-1,1,torsion,STAY,9,0,9,3,0,1,0,0,6,4,7
1,charged_lepton_G4,,-1,1,10,1,2,1,4,7,-1,1,sum,W,11,1,2,0,2,1,0,0,6,4,6
1,charged_lepton_G4,,-1,1,11,2,2,1,4,6,-1,1,product,S,24,2,6,2,0,1,0,0,6,5,6
1,charged_lepton_G4,,-1,1,12,3,2,1,5,6,-1,1,torsion,STAY,9,0,9,3,0,1,0,0,6,5,6
1,charged_lepton_G4,,-1,1,13,4,2,1,5,6,-1,1,sum,W,11,1,2,0,2,1,0,0,6,5,5
1,charged_lepton_G4,,-1,1,14,5,2,1,5,5,-1,1,product,S,25,2,7,2,1,1,0,0,6,6,5
1,charged_lepton_G4,,-1,1,15,6,2,1,6,5,-1,1,torsion,STAY,9,0,9,3,0,1,0,0,6,6,5
1,charged_lepton_G4,,-1,1,16,7,2,1,6,5,-1,1,sum,W,11,1,2,0,2,1,0,0,6,6,4
1,charged_lepton_G4,,-1,1,17,8,2,1,6,4,-1,1,product,S,24,2,6,2,0,1,0,0,6,7,4
1,charged_lepton_G4,,-1,1,18,9,2,1,7,4,-1,1,torsion,STAY,9,0,9,3,0,1,0,0,6,7,4
1,charged_lepton_G4,,-1,1,19,1,3,1,7,4,-1,1,sum,W,11,1,2,0,2,1,0,0,6,7,3
1,charged_lepton_G4,,-1,1,20,2,3,1,7,3,-1,1,product,S,21,2,3,1,0,1,0,0,6,8,3
1,charged_lepton_G4,,-1,1,21,3,3,1,8,3,-1,1,torsion,STAY,9,0,9,3,0,1,0,1,6,8,3
1,charged_lepton_G4,,-1,1,22,4,3,1,8,3,-1,1,sum,W,11,1,2,0,2,1,0,0,7,8,2
1,charged_lepton_G4,,-1,1,23,5,3,1,8,2,-1,1,product,S,16,1,7,2,1,1,0,0,6,9,2
1,charged_lepton_G4,,-1,1,24,6,3,1,9,2,-1,1,torsion,STAY,9,0,9,3,0,1,0,0,6,9,2
1,charged_lepton_G4,,-1,1,25,7,3,1,9,2,-1,1,sum,W,11,1,2,0,2,1,0,0,6,9,1
1,charged_lepton_G4,,-1,1,26,8,3,1,9,1,-1,1,product,S,9,0,9,3,0,1,0,0,6,1,1
1,charged_lepton_G4,,-1,1,27,9,3,1,1,1,-1,1,torsion,STAY,9,0,9,3,0,1,1,0,6,1,1
1,charged_lepton_G4,,-1,1,28,1,4,2,1,1,1,-1,sum,E,2,0,2,0,2,-1,0,0,6,1,2
1,charged_lepton_G4,,-1,1,29,2,4,2,1,2,1,-1,product,N,2,0,2,0,2,-1,0,0,6,9,2
1,charged_lepton_G4,,-1,1,30,3,4,2,9,2,1,-1,torsion,STAY,9,0,9,3,0,-1,0,0,6,9,2
1,charged_lepton_G4,,-1,1,31,4,4,2,9,2,1,-1,sum,E,11,1,2,0,2,-1,0,0,6,9,3
1,charged_lepton_G4,,-1,1,32,5,4,2,9,3,1,-1,product,N,27,2,9,3,0,-1,0,0,6,8,3
1,charged_lepton_G4,,-1,1,33,6,4,2,8,3,1,-1,torsion,STAY,9,0,9,3,0,-1,0,0,6,8,3
1,charged_lepton_G4,,-1,1,34,7,4,2,8,3,1,-1,sum,E,11,1,2,0,2,-1,0,0,6,8,4
1,charged_lepton_G4,,-1,1,35,8,4,2,8,4,1,-1,product,N,32,3,5,1,2,-1,0,0,6,7,4
1,charged_lepton_G4,,-1,1,36,9,4,2,7,4,1,-1,torsion,STAY,9,0,9,3,0,-1,0,0,6,7,4
1,charged_lepton_G4,,-1,1,37,1,5,2,7,4,1,-1,sum,E,11,1,2,0,2,-1,0,0,6,7,5
1,charged_lepton_G4,,-1,1,38,2,5,2,7,5,1,-1,product,N,35,3,8,2,2,-1,0,0,6,6,5
1,charged_lepton_G4,,-1,1,39,3,5,2,6,5,1,-1,torsion,STAY,9,0,9,3,0,-1,0,0,6,6,5
1,charged_lepton_G4,,-1,1,40,4,5,2,6,5,1,-1,sum,E,11,1,2,0,2,-1,0,0,6,6,6
1,charged_lepton_G4,,-1,1,41,5,5,2,6,6,1,-1,product,N,36,3,9,3,0,-1,0,0,6,5,6
1,charged_lepton_G4,,-1,1,42,6,5,2,5,6,1,-1,torsion,STAY,9,0,9,3,0,-1,0,0,6,5,6
1,charged_lepton_G4,,-1,1,43,7,5,2,5,6,1,-1,sum,E,11,1,2,0,2,-1,0,1,6,5,7
1,charged_lepton_G4,,-1,1,44,8,5,2,5,7,1,-1,product,N,35,3,8,2,2,-1,0,0,7,4,7
1,charged_lepton_G4,,-1,1,45,9,5,2,4,7,1,-1,torsion,STAY,9,0,9,3,0,-1,0,0,6,4,7
1,charged_lepton_G4,,-1,1,46,1,6,2,4,7,1,-1,sum,E,11,1,2,0,2,-1,0,0,6,4,8
1,charged_lepton_G4,,-1,1,47,2,6,2,4,8,1,-1,product,N,32,3,5,1,2,-1,0,0,6,3,8
1,charged_lepton_G4,,-1,1,48,3,6,2,3,8,1,-1,torsion,STAY,9,0,9,3,0,-1,0,0,6,3,8
1,charged_lepton_G4,,-1,1,49,4,6,2,3,8,1,-1,sum,E,11,1,2,0,2,-1,0,0,6,3,9
1,charged_lepton_G4,,-1,1,50,5,6,2,3,9,1,-1,product,N,27,2,9,3,0,-1,0,0,6,2,9
1,charged_lepton_G4,,-1,1,51,6,6,2,2,9,1,-1,torsion,STAY,9,0,9,3,0,-1,0,0,6,2,9
1,charged_lepton_G4,,-1,1,52,7,6,2,2,9,1,-1,sum,E,11,1,2,0,2,-1,0,0,6,2,1
1,charged_lepton_G4,,-1,1,53,8,6,2,2,1,1,-1,product,N,2,0,2,0,2,-1,0,0,6,1,1
1,charged_lepton_G4,,-1,1,54,9,6,2,1,1,1,-1,torsion,STAY,9,0,9,3,0,-1,1,0,6,1,1
1,charged_lepton_G4,,-1,1,55,1,7,3,1,1,-1,1,sum,W,2,0,2,0,2,1,0,0,6,1,9
1,charged_lepton_G4,,-1,1,56,2,7,3,1,9,-1,1,product,S,9,0,9,3,0,1,0,0,6,2,9
1,charged_lepton_G4,,-1,1,57,3,7,3,2,9,-1,1,torsion,STAY,9,0,9,3,0,1,0,0,6,2,9
1,charged_lepton_G4,,-1,1,58,4,7,3,2,9,-1,1,sum,W,11,1,2,0,2,1,0,0,6,2,8
1,charged_lepton_G4,,-1,1,59,5,7,3,2,8,-1,1,product,S,16,1,7,2,1,1,0,0,6,3,8
1,charged_lepton_G4,,-1,1,60,6,7,3,3,8,-1,1,torsion,STAY,9,0,9,3,0,1,0,0,6,3,8
1,charged_lepton_G4,,-1,1,61,7,7,3,3,8,-1,1,sum,W,11,1,2,0,2,1,0,0,6,3,7
1,charged_lepton_G4,,-1,1,62,8,7,3,3,7,-1,1,product,S,21,2,3,1,0,1,0,0,6,4,7
1,charged_lepton_G4,,-1,1,63,9,7,3,4,7,-1,1,torsion,STAY,9,0,9,3,0,1,0,0,6,4,7
1,charged_lepton_G4,,-1,1,64,1,8,3,4,7,-1,1,sum,W,11,1,2,0,2,1,0,0,6,4,6
1,charged_lepton_G4,,-1,1,65,2,8,3,4,6,-1,1,product,S,24,2,6,2,0,1,0,1,6,5,6
1,charged_lepton_G4,,-1,1,66,3,8,3,5,6,-1,1,torsion,STAY,9,0,9,3,0,1,0,0,7,5,6
1,charged_lepton_G4,,-1,1,67,4,8,3,5,6,-1,1,sum,W,11,1,2,0,2,1,0,0,6,5,5
1,charged_lepton_G4,,-1,1,68,5,8,3,5,5,-1,1,product,S,25,2,7,2,1,1,0,0,6,6,5
1,charged_lepton_G4,,-1,1,69,6,8,3,6,5,-1,1,torsion,STAY,9,0,9,3,0,1,0,0,6,6,5
1,charged_lepton_G4,,-1,1,70,7,8,3,6,5,-1,1,sum,W,11,1,2,0,2,1,0,0,6,6,4
1,charged_lepton_G4,,-1,1,71,8,8,3,6,4,-1,1,product,S,24,2,6,2,0,1,0,0,6,7,4
1,charged_lepton_G4,,-1,1,72,9,8,3,7,4,-1,1,torsion,STAY,9,0,9,3,0,1,0,0,6,7,4
1,charged_lepton_G4,,-1,1,73,1,9,3,7,4,-1,1,sum,W,11,1,2,0,2,1,0,0,6,7,3
1,charged_lepton_G4,,-1,1,74,2,9,3,7,3,-1,1,product,S,21,2,3,1,0,1,0,0,6,8,3
1,charged_lepton_G4,,-1,1,75,3,9,3,8,3,-1,1,torsion,STAY,9,0,9,3,0,1,0,0,6,8,3
1,charged_lepton_G4,,-1,1,76,4,9,3,8,3,-1,1,sum,W,11,1,2,0,2,1,0,0,6,8,2
1,charged_lepton_G4,,-1,1,77,5,9,3,8,2,-1,1,product,S,16,1,7,2,1,1,0,0,6,9,2
1,charged_lepton_G4,,-1,1,78,6,9,3,9,2,-1,1,torsion,STAY,9,0,9,3,0,1,0,0,6,9,2
1,charged_lepton_G4,,-1,1,79,7,9,3,9,2,-1,1,sum,W,11,1,2,0,2,1,0,0,6,9,1
1,charged_lepton_G4,,-1,1,80,8,9,3,9,1,-1,1,product,S,9,0,9,3,0,1,0,0,6,1,1
1,charged_lepton_G4,,-1,1,81,9,9,3,1,1,-1,1,torsion,STAY,9,0,9,3,0,1,1,0,6,1,1
1,charged_lepton_G4,,-1,1,82,1,10,4,1,1,1,-1,sum,E,2,0,2,0,2,-1,0,0,6,1,2
1,charged_lepton_G4,,-1,1,83,2,10,4,1,2,1,-1,product,N,2,0,2,0,2,-1,0,0,6,9,2
1,charged_lepton_G4,,-1,1,84,3,10,4,9,2,1,-1,torsion,STAY,9,0,9,3,0,-1,0,0,6,9,2
1,charged_lepton_G4,,-1,1,85,4,10,4,9,2,1,-1,sum,E,11,1,2,0,2,-1,0,0,6,9,3
1,charged_lepton_G4,,-1,1,86,5,10,4,9,3,1,-1,product,N,27,2,9,3,0,-1,0,0,6,8,3
1,charged_lepton_G4,,-1,1,87,6,10,4,8,3,1,-1,torsion,STAY,9,0,9,3,0,-1,0,1,6,8,3
1,charged_lepton_G4,,-1,1,88,7,10,4,8,3,1,-1,sum,E,11,1,2,0,2,-1,0,0,7,8,4
1,charged_lepton_G4,,-1,1,89,8,10,4,8,4,1,-1,product,N,32,3,5,1,2,-1,0,0,6,7,4
1,charged_lepton_G4,,-1,1,90,9,10,4,7,4,1,-1,torsion,STAY,9,0,9,3,0,-1,0,0,6,7,4
1,charged_lepton_G4,,-1,1,91,1,11,4,7,4,1,-1,sum,E,11,1,2,0,2,-1,0,0,6,7,5
1,charged_lepton_G4,,-1,1,92,2,11,4,7,5,1,-1,product,N,35,3,8,2,2,-1,0,0,6,6,5
1,charged_lepton_G4,,-1,1,93,3,11,4,6,5,1,-1,torsion,STAY,9,0,9,3,0,-1,0,0,6,6,5
1,charged_lepton_G4,,-1,1,94,4,11,4,6,5,1,-1,sum,E,11,1,2,0,2,-1,0,0,6,6,6
1,charged_lepton_G4,,-1,1,95,5,11,4,6,6,1,-1,product,N,36,3,9,3,0,-1,0,0,6,5,6
1,charged_lepton_G4,,-1,1,96,6,11,4,5,6,1,-1,torsion,STAY,9,0,9,3,0,-1,0,0,6,5,6
1,charged_lepton_G4,,-1,1,97,7,11,4,5,6,1,-1,sum,E,11,1,2,0,2,-1,0,0,6,5,7
1,charged_lepton_G4,,-1,1,98,8,11,4,5,7,1,-1,product,N,35,3,8,2,2,-1,0,0,6,4,7
1,charged_lepton_G4,,-1,1,99,9,11,4,4,7,1,-1,torsion,STAY,9,0,9,3,0,-1,0,0,6,4,7
1,charged_lepton_G4,,-1,1,100,1,12,4,4,7,1,-1,sum,E,11,1,2,0,2,-1,0,0,6,4,8
1,charged_lepton_G4,,-1,1,101,2,12,4,4,8,1,-1,product,N,32,3,5,1,2,-1,0,0,6,3,8
1,charged_lepton_G4,,-1,1,102,3,12,4,3,8,1,-1,torsion,STAY,9,0,9,3,0,-1,0,0,6,3,8
1,charged_lepton_G4,,-1,1,103,4,12,4,3,8,1,-1,sum,E,11,1,2,0,2,-1,0,0,6,3,9
1,charged_lepton_G4,,-1,1,104,5,12,4,3,9,1,-1,product,N,27,2,9,3,0,-1,0,0,6,2,9
1,charged_lepton_G4,,-1,1,105,6,12,4,2,9,1,-1,torsion,STAY,9,0,9,3,0,-1,0,0,6,2,9
1,charged_lepton_G4,,-1,1,106,7,12,4,2,9,1,-1,sum,E,11,1,2,0,2,-1,0,0,6,2,1
1,charged_lepton_G4,,-1,1,107,8,12,4,2,1,1,-1,product,N,2,0,2,0,2,-1,0,0,6,1,1
1,charged_lepton_G4,,-1,1,108,9,12,4,1,1,1,-1,torsion,STAY,9,0,9,3,0,-1,1,0,6,1,1
2,neutrino_G4,,-1,-1,1,1,1,1,1,2,-1,-1,sum,W,3,0,3,1,0,1,0,0,7,1,1
2,neutrino_G4,,-1,-1,2,2,1,1,1,1,-1,-1,product,N,1,0,1,0,1,1,0,0,6,9,1
2,neutrino_G4,,-1,-1,3,3,1,1,9,1,-1,-1,torsion,STAY,9,0,9,3,0,1,0,0,6,9,1
2,neutrino_G4,,-1,-1,4,4,1,1,9,1,-1,-1,sum,W,10,1,1,0,1,1,0,0,6,9,9
2,neutrino_G4,,-1,-1,5,5,1,1,9,9,-1,-1,product,N,81,8,9,3,0,1,0,0,6,8,9
2,neutrino_G4,,-1,-1,6,6,1,1,8,9,-1,-1,torsion,STAY,9,0,9,3,0,1,0,0,6,8,9
2,neutrino_G4,,-1,-1,7,7,1,1,8,9,-1,-1,sum,W,17,1,8,2,2,1,0,0,6,8,8
2,neutrino_G4,,-1,-1,8,8,1,1,8,8,-1,-1,product,N,64,7,1,0,1,1,0,0,6,7,8
2,neutrino_G4,,-1,-1,9,9,1,1,7,8,-1,-1,torsion,STAY,9,0,9,3,0,1,0,0,6,7,8
2,neutrino_G4,,-1,-1,10,1,2,1,7,8,-1,-1,sum,W,15,1,6,2,0,1,0,0,6,7,7
2,neutrino_G4,,-1,-1,11,2,2,1,7,7,-1,-1,product,N,49,5,4,1,1,1,0,0,6,6,7
2,neutrino_G4,,-1,-1,12,3,2,1,6,7,-1,-1,torsion,STAY,9,0,9,3,0,1,0,0,6,6,7
2,neutrino_G4,,-1,-1,13,4,2,1,6,7,-1,-1,sum,W,13,1,4,1,1,1,0,0,6,6,6
2,neutrino_G4,,-1,-1,14,5,2,1,6,6,-1,-1,product,N,36,3,9,3,0,1,0,0,6,5,6
2,neutrino_G4,,-1,-1,15,6,2,1,5,6,-1,-1,torsion,STAY,9,0,9,3,0,1,0,0,6,5,6
2,neutrino_G4,,-1,-1,16,7,2,1,5,6,-1,-1,sum,W,11,1,2,0,2,1,0,0,6,5,5
2,neutrino_G4,,-1,-1,17,8,2,1,5,5,-1,-1,product,N,25,2,7,2,1,1,0,0,6,4,5
2,neutrino_G4,,-1,-1,18,9,2,1,4,5,-1,-1,torsion,STAY,9,0,9,3,0,1,0,0,6,4,5
2,neutrino_G4,,-1,-1,19,1,3,1,4,5,-1,-1,sum,W,9,0,9,3,0,1,0,0,6,4,4
2,neutrino_G4,,-1,-1,20,2,3,1,4,4,-1,-1,product,N,16,1,7,2,1,1,0,0,6,3,4
2,neutrino_G4,,-1,-1,21,3,3,1,3,4,-1,-1,torsion,STAY,9,0,9,3,0,1,0,1,6,3,4
2,neutrino_G4,,-1,-1,22,4,3,1,3,4,-1,-1,sum,W,7,0,7,2,1,1,0,0,7,3,3
2,neutrino_G4,,-1,-1,23,5,3,1,3,3,-1,-1,product,N,9,0,9,3,0,1,0,0,6,2,3
2,neutrino_G4,,-1,-1,24,6,3,1,2,3,-1,-1,torsion,STAY,9,0,9,3,0,1,0,0,6,2,3
2,neutrino_G4,,-1,-1,25,7,3,1,2,3,-1,-1,sum,W,5,0,5,1,2,1,0,0,6,2,2
2,neutrino_G4,,-1,-1,26,8,3,1,2,2,-1,-1,product,N,4,0,4,1,1,1,0,0,6,1,2
2,neutrino_G4,,-1,-1,27,9,3,1,1,2,-1,-1,torsion,STAY,9,0,9,3,0,1,1,0,6,1,2
2,neutrino_G4,,-1,-1,28,1,4,2,1,2,1,1,sum,E,3,0,3,1,0,-1,0,0,6,1,3
2,neutrino_G4,,-1,-1,29,2,4,2,1,3,1,1,product,S,3,0,3,1,0,-1,0,0,6,2,3
2,neutrino_G4,,-1,-1,30,3,4,2,2,3,1,1,torsion,STAY,9,0,9,3,0,-1,0,0,6,2,3
2,neutrino_G4,,-1,-1,31,4,4,2,2,3,1,1,sum,E,5,0,5,1,2,-1,0,0,6,2,4
2,neutrino_G4,,-1,-1,32,5,4,2,2,4,1,1,product,S,8,0,8,2,2,-1,0,0,6,3,4
2,neutrino_G4,,-1,-1,33,6,4,2,3,4,1,1,torsion,STAY,9,0,9,3,0,-1,0,0,6,3,4
2,neutrino_G4,,-1,-1,34,7,4,2,3,4,1,1,sum,E,7,0,7,2,1,-1,0,0,6,3,5
2,neutrino_G4,,-1,-1,35,8,4,2,3,5,1,1,product,S,15,1,6,2,0,-1,0,0,6,4,5
2,neutrino_G4,,-1,-1,36,9,4,2,4,5,1,1,torsion,STAY,9,0,9,3,0,-1,0,0,6,4,5
2,neutrino_G4,,-1,-1,37,1,5,2,4,5,1,1,sum,E,9,0,9,3,0,-1,0,0,6,4,6
2,neutrino_G4,,-1,-1,38,2,5,2,4,6,1,1,product,S,24,2,6,2,0,-1,0,0,6,5,6
2,neutrino_G4,,-1,-1,39,3,5,2,5,6,1,1,torsion,STAY,9,0,9,3,0,-1,0,0,6,5,6
2,neutrino_G4,,-1,-1,40,4,5,2,5,6,1,1,sum,E,11,1,2,0,2,-1,0,0,6,5,7
2,neutrino_G4,,-1,-1,41,5,5,2,5,7,1,1,product,S,35,3,8,2,2,-1,0,0,6,6,7
2,neutrino_G4,,-1,-1,42,6,5,2,6,7,1,1,torsion,STAY,9,0,9,3,0,-1,0,0,6,6,7
2,neutrino_G4,,-1,-1,43,7,5,2,6,7,1,1,sum,E,13,1,4,1,1,-1,0,1,6,6,8
2,neutrino_G4,,-1,-1,44,8,5,2,6,8,1,1,product,S,48,5,3,1,0,-1,0,0,7,7,8
2,neutrino_G4,,-1,-1,45,9,5,2,7,8,1,1,torsion,STAY,9,0,9,3,0,-1,0,0,6,7,8
2,neutrino_G4,,-1,-1,46,1,6,2,7,8,1,1,sum,E,15,1,6,2,0,-1,0,0,6,7,9
2,neutrino_G4,,-1,-1,47,2,6,2,7,9,1,1,product,S,63,6,9,3,0,-1,0,0,6,8,9
2,neutrino_G4,,-1,-1,48,3,6,2,8,9,1,1,torsion,STAY,9,0,9,3,0,-1,0,0,6,8,9
2,neutrino_G4,,-1,-1,49,4,6,2,8,9,1,1,sum,E,17,1,8,2,2,-1,0,0,6,8,1
2,neutrino_G4,,-1,-1,50,5,6,2,8,1,1,1,product,S,8,0,8,2,2,-1,0,0,6,9,1
2,neutrino_G4,,-1,-1,51,6,6,2,9,1,1,1,torsion,STAY,9,0,9,3,0,-1,0,0,6,9,1
2,neutrino_G4,,-1,-1,52,7,6,2,9,1,1,1,sum,E,10,1,1,0,1,-1,0,0,6,9,2
2,neutrino_G4,,-1,-1,53,8,6,2,9,2,1,1,product,S,18,1,9,3,0,-1,0,0,6,1,2
2,neutrino_G4,,-1,-1,54,9,6,2,1,2,1,1,torsion,STAY,9,0,9,3,0,-1,1,0,6,1,2
2,neutrino_G4,,-1,-1,55,1,7,3,1,2,-1,-1,sum,W,3,0,3,1,0,1,0,0,6,1,1
2,neutrino_G4,,-1,-1,56,2,7,3,1,1,-1,-1,product,N,1,0,1,0,1,1,0,0,6,9,1
2,neutrino_G4,,-1,-1,57,3,7,3,9,1,-1,-1,torsion,STAY,9,0,9,3,0,1,0,0,6,9,1
2,neutrino_G4,,-1,-1,58,4,7,3,9,1,-1,-1,sum,W,10,1,1,0,1,1,0,0,6,9,9
2,neutrino_G4,,-1,-1,59,5,7,3,9,9,-1,-1,product,N,81,8,9,3,0,1,0,0,6,8,9
2,neutrino_G4,,-1,-1,60,6,7,3,8,9,-1,-1,torsion,STAY,9,0,9,3,0,1,0,0,6,8,9
2,neutrino_G4,,-1,-1,61,7,7,3,8,9,-1,-1,sum,W,17,1,8,2,2,1,0,0,6,8,8
2,neutrino_G4,,-1,-1,62,8,7,3,8,8,-1,-1,product,N,64,7,1,0,1,1,0,0,6,7,8
2,neutrino_G4,,-1,-1,63,9,7,3,7,8,-1,-1,torsion,STAY,9,0,9,3,0,1,0,0,6,7,8
2,neutrino_G4,,-1,-1,64,1,8,3,7,8,-1,-1,sum,W,15,1,6,2,0,1,0,0,6,7,7
2,neutrino_G4,,-1,-1,65,2,8,3,7,7,-1,-1,product,N,49,5,4,1,1,1,0,1,6,6,7
2,neutrino_G4,,-1,-1,66,3,8,3,6,7,-1,-1,torsion,STAY,9,0,9,3,0,1,0,0,7,6,7
2,neutrino_G4,,-1,-1,67,4,8,3,6,7,-1,-1,sum,W,13,1,4,1,1,1,0,0,6,6,6
2,neutrino_G4,,-1,-1,68,5,8,3,6,6,-1,-1,product,N,36,3,9,3,0,1,0,0,6,5,6
2,neutrino_G4,,-1,-1,69,6,8,3,5,6,-1,-1,torsion,STAY,9,0,9,3,0,1,0,0,6,5,6
2,neutrino_G4,,-1,-1,70,7,8,3,5,6,-1,-1,sum,W,11,1,2,0,2,1,0,0,6,5,5
2,neutrino_G4,,-1,-1,71,8,8,3,5,5,-1,-1,product,N,25,2,7,2,1,1,0,0,6,4,5
2,neutrino_G4,,-1,-1,72,9,8,3,4,5,-1,-1,torsion,STAY,9,0,9,3,0,1,0,0,6,4,5
2,neutrino_G4,,-1,-1,73,1,9,3,4,5,-1,-1,sum,W,9,0,9,3,0,1,0,0,6,4,4
2,neutrino_G4,,-1,-1,74,2,9,3,4,4,-1,-1,product,N,16,1,7,2,1,1,0,0,6,3,4
2,neutrino_G4,,-1,-1,75,3,9,3,3,4,-1,-1,torsion,STAY,9,0,9,3,0,1,0,0,6,3,4
2,neutrino_G4,,-1,-1,76,4,9,3,3,4,-1,-1,sum,W,7,0,7,2,1,1,0,0,6,3,3
2,neutrino_G4,,-1,-1,77,5,9,3,3,3,-1,-1,product,N,9,0,9,3,0,1,0,0,6,2,3
2,neutrino_G4,,-1,-1,78,6,9,3,2,3,-1,-1,torsion,STAY,9,0,9,3,0,1,0,0,6,2,3
2,neutrino_G4,,-1,-1,79,7,9,3,2,3,-1,-1,sum,W,5,0,5,1,2,1,0,0,6,2,2
2,neutrino_G4,,-1,-1,80,8,9,3,2,2,-1,-1,product,N,4,0,4,1,1,1,0,0,6,1,2
2,neutrino_G4,,-1,-1,81,9,9,3,1,2,-1,-1,torsion,STAY,9,0,9,3,0,1,1,0,6,1,2
2,neutrino_G4,,-1,-1,82,1,10,4,1,2,1,1,sum,E,3,0,3,1,0,-1,0,0,6,1,3
2,neutrino_G4,,-1,-1,83,2,10,4,1,3,1,1,product,S,3,0,3,1,0,-1,0,0,6,2,3
2,neutrino_G4,,-1,-1,84,3,10,4,2,3,1,1,torsion,STAY,9,0,9,3,0,-1,0,0,6,2,3
2,neutrino_G4,,-1,-1,85,4,10,4,2,3,1,1,sum,E,5,0,5,1,2,-1,0,0,6,2,4
2,neutrino_G4,,-1,-1,86,5,10,4,2,4,1,1,product,S,8,0,8,2,2,-1,0,0,6,3,4
2,neutrino_G4,,-1,-1,87,6,10,4,3,4,1,1,torsion,STAY,9,0,9,3,0,-1,0,1,6,3,4
2,neutrino_G4,,-1,-1,88,7,10,4,3,4,1,1,sum,E,7,0,7,2,1,-1,0,0,7,3,5
2,neutrino_G4,,-1,-1,89,8,10,4,3,5,1,1,product,S,15,1,6,2,0,-1,0,0,6,4,5
2,neutrino_G4,,-1,-1,90,9,10,4,4,5,1,1,torsion,STAY,9,0,9,3,0,-1,0,0,6,4,5
2,neutrino_G4,,-1,-1,91,1,11,4,4,5,1,1,sum,E,9,0,9,3,0,-1,0,0,6,4,6
2,neutrino_G4,,-1,-1,92,2,11,4,4,6,1,1,product,S,24,2,6,2,0,-1,0,0,6,5,6
2,neutrino_G4,,-1,-1,93,3,11,4,5,6,1,1,torsion,STAY,9,0,9,3,0,-1,0,0,6,5,6
2,neutrino_G4,,-1,-1,94,4,11,4,5,6,1,1,sum,E,11,1,2,0,2,-1,0,0,6,5,7
2,neutrino_G4,,-1,-1,95,5,11,4,5,7,1,1,product,S,35,3,8,2,2,-1,0,0,6,6,7
2,neutrino_G4,,-1,-1,96,6,11,4,6,7,1,1,torsion,STAY,9,0,9,3,0,-1,0,0,6,6,7
2,neutrino_G4,,-1,-1,97,7,11,4,6,7,1,1,sum,E,13,1,4,1,1,-1,0,0,6,6,8
2,neutrino_G4,,-1,-1,98,8,11,4,6,8,1,1,product,S,48,5,3,1,0,-1,0,0,6,7,8
2,neutrino_G4,,-1,-1,99,9,11,4,7,8,1,1,torsion,STAY,9,0,9,3,0,-1,0,0,6,7,8
2,neutrino_G4,,-1,-1,100,1,12,4,7,8,1,1,sum,E,15,1,6,2,0,-1,0,0,6,7,9
2,neutrino_G4,,-1,-1,101,2,12,4,7,9,1,1,product,S,63,6,9,3,0,-1,0,0,6,8,9
2,neutrino_G4,,-1,-1,102,3,12,4,8,9,1,1,torsion,STAY,9,0,9,3,0,-1,0,0,6,8,9
2,neutrino_G4,,-1,-1,103,4,12,4,8,9,1,1,sum,E,17,1,8,2,2,-1,0,0,6,8,1
2,neutrino_G4,,-1,-1,104,5,12,4,8,1,1,1,product,S,8,0,8,2,2,-1,0,0,6,9,1
2,neutrino_G4,,-1,-1,105,6,12,4,9,1,1,1,torsion,STAY,9,0,9,3,0,-1,0,0,6,9,1
2,neutrino_G4,,-1,-1,106,7,12,4,9,1,1,1,sum,E,10,1,1,0,1,-1,0,0,6,9,2
2,neutrino_G4,,-1,-1,107,8,12,4,9,2,1,1,product,S,18,1,9,3,0,-1,0,0,6,1,2
2,neutrino_G4,,-1,-1,108,9,12,4,1,2,1,1,torsion,STAY,9,0,9,3,0,-1,1,0,6,1,2
3,charged_lepton_G4,,-1,1,1,1,1,1,1,3,-1,1,sum,W,4,0,4,1,1,1,0,0,7,1,2
3,charged_lepton_G4,,-1,1,2,2,1,1,1,2,-1,1,product,S,2,0,2,0,2,1,0,0,6,2,2
3,charged_lepton_G4,,-1,1,3,3,1,1,2,2,-1,1,torsion,STAY,9,0,9,3,0,1,0,0,6,2,2
3,charged_lepton_G4,,-1,1,4,4,1,1,2,2,-1,1,sum,W,4,0,4,1,1,1,0,0,6,2,1
3,charged_lepton_G4,,-1,1,5,5,1,1,2,1,-1,1,product,S,2,0,2,0,2,1,0,0,6,3,1
3,charged_lepton_G4,,-1,1,6,6,1,1,3,1,-1,1,torsion,STAY,9,0,9,3,0,1,0,0,6,3,1
3,charged_lepton_G4,,-1,1,7,7,1,1,3,1,-1,1,sum,W,4,0,4,1,1,1,0,0,6,3,9
3,charged_lepton_G4,,-1,1,8,8,1,1,3,9,-1,1,product,S,27,2,9,3,0,1,0,0,6,4,9
3,charged_lepton_G4,,-1,1,9,9,1,1,4,9,-1,1,torsion,STAY,9,0,9,3,0,1,0,0,6,4,9
3,charged_lepton_G4,,-1,1,10,1,2,1,4,9,-1,1,sum,W,13,1,4,1,1,1,0,0,6,4,8
3,charged_lepton_G4,,-1,1,11,2,2,1,4,8,-1,1,product,S,32,3,5,1,2,1,0,0,6,5,8
3,charged_lepton_G4,,-1,1,12,3,2,1,5,8,-1,1,torsion,STAY,9,0,9,3,0,1,0,0,6,5,8
3,charged_lepton_G4,,-1,1,13,4,2,1,5,8,-1,1,sum,W,13,1,4,1,1,1,0,0,6,5,7
3,charged_lepton_G4,,-1,1,14,5,2,1,5,7,-1,1,product,S,35,3,8,2,2,1,0,0,6,6,7
3,charged_lepton_G4,,-1,1,15,6,2,1,6,7,-1,1,torsion,STAY,9,0,9,3,0,1,0,0,6,6,7
3,charged_lepton_G4,,-1,1,16,7,2,1,6,7,-1,1,sum,W,13,1,4,1,1,1,0,0,6,6,6
3,charged_lepton_G4,,-1,1,17,8,2,1,6,6,-1,1,product,S,36,3,9,3,0,1,0,0,6,7,6
3,charged_lepton_G4,,-1,1,18,9,2,1,7,6,-1,1,torsion,STAY,9,0,9,3,0,1,0,0,6,7,6
3,charged_lepton_G4,,-1,1,19,1,3,1,7,6,-1,1,sum,W,13,1,4,1,1,1,0,0,6,7,5
3,charged_lepton_G4,,-1,1,20,2,3,1,7,5,-1,1,product,S,35,3,8,2,2,1,0,0,6,8,5
3,charged_lepton_G4,,-1,1,21,3,3,1,8,5,-1,1,torsion,STAY,9,0,9,3,0,1,0,1,6,8,5
3,charged_lepton_G4,,-1,1,22,4,3,1,8,5,-1,1,sum,W,13,1,4,1,1,1,0,0,7,8,4
3,charged_lepton_G4,,-1,1,23,5,3,1,8,4,-1,1,product,S,32,3,5,1,2,1,0,0,6,9,4
3,charged_lepton_G4,,-1,1,24,6,3,1,9,4,-1,1,torsion,STAY,9,0,9,3,0,1,0,0,6,9,4
3,charged_lepton_G4,,-1,1,25,7,3,1,9,4,-1,1,sum,W,13,1,4,1,1,1,0,0,6,9,3
3,charged_lepton_G4,,-1,1,26,8,3,1,9,3,-1,1,product,S,27,2,9,3,0,1,0,0,6,1,3
3,charged_lepton_G4,,-1,1,27,9,3,1,1,3,-1,1,torsion,STAY,9,0,9,3,0,1,1,0,6,1,3
3,charged_lepton_G4,,-1,1,28,1,4,2,1,3,1,-1,sum,E,4,0,4,1,1,-1,0,0,6,1,4
3,charged_lepton_G4,,-1,1,29,2,4,2,1,4,1,-1,product,N,4,0,4,1,1,-1,0,0,6,9,4
3,charged_lepton_G4,,-1,1,30,3,4,2,9,4,1,-1,torsion,STAY,9,0,9,3,0,-1,0,0,6,9,4
3,charged_lepton_G4,,-1,1,31,4,4,2,9,4,1,-1,sum,E,13,1,4,1,1,-1,0,0,6,9,5
3,charged_lepton_G4,,-1,1,32,5,4,2,9,5,1,-1,product,N,45,4,9,3,0,-1,0,0,6,8,5
3,charged_lepton_G4,,-1,1,33,6,4,2,8,5,1,-1,torsion,STAY,9,0,9,3,0,-1,0,0,6,8,5
3,charged_lepton_G4,,-1,1,34,7,4,2,8,5,1,-1,sum,E,13,1,4,1,1,-1,0,0,6,8,6
3,charged_lepton_G4,,-1,1,35,8,4,2,8,6,1,-1,product,N,48,5,3,1,0,-1,0,0,6,7,6
3,charged_lepton_G4,,-1,1,36,9,4,2,7,6,1,-1,torsion,STAY,9,0,9,3,0,-1,0,0,6,7,6
3,charged_lepton_G4,,-1,1,37,1,5,2,7,6,1,-1,sum,E,13,1,4,1,1,-1,0,0,6,7,7
3,charged_lepton_G4,,-1,1,38,2,5,2,7,7,1,-1,product,N,49,5,4,1,1,-1,0,0,6,6,7
3,charged_lepton_G4,,-1,1,39,3,5,2,6,7,1,-1,torsion,STAY,9,0,9,3,0,-1,0,0,6,6,7
3,charged_lepton_G4,,-1,1,40,4,5,2,6,7,1,-1,sum,E,13,1,4,1,1,-1,0,0,6,6,8
3,charged_lepton_G4,,-1,1,41,5,5,2,6,8,1,-1,product,N,48,5,3,1,0,-1,0,0,6,5,8
3,charged_lepton_G4,,-1,1,42,6,5,2,5,8,1,-1,torsion,STAY,9,0,9,3,0,-1,0,0,6,5,8
3,charged_lepton_G4,,-1,1,43,7,5,2,5,8,1,-1,sum,E,13,1,4,1,1,-1,0,1,6,5,9
3,charged_lepton_G4,,-1,1,44,8,5,2,5,9,1,-1,product,N,45,4,9,3,0,-1,0,0,7,4,9
3,charged_lepton_G4,,-1,1,45,9,5,2,4,9,1,-1,torsion,STAY,9,0,9,3,0,-1,0,0,6,4,9
3,charged_lepton_G4,,-1,1,46,1,6,2,4,9,1,-1,sum,E,13,1,4,1,1,-1,0,0,6,4,1
3,charged_lepton_G4,,-1,1,47,2,6,2,4,1,1,-1,product,N,4,0,4,1,1,-1,0,0,6,3,1
3,charged_lepton_G4,,-1,1,48,3,6,2,3,1,1,-1,torsion,STAY,9,0,9,3,0,-1,0,0,6,3,1
3,charged_lepton_G4,,-1,1,49,4,6,2,3,1,1,-1,sum,E,4,0,4,1,1,-1,0,0,6,3,2
3,charged_lepton_G4,,-1,1,50,5,6,2,3,2,1,-1,product,N,6,0,6,2,0,-1,0,0,6,2,2
3,charged_lepton_G4,,-1,1,51,6,6,2,2,2,1,-1,torsion,STAY,9,0,9,3,0,-1,0,0,6,2,2
3,charged_lepton_G4,,-1,1,52,7,6,2,2,2,1,-1,sum,E,4,0,4,1,1,-1,0,0,6,2,3
3,charged_lepton_G4,,-1,1,53,8,6,2,2,3,1,-1,product,N,6,0,6,2,0,-1,0,0,6,1,3
3,charged_lepton_G4,,-1,1,54,9,6,2,1,3,1,-1,torsion,STAY,9,0,9,3,0,-1,1,0,6,1,3
3,charged_lepton_G4,,-1,1,55,1,7,3,1,3,-1,1,sum,W,4,0,4,1,1,1,0,0,6,1,2
3,charged_lepton_G4,,-1,1,56,2,7,3,1,2,-1,1,product,S,2,0,2,0,2,1,0,0,6,2,2
3,charged_lepton_G4,,-1,1,57,3,7,3,2,2,-1,1,torsion,STAY,9,0,9,3,0,1,0,0,6,2,2
3,charged_lepton_G4,,-1,1,58,4,7,3,2,2,-1,1,sum,W,4,0,4,1,1,1,0,0,6,2,1
3,charged_lepton_G4,,-1,1,59,5,7,3,2,1,-1,1,product,S,2,0,2,0,2,1,0,0,6,3,1
3,charged_lepton_G4,,-1,1,60,6,7,3,3,1,-1,1,torsion,STAY,9,0,9,3,0,1,0,0,6,3,1
3,charged_lepton_G4,,-1,1,61,7,7,3,3,1,-1,1,sum,W,4,0,4,1,1,1,0,0,6,3,9
3,charged_lepton_G4,,-1,1,62,8,7,3,3,9,-1,1,product,S,27,2,9,3,0,1,0,0,6,4,9
3,charged_lepton_G4,,-1,1,63,9,7,3,4,9,-1,1,torsion,STAY,9,0,9,3,0,1,0,0,6,4,9
3,charged_lepton_G4,,-1,1,64,1,8,3,4,9,-1,1,sum,W,13,1,4,1,1,1,0,0,6,4,8
3,charged_lepton_G4,,-1,1,65,2,8,3,4,8,-1,1,product,S,32,3,5,1,2,1,0,1,6,5,8
3,charged_lepton_G4,,-1,1,66,3,8,3,5,8,-1,1,torsion,STAY,9,0,9,3,0,1,0,0,7,5,8
3,charged_lepton_G4,,-1,1,67,4,8,3,5,8,-1,1,sum,W,13,1,4,1,1,1,0,0,6,5,7
3,charged_lepton_G4,,-1,1,68,5,8,3,5,7,-1,1,product,S,35,3,8,2,2,1,0,0,6,6,7
3,charged_lepton_G4,,-1,1,69,6,8,3,6,7,-1,1,torsion,STAY,9,0,9,3,0,1,0,0,6,6,7
3,charged_lepton_G4,,-1,1,70,7,8,3,6,7,-1,1,sum,W,13,1,4,1,1,1,0,0,6,6,6
3,charged_lepton_G4,,-1,1,71,8,8,3,6,6,-1,1,product,S,36,3,9,3,0,1,0,0,6,7,6
3,charged_lepton_G4,,-1,1,72,9,8,3,7,6,-1,1,torsion,STAY,9,0,9,3,0,1,0,0,6,7,6
3,charged_lepton_G4,,-1,1,73,1,9,3,7,6,-1,1,sum,W,13,1,4,1,1,1,0,0,6,7,5
3,charged_lepton_G4,,-1,1,74,2,9,3,7,5,-1,1,product,S,35,3,8,2,2,1,0,0,6,8,5
3,charged_lepton_G4,,-1,1,75,3,9,3,8,5,-1,1,torsion,STAY,9,0,9,3,0,1,0,0,6,8,5
3,charged_lepton_G4,,-1,1,76,4,9,3,8,5,-1,1,sum,W,13,1,4,1,1,1,0,0,6,8,4
3,charged_lepton_G4,,-1,1,77,5,9,3,8,4,-1,1,product,S,32,3,5,1,2,1,0,0,6,9,4
3,charged_lepton_G4,,-1,1,78,6,9,3,9,4,-1,1,torsion,STAY,9,0,9,3,0,1,0,0,6,9,4
3,charged_lepton_G4,,-1,1,79,7,9,3,9,4,-1,1,sum,W,13,1,4,1,1,1,0,0,6,9,3
3,charged_lepton_G4,,-1,1,80,8,9,3,9,3,-1,1,product,S,27,2,9,3,0,1,0,0,6,1,3
3,charged_lepton_G4,,-1,1,81,9,9,3,1,3,-1,1,torsion,STAY,9,0,9,3,0,1,1,0,6,1,3
3,charged_lepton_G4,,-1,1,82,1,10,4,1,3,1,-1,sum,E,4,0,4,1,1,-1,0,0,6,1,4
3,charged_lepton_G4,,-1,1,83,2,10,4,1,4,1,-1,product,N,4,0,4,1,1,-1,0,0,6,9,4
3,charged_lepton_G4,,-1,1,84,3,10,4,9,4,1,-1,torsion,STAY,9,0,9,3,0,-1,0,0,6,9,4
3,charged_lepton_G4,,-1,1,85,4,10,4,9,4,1,-1,sum,E,13,1,4,1,1,-1,0,0,6,9,5
3,charged_lepton_G4,,-1,1,86,5,10,4,9,5,1,-1,product,N,45,4,9,3,0,-1,0,0,6,8,5
3,charged_lepton_G4,,-1,1,87,6,10,4,8,5,1,-1,torsion,STAY,9,0,9,3,0,-1,0,1,6,8,5
3,charged_lepton_G4,,-1,1,88,7,10,4,8,5,1,-1,sum,E,13,1,4,1,1,-1,0,0,7,8,6
3,charged_lepton_G4,,-1,1,89,8,10,4,8,6,1,-1,product,N,48,5,3,1,0,-1,0,0,6,7,6
3,charged_lepton_G4,,-1,1,90,9,10,4,7,6,1,-1,torsion,STAY,9,0,9,3,0,-1,0,0,6,7,6
3,charged_lepton_G4,,-1,1,91,1,11,4,7,6,1,-1,sum,E,13,1,4,1,1,-1,0,0,6,7,7
3,charged_lepton_G4,,-1,1,92,2,11,4,7,7,1,-1,product,N,49,5,4,1,1,-1,0,0,6,6,7
3,charged_lepton_G4,,-1,1,93,3,11,4,6,7,1,-1,torsion,STAY,9,0,9,3,0,-1,0,0,6,6,7
3,charged_lepton_G4,,-1,1,94,4,11,4,6,7,1,-1,sum,E,13,1,4,1,1,-1,0,0,6,6,8
3,charged_lepton_G4,,-1,1,95,5,11,4,6,8,1,-1,product,N,48,5,3,1,0,-1,0,0,6,5,8
3,charged_lepton_G4,,-1,1,96,6,11,4,5,8,1,-1,torsion,STAY,9,0,9,3,0,-1,0,0,6,5,8
3,charged_lepton_G4,,-1,1,97,7,11,4,5,8,1,-1,sum,E,13,1,4,1,1,-1,0,0,6,5,9
3,charged_lepton_G4,,-1,1,98,8,11,4,5,9,1,-1,product,N,45,4,9,3,0,-1,0,0,6,4,9
3,charged_lepton_G4,,-1,1,99,9,11,4,4,9,1,-1,torsion,STAY,9,0,9,3,0,-1,0,0,6,4,9
3,charged_lepton_G4,,-1,1,100,1,12,4,4,9,1,-1,sum,E,13,1,4,1,1,-1,0,0,6,4,1
3,charged_lepton_G4,,-1,1,101,2,12,4,4,1,1,-1,product,N,4,0,4,1,1,-1,0,0,6,3,1
3,charged_lepton_G4,,-1,1,102,3,12,4,3,1,1,-1,torsion,STAY,9,0,9,3,0,-1,0,0,6,3,1
3,charged_lepton_G4,,-1,1,103,4,12,4,3,1,1,-1,sum,E,4,0,4,1,1,-1,0,0,6,3,2
3,charged_lepton_G4,,-1,1,104,5,12,4,3,2,1,-1,product,N,6,0,6,2,0,-1,0,0,6,2,2
3,charged_lepton_G4,,-1,1,105,6,12,4,2,2,1,-1,torsion,STAY,9,0,9,3,0,-1,0,0,6,2,2
3,charged_lepton_G4,,-1,1,106,7,12,4,2,2,1,-1,sum,E,4,0,4,1,1,-1,0,0,6,2,3
3,charged_lepton_G4,,-1,1,107,8,12,4,2,3,1,-1,product,N,6,0,6,2,0,-1,0,0,6,1,3
3,charged_lepton_G4,,-1,1,108,9,12,4,1,3,1,-1,torsion,STAY,9,0,9,3,0,-1,1,0,6,1,3
4,neutrino_G4,,1,1,1,1,1,1,1,4,1,1,sum,E,5,0,5,1,2,1,0,0,7,1,5
4,neutrino_G4,,1,1,2,2,1,1,1,5,1,1,product,S,5,0,5,1,2,1,0,0,6,2,5
4,neutrino_G4,,1,1,3,3,1,1,2,5,1,1,torsion,STAY,9,0,9,3,0,1,0,0,6,2,5
4,neutrino_G4,,1,1,4,4,1,1,2,5,1,1,sum,E,7,0,7,2,1,1,0,0,6,2,6
4,neutrino_G4,,1,1,5,5,1,1,2,6,1,1,product,S,12,1,3,1,0,1,0,0,6,3,6
4,neutrino_G4,,1,1,6,6,1,1,3,6,1,1,torsion,STAY,9,0,9,3,0,1,0,0,6,3,6
4,neutrino_G4,,1,1,7,7,1,1,3,6,1,1,sum,E,9,0,9,3,0,1,0,0,6,3,7
4,neutrino_G4,,1,1,8,8,1,1,3,7,1,1,product,S,21,2,3,1,0,1,0,0,6,4,7
4,neutrino_G4,,1,1,9,9,1,1,4,7,1,1,torsion,STAY,9,0,9,3,0,1,0,0,6,4,7
4,neutrino_G4,,1,1,10,1,2,1,4,7,1,1,sum,E,11,1,2,0,2,1,0,0,6,4,8
4,neutrino_G4,,1,1,11,2,2,1,4,8,1,1,product,S,32,3,5,1,2,1,0,0,6,5,8
4,neutrino_G4,,1,1,12,3,2,1,5,8,1,1,torsion,STAY,9,0,9,3,0,1,0,0,6,5,8
4,neutrino_G4,,1,1,13,4,2,1,5,8,1,1,sum,E,13,1,4,1,1,1,0,0,6,5,9
4,neutrino_G4,,1,1,14,5,2,1,5,9,1,1,product,S,45,4,9,3,0,1,0,0,6,6,9
4,neutrino_G4,,1,1,15,6,2,1,6,9,1,1,torsion,STAY,9,0,9,3,0,1,0,0,6,6,9
4,neutrino_G4,,1,1,16,7,2,1,6,9,1,1,sum,E,15,1,6,2,0,1,0,0,6,6,1
4,neutrino_G4,,1,1,17,8,2,1,6,1,1,1,product,S,6,0,6,2,0,1,0,0,6,7,1
4,neutrino_G4,,1,1,18,9,2,1,7,1,1,1,torsion,STAY,9,0,9,3,0,1,0,0,6,7,1
4,neutrino_G4,,1,1,19,1,3,1,7,1,1,1,sum,E,8,0,8,2,2,1,0,0,6,7,2
4,neutrino_G4,,1,1,20,2,3,1,7,2,1,1,product,S,14,1,5,1,2,1,0,0,6,8,2
4,neutrino_G4,,1,1,21,3,3,1,8,2,1,1,torsion,STAY,9,0,9,3,0,1,0,1,6,8,2
4,neutrino_G4,,1,1,22,4,3,1,8,2,1,1,sum,E,10,1,1,0,1,1,0,0,7,8,3
4,neutrino_G4,,1,1,23,5,3,1,8,3,1,1,product,S,24,2,6,2,0,1,0,0,6,9,3
4,neutrino_G4,,1,1,24,6,3,1,9,3,1,1,torsion,STAY,9,0,9,3,0,1,0,0,6,9,3
4,neutrino_G4,,1,1,25,7,3,1,9,3,1,1,sum,E,12,1,3,1,0,1,0,0,6,9,4
4,neutrino_G4,,1,1,26,8,3,1,9,4,1,1,product,S,36,3,9,3,0,1,0,0,6,1,4
4,neutrino_G4,,1,1,27,9,3,1,1,4,1,1,torsion,STAY,9,0,9,3,0,1,1,0,6,1,4
4,neutrino_G4,,1,1,28,1,4,2,1,4,-1,-1,sum,W,5,0,5,1,2,-1,0,0,6,1,3
4,neutrino_G4,,1,1,29,2,4,2,1,3,-1,-1,product,N,3,0,3,1,0,-1,0,0,6,9,3
4,neutrino_G4,,1,1,30,3,4,2,9,3,-1,-1,torsion,STAY,9,0,9,3,0,-1,0,0,6,9,3
4,neutrino_G4,,1,1,31,4,4,2,9,3,-1,-1,sum,W,12,1,3,1,0,-1,0,0,6,9,2
4,neutrino_G4,,1,1,32,5,4,2,9,2,-1,-1,product,N,18,1,9,3,0,-1,0,0,6,8,2
4,neutrino_G4,,1,1,33,6,4,2,8,2,-1,-1,torsion,STAY,9,0,9,3,0,-1,0,0,6,8,2
4,neutrino_G4,,1,1,34,7,4,2,8,2,-1,-1,sum,W,10,1,1,0,1,-1,0,0,6,8,1
4,neutrino_G4,,1,1,35,8,4,2,8,1,-1,-1,product,N,8,0,8,2,2,-1,0,0,6,7,1
4,neutrino_G4,,1,1,36,9,4,2,7,1,-1,-1,torsion,STAY,9,0,9,3,0,-1,0,0,6,7,1
4,neutrino_G4,,1,1,37,1,5,2,7,1,-1,-1,sum,W,8,0,8,2,2,-1,0,0,6,7,9
4,neutrino_G4,,1,1,38,2,5,2,7,9,-1,-1,product,N,63,6,9,3,0,-1,0,0,6,6,9
4,neutrino_G4,,1,1,39,3,5,2,6,9,-1,-1,torsion,STAY,9,0,9,3,0,-1,0,0,6,6,9
4,neutrino_G4,,1,1,40,4,5,2,6,9,-1,-1,sum,W,15,1,6,2,0,-1,0,0,6,6,8
4,neutrino_G4,,1,1,41,5,5,2,6,8,-1,-1,product,N,48,5,3,1,0,-1,0,0,6,5,8
4,neutrino_G4,,1,1,42,6,5,2,5,8,-1,-1,torsion,STAY,9,0,9,3,0,-1,0,0,6,5,8
4,neutrino_G4,,1,1,43,7,5,2,5,8,-1,-1,sum,W,13,1,4,1,1,-1,0,1,6,5,7
4,neutrino_G4,,1,1,44,8,5,2,5,7,-1,-1,product,N,35,3,8,2,2,-1,0,0,7,4,7
4,neutrino_G4,,1,1,45,9,5,2,4,7,-1,-1,torsion,STAY,9,0,9,3,0,-1,0,0,6,4,7
4,neutrino_G4,,1,1,46,1,6,2,4,7,-1,-1,sum,W,11,1,2,0,2,-1,0,0,6,4,6
4,neutrino_G4,,1,1,47,2,6,2,4,6,-1,-1,product,N,24,2,6,2,0,-1,0,0,6,3,6
4,neutrino_G4,,1,1,48,3,6,2,3,6,-1,-1,torsion,STAY,9,0,9,3,0,-1,0,0,6,3,6
4,neutrino_G4,,1,1,49,4,6,2,3,6,-1,-1,sum,W,9,0,9,3,0,-1,0,0,6,3,5
4,neutrino_G4,,1,1,50,5,6,2,3,5,-1,-1,product,N,15,1,6,2,0,-1,0,0,6,2,5
4,neutrino_G4,,1,1,51,6,6,2,2,5,-1,-1,torsion,STAY,9,0,9,3,0,-1,0,0,6,2,5
4,neutrino_G4,,1,1,52,7,6,2,2,5,-1,-1,sum,W,7,0,7,2,1,-1,0,0,6,2,4
4,neutrino_G4,,1,1,53,8,6,2,2,4,-1,-1,product,N,8,0,8,2,2,-1,0,0,6,1,4
4,neutrino_G4,,1,1,54,9,6,2,1,4,-1,-1,torsion,STAY,9,0,9,3,0,-1,1,0,6,1,4
4,neutrino_G4,,1,1,55,1,7,3,1,4,1,1,sum,E,5,0,5,1,2,1,0,0,6,1,5
4,neutrino_G4,,1,1,56,2,7,3,1,5,1,1,product,S,5,0,5,1,2,1,0,0,6,2,5
4,neutrino_G4,,1,1,57,3,7,3,2,5,1,1,torsion,STAY,9,0,9,3,0,1,0,0,6,2,5
4,neutrino_G4,,1,1,58,4,7,3,2,5,1,1,sum,E,7,0,7,2,1,1,0,0,6,2,6
4,neutrino_G4,,1,1,59,5,7,3,2,6,1,1,product,S,12,1,3,1,0,1,0,0,6,3,6
4,neutrino_G4,,1,1,60,6,7,3,3,6,1,1,torsion,STAY,9,0,9,3,0,1,0,0,6,3,6
4,neutrino_G4,,1,1,61,7,7,3,3,6,1,1,sum,E,9,0,9,3,0,1,0,0,6,3,7
4,neutrino_G4,,1,1,62,8,7,3,3,7,1,1,product,S,21,2,3,1,0,1,0,0,6,4,7
4,neutrino_G4,,1,1,63,9,7,3,4,7,1,1,torsion,STAY,9,0,9,3,0,1,0,0,6,4,7
4,neutrino_G4,,1,1,64,1,8,3,4,7,1,1,sum,E,11,1,2,0,2,1,0,0,6,4,8
4,neutrino_G4,,1,1,65,2,8,3,4,8,1,1,product,S,32,3,5,1,2,1,0,1,6,5,8
4,neutrino_G4,,1,1,66,3,8,3,5,8,1,1,torsion,STAY,9,0,9,3,0,1,0,0,7,5,8
4,neutrino_G4,,1,1,67,4,8,3,5,8,1,1,sum,E,13,1,4,1,1,1,0,0,6,5,9
4,neutrino_G4,,1,1,68,5,8,3,5,9,1,1,product,S,45,4,9,3,0,1,0,0,6,6,9
4,neutrino_G4,,1,1,69,6,8,3,6,9,1,1,torsion,STAY,9,0,9,3,0,1,0,0,6,6,9
4,neutrino_G4,,1,1,70,7,8,3,6,9,1,1,sum,E,15,1,6,2,0,1,0,0,6,6,1
4,neutrino_G4,,1,1,71,8,8,3,6,1,1,1,product,S,6,0,6,2,0,1,0,0,6,7,1
4,neutrino_G4,,1,1,72,9,8,3,7,1,1,1,torsion,STAY,9,0,9,3,0,1,0,0,6,7,1
4,neutrino_G4,,1,1,73,1,9,3,7,1,1,1,sum,E,8,0,8,2,2,1,0,0,6,7,2
4,neutrino_G4,,1,1,74,2,9,3,7,2,1,1,product,S,14,1,5,1,2,1,0,0,6,8,2
4,neutrino_G4,,1,1,75,3,9,3,8,2,1,1,torsion,STAY,9,0,9,3,0,1,0,0,6,8,2
4,neutrino_G4,,1,1,76,4,9,3,8,2,1,1,sum,E,10,1,1,0,1,1,0,0,6,8,3
4,neutrino_G4,,1,1,77,5,9,3,8,3,1,1,product,S,24,2,6,2,0,1,0,0,6,9,3
4,neutrino_G4,,1,1,78,6,9,3,9,3,1,1,torsion,STAY,9,0,9,3,0,1,0,0,6,9,3
4,neutrino_G4,,1,1,79,7,9,3,9,3,1,1,sum,E,12,1,3,1,0,1,0,0,6,9,4
4,neutrino_G4,,1,1,80,8,9,3,9,4,1,1,product,S,36,3,9,3,0,1,0,0,6,1,4
4,neutrino_G4,,1,1,81,9,9,3,1,4,1,1,torsion,STAY,9,0,9,3,0,1,1,0,6,1,4
4,neutrino_G4,,1,1,82,1,10,4,1,4,-1,-1,sum,W,5,0,5,1,2,-1,0,0,6,1,3
4,neutrino_G4,,1,1,83,2,10,4,1,3,-1,-1,product,N,3,0,3,1,0,-1,0,0,6,9,3
4,neutrino_G4,,1,1,84,3,10,4,9,3,-1,-1,torsion,STAY,9,0,9,3,0,-1,0,0,6,9,3
4,neutrino_G4,,1,1,85,4,10,4,9,3,-1,-1,sum,W,12,1,3,1,0,-1,0,0,6,9,2
4,neutrino_G4,,1,1,86,5,10,4,9,2,-1,-1,product,N,18,1,9,3,0,-1,0,0,6,8,2
4,neutrino_G4,,1,1,87,6,10,4,8,2,-1,-1,torsion,STAY,9,0,9,3,0,-1,0,1,6,8,2
4,neutrino_G4,,1,1,88,7,10,4,8,2,-1,-1,sum,W,10,1,1,0,1,-1,0,0,7,8,1
4,neutrino_G4,,1,1,89,8,10,4,8,1,-1,-1,product,N,8,0,8,2,2,-1,0,0,6,7,1
4,neutrino_G4,,1,1,90,9,10,4,7,1,-1,-1,torsion,STAY,9,0,9,3,0,-1,0,0,6,7,1
4,neutrino_G4,,1,1,91,1,11,4,7,1,-1,-1,sum,W,8,0,8,2,2,-1,0,0,6,7,9
4,neutrino_G4,,1,1,92,2,11,4,7,9,-1,-1,product,N,63,6,9,3,0,-1,0,0,6,6,9
4,neutrino_G4,,1,1,93,3,11,4,6,9,-1,-1,torsion,STAY,9,0,9,3,0,-1,0,0,6,6,9
4,neutrino_G4,,1,1,94,4,11,4,6,9,-1,-1,sum,W,15,1,6,2,0,-1,0,0,6,6,8
4,neutrino_G4,,1,1,95,5,11,4,6,8,-1,-1,product,N,48,5,3,1,0,-1,0,0,6,5,8
4,neutrino_G4,,1,1,96,6,11,4,5,8,-1,-1,torsion,STAY,9,0,9,3,0,-1,0,0,6,5,8
4,neutrino_G4,,1,1,97,7,11,4,5,8,-1,-1,sum,W,13,1,4,1,1,-1,0,0,6,5,7
4,neutrino_G4,,1,1,98,8,11,4,5,7,-1,-1,product,N,35,3,8,2,2,-1,0,0,6,4,7
4,neutrino_G4,,1,1,99,9,11,4,4,7,-1,-1,torsion,STAY,9,0,9,3,0,-1,0,0,6,4,7
4,neutrino_G4,,1,1,100,1,12,4,4,7,-1,-1,sum,W,11,1,2,0,2,-1,0,0,6,4,6
4,neutrino_G4,,1,1,101,2,12,4,4,6,-1,-1,product,N,24,2,6,2,0,-1,0,0,6,3,6
4,neutrino_G4,,1,1,102,3,12,4,3,6,-1,-1,torsion,STAY,9,0,9,3,0,-1,0,0,6,3,6
4,neutrino_G4,,1,1,103,4,12,4,3,6,-1,-1,sum,W,9,0,9,3,0,-1,0,0,6,3,5
4,neutrino_G4,,1,1,104,5,12,4,3,5,-1,-1,product,N,15,1,6,2,0,-1,0,0,6,2,5
4,neutrino_G4,,1,1,105,6,12,4,2,5,-1,-1,torsion,STAY,9,0,9,3,0,-1,0,0,6,2,5
4,neutrino_G4,,1,1,106,7,12,4,2,5,-1,-1,sum,W,7,0,7,2,1,-1,0,0,6,2,4
4,neutrino_G4,,1,1,107,8,12,4,2,4,-1,-1,product,N,8,0,8,2,2,-1,0,0,6,1,4
4,neutrino_G4,,1,1,108,9,12,4,1,4,-1,-1,torsion,STAY,9,0,9,3,0,-1,1,0,6,1,4
5,charged_lepton_G4,,1,-1,1,1,1,1,1,5,1,-1,sum,E,6,0,6,2,0,1,0,0,7,1,6
5,charged_lepton_G4,,1,-1,2,2,1,1,1,6,1,-1,product,N,6,0,6,2,0,1,0,0,6,9,6
5,charged_lepton_G4,,1,-1,3,3,1,1,9,6,1,-1,torsion,STAY,9,0,9,3,0,1,0,0,6,9,6
5,charged_lepton_G4,,1,-1,4,4,1,1,9,6,1,-1,sum,E,15,1,6,2,0,1,0,0,6,9,7
5,charged_lepton_G4,,1,-1,5,5,1,1,9,7,1,-1,product,N,63,6,9,3,0,1,0,0,6,8,7
5,charged_lepton_G4,,1,-1,6,6,1,1,8,7,1,-1,torsion,STAY,9,0,9,3,0,1,0,0,6,8,7
5,charged_lepton_G4,,1,-1,7,7,1,1,8,7,1,-1,sum,E,15,1,6,2,0,1,0,0,6,8,8
5,charged_lepton_G4,,1,-1,8,8,1,1,8,8,1,-1,product,N,64,7,1,0,1,1,0,0,6,7,8
5,charged_lepton_G4,,1,-1,9,9,1,1,7,8,1,-1,torsion,STAY,9,0,9,3,0,1,0,0,6,7,8
5,charged_lepton_G4,,1,-1,10,1,2,1,7,8,1,-1,sum,E,15,1,6,2,0,1,0,0,6,7,9
5,charged_lepton_G4,,1,-1,11,2,2,1,7,9,1,-1,product,N,63,6,9,3,0,1,0,0,6,6,9
5,charged_lepton_G4,,1,-1,12,3,2,1,6,9,1,-1,torsion,STAY,9,0,9,3,0,1,0,0,6,6,9
5,charged_lepton_G4,,1,-1,13,4,2,1,6,9,1,-1,sum,E,15,1,6,2,0,1,0,0,6,6,1
5,charged_lepton_G4,,1,-1,14,5,2,1,6,1,1,-1,product,N,6,0,6,2,0,1,0,0,6,5,1
5,charged_lepton_G4,,1,-1,15,6,2,1,5,1,1,-1,torsion,STAY,9,0,9,3,0,1,0,0,6,5,1
5,charged_lepton_G4,,1,-1,16,7,2,1,5,1,1,-1,sum,E,6,0,6,2,0,1,0,0,6,5,2
5,charged_lepton_G4,,1,-1,17,8,2,1,5,2,1,-1,product,N,10,1,1,0,1,1,0,0,6,4,2
5,charged_lepton_G4,,1,-1,18,9,2,1,4,2,1,-1,torsion,STAY,9,0,9,3,0,1,0,0,6,4,2
5,charged_lepton_G4,,1,-1,19,1,3,1,4,2,1,-1,sum,E,6,0,6,2,0,1,0,0,6,4,3
5,charged_lepton_G4,,1,-1,20,2,3,1,4,3,1,-1,product,N,12,1,3,1,0,1,0,0,6,3,3
5,charged_lepton_G4,,1,-1,21,3,3,1,3,3,1,-1,torsion,STAY,9,0,9,3,0,1,0,1,6,3,3
5,charged_lepton_G4,,1,-1,22,4,3,1,3,3,1,-1,sum,E,6,0,6,2,0,1,0,0,7,3,4
5,charged_lepton_G4,,1,-1,23,5,3,1,3,4,1,-1,product,N,12,1,3,1,0,1,0,0,6,2,4
5,charged_lepton_G4,,1,-1,24,6,3,1,2,4,1,-1,torsion,STAY,9,0,9,3,0,1,0,0,6,2,4
5,charged_lepton_G4,,1,-1,25,7,3,1,2,4,1,-1,sum,E,6,0,6,2,0,1,0,0,6,2,5
5,charged_lepton_G4,,1,-1,26,8,3,1,2,5,1,-1,product,N,10,1,1,0,1,1,0,0,6,1,5
5,charged_lepton_G4,,1,-1,27,9,3,1,1,5,1,-1,torsion,STAY,9,0,9,3,0,1,1,0,6,1,5
5,charged_lepton_G4,,1,-1,28,1,4,2,1,5,-1,1,sum,W,6,0,6,2,0,-1,0,0,6,1,4
5,charged_lepton_G4,,1,-1,29,2,4,2,1,4,-1,1,product,S,4,0,4,1,1,-1,0,0,6,2,4
5,charged_lepton_G4,,1,-1,30,3,4,2,2,4,-1,1,torsion,STAY,9,0,9,3,0,-1,0,0,6,2,4
5,charged_lepton_G4,,1,-1,31,4,4,2,2,4,-1,1,sum,W,6,0,6,2,0,-1,0,0,6,2,3
5,charged_lepton_G4,,1,-1,32,5,4,2,2,3,-1,1,product,S,6,0,6,2,0,-1,0,0,6,3,3
5,charged_lepton_G4,,1,-1,33,6,4,2,3,3,-1,1,torsion,STAY,9,0,9,3,0,-1,0,0,6,3,3
5,charged_lepton_G4,,1,-1,34,7,4,2,3,3,-1,1,sum,W,6,0,6,2,0,-1,0,0,6,3,2
5,charged_lepton_G4,,1,-1,35,8,4,2,3,2,-1,1,product,S,6,0,6,2,0,-1,0,0,6,4,2
5,charged_lepton_G4,,1,-1,36,9,4,2,4,2,-1,1,torsion,STAY,9,0,9,3,0,-1,0,0,6,4,2
5,charged_lepton_G4,,1,-1,37,1,5,2,4,2,-1,1,sum,W,6,0,6,2,0,-1,0,0,6,4,1
5,charged_lepton_G4,,1,-1,38,2,5,2,4,1,-1,1,product,S,4,0,4,1,1,-1,0,0,6,5,1
5,charged_lepton_G4,,1,-1,39,3,5,2,5,1,-1,1,torsion,STAY,9,0,9,3,0,-1,0,0,6,5,1
5,charged_lepton_G4,,1,-1,40,4,5,2,5,1,-1,1,sum,W,6,0,6,2,0,-1,0,0,6,5,9
5,charged_lepton_G4,,1,-1,41,5,5,2,5,9,-1,1,product,S,45,4,9,3,0,-1,0,0,6,6,9
5,charged_lepton_G4,,1,-1,42,6,5,2,6,9,-1,1,torsion,STAY,9,0,9,3,0,-1,0,0,6,6,9
5,charged_lepton_G4,,1,-1,43,7,5,2,6,9,-1,1,sum,W,15,1,6,2,0,-1,0,1,6,6,8
5,charged_lepton_G4,,1,-1,44,8,5,2,6,8,-1,1,product,S,48,5,3,1,0,-1,0,0,7,7,8
5,charged_lepton_G4,,1,-1,45,9,5,2,7,8,-1,1,torsion,STAY,9,0,9,3,0,-1,0,0,6,7,8
5,charged_lepton_G4,,1,-1,46,1,6,2,7,8,-1,1,sum,W,15,1,6,2,0,-1,0,0,6,7,7
5,charged_lepton_G4,,1,-1,47,2,6,2,7,7,-1,1,product,S,49,5,4,1,1,-1,0,0,6,8,7
5,charged_lepton_G4,,1,-1,48,3,6,2,8,7,-1,1,torsion,STAY,9,0,9,3,0,-1,0,0,6,8,7
5,charged_lepton_G4,,1,-1,49,4,6,2,8,7,-1,1,sum,W,15,1,6,2,0,-1,0,0,6,8,6
5,charged_lepton_G4,,1,-1,50,5,6,2,8,6,-1,1,product,S,48,5,3,1,0,-1,0,0,6,9,6
5,charged_lepton_G4,,1,-1,51,6,6,2,9,6,-1,1,torsion,STAY,9,0,9,3,0,-1,0,0,6,9,6
5,charged_lepton_G4,,1,-1,52,7,6,2,9,6,-1,1,sum,W,15,1,6,2,0,-1,0,0,6,9,5
5,charged_lepton_G4,,1,-1,53,8,6,2,9,5,-1,1,product,S,45,4,9,3,0,-1,0,0,6,1,5
5,charged_lepton_G4,,1,-1,54,9,6,2,1,5,-1,1,torsion,STAY,9,0,9,3,0,-1,1,0,6,1,5
5,charged_lepton_G4,,1,-1,55,1,7,3,1,5,1,-1,sum,E,6,0,6,2,0,1,0,0,6,1,6
5,charged_lepton_G4,,1,-1,56,2,7,3,1,6,1,-1,product,N,6,0,6,2,0,1,0,0,6,9,6
5,charged_lepton_G4,,1,-1,57,3,7,3,9,6,1,-1,torsion,STAY,9,0,9,3,0,1,0,0,6,9,6
5,charged_lepton_G4,,1,-1,58,4,7,3,9,6,1,-1,sum,E,15,1,6,2,0,1,0,0,6,9,7
5,charged_lepton_G4,,1,-1,59,5,7,3,9,7,1,-1,product,N,63,6,9,3,0,1,0,0,6,8,7
5,charged_lepton_G4,,1,-1,60,6,7,3,8,7,1,-1,torsion,STAY,9,0,9,3,0,1,0,0,6,8,7
5,charged_lepton_G4,,1,-1,61,7,7,3,8,7,1,-1,sum,E,15,1,6,2,0,1,0,0,6,8,8
5,charged_lepton_G4,,1,-1,62,8,7,3,8,8,1,-1,product,N,64,7,1,0,1,1,0,0,6,7,8
5,charged_lepton_G4,,1,-1,63,9,7,3,7,8,1,-1,torsion,STAY,9,0,9,3,0,1,0,0,6,7,8
5,charged_lepton_G4,,1,-1,64,1,8,3,7,8,1,-1,sum,E,15,1,6,2,0,1,0,0,6,7,9
5,charged_lepton_G4,,1,-1,65,2,8,3,7,9,1,-1,product,N,63,6,9,3,0,1,0,1,6,6,9
5,charged_lepton_G4,,1,-1,66,3,8,3,6,9,1,-1,torsion,STAY,9,0,9,3,0,1,0,0,7,6,9
5,charged_lepton_G4,,1,-1,67,4,8,3,6,9,1,-1,sum,E,15,1,6,2,0,1,0,0,6,6,1
5,charged_lepton_G4,,1,-1,68,5,8,3,6,1,1,-1,product,N,6,0,6,2,0,1,0,0,6,5,1
5,charged_lepton_G4,,1,-1,69,6,8,3,5,1,1,-1,torsion,STAY,9,0,9,3,0,1,0,0,6,5,1
5,charged_lepton_G4,,1,-1,70,7,8,3,5,1,1,-1,sum,E,6,0,6,2,0,1,0,0,6,5,2
5,charged_lepton_G4,,1,-1,71,8,8,3,5,2,1,-1,product,N,10,1,1,0,1,1,0,0,6,4,2
5,charged_lepton_G4,,1,-1,72,9,8,3,4,2,1,-1,torsion,STAY,9,0,9,3,0,1,0,0,6,4,2
5,charged_lepton_G4,,1,-1,73,1,9,3,4,2,1,-1,sum,E,6,0,6,2,0,1,0,0,6,4,3
5,charged_lepton_G4,,1,-1,74,2,9,3,4,3,1,-1,product,N,12,1,3,1,0,1,0,0,6,3,3
5,charged_lepton_G4,,1,-1,75,3,9,3,3,3,1,-1,torsion,STAY,9,0,9,3,0,1,0,0,6,3,3
5,charged_lepton_G4,,1,-1,76,4,9,3,3,3,1,-1,sum,E,6,0,6,2,0,1,0,0,6,3,4
5,charged_lepton_G4,,1,-1,77,5,9,3,3,4,1,-1,product,N,12,1,3,1,0,1,0,0,6,2,4
5,charged_lepton_G4,,1,-1,78,6,9,3,2,4,1,-1,torsion,STAY,9,0,9,3,0,1,0,0,6,2,4
5,charged_lepton_G4,,1,-1,79,7,9,3,2,4,1,-1,sum,E,6,0,6,2,0,1,0,0,6,2,5
5,charged_lepton_G4,,1,-1,80,8,9,3,2,5,1,-1,product,N,10,1,1,0,1,1,0,0,6,1,5
5,charged_lepton_G4,,1,-1,81,9,9,3,1,5,1,-1,torsion,STAY,9,0,9,3,0,1,1,0,6,1,5
5,charged_lepton_G4,,1,-1,82,1,10,4,1,5,-1,1,sum,W,6,0,6,2,0,-1,0,0,6,1,4
5,charged_lepton_G4,,1,-1,83,2,10,4,1,4,-1,1,product,S,4,0,4,1,1,-1,0,0,6,2,4
5,charged_lepton_G4,,1,-1,84,3,10,4,2,4,-1,1,torsion,STAY,9,0,9,3,0,-1,0,0,6,2,4
5,charged_lepton_G4,,1,-1,85,4,10,4,2,4,-1,1,sum,W,6,0,6,2,0,-1,0,0,6,2,3
5,charged_lepton_G4,,1,-1,86,5,10,4,2,3,-1,1,product,S,6,0,6,2,0,-1,0,0,6,3,3
5,charged_lepton_G4,,1,-1,87,6,10,4,3,3,-1,1,torsion,STAY,9,0,9,3,0,-1,0,1,6,3,3
5,charged_lepton_G4,,1,-1,88,7,10,4,3,3,-1,1,sum,W,6,0,6,2,0,-1,0,0,7,3,2
5,charged_lepton_G4,,1,-1,89,8,10,4,3,2,-1,1,product,S,6,0,6,2,0,-1,0,0,6,4,2
5,charged_lepton_G4,,1,-1,90,9,10,4,4,2,-1,1,torsion,STAY,9,0,9,3,0,-1,0,0,6,4,2
5,charged_lepton_G4,,1,-1,91,1,11,4,4,2,-1,1,sum,W,6,0,6,2,0,-1,0,0,6,4,1
5,charged_lepton_G4,,1,-1,92,2,11,4,4,1,-1,1,product,S,4,0,4,1,1,-1,0,0,6,5,1
5,charged_lepton_G4,,1,-1,93,3,11,4,5,1,-1,1,torsion,STAY,9,0,9,3,0,-1,0,0,6,5,1
5,charged_lepton_G4,,1,-1,94,4,11,4,5,1,-1,1,sum,W,6,0,6,2,0,-1,0,0,6,5,9
5,charged_lepton_G4,,1,-1,95,5,11,4,5,9,-1,1,product,S,45,4,9,3,0,-1,0,0,6,6,9
5,charged_lepton_G4,,1,-1,96,6,11,4,6,9,-1,1,torsion,STAY,9,0,9,3,0,-1,0,0,6,6,9
5,charged_lepton_G4,,1,-1,97,7,11,4,6,9,-1,1,sum,W,15,1,6,2,0,-1,0,0,6,6,8
5,charged_lepton_G4,,1,-1,98,8,11,4,6,8,-1,1,product,S,48,5,3,1,0,-1,0,0,6,7,8
5,charged_lepton_G4,,1,-1,99,9,11,4,7,8,-1,1,torsion,STAY,9,0,9,3,0,-1,0,0,6,7,8
5,charged_lepton_G4,,1,-1,100,1,12,4,7,8,-1,1,sum,W,15,1,6,2,0,-1,0,0,6,7,7
5,charged_lepton_G4,,1,-1,101,2,12,4,7,7,-1,1,product,S,49,5,4,1,1,-1,0,0,6,8,7
5,charged_lepton_G4,,1,-1,102,3,12,4,8,7,-1,1,torsion,STAY,9,0,9,3,0,-1,0,0,6,8,7
5,charged_lepton_G4,,1,-1,103,4,12,4,8,7,-1,1,sum,W,15,1,6,2,0,-1,0,0,6,8,6
5,charged_lepton_G4,,1,-1,104,5,12,4,8,6,-1,1,product,S,48,5,3,1,0,-1,0,0,6,9,6
5,charged_lepton_G4,,1,-1,105,6,12,4,9,6,-1,1,torsion,STAY,9,0,9,3,0,-1,0,0,6,9,6
5,charged_lepton_G4,,1,-1,106,7,12,4,9,6,-1,1,sum,W,15,1,6,2,0,-1,0,0,6,9,5
5,charged_lepton_G4,,1,-1,107,8,12,4,9,5,-1,1,product,S,45,4,9,3,0,-1,0,0,6,1,5
5,charged_lepton_G4,,1,-1,108,9,12,4,1,5,-1,1,torsion,STAY,9,0,9,3,0,-1,1,0,6,1,5
6,neutrino_G4,,-1,-1,1,1,1,1,1,6,-1,-1,sum,W,7,0,7,2,1,1,0,0,7,1,5
6,neutrino_G4,,-1,-1,2,2,1,1,1,5,-1,-1,product,N,5,0,5,1,2,1,0,0,6,9,5
6,neutrino_G4,,-1,-1,3,3,1,1,9,5,-1,-1,torsion,STAY,9,0,9,3,0,1,0,0,6,9,5
6,neutrino_G4,,-1,-1,4,4,1,1,9,5,-1,-1,sum,W,14,1,5,1,2,1,0,0,6,9,4
6,neutrino_G4,,-1,-1,5,5,1,1,9,4,-1,-1,product,N,36,3,9,3,0,1,0,0,6,8,4
6,neutrino_G4,,-1,-1,6,6,1,1,8,4,-1,-1,torsion,STAY,9,0,9,3,0,1,0,0,6,8,4
6,neutrino_G4,,-1,-1,7,7,1,1,8,4,-1,-1,sum,W,12,1,3,1,0,1,0,0,6,8,3
6,neutrino_G4,,-1,-1,8,8,1,1,8,3,-1,-1,product,N,24,2,6,2,0,1,0,0,6,7,3
6,neutrino_G4,,-1,-1,9,9,1,1,7,3,-1,-1,torsion,STAY,9,0,9,3,0,1,0,0,6,7,3
6,neutrino_G4,,-1,-1,10,1,2,1,7,3,-1,-1,sum,W,10,1,1,0,1,1,0,0,6,7,2
6,neutrino_G4,,-1,-1,11,2,2,1,7,2,-1,-1,product,N,14,1,5,1,2,1,0,0,6,6,2
6,neutrino_G4,,-1,-1,12,3,2,1,6,2,-1,-1,torsion,STAY,9,0,9,3,0,1,0,0,6,6,2
6,neutrino_G4,,-1,-1,13,4,2,1,6,2,-1,-1,sum,W,8,0,8,2,2,1,0,0,6,6,1
6,neutrino_G4,,-1,-1,14,5,2,1,6,1,-1,-1,product,N,6,0,6,2,0,1,0,0,6,5,1
6,neutrino_G4,,-1,-1,15,6,2,1,5,1,-1,-1,torsion,STAY,9,0,9,3,0,1,0,0,6,5,1
6,neutrino_G4,,-1,-1,16,7,2,1,5,1,-1,-1,sum,W,6,0,6,2,0,1,0,0,6,5,9
6,neutrino_G4,,-1,-1,17,8,2,1,5,9,-1,-1,product,N,45,4,9,3,0,1,0,0,6,4,9
6,neutrino_G4,,-1,-1,18,9,2,1,4,9,-1,-1,torsion,STAY,9,0,9,3,0,1,0,0,6,4,9
6,neutrino_G4,,-1,-1,19,1,3,1,4,9,-1,-1,sum,W,13,1,4,1,1,1,0,0,6,4,8
6,neutrino_G4,,-1,-1,20,2,3,1,4,8,-1,-1,product,N,32,3,5,1,2,1,0,0,6,3,8
6,neutrino_G4,,-1,-1,21,3,3,1,3,8,-1,-1,torsion,STAY,9,0,9,3,0,1,0,1,6,3,8
6,neutrino_G4,,-1,-1,22,4,3,1,3,8,-1,-1,sum,W,11,1,2,0,2,1,0,0,7,3,7
6,neutrino_G4,,-1,-1,23,5,3,1,3,7,-1,-1,product,N,21,2,3,1,0,1,0,0,6,2,7
6,neutrino_G4,,-1,-1,24,6,3,1,2,7,-1,-1,torsion,STAY,9,0,9,3,0,1,0,0,6,2,7
6,neutrino_G4,,-1,-1,25,7,3,1,2,7,-1,-1,sum,W,9,0,9,3,0,1,0,0,6,2,6
6,neutrino_G4,,-1,-1,26,8,3,1,2,6,-1,-1,product,N,12,1,3,1,0,1,0,0,6,1,6
6,neutrino_G4,,-1,-1,27,9,3,1,1,6,-1,-1,torsion,STAY,9,0,9,3,0,1,1,0,6,1,6
6,neutrino_G4,,-1,-1,28,1,4,2,1,6,1,1,sum,E,7,0,7,2,1,-1,0,0,6,1,7
6,neutrino_G4,,-1,-1,29,2,4,2,1,7,1,1,product,S,7,0,7,2,1,-1,0,0,6,2,7
6,neutrino_G4,,-1,-1,30,3,4,2,2,7,1,1,torsion,STAY,9,0,9,3,0,-1,0,0,6,2,7
6,neutrino_G4,,-1,-1,31,4,4,2,2,7,1,1,sum,E,9,0,9,3,0,-1,0,0,6,2,8
6,neutrino_G4,,-1,-1,32,5,4,2,2,8,1,1,product,S,16,1,7,2,1,-1,0,0,6,3,8
6,neutrino_G4,,-1,-1,33,6,4,2,3,8,1,1,torsion,STAY,9,0,9,3,0,-1,0,0,6,3,8
6,neutrino_G4,,-1,-1,34,7,4,2,3,8,1,1,sum,E,11,1,2,0,2,-1,0,0,6,3,9
6,neutrino_G4,,-1,-1,35,8,4,2,3,9,1,1,product,S,27,2,9,3,0,-1,0,0,6,4,9
6,neutrino_G4,,-1,-1,36,9,4,2,4,9,1,1,torsion,STAY,9,0,9,3,0,-1,0,0,6,4,9
6,neutrino_G4,,-1,-1,37,1,5,2,4,9,1,1,sum,E,13,1,4,1,1,-1,0,0,6,4,1
6,neutrino_G4,,-1,-1,38,2,5,2,4,1,1,1,product,S,4,0,4,1,1,-1,0,0,6,5,1
6,neutrino_G4,,-1,-1,39,3,5,2,5,1,1,1,torsion,STAY,9,0,9,3,0,-1,0,0,6,5,1
6,neutrino_G4,,-1,-1,40,4,5,2,5,1,1,1,sum,E,6,0,6,2,0,-1,0,0,6,5,2
6,neutrino_G4,,-1,-1,41,5,5,2,5,2,1,1,product,S,10,1,1,0,1,-1,0,0,6,6,2
6,neutrino_G4,,-1,-1,42,6,5,2,6,2,1,1,torsion,STAY,9,0,9,3,0,-1,0,0,6,6,2
6,neutrino_G4,,-1,-1,43,7,5,2,6,2,1,1,sum,E,8,0,8,2,2,-1,0,1,6,6,3
6,neutrino_G4,,-1,-1,44,8,5,2,6,3,1,1,product,S,18,1,9,3,0,-1,0,0,7,7,3
6,neutrino_G4,,-1,-1,45,9,5,2,7,3,1,1,torsion,STAY,9,0,9,3,0,-1,0,0,6,7,3
6,neutrino_G4,,-1,-1,46,1,6,2,7,3,1,1,sum,E,10,1,1,0,1,-1,0,0,6,7,4
6,neutrino_G4,,-1,-1,47,2,6,2,7,4,1,1,product,S,28,3,1,0,1,-1,0,0,6,8,4
6,neutrino_G4,,-1,-1,48,3,6,2,8,4,1,1,torsion,STAY,9,0,9,3,0,-1,0,0,6,8,4
6,neutrino_G4,,-1,-1,49,4,6,2,8,4,1,1,sum,E,12,1,3,1,0,-1,0,0,6,8,5
6,neutrino_G4,,-1,-1,50,5,6,2,8,5,1,1,product,S,40,4,4,1,1,-1,0,0,6,9,5
6,neutrino_G4,,-1,-1,51,6,6,2,9,5,1,1,torsion,STAY,9,0,9,3,0,-1,0,0,6,9,5
6,neutrino_G4,,-1,-1,52,7,6,2,9,5,1,1,sum,E,14,1,5,1,2,-1,0,0,6,9,6
6,neutrino_G4,,-1,-1,53,8,6,2,9,6,1,1,product,S,54,5,9,3,0,-1,0,0,6,1,6
6,neutrino_G4,,-1,-1,54,9,6,2,1,6,1,1,torsion,STAY,9,0,9,3,0,-1,1,0,6,1,6
6,neutrino_G4,,-1,-1,55,1,7,3,1,6,-1,-1,sum,W,7,0,7,2,1,1,0,0,6,1,5
6,neutrino_G4,,-1,-1,56,2,7,3,1,5,-1,-1,product,N,5,0,5,1,2,1,0,0,6,9,5
6,neutrino_G4,,-1,-1,57,3,7,3,9,5,-1,-1,torsion,STAY,9,0,9,3,0,1,0,0,6,9,5
6,neutrino_G4,,-1,-1,58,4,7,3,9,5,-1,-1,sum,W,14,1,5,1,2,1,0,0,6,9,4
6,neutrino_G4,,-1,-1,59,5,7,3,9,4,-1,-1,product,N,36,3,9,3,0,1,0,0,6,8,4
6,neutrino_G4,,-1,-1,60,6,7,3,8,4,-1,-1,torsion,STAY,9,0,9,3,0,1,0,0,6,8,4
6,neutrino_G4,,-1,-1,61,7,7,3,8,4,-1,-1,sum,W,12,1,3,1,0,1,0,0,6,8,3
6,neutrino_G4,,-1,-1,62,8,7,3,8,3,-1,-1,product,N,24,2,6,2,0,1,0,0,6,7,3
6,neutrino_G4,,-1,-1,63,9,7,3,7,3,-1,-1,torsion,STAY,9,0,9,3,0,1,0,0,6,7,3
6,neutrino_G4,,-1,-1,64,1,8,3,7,3,-1,-1,sum,W,10,1,1,0,1,1,0,0,6,7,2
6,neutrino_G4,,-1,-1,65,2,8,3,7,2,-1,-1,product,N,14,1,5,1,2,1,0,1,6,6,2
6,neutrino_G4,,-1,-1,66,3,8,3,6,2,-1,-1,torsion,STAY,9,0,9,3,0,1,0,0,7,6,2
6,neutrino_G4,,-1,-1,67,4,8,3,6,2,-1,-1,sum,W,8,0,8,2,2,1,0,0,6,6,1
6,neutrino_G4,,-1,-1,68,5,8,3,6,1,-1,-1,product,N,6,0,6,2,0,1,0,0,6,5,1
6,neutrino_G4,,-1,-1,69,6,8,3,5,1,-1,-1,torsion,STAY,9,0,9,3,0,1,0,0,6,5,1
6,neutrino_G4,,-1,-1,70,7,8,3,5,1,-1,-1,sum,W,6,0,6,2,0,1,0,0,6,5,9
6,neutrino_G4,,-1,-1,71,8,8,3,5,9,-1,-1,product,N,45,4,9,3,0,1,0,0,6,4,9
6,neutrino_G4,,-1,-1,72,9,8,3,4,9,-1,-1,torsion,STAY,9,0,9,3,0,1,0,0,6,4,9
6,neutrino_G4,,-1,-1,73,1,9,3,4,9,-1,-1,sum,W,13,1,4,1,1,1,0,0,6,4,8
6,neutrino_G4,,-1,-1,74,2,9,3,4,8,-1,-1,product,N,32,3,5,1,2,1,0,0,6,3,8
6,neutrino_G4,,-1,-1,75,3,9,3,3,8,-1,-1,torsion,STAY,9,0,9,3,0,1,0,0,6,3,8
6,neutrino_G4,,-1,-1,76,4,9,3,3,8,-1,-1,sum,W,11,1,2,0,2,1,0,0,6,3,7
6,neutrino_G4,,-1,-1,77,5,9,3,3,7,-1,-1,product,N,21,2,3,1,0,1,0,0,6,2,7
6,neutrino_G4,,-1,-1,78,6,9,3,2,7,-1,-1,torsion,STAY,9,0,9,3,0,1,0,0,6,2,7
6,neutrino_G4,,-1,-1,79,7,9,3,2,7,-1,-1,sum,W,9,0,9,3,0,1,0,0,6,2,6
6,neutrino_G4,,-1,-1,80,8,9,3,2,6,-1,-1,product,N,12,1,3,1,0,1,0,0,6,1,6
6,neutrino_G4,,-1,-1,81,9,9,3,1,6,-1,-1,torsion,STAY,9,0,9,3,0,1,1,0,6,1,6
6,neutrino_G4,,-1,-1,82,1,10,4,1,6,1,1,sum,E,7,0,7,2,1,-1,0,0,6,1,7
6,neutrino_G4,,-1,-1,83,2,10,4,1,7,1,1,product,S,7,0,7,2,1,-1,0,0,6,2,7
6,neutrino_G4,,-1,-1,84,3,10,4,2,7,1,1,torsion,STAY,9,0,9,3,0,-1,0,0,6,2,7
6,neutrino_G4,,-1,-1,85,4,10,4,2,7,1,1,sum,E,9,0,9,3,0,-1,0,0,6,2,8
6,neutrino_G4,,-1,-1,86,5,10,4,2,8,1,1,product,S,16,1,7,2,1,-1,0,0,6,3,8
6,neutrino_G4,,-1,-1,87,6,10,4,3,8,1,1,torsion,STAY,9,0,9,3,0,-1,0,1,6,3,8
6,neutrino_G4,,-1,-1,88,7,10,4,3,8,1,1,sum,E,11,1,2,0,2,-1,0,0,7,3,9
6,neutrino_G4,,-1,-1,89,8,10,4,3,9,1,1,product,S,27,2,9,3,0,-1,0,0,6,4,9
6,neutrino_G4,,-1,-1,90,9,10,4,4,9,1,1,torsion,STAY,9,0,9,3,0,-1,0,0,6,4,9
6,neutrino_G4,,-1,-1,91,1,11,4,4,9,1,1,sum,E,13,1,4,1,1,-1,0,0,6,4,1
6,neutrino_G4,,-1,-1,92,2,11,4,4,1,1,1,product,S,4,0,4,1,1,-1,0,0,6,5,1
6,neutrino_G4,,-1,-1,93,3,11,4,5,1,1,1,torsion,STAY,9,0,9,3,0,-1,0,0,6,5,1
6,neutrino_G4,,-1,-1,94,4,11,4,5,1,1,1,sum,E,6,0,6,2,0,-1,0,0,6,5,2
6,neutrino_G4,,-1,-1,95,5,11,4,5,2,1,1,product,S,10,1,1,0,1,-1,0,0,6,6,2
6,neutrino_G4,,-1,-1,96,6,11,4,6,2,1,1,torsion,STAY,9,0,9,3,0,-1,0,0,6,6,2
6,neutrino_G4,,-1,-1,97,7,11,4,6,2,1,1,sum,E,8,0,8,2,2,-1,0,0,6,6,3
6,neutrino_G4,,-1,-1,98,8,11,4,6,3,1,1,product,S,18,1,9,3,0,-1,0,0,6,7,3
6,neutrino_G4,,-1,-1,99,9,11,4,7,3,1,1,torsion,STAY,9,0,9,3,0,-1,0,0,6,7,3
6,neutrino_G4,,-1,-1,100,1,12,4,7,3,1,1,sum,E,10,1,1,0,1,-1,0,0,6,7,4
6,neutrino_G4,,-1,-1,101,2,12,4,7,4,1,1,product,S,28,3,1,0,1,-1,0,0,6,8,4
6,neutrino_G4,,-1,-1,102,3,12,4,8,4,1,1,torsion,STAY,9,0,9,3,0,-1,0,0,6,8,4
6,neutrino_G4,,-1,-1,103,4,12,4,8,4,1,1,sum,E,12,1,3,1,0,-1,0,0,6,8,5
6,neutrino_G4,,-1,-1,104,5,12,4,8,5,1,1,product,S,40,4,4,1,1,-1,0,0,6,9,5
6,neutrino_G4,,-1,-1,105,6,12,4,9,5,1,1,torsion,STAY,9,0,9,3,0,-1,0,0,6,9,5
6,neutrino_G4,,-1,-1,106,7,12,4,9,5,1,1,sum,E,14,1,5,1,2,-1,0,0,6,9,6
6,neutrino_G4,,-1,-1,107,8,12,4,9,6,1,1,product,S,54,5,9,3,0,-1,0,0,6,1,6
6,neutrino_G4,,-1,-1,108,9,12,4,1,6,1,1,torsion,STAY,9,0,9,3,0,-1,1,0,6,1,6
7,charged_lepton_G4,,-1,1,1,1,1,1,1,7,-1,1,sum,W,8,0,8,2,2,1,0,0,7,1,6
7,charged_lepton_G4,,-1,1,2,2,1,1,1,6,-1,1,product,S,6,0,6,2,0,1,0,0,6,2,6
7,charged_lepton_G4,,-1,1,3,3,1,1,2,6,-1,1,torsion,STAY,9,0,9,3,0,1,0,0,6,2,6
7,charged_lepton_G4,,-1,1,4,4,1,1,2,6,-1,1,sum,W,8,0,8,2,2,1,0,0,6,2,5
7,charged_lepton_G4,,-1,1,5,5,1,1,2,5,-1,1,product,S,10,1,1,0,1,1,0,0,6,3,5
7,charged_lepton_G4,,-1,1,6,6,1,1,3,5,-1,1,torsion,STAY,9,0,9,3,0,1,0,0,6,3,5
7,charged_lepton_G4,,-1,1,7,7,1,1,3,5,-1,1,sum,W,8,0,8,2,2,1,0,0,6,3,4
7,charged_lepton_G4,,-1,1,8,8,1,1,3,4,-1,1,product,S,12,1,3,1,0,1,0,0,6,4,4
7,charged_lepton_G4,,-1,1,9,9,1,1,4,4,-1,1,torsion,STAY,9,0,9,3,0,1,0,0,6,4,4
7,charged_lepton_G4,,-1,1,10,1,2,1,4,4,-1,1,sum,W,8,0,8,2,2,1,0,0,6,4,3
7,charged_lepton_G4,,-1,1,11,2,2,1,4,3,-1,1,product,S,12,1,3,1,0,1,0,0,6,5,3
7,charged_lepton_G4,,-1,1,12,3,2,1,5,3,-1,1,torsion,STAY,9,0,9,3,0,1,0,0,6,5,3
7,charged_lepton_G4,,-1,1,13,4,2,1,5,3,-1,1,sum,W,8,0,8,2,2,1,0,0,6,5,2
7,charged_lepton_G4,,-1,1,14,5,2,1,5,2,-1,1,product,S,10,1,1,0,1,1,0,0,6,6,2
7,charged_lepton_G4,,-1,1,15,6,2,1,6,2,-1,1,torsion,STAY,9,0,9,3,0,1,0,0,6,6,2
7,charged_lepton_G4,,-1,1,16,7,2,1,6,2,-1,1,sum,W,8,0,8,2,2,1,0,0,6,6,1
7,charged_lepton_G4,,-1,1,17,8,2,1,6,1,-1,1,product,S,6,0,6,2,0,1,0,0,6,7,1
7,charged_lepton_G4,,-1,1,18,9,2,1,7,1,-1,1,torsion,STAY,9,0,9,3,0,1,0,0,6,7,1
7,charged_lepton_G4,,-1,1,19,1,3,1,7,1,-1,1,sum,W,8,0,8,2,2,1,0,0,6,7,9
7,charged_lepton_G4,,-1,1,20,2,3,1,7,9,-1,1,product,S,63,6,9,3,0,1,0,0,6,8,9
7,charged_lepton_G4,,-1,1,21,3,3,1,8,9,-1,1,torsion,STAY,9,0,9,3,0,1,0,1,6,8,9
7,charged_lepton_G4,,-1,1,22,4,3,1,8,9,-1,1,sum,W,17,1,8,2,2,1,0,0,7,8,8
7,charged_lepton_G4,,-1,1,23,5,3,1,8,8,-1,1,product,S,64,7,1,0,1,1,0,0,6,9,8
7,charged_lepton_G4,,-1,1,24,6,3,1,9,8,-1,1,torsion,STAY,9,0,9,3,0,1,0,0,6,9,8
7,charged_lepton_G4,,-1,1,25,7,3,1,9,8,-1,1,sum,W,17,1,8,2,2,1,0,0,6,9,7
7,charged_lepton_G4,,-1,1,26,8,3,1,9,7,-1,1,product,S,63,6,9,3,0,1,0,0,6,1,7
7,charged_lepton_G4,,-1,1,27,9,3,1,1,7,-1,1,torsion,STAY,9,0,9,3,0,1,1,0,6,1,7
7,charged_lepton_G4,,-1,1,28,1,4,2,1,7,1,-1,sum,E,8,0,8,2,2,-1,0,0,6,1,8
7,charged_lepton_G4,,-1,1,29,2,4,2,1,8,1,-1,product,N,8,0,8,2,2,-1,0,0,6,9,8
7,charged_lepton_G4,,-1,1,30,3,4,2,9,8,1,-1,torsion,STAY,9,0,9,3,0,-1,0,0,6,9,8
7,charged_lepton_G4,,-1,1,31,4,4,2,9,8,1,-1,sum,E,17,1,8,2,2,-1,0,0,6,9,9
7,charged_lepton_G4,,-1,1,32,5,4,2,9,9,1,-1,product,N,81,8,9,3,0,-1,0,0,6,8,9
7,charged_lepton_G4,,-1,1,33,6,4,2,8,9,1,-1,torsion,STAY,9,0,9,3,0,-1,0,0,6,8,9
7,charged_lepton_G4,,-1,1,34,7,4,2,8,9,1,-1,sum,E,17,1,8,2,2,-1,0,0,6,8,1
7,charged_lepton_G4,,-1,1,35,8,4,2,8,1,1,-1,product,N,8,0,8,2,2,-1,0,0,6,7,1
7,charged_lepton_G4,,-1,1,36,9,4,2,7,1,1,-1,torsion,STAY,9,0,9,3,0,-1,0,0,6,7,1
7,charged_lepton_G4,,-1,1,37,1,5,2,7,1,1,-1,sum,E,8,0,8,2,2,-1,0,0,6,7,2
7,charged_lepton_G4,,-1,1,38,2,5,2,7,2,1,-1,product,N,14,1,5,1,2,-1,0,0,6,6,2
7,charged_lepton_G4,,-1,1,39,3,5,2,6,2,1,-1,torsion,STAY,9,0,9,3,0,-1,0,0,6,6,2
7,charged_lepton_G4,,-1,1,40,4,5,2,6,2,1,-1,sum,E,8,0,8,2,2,-1,0,0,6,6,3
7,charged_lepton_G4,,-1,1,41,5,5,2,6,3,1,-1,product,N,18,1,9,3,0,-1,0,0,6,5,3
7,charged_lepton_G4,,-1,1,42,6,5,2,5,3,1,-1,torsion,STAY,9,0,9,3,0,-1,0,0,6,5,3
7,charged_lepton_G4,,-1,1,43,7,5,2,5,3,1,-1,sum,E,8,0,8,2,2,-1,0,1,6,5,4
7,charged_lepton_G4,,-1,1,44,8,5,2,5,4,1,-1,product,N,20,2,2,0,2,-1,0,0,7,4,4
7,charged_lepton_G4,,-1,1,45,9,5,2,4,4,1,-1,torsion,STAY,9,0,9,3,0,-1,0,0,6,4,4
7,charged_lepton_G4,,-1,1,46,1,6,2,4,4,1,-1,sum,E,8,0,8,2,2,-1,0,0,6,4,5
7,charged_lepton_G4,,-1,1,47,2,6,2,4,5,1,-1,product,N,20,2,2,0,2,-1,0,0,6,3,5
7,charged_lepton_G4,,-1,1,48,3,6,2,3,5,1,-1,torsion,STAY,9,0,9,3,0,-1,0,0,6,3,5
7,charged_lepton_G4,,-1,1,49,4,6,2,3,5,1,-1,sum,E,8,0,8,2,2,-1,0,0,6,3,6
7,charged_lepton_G4,,-1,1,50,5,6,2,3,6,1,-1,product,N,18,1,9,3,0,-1,0,0,6,2,6
7,charged_lepton_G4,,-1,1,51,6,6,2,2,6,1,-1,torsion,STAY,9,0,9,3,0,-1,0,0,6,2,6
7,charged_lepton_G4,,-1,1,52,7,6,2,2,6,1,-1,sum,E,8,0,8,2,2,-1,0,0,6,2,7
7,charged_lepton_G4,,-1,1,53,8,6,2,2,7,1,-1,product,N,14,1,5,1,2,-1,0,0,6,1,7
7,charged_lepton_G4,,-1,1,54,9,6,2,1,7,1,-1,torsion,STAY,9,0,9,3,0,-1,1,0,6,1,7
7,charged_lepton_G4,,-1,1,55,1,7,3,1,7,-1,1,sum,W,8,0,8,2,2,1,0,0,6,1,6
7,charged_lepton_G4,,-1,1,56,2,7,3,1,6,-1,1,product,S,6,0,6,2,0,1,0,0,6,2,6
7,charged_lepton_G4,,-1,1,57,3,7,3,2,6,-1,1,torsion,STAY,9,0,9,3,0,1,0,0,6,2,6
7,charged_lepton_G4,,-1,1,58,4,7,3,2,6,-1,1,sum,W,8,0,8,2,2,1,0,0,6,2,5
7,charged_lepton_G4,,-1,1,59,5,7,3,2,5,-1,1,product,S,10,1,1,0,1,1,0,0,6,3,5
7,charged_lepton_G4,,-1,1,60,6,7,3,3,5,-1,1,torsion,STAY,9,0,9,3,0,1,0,0,6,3,5
7,charged_lepton_G4,,-1,1,61,7,7,3,3,5,-1,1,sum,W,8,0,8,2,2,1,0,0,6,3,4
7,charged_lepton_G4,,-1,1,62,8,7,3,3,4,-1,1,product,S,12,1,3,1,0,1,0,0,6,4,4
7,charged_lepton_G4,,-1,1,63,9,7,3,4,4,-1,1,torsion,STAY,9,0,9,3,0,1,0,0,6,4,4
7,charged_lepton_G4,,-1,1,64,1,8,3,4,4,-1,1,sum,W,8,0,8,2,2,1,0,0,6,4,3
7,charged_lepton_G4,,-1,1,65,2,8,3,4,3,-1,1,product,S,12,1,3,1,0,1,0,1,6,5,3
7,charged_lepton_G4,,-1,1,66,3,8,3,5,3,-1,1,torsion,STAY,9,0,9,3,0,1,0,0,7,5,3
7,charged_lepton_G4,,-1,1,67,4,8,3,5,3,-1,1,sum,W,8,0,8,2,2,1,0,0,6,5,2
7,charged_lepton_G4,,-1,1,68,5,8,3,5,2,-1,1,product,S,10,1,1,0,1,1,0,0,6,6,2
7,charged_lepton_G4,,-1,1,69,6,8,3,6,2,-1,1,torsion,STAY,9,0,9,3,0,1,0,0,6,6,2
7,charged_lepton_G4,,-1,1,70,7,8,3,6,2,-1,1,sum,W,8,0,8,2,2,1,0,0,6,6,1
7,charged_lepton_G4,,-1,1,71,8,8,3,6,1,-1,1,product,S,6,0,6,2,0,1,0,0,6,7,1
7,charged_lepton_G4,,-1,1,72,9,8,3,7,1,-1,1,torsion,STAY,9,0,9,3,0,1,0,0,6,7,1
7,charged_lepton_G4,,-1,1,73,1,9,3,7,1,-1,1,sum,W,8,0,8,2,2,1,0,0,6,7,9
7,charged_lepton_G4,,-1,1,74,2,9,3,7,9,-1,1,product,S,63,6,9,3,0,1,0,0,6,8,9
7,charged_lepton_G4,,-1,1,75,3,9,3,8,9,-1,1,torsion,STAY,9,0,9,3,0,1,0,0,6,8,9
7,charged_lepton_G4,,-1,1,76,4,9,3,8,9,-1,1,sum,W,17,1,8,2,2,1,0,0,6,8,8
7,charged_lepton_G4,,-1,1,77,5,9,3,8,8,-1,1,product,S,64,7,1,0,1,1,0,0,6,9,8
7,charged_lepton_G4,,-1,1,78,6,9,3,9,8,-1,1,torsion,STAY,9,0,9,3,0,1,0,0,6,9,8
7,charged_lepton_G4,,-1,1,79,7,9,3,9,8,-1,1,sum,W,17,1,8,2,2,1,0,0,6,9,7
7,charged_lepton_G4,,-1,1,80,8,9,3,9,7,-1,1,product,S,63,6,9,3,0,1,0,0,6,1,7
7,charged_lepton_G4,,-1,1,81,9,9,3,1,7,-1,1,torsion,STAY,9,0,9,3,0,1,1,0,6,1,7
7,charged_lepton_G4,,-1,1,82,1,10,4,1,7,1,-1,sum,E,8,0,8,2,2,-1,0,0,6,1,8
7,charged_lepton_G4,,-1,1,83,2,10,4,1,8,1,-1,product,N,8,0,8,2,2,-1,0,0,6,9,8
7,charged_lepton_G4,,-1,1,84,3,10,4,9,8,1,-1,torsion,STAY,9,0,9,3,0,-1,0,0,6,9,8
7,charged_lepton_G4,,-1,1,85,4,10,4,9,8,1,-1,sum,E,17,1,8,2,2,-1,0,0,6,9,9
7,charged_lepton_G4,,-1,1,86,5,10,4,9,9,1,-1,product,N,81,8,9,3,0,-1,0,0,6,8,9
7,charged_lepton_G4,,-1,1,87,6,10,4,8,9,1,-1,torsion,STAY,9,0,9,3,0,-1,0,1,6,8,9
7,charged_lepton_G4,,-1,1,88,7,10,4,8,9,1,-1,sum,E,17,1,8,2,2,-1,0,0,7,8,1
7,charged_lepton_G4,,-1,1,89,8,10,4,8,1,1,-1,product,N,8,0,8,2,2,-1,0,0,6,7,1
7,charged_lepton_G4,,-1,1,90,9,10,4,7,1,1,-1,torsion,STAY,9,0,9,3,0,-1,0,0,6,7,1
7,charged_lepton_G4,,-1,1,91,1,11,4,7,1,1,-1,sum,E,8,0,8,2,2,-1,0,0,6,7,2
7,charged_lepton_G4,,-1,1,92,2,11,4,7,2,1,-1,product,N,14,1,5,1,2,-1,0,0,6,6,2
7,charged_lepton_G4,,-1,1,93,3,11,4,6,2,1,-1,torsion,STAY,9,0,9,3,0,-1,0,0,6,6,2
7,charged_lepton_G4,,-1,1,94,4,11,4,6,2,1,-1,sum,E,8,0,8,2,2,-1,0,0,6,6,3
7,charged_lepton_G4,,-1,1,95,5,11,4,6,3,1,-1,product,N,18,1,9,3,0,-1,0,0,6,5,3
7,charged_lepton_G4,,-1,1,96,6,11,4,5,3,1,-1,torsion,STAY,9,0,9,3,0,-1,0,0,6,5,3
7,charged_lepton_G4,,-1,1,97,7,11,4,5,3,1,-1,sum,E,8,0,8,2,2,-1,0,0,6,5,4
7,charged_lepton_G4,,-1,1,98,8,11,4,5,4,1,-1,product,N,20,2,2,0,2,-1,0,0,6,4,4
7,charged_lepton_G4,,-1,1,99,9,11,4,4,4,1,-1,torsion,STAY,9,0,9,3,0,-1,0,0,6,4,4
7,charged_lepton_G4,,-1,1,100,1,12,4,4,4,1,-1,sum,E,8,0,8,2,2,-1,0,0,6,4,5
7,charged_lepton_G4,,-1,1,101,2,12,4,4,5,1,-1,product,N,20,2,2,0,2,-1,0,0,6,3,5
7,charged_lepton_G4,,-1,1,102,3,12,4,3,5,1,-1,torsion,STAY,9,0,9,3,0,-1,0,0,6,3,5
7,charged_lepton_G4,,-1,1,103,4,12,4,3,5,1,-1,sum,E,8,0,8,2,2,-1,0,0,6,3,6
7,charged_lepton_G4,,-1,1,104,5,12,4,3,6,1,-1,product,N,18,1,9,3,0,-1,0,0,6,2,6
7,charged_lepton_G4,,-1,1,105,6,12,4,2,6,1,-1,torsion,STAY,9,0,9,3,0,-1,0,0,6,2,6
7,charged_lepton_G4,,-1,1,106,7,12,4,2,6,1,-1,sum,E,8,0,8,2,2,-1,0,0,6,2,7
7,charged_lepton_G4,,-1,1,107,8,12,4,2,7,1,-1,product,N,14,1,5,1,2,-1,0,0,6,1,7
7,charged_lepton_G4,,-1,1,108,9,12,4,1,7,1,-1,torsion,STAY,9,0,9,3,0,-1,1,0,6,1,7
8,neutrino_G4,,1,-1,1,1,1,1,1,8,1,-1,sum,E,9,0,9,3,0,1,0,0,7,1,9
8,neutrino_G4,,1,-1,2,2,1,1,1,9,1,-1,product,N,9,0,9,3,0,1,0,0,6,9,9
8,neutrino_G4,,1,-1,3,3,1,1,9,9,1,-1,torsion,STAY,9,0,9,3,0,1,0,0,6,9,9
8,neutrino_G4,,1,-1,4,4,1,1,9,9,1,-1,sum,E,18,1,9,3,0,1,0,0,6,9,1
8,neutrino_G4,,1,-1,5,5,1,1,9,1,1,-1,product,N,9,0,9,3,0,1,0,0,6,8,1
8,neutrino_G4,,1,-1,6,6,1,1,8,1,1,-1,torsion,STAY,9,0,9,3,0,1,0,0,6,8,1
8,neutrino_G4,,1,-1,7,7,1,1,8,1,1,-1,sum,E,9,0,9,3,0,1,0,0,6,8,2
8,neutrino_G4,,1,-1,8,8,1,1,8,2,1,-1,product,N,16,1,7,2,1,1,0,0,6,7,2
8,neutrino_G4,,1,-1,9,9,1,1,7,2,1,-1,torsion,STAY,9,0,9,3,0,1,0,0,6,7,2
8,neutrino_G4,,1,-1,10,1,2,1,7,2,1,-1,sum,E,9,0,9,3,0,1,0,0,6,7,3
8,neutrino_G4,,1,-1,11,2,2,1,7,3,1,-1,product,N,21,2,3,1,0,1,0,0,6,6,3
8,neutrino_G4,,1,-1,12,3,2,1,6,3,1,-1,torsion,STAY,9,0,9,3,0,1,0,0,6,6,3
8,neutrino_G4,,1,-1,13,4,2,1,6,3,1,-1,sum,E,9,0,9,3,0,1,0,0,6,6,4
8,neutrino_G4,,1,-1,14,5,2,1,6,4,1,-1,product,N,24,2,6,2,0,1,0,0,6,5,4
8,neutrino_G4,,1,-1,15,6,2,1,5,4,1,-1,torsion,STAY,9,0,9,3,0,1,0,0,6,5,4
8,neutrino_G4,,1,-1,16,7,2,1,5,4,1,-1,sum,E,9,0,9,3,0,1,0,0,6,5,5
8,neutrino_G4,,1,-1,17,8,2,1,5,5,1,-1,product,N,25,2,7,2,1,1,0,0,6,4,5
8,neutrino_G4,,1,-1,18,9,2,1,4,5,1,-1,torsion,STAY,9,0,9,3,0,1,0,0,6,4,5
8,neutrino_G4,,1,-1,19,1,3,1,4,5,1,-1,sum,E,9,0,9,3,0,1,0,0,6,4,6
8,neutrino_G4,,1,-1,20,2,3,1,4,6,1,-1,product,N,24,2,6,2,0,1,0,0,6,3,6
8,neutrino_G4,,1,-1,21,3,3,1,3,6,1,-1,torsion,STAY,9,0,9,3,0,1,0,1,6,3,6
8,neutrino_G4,,1,-1,22,4,3,1,3,6,1,-1,sum,E,9,0,9,3,0,1,0,0,7,3,7
8,neutrino_G4,,1,-1,23,5,3,1,3,7,1,-1,product,N,21,2,3,1,0,1,0,0,6,2,7
8,neutrino_G4,,1,-1,24,6,3,1,2,7,1,-1,torsion,STAY,9,0,9,3,0,1,0,0,6,2,7
8,neutrino_G4,,1,-1,25,7,3,1,2,7,1,-1,sum,E,9,0,9,3,0,1,0,0,6,2,8
8,neutrino_G4,,1,-1,26,8,3,1,2,8,1,-1,product,N,16,1,7,2,1,1,0,0,6,1,8
8,neutrino_G4,,1,-1,27,9,3,1,1,8,1,-1,torsion,STAY,9,0,9,3,0,1,1,0,6,1,8
8,neutrino_G4,,1,-1,28,1,4,2,1,8,-1,1,sum,W,9,0,9,3,0,-1,0,0,6,1,7
8,neutrino_G4,,1,-1,29,2,4,2,1,7,-1,1,product,S,7,0,7,2,1,-1,0,0,6,2,7
8,neutrino_G4,,1,-1,30,3,4,2,2,7,-1,1,torsion,STAY,9,0,9,3,0,-1,0,0,6,2,7
8,neutrino_G4,,1,-1,31,4,4,2,2,7,-1,1,sum,W,9,0,9,3,0,-1,0,0,6,2,6
8,neutrino_G4,,1,-1,32,5,4,2,2,6,-1,1,product,S,12,1,3,1,0,-1,0,0,6,3,6
8,neutrino_G4,,1,-1,33,6,4,2,3,6,-1,1,torsion,STAY,9,0,9,3,0,-1,0,0,6,3,6
8,neutrino_G4,,1,-1,34,7,4,2,3,6,-1,1,sum,W,9,0,9,3,0,-1,0,0,6,3,5
8,neutrino_G4,,1,-1,35,8,4,2,3,5,-1,1,product,S,15,1,6,2,0,-1,0,0,6,4,5
8,neutrino_G4,,1,-1,36,9,4,2,4,5,-1,1,torsion,STAY,9,0,9,3,0,-1,0,0,6,4,5
8,neutrino_G4,,1,-1,37,1,5,2,4,5,-1,1,sum,W,9,0,9,3,0,-1,0,0,6,4,4
8,neutrino_G4,,1,-1,38,2,5,2,4,4,-1,1,product,S,16,1,7,2,1,-1,0,0,6,5,4
8,neutrino_G4,,1,-1,39,3,5,2,5,4,-1,1,torsion,STAY,9,0,9,3,0,-1,0,0,6,5,4
8,neutrino_G4,,1,-1,40,4,5,2,5,4,-1,1,sum,W,9,0,9,3,0,-1,0,0,6,5,3
8,neutrino_G4,,1,-1,41,5,5,2,5,3,-1,1,product,S,15,1,6,2,0,-1,0,0,6,6,3
8,neutrino_G4,,1,-1,42,6,5,2,6,3,-1,1,torsion,STAY,9,0,9,3,0,-1,0,0,6,6,3
8,neutrino_G4,,1,-1,43,7,5,2,6,3,-1,1,sum,W,9,0,9,3,0,-1,0,1,6,6,2
8,neutrino_G4,,1,-1,44,8,5,2,6,2,-1,1,product,S,12,1,3,1,0,-1,0,0,7,7,2
8,neutrino_G4,,1,-1,45,9,5,2,7,2,-1,1,torsion,STAY,9,0,9,3,0,-1,0,0,6,7,2
8,neutrino_G4,,1,-1,46,1,6,2,7,2,-1,1,sum,W,9,0,9,3,0,-1,0,0,6,7,1
8,neutrino_G4,,1,-1,47,2,6,2,7,1,-1,1,product,S,7,0,7,2,1,-1,0,0,6,8,1
8,neutrino_G4,,1,-1,48,3,6,2,8,1,-1,1,torsion,STAY,9,0,9,3,0,-1,0,0,6,8,1
8,neutrino_G4,,1,-1,49,4,6,2,8,1,-1,1,sum,W,9,0,9,3,0,-1,0,0,6,8,9
8,neutrino_G4,,1,-1,50,5,6,2,8,9,-1,1,product,S,72,7,9,3,0,-1,0,0,6,9,9
8,neutrino_G4,,1,-1,51,6,6,2,9,9,-1,1,torsion,STAY,9,0,9,3,0,-1,0,0,6,9,9
8,neutrino_G4,,1,-1,52,7,6,2,9,9,-1,1,sum,W,18,1,9,3,0,-1,0,0,6,9,8
8,neutrino_G4,,1,-1,53,8,6,2,9,8,-1,1,product,S,72,7,9,3,0,-1,0,0,6,1,8
8,neutrino_G4,,1,-1,54,9,6,2,1,8,-1,1,torsion,STAY,9,0,9,3,0,-1,1,0,6,1,8
8,neutrino_G4,,1,-1,55,1,7,3,1,8,1,-1,sum,E,9,0,9,3,0,1,0,0,6,1,9
8,neutrino_G4,,1,-1,56,2,7,3,1,9,1,-1,product,N,9,0,9,3,0,1,0,0,6,9,9
8,neutrino_G4,,1,-1,57,3,7,3,9,9,1,-1,torsion,STAY,9,0,9,3,0,1,0,0,6,9,9
8,neutrino_G4,,1,-1,58,4,7,3,9,9,1,-1,sum,E,18,1,9,3,0,1,0,0,6,9,1
8,neutrino_G4,,1,-1,59,5,7,3,9,1,1,-1,product,N,9,0,9,3,0,1,0,0,6,8,1
8,neutrino_G4,,1,-1,60,6,7,3,8,1,1,-1,torsion,STAY,9,0,9,3,0,1,0,0,6,8,1
8,neutrino_G4,,1,-1,61,7,7,3,8,1,1,-1,sum,E,9,0,9,3,0,1,0,0,6,8,2
8,neutrino_G4,,1,-1,62,8,7,3,8,2,1,-1,product,N,16,1,7,2,1,1,0,0,6,7,2
8,neutrino_G4,,1,-1,63,9,7,3,7,2,1,-1,torsion,STAY,9,0,9,3,0,1,0,0,6,7,2
8,neutrino_G4,,1,-1,64,1,8,3,7,2,1,-1,sum,E,9,0,9,3,0,1,0,0,6,7,3
8,neutrino_G4,,1,-1,65,2,8,3,7,3,1,-1,product,N,21,2,3,1,0,1,0,1,6,6,3
8,neutrino_G4,,1,-1,66,3,8,3,6,3,1,-1,torsion,STAY,9,0,9,3,0,1,0,0,7,6,3
8,neutrino_G4,,1,-1,67,4,8,3,6,3,1,-1,sum,E,9,0,9,3,0,1,0,0,6,6,4
8,neutrino_G4,,1,-1,68,5,8,3,6,4,1,-1,product,N,24,2,6,2,0,1,0,0,6,5,4
8,neutrino_G4,,1,-1,69,6,8,3,5,4,1,-1,torsion,STAY,9,0,9,3,0,1,0,0,6,5,4
8,neutrino_G4,,1,-1,70,7,8,3,5,4,1,-1,sum,E,9,0,9,3,0,1,0,0,6,5,5
8,neutrino_G4,,1,-1,71,8,8,3,5,5,1,-1,product,N,25,2,7,2,1,1,0,0,6,4,5
8,neutrino_G4,,1,-1,72,9,8,3,4,5,1,-1,torsion,STAY,9,0,9,3,0,1,0,0,6,4,5
8,neutrino_G4,,1,-1,73,1,9,3,4,5,1,-1,sum,E,9,0,9,3,0,1,0,0,6,4,6
8,neutrino_G4,,1,-1,74,2,9,3,4,6,1,-1,product,N,24,2,6,2,0,1,0,0,6,3,6
8,neutrino_G4,,1,-1,75,3,9,3,3,6,1,-1,torsion,STAY,9,0,9,3,0,1,0,0,6,3,6
8,neutrino_G4,,1,-1,76,4,9,3,3,6,1,-1,sum,E,9,0,9,3,0,1,0,0,6,3,7
8,neutrino_G4,,1,-1,77,5,9,3,3,7,1,-1,product,N,21,2,3,1,0,1,0,0,6,2,7
8,neutrino_G4,,1,-1,78,6,9,3,2,7,1,-1,torsion,STAY,9,0,9,3,0,1,0,0,6,2,7
8,neutrino_G4,,1,-1,79,7,9,3,2,7,1,-1,sum,E,9,0,9,3,0,1,0,0,6,2,8
8,neutrino_G4,,1,-1,80,8,9,3,2,8,1,-1,product,N,16,1,7,2,1,1,0,0,6,1,8
8,neutrino_G4,,1,-1,81,9,9,3,1,8,1,-1,torsion,STAY,9,0,9,3,0,1,1,0,6,1,8
8,neutrino_G4,,1,-1,82,1,10,4,1,8,-1,1,sum,W,9,0,9,3,0,-1,0,0,6,1,7
8,neutrino_G4,,1,-1,83,2,10,4,1,7,-1,1,product,S,7,0,7,2,1,-1,0,0,6,2,7
8,neutrino_G4,,1,-1,84,3,10,4,2,7,-1,1,torsion,STAY,9,0,9,3,0,-1,0,0,6,2,7
8,neutrino_G4,,1,-1,85,4,10,4,2,7,-1,1,sum,W,9,0,9,3,0,-1,0,0,6,2,6
8,neutrino_G4,,1,-1,86,5,10,4,2,6,-1,1,product,S,12,1,3,1,0,-1,0,0,6,3,6
8,neutrino_G4,,1,-1,87,6,10,4,3,6,-1,1,torsion,STAY,9,0,9,3,0,-1,0,1,6,3,6
8,neutrino_G4,,1,-1,88,7,10,4,3,6,-1,1,sum,W,9,0,9,3,0,-1,0,0,7,3,5
8,neutrino_G4,,1,-1,89,8,10,4,3,5,-1,1,product,S,15,1,6,2,0,-1,0,0,6,4,5
8,neutrino_G4,,1,-1,90,9,10,4,4,5,-1,1,torsion,STAY,9,0,9,3,0,-1,0,0,6,4,5
8,neutrino_G4,,1,-1,91,1,11,4,4,5,-1,1,sum,W,9,0,9,3,0,-1,0,0,6,4,4
8,neutrino_G4,,1,-1,92,2,11,4,4,4,-1,1,product,S,16,1,7,2,1,-1,0,0,6,5,4
8,neutrino_G4,,1,-1,93,3,11,4,5,4,-1,1,torsion,STAY,9,0,9,3,0,-1,0,0,6,5,4
8,neutrino_G4,,1,-1,94,4,11,4,5,4,-1,1,sum,W,9,0,9,3,0,-1,0,0,6,5,3
8,neutrino_G4,,1,-1,95,5,11,4,5,3,-1,1,product,S,15,1,6,2,0,-1,0,0,6,6,3
8,neutrino_G4,,1,-1,96,6,11,4,6,3,-1,1,torsion,STAY,9,0,9,3,0,-1,0,0,6,6,3
8,neutrino_G4,,1,-1,97,7,11,4,6,3,-1,1,sum,W,9,0,9,3,0,-1,0,0,6,6,2
8,neutrino_G4,,1,-1,98,8,11,4,6,2,-1,1,product,S,12,1,3,1,0,-1,0,0,6,7,2
8,neutrino_G4,,1,-1,99,9,11,4,7,2,-1,1,torsion,STAY,9,0,9,3,0,-1,0,0,6,7,2
8,neutrino_G4,,1,-1,100,1,12,4,7,2,-1,1,sum,W,9,0,9,3,0,-1,0,0,6,7,1
8,neutrino_G4,,1,-1,101,2,12,4,7,1,-1,1,product,S,7,0,7,2,1,-1,0,0,6,8,1
8,neutrino_G4,,1,-1,102,3,12,4,8,1,-1,1,torsion,STAY,9,0,9,3,0,-1,0,0,6,8,1
8,neutrino_G4,,1,-1,103,4,12,4,8,1,-1,1,sum,W,9,0,9,3,0,-1,0,0,6,8,9
8,neutrino_G4,,1,-1,104,5,12,4,8,9,-1,1,product,S,72,7,9,3,0,-1,0,0,6,9,9
8,neutrino_G4,,1,-1,105,6,12,4,9,9,-1,1,torsion,STAY,9,0,9,3,0,-1,0,0,6,9,9
8,neutrino_G4,,1,-1,106,7,12,4,9,9,-1,1,sum,W,18,1,9,3,0,-1,0,0,6,9,8
8,neutrino_G4,,1,-1,107,8,12,4,9,8,-1,1,product,S,72,7,9,3,0,-1,0,0,6,1,8
8,neutrino_G4,,1,-1,108,9,12,4,1,8,-1,1,torsion,STAY,9,0,9,3,0,-1,1,0,6,1,8
9,charged_lepton_G4,,1,1,1,1,1,1,1,9,1,1,sum,E,10,1,1,0,1,1,0,0,7,1,1
9,charged_lepton_G4,,1,1,2,2,1,1,1,1,1,1,product,S,1,0,1,0,1,1,0,0,6,2,1
9,charged_lepton_G4,,1,1,3,3,1,1,2,1,1,1,torsion,STAY,9,0,9,3,0,1,0,0,6,2,1
9,charged_lepton_G4,,1,1,4,4,1,1,2,1,1,1,sum,E,3,0,3,1,0,1,0,0,6,2,2
9,charged_lepton_G4,,1,1,5,5,1,1,2,2,1,1,product,S,4,0,4,1,1,1,0,0,6,3,2
9,charged_lepton_G4,,1,1,6,6,1,1,3,2,1,1,torsion,STAY,9,0,9,3,0,1,0,0,6,3,2
9,charged_lepton_G4,,1,1,7,7,1,1,3,2,1,1,sum,E,5,0,5,1,2,1,0,0,6,3,3
9,charged_lepton_G4,,1,1,8,8,1,1,3,3,1,1,product,S,9,0,9,3,0,1,0,0,6,4,3
9,charged_lepton_G4,,1,1,9,9,1,1,4,3,1,1,torsion,STAY,9,0,9,3,0,1,0,0,6,4,3
9,charged_lepton_G4,,1,1,10,1,2,1,4,3,1,1,sum,E,7,0,7,2,1,1,0,0,6,4,4
9,charged_lepton_G4,,1,1,11,2,2,1,4,4,1,1,product,S,16,1,7,2,1,1,0,0,6,5,4
9,charged_lepton_G4,,1,1,12,3,2,1,5,4,1,1,torsion,STAY,9,0,9,3,0,1,0,0,6,5,4
9,charged_lepton_G4,,1,1,13,4,2,1,5,4,1,1,sum,E,9,0,9,3,0,1,0,0,6,5,5
9,charged_lepton_G4,,1,1,14,5,2,1,5,5,1,1,product,S,25,2,7,2,1,1,0,0,6,6,5
9,charged_lepton_G4,,1,1,15,6,2,1,6,5,1,1,torsion,STAY,9,0,9,3,0,1,0,0,6,6,5
9,charged_lepton_G4,,1,1,16,7,2,1,6,5,1,1,sum,E,11,1,2,0,2,1,0,0,6,6,6
9,charged_lepton_G4,,1,1,17,8,2,1,6,6,1,1,product,S,36,3,9,3,0,1,0,0,6,7,6
9,charged_lepton_G4,,1,1,18,9,2,1,7,6,1,1,torsion,STAY,9,0,9,3,0,1,0,0,6,7,6
9,charged_lepton_G4,,1,1,19,1,3,1,7,6,1,1,sum,E,13,1,4,1,1,1,0,0,6,7,7
9,charged_lepton_G4,,1,1,20,2,3,1,7,7,1,1,product,S,49,5,4,1,1,1,0,0,6,8,7
9,charged_lepton_G4,,1,1,21,3,3,1,8,7,1,1,torsion,STAY,9,0,9,3,0,1,0,1,6,8,7
9,charged_lepton_G4,,1,1,22,4,3,1,8,7,1,1,sum,E,15,1,6,2,0,1,0,0,7,8,8
9,charged_lepton_G4,,1,1,23,5,3,1,8,8,1,1,product,S,64,7,1,0,1,1,0,0,6,9,8
9,charged_lepton_G4,,1,1,24,6,3,1,9,8,1,1,torsion,STAY,9,0,9,3,0,1,0,0,6,9,8
9,charged_lepton_G4,,1,1,25,7,3,1,9,8,1,1,sum,E,17,1,8,2,2,1,0,0,6,9,9
9,charged_lepton_G4,,1,1,26,8,3,1,9,9,1,1,product,S,81,8,9,3,0,1,0,0,6,1,9
9,charged_lepton_G4,,1,1,27,9,3,1,1,9,1,1,torsion,STAY,9,0,9,3,0,1,1,0,6,1,9
9,charged_lepton_G4,,1,1,28,1,4,2,1,9,-1,-1,sum,W,10,1,1,0,1,-1,0,0,6,1,8
9,charged_lepton_G4,,1,1,29,2,4,2,1,8,-1,-1,product,N,8,0,8,2,2,-1,0,0,6,9,8
9,charged_lepton_G4,,1,1,30,3,4,2,9,8,-1,-1,torsion,STAY,9,0,9,3,0,-1,0,0,6,9,8
9,charged_lepton_G4,,1,1,31,4,4,2,9,8,-1,-1,sum,W,17,1,8,2,2,-1,0,0,6,9,7
9,charged_lepton_G4,,1,1,32,5,4,2,9,7,-1,-1,product,N,63,6,9,3,0,-1,0,0,6,8,7
9,charged_lepton_G4,,1,1,33,6,4,2,8,7,-1,-1,torsion,STAY,9,0,9,3,0,-1,0,0,6,8,7
9,charged_lepton_G4,,1,1,34,7,4,2,8,7,-1,-1,sum,W,15,1,6,2,0,-1,0,0,6,8,6
9,charged_lepton_G4,,1,1,35,8,4,2,8,6,-1,-1,product,N,48,5,3,1,0,-1,0,0,6,7,6
9,charged_lepton_G4,,1,1,36,9,4,2,7,6,-1,-1,torsion,STAY,9,0,9,3,0,-1,0,0,6,7,6
9,charged_lepton_G4,,1,1,37,1,5,2,7,6,-1,-1,sum,W,13,1,4,1,1,-1,0,0,6,7,5
9,charged_lepton_G4,,1,1,38,2,5,2,7,5,-1,-1,product,N,35,3,8,2,2,-1,0,0,6,6,5
9,charged_lepton_G4,,1,1,39,3,5,2,6,5,-1,-1,torsion,STAY,9,0,9,3,0,-1,0,0,6,6,5
9,charged_lepton_G4,,1,1,40,4,5,2,6,5,-1,-1,sum,W,11,1,2,0,2,-1,0,0,6,6,4
9,charged_lepton_G4,,1,1,41,5,5,2,6,4,-1,-1,product,N,24,2,6,2,0,-1,0,0,6,5,4
9,charged_lepton_G4,,1,1,42,6,5,2,5,4,-1,-1,torsion,STAY,9,0,9,3,0,-1,0,0,6,5,4
9,charged_lepton_G4,,1,1,43,7,5,2,5,4,-1,-1,sum,W,9,0,9,3,0,-1,0,1,6,5,3
9,charged_lepton_G4,,1,1,44,8,5,2,5,3,-1,-1,product,N,15,1,6,2,0,-1,0,0,7,4,3
9,charged_lepton_G4,,1,1,45,9,5,2,4,3,-1,-1,torsion,STAY,9,0,9,3,0,-1,0,0,6,4,3
9,charged_lepton_G4,,1,1,46,1,6,2,4,3,-1,-1,sum,W,7,0,7,2,1,-1,0,0,6,4,2
9,charged_lepton_G4,,1,1,47,2,6,2,4,2,-1,-1,product,N,8,0,8,2,2,-1,0,0,6,3,2
9,charged_lepton_G4,,1,1,48,3,6,2,3,2,-1,-1,torsion,STAY,9,0,9,3,0,-1,0,0,6,3,2
9,charged_lepton_G4,,1,1,49,4,6,2,3,2,-1,-1,sum,W,5,0,5,1,2,-1,0,0,6,3,1
9,charged_lepton_G4,,1,1,50,5,6,2,3,1,-1,-1,product,N,3,0,3,1,0,-1,0,0,6,2,1
9,charged_lepton_G4,,1,1,51,6,6,2,2,1,-1,-1,torsion,STAY,9,0,9,3,0,-1,0,0,6,2,1
9,charged_lepton_G4,,1,1,52,7,6,2,2,1,-1,-1,sum,W,3,0,3,1,0,-1,0,0,6,2,9
9,charged_lepton_G4,,1,1,53,8,6,2,2,9,-1,-1,product,N,18,1,9,3,0,-1,0,0,6,1,9
9,charged_lepton_G4,,1,1,54,9,6,2,1,9,-1,-1,torsion,STAY,9,0,9,3,0,-1,1,0,6,1,9
9,charged_lepton_G4,,1,1,55,1,7,3,1,9,1,1,sum,E,10,1,1,0,1,1,0,0,6,1,1
9,charged_lepton_G4,,1,1,56,2,7,3,1,1,1,1,product,S,1,0,1,0,1,1,0,0,6,2,1
9,charged_lepton_G4,,1,1,57,3,7,3,2,1,1,1,torsion,STAY,9,0,9,3,0,1,0,0,6,2,1
9,charged_lepton_G4,,1,1,58,4,7,3,2,1,1,1,sum,E,3,0,3,1,0,1,0,0,6,2,2
9,charged_lepton_G4,,1,1,59,5,7,3,2,2,1,1,product,S,4,0,4,1,1,1,0,0,6,3,2
9,charged_lepton_G4,,1,1,60,6,7,3,3,2,1,1,torsion,STAY,9,0,9,3,0,1,0,0,6,3,2
9,charged_lepton_G4,,1,1,61,7,7,3,3,2,1,1,sum,E,5,0,5,1,2,1,0,0,6,3,3
9,charged_lepton_G4,,1,1,62,8,7,3,3,3,1,1,product,S,9,0,9,3,0,1,0,0,6,4,3
9,charged_lepton_G4,,1,1,63,9,7,3,4,3,1,1,torsion,STAY,9,0,9,3,0,1,0,0,6,4,3
9,charged_lepton_G4,,1,1,64,1,8,3,4,3,1,1,sum,E,7,0,7,2,1,1,0,0,6,4,4
9,charged_lepton_G4,,1,1,65,2,8,3,4,4,1,1,product,S,16,1,7,2,1,1,0,1,6,5,4
9,charged_lepton_G4,,1,1,66,3,8,3,5,4,1,1,torsion,STAY,9,0,9,3,0,1,0,0,7,5,4
9,charged_lepton_G4,,1,1,67,4,8,3,5,4,1,1,sum,E,9,0,9,3,0,1,0,0,6,5,5
9,charged_lepton_G4,,1,1,68,5,8,3,5,5,1,1,product,S,25,2,7,2,1,1,0,0,6,6,5
9,charged_lepton_G4,,1,1,69,6,8,3,6,5,1,1,torsion,STAY,9,0,9,3,0,1,0,0,6,6,5
9,charged_lepton_G4,,1,1,70,7,8,3,6,5,1,1,sum,E,11,1,2,0,2,1,0,0,6,6,6
9,charged_lepton_G4,,1,1,71,8,8,3,6,6,1,1,product,S,36,3,9,3,0,1,0,0,6,7,6
9,charged_lepton_G4,,1,1,72,9,8,3,7,6,1,1,torsion,STAY,9,0,9,3,0,1,0,0,6,7,6
9,charged_lepton_G4,,1,1,73,1,9,3,7,6,1,1,sum,E,13,1,4,1,1,1,0,0,6,7,7
9,charged_lepton_G4,,1,1,74,2,9,3,7,7,1,1,product,S,49,5,4,1,1,1,0,0,6,8,7
9,charged_lepton_G4,,1,1,75,3,9,3,8,7,1,1,torsion,STAY,9,0,9,3,0,1,0,0,6,8,7
9,charged_lepton_G4,,1,1,76,4,9,3,8,7,1,1,sum,E,15,1,6,2,0,1,0,0,6,8,8
9,charged_lepton_G4,,1,1,77,5,9,3,8,8,1,1,product,S,64,7,1,0,1,1,0,0,6,9,8
9,charged_lepton_G4,,1,1,78,6,9,3,9,8,1,1,torsion,STAY,9,0,9,3,0,1,0,0,6,9,8
9,charged_lepton_G4,,1,1,79,7,9,3,9,8,1,1,sum,E,17,1,8,2,2,1,0,0,6,9,9
9,charged_lepton_G4,,1,1,80,8,9,3,9,9,1,1,product,S,81,8,9,3,0,1,0,0,6,1,9
9,charged_lepton_G4,,1,1,81,9,9,3,1,9,1,1,torsion,STAY,9,0,9,3,0,1,1,0,6,1,9
9,charged_lepton_G4,,1,1,82,1,10,4,1,9,-1,-1,sum,W,10,1,1,0,1,-1,0,0,6,1,8
9,charged_lepton_G4,,1,1,83,2,10,4,1,8,-1,-1,product,N,8,0,8,2,2,-1,0,0,6,9,8
9,charged_lepton_G4,,1,1,84,3,10,4,9,8,-1,-1,torsion,STAY,9,0,9,3,0,-1,0,0,6,9,8
9,charged_lepton_G4,,1,1,85,4,10,4,9,8,-1,-1,sum,W,17,1,8,2,2,-1,0,0,6,9,7
9,charged_lepton_G4,,1,1,86,5,10,4,9,7,-1,-1,product,N,63,6,9,3,0,-1,0,0,6,8,7
9,charged_lepton_G4,,1,1,87,6,10,4,8,7,-1,-1,torsion,STAY,9,0,9,3,0,-1,0,1,6,8,7
9,charged_lepton_G4,,1,1,88,7,10,4,8,7,-1,-1,sum,W,15,1,6,2,0,-1,0,0,7,8,6
9,charged_lepton_G4,,1,1,89,8,10,4,8,6,-1,-1,product,N,48,5,3,1,0,-1,0,0,6,7,6
9,charged_lepton_G4,,1,1,90,9,10,4,7,6,-1,-1,torsion,STAY,9,0,9,3,0,-1,0,0,6,7,6
9,charged_lepton_G4,,1,1,91,1,11,4,7,6,-1,-1,sum,W,13,1,4,1,1,-1,0,0,6,7,5
9,charged_lepton_G4,,1,1,92,2,11,4,7,5,-1,-1,product,N,35,3,8,2,2,-1,0,0,6,6,5
9,charged_lepton_G4,,1,1,93,3,11,4,6,5,-1,-1,torsion,STAY,9,0,9,3,0,-1,0,0,6,6,5
9,charged_lepton_G4,,1,1,94,4,11,4,6,5,-1,-1,sum,W,11,1,2,0,2,-1,0,0,6,6,4
9,charged_lepton_G4,,1,1,95,5,11,4,6,4,-1,-1,product,N,24,2,6,2,0,-1,0,0,6,5,4
9,charged_lepton_G4,,1,1,96,6,11,4,5,4,-1,-1,torsion,STAY,9,0,9,3,0,-1,0,0,6,5,4
9,charged_lepton_G4,,1,1,97,7,11,4,5,4,-1,-1,sum,W,9,0,9,3,0,-1,0,0,6,5,3
9,charged_lepton_G4,,1,1,98,8,11,4,5,3,-1,-1,product,N,15,1,6,2,0,-1,0,0,6,4,3
9,charged_lepton_G4,,1,1,99,9,11,4,4,3,-1,-1,torsion,STAY,9,0,9,3,0,-1,0,0,6,4,3
9,charged_lepton_G4,,1,1,100,1,12,4,4,3,-1,-1,sum,W,7,0,7,2,1,-1,0,0,6,4,2
9,charged_lepton_G4,,1,1,101,2,12,4,4,2,-1,-1,product,N,8,0,8,2,2,-1,0,0,6,3,2
9,charged_lepton_G4,,1,1,102,3,12,4,3,2,-1,-1,torsion,STAY,9,0,9,3,0,-1,0,0,6,3,2
9,charged_lepton_G4,,1,1,103,4,12,4,3,2,-1,-1,sum,W,5,0,5,1,2,-1,0,0,6,3,1
9,charged_lepton_G4,,1,1,104,5,12,4,3,1,-1,-1,product,N,3,0,3,1,0,-1,0,0,6,2,1
9,charged_lepton_G4,,1,1,105,6,12,4,2,1,-1,-1,torsion,STAY,9,0,9,3,0,-1,0,0,6,2,1
9,charged_lepton_G4,,1,1,106,7,12,4,2,1,-1,-1,sum,W,3,0,3,1,0,-1,0,0,6,2,9
9,charged_lepton_G4,,1,1,107,8,12,4,2,9,-1,-1,product,N,18,1,9,3,0,-1,0,0,6,1,9
9,charged_lepton_G4,,1,1,108,9,12,4,1,9,-1,-1,torsion,STAY,9,0,9,3,0,-1,1,0,6,1,9
10,quark_down_G4,G,1,1,1,1,1,1,2,1,1,1,sum,E,3,0,3,1,0,1,0,0,7,2,2
10,quark_down_G4,G,1,1,2,2,1,1,2,2,1,1,product,S,4,0,4,1,1,1,0,0,6,3,2
10,quark_down_G4,G,1,1,3,3,1,1,3,2,1,1,torsion,STAY,9,0,9,3,0,1,0,0,6,3,2
10,quark_down_G4,G,1,1,4,4,1,1,3,2,1,1,sum,E,5,0,5,1,2,1,0,0,6,3,3
10,quark_down_G4,G,1,1,5,5,1,1,3,3,1,1,product,S,9,0,9,3,0,1,0,0,6,4,3
10,quark_down_G4,G,1,1,6,6,1,1,4,3,1,1,torsion,STAY,9,0,9,3,0,1,0,0,6,4,3
10,quark_down_G4,G,1,1,7,7,1,1,4,3,1,1,sum,E,7,0,7,2,1,1,0,0,6,4,4
10,quark_down_G4,G,1,1,8,8,1,1,4,4,1,1,product,S,16,1,7,2,1,1,0,0,6,5,4
10,quark_down_G4,G,1,1,9,9,1,1,5,4,1,1,torsion,STAY,9,0,9,3,0,1,0,0,6,5,4
10,quark_down_G4,G,1,1,10,1,2,1,5,4,1,1,sum,E,9,0,9,3,0,1,0,0,6,5,5
10,quark_down_G4,G,1,1,11,2,2,1,5,5,1,1,product,S,25,2,7,2,1,1,0,0,6,6,5
10,quark_down_G4,G,1,1,12,3,2,1,6,5,1,1,torsion,STAY,9,0,9,3,0,1,0,0,6,6,5
10,quark_down_G4,G,1,1,13,4,2,1,6,5,1,1,sum,E,11,1,2,0,2,1,0,0,6,6,6
10,quark_down_G4,G,1,1,14,5,2,1,6,6,1,1,product,S,36,3,9,3,0,1,0,0,6,7,6
10,quark_down_G4,G,1,1,15,6,2,1,7,6,1,1,torsion,STAY,9,0,9,3,0,1,0,0,6,7,6
10,quark_down_G4,G,1,1,16,7,2,1,7,6,1,1,sum,E,13,1,4,1,1,1,0,0,6,7,7
10,quark_down_G4,G,1,1,17,8,2,1,7,7,1,1,product,S,49,5,4,1,1,1,0,0,6,8,7
10,quark_down_G4,G,1,1,18,9,2,1,8,7,1,1,torsion,STAY,9,0,9,3,0,1,0,0,6,8,7
10,quark_down_G4,G,1,1,19,1,3,1,8,7,1,1,sum,E,15,1,6,2,0,1,0,0,6,8,8
10,quark_down_G4,G,1,1,20,2,3,1,8,8,1,1,product,S,64,7,1,0,1,1,0,0,6,9,8
10,quark_down_G4,G,1,1,21,3,3,1,9,8,1,1,torsion,STAY,9,0,9,3,0,1,0,1,6,9,8
10,quark_down_G4,G,1,1,22,4,3,1,9,8,1,1,sum,E,17,1,8,2,2,1,0,0,7,9,9
10,quark_down_G4,G,1,1,23,5,3,1,9,9,1,1,product,S,81,8,9,3,0,1,0,0,6,1,9
10,quark_down_G4,G,1,1,24,6,3,1,1,9,1,1,torsion,STAY,9,0,9,3,0,1,0,0,6,1,9
10,quark_down_G4,G,1,1,25,7,3,1,1,9,1,1,sum,E,10,1,1,0,1,1,0,0,6,1,1
10,quark_down_G4,G,1,1,26,8,3,1,1,1,1,1,product,S,1,0,1,0,1,1,0,0,6,2,1
10,quark_down_G4,G,1,1,27,9,3,1,2,1,1,1,torsion,STAY,9,0,9,3,0,1,1,0,6,2,1
10,quark_down_G4,G,1,1,28,1,4,2,2,1,-1,-1,sum,W,3,0,3,1,0,-1,0,0,6,2,9
10,quark_down_G4,G,1,1,29,2,4,2,2,9,-1,-1,product,N,18,1,9,3,0,-1,0,0,6,1,9
10,quark_down_G4,G,1,1,30,3,4,2,1,9,-1,-1,torsion,STAY,9,0,9,3,0,-1,0,0,6,1,9
10,quark_down_G4,G,1,1,31,4,4,2,1,9,-1,-1,sum,W,10,1,1,0,1,-1,0,0,6,1,8
10,quark_down_G4,G,1,1,32,5,4,2,1,8,-1,-1,product,N,8,0,8,2,2,-1,0,0,6,9,8
10,quark_down_G4,G,1,1,33,6,4,2,9,8,-1,-1,torsion,STAY,9,0,9,3,0,-1,0,0,6,9,8
10,quark_down_G4,G,1,1,34,7,4,2,9,8,-1,-1,sum,W,17,1,8,2,2,-1,0,0,6,9,7
10,quark_down_G4,G,1,1,35,8,4,2,9,7,-1,-1,product,N,63,6,9,3,0,-1,0,0,6,8,7
10,quark_down_G4,G,1,1,36,9,4,2,8,7,-1,-1,torsion,STAY,9,0,9,3,0,-1,0,0,6,8,7
10,quark_down_G4,G,1,1,37,1,5,2,8,7,-1,-1,sum,W,15,1,6,2,0,-1,0,0,6,8,6
10,quark_down_G4,G,1,1,38,2,5,2,8,6,-1,-1,product,N,48,5,3,1,0,-1,0,0,6,7,6
10,quark_down_G4,G,1,1,39,3,5,2,7,6,-1,-1,torsion,STAY,9,0,9,3,0,-1,0,0,6,7,6
10,quark_down_G4,G,1,1,40,4,5,2,7,6,-1,-1,sum,W,13,1,4,1,1,-1,0,0,6,7,5
10,quark_down_G4,G,1,1,41,5,5,2,7,5,-1,-1,product,N,35,3,8,2,2,-1,0,0,6,6,5
10,quark_down_G4,G,1,1,42,6,5,2,6,5,-1,-1,torsion,STAY,9,0,9,3,0,-1,0,0,6,6,5
10,quark_down_G4,G,1,1,43,7,5,2,6,5,-1,-1,sum,W,11,1,2,0,2,-1,0,1,6,6,4
10,quark_down_G4,G,1,1,44,8,5,2,6,4,-1,-1,product,N,24,2,6,2,0,-1,0,0,7,5,4
10,quark_down_G4,G,1,1,45,9,5,2,5,4,-1,-1,torsion,STAY,9,0,9,3,0,-1,0,0,6,5,4
10,quark_down_G4,G,1,1,46,1,6,2,5,4,-1,-1,sum,W,9,0,9,3,0,-1,0,0,6,5,3
10,quark_down_G4,G,1,1,47,2,6,2,5,3,-1,-1,product,N,15,1,6,2,0,-1,0,0,6,4,3
10,quark_down_G4,G,1,1,48,3,6,2,4,3,-1,-1,torsion,STAY,9,0,9,3,0,-1,0,0,6,4,3
10,quark_down_G4,G,1,1,49,4,6,2,4,3,-1,-1,sum,W,7,0,7,2,1,-1,0,0,6,4,2
10,quark_down_G4,G,1,1,50,5,6,2,4,2,-1,-1,product,N,8,0,8,2,2,-1,0,0,6,3,2
10,quark_down_G4,G,1,1,51,6,6,2,3,2,-1,-1,torsion,STAY,9,0,9,3,0,-1,0,0,6,3,2
10,quark_down_G4,G,1,1,52,7,6,2,3,2,-1,-1,sum,W,5,0,5,1,2,-1,0,0,6,3,1
10,quark_down_G4,G,1,1,53,8,6,2,3,1,-1,-1,product,N,3,0,3,1,0,-1,0,0,6,2,1
10,quark_down_G4,G,1,1,54,9,6,2,2,1,-1,-1,torsion,STAY,9,0,9,3,0,-1,1,0,6,2,1
10,quark_down_G4,G,1,1,55,1,7,3,2,1,1,1,sum,E,3,0,3,1,0,1,0,0,6,2,2
10,quark_down_G4,G,1,1,56,2,7,3,2,2,1,1,product,S,4,0,4,1,1,1,0,0,6,3,2
10,quark_down_G4,G,1,1,57,3,7,3,3,2,1,1,torsion,STAY,9,0,9,3,0,1,0,0,6,3,2
10,quark_down_G4,G,1,1,58,4,7,3,3,2,1,1,sum,E,5,0,5,1,2,1,0,0,6,3,3
10,quark_down_G4,G,1,1,59,5,7,3,3,3,1,1,product,S,9,0,9,3,0,1,0,0,6,4,3
10,quark_down_G4,G,1,1,60,6,7,3,4,3,1,1,torsion,STAY,9,0,9,3,0,1,0,0,6,4,3
10,quark_down_G4,G,1,1,61,7,7,3,4,3,1,1,sum,E,7,0,7,2,1,1,0,0,6,4,4
10,quark_down_G4,G,1,1,62,8,7,3,4,4,1,1,product,S,16,1,7,2,1,1,0,0,6,5,4
10,quark_down_G4,G,1,1,63,9,7,3,5,4,1,1,torsion,STAY,9,0,9,3,0,1,0,0,6,5,4
10,quark_down_G4,G,1,1,64,1,8,3,5,4,1,1,sum,E,9,0,9,3,0,1,0,0,6,5,5
10,quark_down_G4,G,1,1,65,2,8,3,5,5,1,1,product,S,25,2,7,2,1,1,0,1,6,6,5
10,quark_down_G4,G,1,1,66,3,8,3,6,5,1,1,torsion,STAY,9,0,9,3,0,1,0,0,7,6,5
10,quark_down_G4,G,1,1,67,4,8,3,6,5,1,1,sum,E,11,1,2,0,2,1,0,0,6,6,6
10,quark_down_G4,G,1,1,68,5,8,3,6,6,1,1,product,S,36,3,9,3,0,1,0,0,6,7,6
10,quark_down_G4,G,1,1,69,6,8,3,7,6,1,1,torsion,STAY,9,0,9,3,0,1,0,0,6,7,6
10,quark_down_G4,G,1,1,70,7,8,3,7,6,1,1,sum,E,13,1,4,1,1,1,0,0,6,7,7
10,quark_down_G4,G,1,1,71,8,8,3,7,7,1,1,product,S,49,5,4,1,1,1,0,0,6,8,7
10,quark_down_G4,G,1,1,72,9,8,3,8,7,1,1,torsion,STAY,9,0,9,3,0,1,0,0,6,8,7
10,quark_down_G4,G,1,1,73,1,9,3,8,7,1,1,sum,E,15,1,6,2,0,1,0,0,6,8,8
10,quark_down_G4,G,1,1,74,2,9,3,8,8,1,1,product,S,64,7,1,0,1,1,0,0,6,9,8
10,quark_down_G4,G,1,1,75,3,9,3,9,8,1,1,torsion,STAY,9,0,9,3,0,1,0,0,6,9,8
10,quark_down_G4,G,1,1,76,4,9,3,9,8,1,1,sum,E,17,1,8,2,2,1,0,0,6,9,9
10,quark_down_G4,G,1,1,77,5,9,3,9,9,1,1,product,S,81,8,9,3,0,1,0,0,6,1,9
10,quark_down_G4,G,1,1,78,6,9,3,1,9,1,1,torsion,STAY,9,0,9,3,0,1,0,0,6,1,9
10,quark_down_G4,G,1,1,79,7,9,3,1,9,1,1,sum,E,10,1,1,0,1,1,0,0,6,1,1
10,quark_down_G4,G,1,1,80,8,9,3,1,1,1,1,product,S,1,0,1,0,1,1,0,0,6,2,1
10,quark_down_G4,G,1,1,81,9,9,3,2,1,1,1,torsion,STAY,9,0,9,3,0,1,1,0,6,2,1
10,quark_down_G4,G,1,1,82,1,10,4,2,1,-1,-1,sum,W,3,0,3,1,0,-1,0,0,6,2,9
10,quark_down_G4,G,1,1,83,2,10,4,2,9,-1,-1,product,N,18,1,9,3,0,-1,0,0,6,1,9
10,quark_down_G4,G,1,1,84,3,10,4,1,9,-1,-1,torsion,STAY,9,0,9,3,0,-1,0,0,6,1,9
10,quark_down_G4,G,1,1,85,4,10,4,1,9,-1,-1,sum,W,10,1,1,0,1,-1,0,0,6,1,8
10,quark_down_G4,G,1,1,86,5,10,4,1,8,-1,-1,product,N,8,0,8,2,2,-1,0,0,6,9,8
10,quark_down_G4,G,1,1,87,6,10,4,9,8,-1,-1,torsion,STAY,9,0,9,3,0,-1,0,1,6,9,8
10,quark_down_G4,G,1,1,88,7,10,4,9,8,-1,-1,sum,W,17,1,8,2,2,-1,0,0,7,9,7
10,quark_down_G4,G,1,1,89,8,10,4,9,7,-1,-1,product,N,63,6,9,3,0,-1,0,0,6,8,7
10,quark_down_G4,G,1,1,90,9,10,4,8,7,-1,-1,torsion,STAY,9,0,9,3,0,-1,0,0,6,8,7
10,quark_down_G4,G,1,1,91,1,11,4,8,7,-1,-1,sum,W,15,1,6,2,0,-1,0,0,6,8,6
10,quark_down_G4,G,1,1,92,2,11,4,8,6,-1,-1,product,N,48,5,3,1,0,-1,0,0,6,7,6
10,quark_down_G4,G,1,1,93,3,11,4,7,6,-1,-1,torsion,STAY,9,0,9,3,0,-1,0,0,6,7,6
10,quark_down_G4,G,1,1,94,4,11,4,7,6,-1,-1,sum,W,13,1,4,1,1,-1,0,0,6,7,5
10,quark_down_G4,G,1,1,95,5,11,4,7,5,-1,-1,product,N,35,3,8,2,2,-1,0,0,6,6,5
10,quark_down_G4,G,1,1,96,6,11,4,6,5,-1,-1,torsion,STAY,9,0,9,3,0,-1,0,0,6,6,5
10,quark_down_G4,G,1,1,97,7,11,4,6,5,-1,-1,sum,W,11,1,2,0,2,-1,0,0,6,6,4
10,quark_down_G4,G,1,1,98,8,11,4,6,4,-1,-1,product,N,24,2,6,2,0,-1,0,0,6,5,4
10,quark_down_G4,G,1,1,99,9,11,4,5,4,-1,-1,torsion,STAY,9,0,9,3,0,-1,0,0,6,5,4
10,quark_down_G4,G,1,1,100,1,12,4,5,4,-1,-1,sum,W,9,0,9,3,0,-1,0,0,6,5,3
10,quark_down_G4,G,1,1,101,2,12,4,5,3,-1,-1,product,N,15,1,6,2,0,-1,0,0,6,4,3
10,quark_down_G4,G,1,1,102,3,12,4,4,3,-1,-1,torsion,STAY,9,0,9,3,0,-1,0,0,6,4,3
10,quark_down_G4,G,1,1,103,4,12,4,4,3,-1,-1,sum,W,7,0,7,2,1,-1,0,0,6,4,2
10,quark_down_G4,G,1,1,104,5,12,4,4,2,-1,-1,product,N,8,0,8,2,2,-1,0,0,6,3,2
10,quark_down_G4,G,1,1,105,6,12,4,3,2,-1,-1,torsion,STAY,9,0,9,3,0,-1,0,0,6,3,2
10,quark_down_G4,G,1,1,106,7,12,4,3,2,-1,-1,sum,W,5,0,5,1,2,-1,0,0,6,3,1
10,quark_down_G4,G,1,1,107,8,12,4,3,1,-1,-1,product,N,3,0,3,1,0,-1,0,0,6,2,1
10,quark_down_G4,G,1,1,108,9,12,4,2,1,-1,-1,torsion,STAY,9,0,9,3,0,-1,1,0,6,2,1
11,quark_up_G3,R,-1,1,1,1,1,1,2,2,-1,1,sum,W,4,0,4,1,1,1,0,0,7,2,1
11,quark_up_G3,R,-1,1,2,2,1,1,2,1,-1,1,product,S,2,0,2,0,2,1,0,0,6,3,1
11,quark_up_G3,R,-1,1,3,3,1,1,3,1,-1,1,torsion,STAY,9,0,9,3,0,1,0,0,6,3,1
11,quark_up_G3,R,-1,1,4,4,1,1,3,1,-1,1,sum,W,4,0,4,1,1,1,0,0,6,3,9
11,quark_up_G3,R,-1,1,5,5,1,1,3,9,-1,1,product,S,27,2,9,3,0,1,0,0,6,4,9
11,quark_up_G3,R,-1,1,6,6,1,1,4,9,-1,1,torsion,STAY,9,0,9,3,0,1,0,0,6,4,9
11,quark_up_G3,R,-1,1,7,7,1,1,4,9,-1,1,sum,W,13,1,4,1,1,1,0,0,6,4,8
11,quark_up_G3,R,-1,1,8,8,1,1,4,8,-1,1,product,S,32,3,5,1,2,1,0,0,6,5,8
11,quark_up_G3,R,-1,1,9,9,1,1,5,8,-1,1,torsion,STAY,9,0,9,3,0,1,0,0,6,5,8
11,quark_up_G3,R,-1,1,10,1,2,1,5,8,-1,1,sum,W,13,1,4,1,1,1,0,0,6,5,7
11,quark_up_G3,R,-1,1,11,2,2,1,5,7,-1,1,product,S,35,3,8,2,2,1,0,0,6,6,7
11,quark_up_G3,R,-1,1,12,3,2,1,6,7,-1,1,torsion,STAY,9,0,9,3,0,1,0,0,6,6,7
11,quark_up_G3,R,-1,1,13,4,2,1,6,7,-1,1,sum,W,13,1,4,1,1,1,0,0,6,6,6
11,quark_up_G3,R,-1,1,14,5,2,1,6,6,-1,1,product,S,36,3,9,3,0,1,0,0,6,7,6
11,quark_up_G3,R,-1,1,15,6,2,1,7,6,-1,1,torsion,STAY,9,0,9,3,0,1,0,0,6,7,6
11,quark_up_G3,R,-1,1,16,7,2,1,7,6,-1,1,sum,W,13,1,4,1,1,1,0,0,6,7,5
11,quark_up_G3,R,-1,1,17,8,2,1,7,5,-1,1,product,S,35,3,8,2,2,1,0,0,6,8,5
11,quark_up_G3,R,-1,1,18,9,2,1,8,5,-1,1,torsion,STAY,9,0,9,3,0,1,0,0,6,8,5
11,quark_up_G3,R,-1,1,19,1,3,1,8,5,-1,1,sum,W,13,1,4,1,1,1,0,0,6,8,4
11,quark_up_G3,R,-1,1,20,2,3,1,8,4,-1,1,product,S,32,3,5,1,2,1,0,0,6,9,4
11,quark_up_G3,R,-1,1,21,3,3,1,9,4,-1,1,torsion,STAY,9,0,9,3,0,1,0,1,6,9,4
11,quark_up_G3,R,-1,1,22,4,3,1,9,4,-1,1,sum,W,13,1,4,1,1,1,0,0,7,9,3
11,quark_up_G3,R,-1,1,23,5,3,1,9,3,-1,1,product,S,27,2,9,3,0,1,0,0,6,1,3
11,quark_up_G3,R,-1,1,24,6,3,1,1,3,-1,1,torsion,STAY,9,0,9,3,0,1,0,0,6,1,3
11,quark_up_G3,R,-1,1,25,7,3,1,1,3,-1,1,sum,W,4,0,4,1,1,1,0,0,6,1,2
11,quark_up_G3,R,-1,1,26,8,3,1,1,2,-1,1,product,S,2,0,2,0,2,1,0,0,6,2,2
11,quark_up_G3,R,-1,1,27,9,3,1,2,2,-1,1,torsion,STAY,9,0,9,3,0,1,1,0,6,2,2
11,quark_up_G3,R,-1,1,28,1,4,2,2,2,1,-1,sum,E,4,0,4,1,1,-1,0,0,6,2,3
11,quark_up_G3,R,-1,1,29,2,4,2,2,3,1,-1,product,N,6,0,6,2,0,-1,0,0,6,1,3
11,quark_up_G3,R,-1,1,30,3,4,2,1,3,1,-1,torsion,STAY,9,0,9,3,0,-1,0,0,6,1,3
11,quark_up_G3,R,-1,1,31,4,4,2,1,3,1,-1,sum,E,4,0,4,1,1,-1,0,0,6,1,4
11,quark_up_G3,R,-1,1,32,5,4,2,1,4,1,-1,product,N,4,0,4,1,1,-1,0,0,6,9,4
11,quark_up_G3,R,-1,1,33,6,4,2,9,4,1,-1,torsion,STAY,9,0,9,3,0,-1,0,0,6,9,4
11,quark_up_G3,R,-1,1,34,7,4,2,9,4,1,-1,sum,E,13,1,4,1,1,-1,0,0,6,9,5
11,quark_up_G3,R,-1,1,35,8,4,2,9,5,1,-1,product,N,45,4,9,3,0,-1,0,0,6,8,5
11,quark_up_G3,R,-1,1,36,9,4,2,8,5,1,-1,torsion,STAY,9,0,9,3,0,-1,0,0,6,8,5
11,quark_up_G3,R,-1,1,37,1,5,2,8,5,1,-1,sum,E,13,1,4,1,1,-1,0,0,6,8,6
11,quark_up_G3,R,-1,1,38,2,5,2,8,6,1,-1,product,N,48,5,3,1,0,-1,0,0,6,7,6
11,quark_up_G3,R,-1,1,39,3,5,2,7,6,1,-1,torsion,STAY,9,0,9,3,0,-1,0,0,6,7,6
11,quark_up_G3,R,-1,1,40,4,5,2,7,6,1,-1,sum,E,13,1,4,1,1,-1,0,0,6,7,7
11,quark_up_G3,R,-1,1,41,5,5,2,7,7,1,-1,product,N,49,5,4,1,1,-1,0,0,6,6,7
11,quark_up_G3,R,-1,1,42,6,5,2,6,7,1,-1,torsion,STAY,9,0,9,3,0,-1,0,0,6,6,7
11,quark_up_G3,R,-1,1,43,7,5,2,6,7,1,-1,sum,E,13,1,4,1,1,-1,0,1,6,6,8
11,quark_up_G3,R,-1,1,44,8,5,2,6,8,1,-1,product,N,48,5,3,1,0,-1,0,0,7,5,8
11,quark_up_G3,R,-1,1,45,9,5,2,5,8,1,-1,torsion,STAY,9,0,9,3,0,-1,0,0,6,5,8
11,quark_up_G3,R,-1,1,46,1,6,2,5,8,1,-1,sum,E,13,1,4,1,1,-1,0,0,6,5,9
11,quark_up_G3,R,-1,1,47,2,6,2,5,9,1,-1,product,N,45,4,9,3,0,-1,0,0,6,4,9
11,quark_up_G3,R,-1,1,48,3,6,2,4,9,1,-1,torsion,STAY,9,0,9,3,0,-1,0,0,6,4,9
11,quark_up_G3,R,-1,1,49,4,6,2,4,9,1,-1,sum,E,13,1,4,1,1,-1,0,0,6,4,1
11,quark_up_G3,R,-1,1,50,5,6,2,4,1,1,-1,product,N,4,0,4,1,1,-1,0,0,6,3,1
11,quark_up_G3,R,-1,1,51,6,6,2,3,1,1,-1,torsion,STAY,9,0,9,3,0,-1,0,0,6,3,1
11,quark_up_G3,R,-1,1,52,7,6,2,3,1,1,-1,sum,E,4,0,4,1,1,-1,0,0,6,3,2
11,quark_up_G3,R,-1,1,53,8,6,2,3,2,1,-1,product,N,6,0,6,2,0,-1,0,0,6,2,2
11,quark_up_G3,R,-1,1,54,9,6,2,2,2,1,-1,torsion,STAY,9,0,9,3,0,-1,1,0,6,2,2
11,quark_up_G3,R,-1,1,55,1,7,3,2,2,-1,1,sum,W,4,0,4,1,1,1,0,0,6,2,1
11,quark_up_G3,R,-1,1,56,2,7,3,2,1,-1,1,product,S,2,0,2,0,2,1,0,0,6,3,1
11,quark_up_G3,R,-1,1,57,3,7,3,3,1,-1,1,torsion,STAY,9,0,9,3,0,1,0,0,6,3,1
11,quark_up_G3,R,-1,1,58,4,7,3,3,1,-1,1,sum,W,4,0,4,1,1,1,0,0,6,3,9
11,quark_up_G3,R,-1,1,59,5,7,3,3,9,-1,1,product,S,27,2,9,3,0,1,0,0,6,4,9
11,quark_up_G3,R,-1,1,60,6,7,3,4,9,-1,1,torsion,STAY,9,0,9,3,0,1,0,0,6,4,9
11,quark_up_G3,R,-1,1,61,7,7,3,4,9,-1,1,sum,W,13,1,4,1,1,1,0,0,6,4,8
11,quark_up_G3,R,-1,1,62,8,7,3,4,8,-1,1,product,S,32,3,5,1,2,1,0,0,6,5,8
11,quark_up_G3,R,-1,1,63,9,7,3,5,8,-1,1,torsion,STAY,9,0,9,3,0,1,0,0,6,5,8
11,quark_up_G3,R,-1,1,64,1,8,3,5,8,-1,1,sum,W,13,1,4,1,1,1,0,0,6,5,7
11,quark_up_G3,R,-1,1,65,2,8,3,5,7,-1,1,product,S,35,3,8,2,2,1,0,1,6,6,7
11,quark_up_G3,R,-1,1,66,3,8,3,6,7,-1,1,torsion,STAY,9,0,9,3,0,1,0,0,7,6,7
11,quark_up_G3,R,-1,1,67,4,8,3,6,7,-1,1,sum,W,13,1,4,1,1,1,0,0,6,6,6
11,quark_up_G3,R,-1,1,68,5,8,3,6,6,-1,1,product,S,36,3,9,3,0,1,0,0,6,7,6
11,quark_up_G3,R,-1,1,69,6,8,3,7,6,-1,1,torsion,STAY,9,0,9,3,0,1,0,0,6,7,6
11,quark_up_G3,R,-1,1,70,7,8,3,7,6,-1,1,sum,W,13,1,4,1,1,1,0,0,6,7,5
11,quark_up_G3,R,-1,1,71,8,8,3,7,5,-1,1,product,S,35,3,8,2,2,1,0,0,6,8,5
11,quark_up_G3,R,-1,1,72,9,8,3,8,5,-1,1,torsion,STAY,9,0,9,3,0,1,0,0,6,8,5
11,quark_up_G3,R,-1,1,73,1,9,3,8,5,-1,1,sum,W,13,1,4,1,1,1,0,0,6,8,4
11,quark_up_G3,R,-1,1,74,2,9,3,8,4,-1,1,product,S,32,3,5,1,2,1,0,0,6,9,4
11,quark_up_G3,R,-1,1,75,3,9,3,9,4,-1,1,torsion,STAY,9,0,9,3,0,1,0,0,6,9,4
11,quark_up_G3,R,-1,1,76,4,9,3,9,4,-1,1,sum,W,13,1,4,1,1,1,0,0,6,9,3
11,quark_up_G3,R,-1,1,77,5,9,3,9,3,-1,1,product,S,27,2,9,3,0,1,0,0,6,1,3
11,quark_up_G3,R,-1,1,78,6,9,3,1,3,-1,1,torsion,STAY,9,0,9,3,0,1,0,0,6,1,3
11,quark_up_G3,R,-1,1,79,7,9,3,1,3,-1,1,sum,W,4,0,4,1,1,1,0,0,6,1,2
11,quark_up_G3,R,-1,1,80,8,9,3,1,2,-1,1,product,S,2,0,2,0,2,1,0,0,6,2,2
11,quark_up_G3,R,-1,1,81,9,9,3,2,2,-1,1,torsion,STAY,9,0,9,3,0,1,1,0,6,2,2
11,quark_up_G3,R,-1,1,82,1,10,4,2,2,1,-1,sum,E,4,0,4,1,1,-1,0,0,6,2,3
11,quark_up_G3,R,-1,1,83,2,10,4,2,3,1,-1,product,N,6,0,6,2,0,-1,0,0,6,1,3
11,quark_up_G3,R,-1,1,84,3,10,4,1,3,1,-1,torsion,STAY,9,0,9,3,0,-1,0,0,6,1,3
11,quark_up_G3,R,-1,1,85,4,10,4,1,3,1,-1,sum,E,4,0,4,1,1,-1,0,0,6,1,4
11,quark_up_G3,R,-1,1,86,5,10,4,1,4,1,-1,product,N,4,0,4,1,1,-1,0,0,6,9,4
11,quark_up_G3,R,-1,1,87,6,10,4,9,4,1,-1,torsion,STAY,9,0,9,3,0,-1,0,1,6,9,4
11,quark_up_G3,R,-1,1,88,7,10,4,9,4,1,-1,sum,E,13,1,4,1,1,-1,0,0,7,9,5
11,quark_up_G3,R,-1,1,89,8,10,4,9,5,1,-1,product,N,45,4,9,3,0,-1,0,0,6,8,5
11,quark_up_G3,R,-1,1,90,9,10,4,8,5,1,-1,torsion,STAY,9,0,9,3,0,-1,0,0,6,8,5
11,quark_up_G3,R,-1,1,91,1,11,4,8,5,1,-1,sum,E,13,1,4,1,1,-1,0,0,6,8,6
11,quark_up_G3,R,-1,1,92,2,11,4,8,6,1,-1,product,N,48,5,3,1,0,-1,0,0,6,7,6
11,quark_up_G3,R,-1,1,93,3,11,4,7,6,1,-1,torsion,STAY,9,0,9,3,0,-1,0,0,6,7,6
11,quark_up_G3,R,-1,1,94,4,11,4,7,6,1,-1,sum,E,13,1,4,1,1,-1,0,0,6,7,7
11,quark_up_G3,R,-1,1,95,5,11,4,7,7,1,-1,product,N,49,5,4,1,1,-1,0,0,6,6,7
11,quark_up_G3,R,-1,1,96,6,11,4,6,7,1,-1,torsion,STAY,9,0,9,3,0,-1,0,0,6,6,7
11,quark_up_G3,R,-1,1,97,7,11,4,6,7,1,-1,sum,E,13,1,4,1,1,-1,0,0,6,6,8
11,quark_up_G3,R,-1,1,98,8,11,4,6,8,1,-1,product,N,48,5,3,1,0,-1,0,0,6,5,8
11,quark_up_G3,R,-1,1,99,9,11,4,5,8,1,-1,torsion,STAY,9,0,9,3,0,-1,0,0,6,5,8
11,quark_up_G3,R,-1,1,100,1,12,4,5,8,1,-1,sum,E,13,1,4,1,1,-1,0,0,6,5,9
11,quark_up_G3,R,-1,1,101,2,12,4,5,9,1,-1,product,N,45,4,9,3,0,-1,0,0,6,4,9
11,quark_up_G3,R,-1,1,102,3,12,4,4,9,1,-1,torsion,STAY,9,0,9,3,0,-1,0,0,6,4,9
11,quark_up_G3,R,-1,1,103,4,12,4,4,9,1,-1,sum,E,13,1,4,1,1,-1,0,0,6,4,1
11,quark_up_G3,R,-1,1,104,5,12,4,4,1,1,-1,product,N,4,0,4,1,1,-1,0,0,6,3,1
11,quark_up_G3,R,-1,1,105,6,12,4,3,1,1,-1,torsion,STAY,9,0,9,3,0,-1,0,0,6,3,1
11,quark_up_G3,R,-1,1,106,7,12,4,3,1,1,-1,sum,E,4,0,4,1,1,-1,0,0,6,3,2
11,quark_up_G3,R,-1,1,107,8,12,4,3,2,1,-1,product,N,6,0,6,2,0,-1,0,0,6,2,2
11,quark_up_G3,R,-1,1,108,9,12,4,2,2,1,-1,torsion,STAY,9,0,9,3,0,-1,1,0,6,2,2
12,quark_down_G3,B,-1,-1,1,1,1,1,2,3,-1,-1,sum,W,5,0,5,1,2,1,0,0,7,2,2
12,quark_down_G3,B,-1,-1,2,2,1,1,2,2,-1,-1,product,N,4,0,4,1,1,1,0,0,6,1,2
12,quark_down_G3,B,-1,-1,3,3,1,1,1,2,-1,-1,torsion,STAY,9,0,9,3,0,1,0,0,6,1,2
12,quark_down_G3,B,-1,-1,4,4,1,1,1,2,-1,-1,sum,W,3,0,3,1,0,1,0,0,6,1,1
12,quark_down_G3,B,-1,-1,5,5,1,1,1,1,-1,-1,product,N,1,0,1,0,1,1,0,0,6,9,1
12,quark_down_G3,B,-1,-1,6,6,1,1,9,1,-1,-1,torsion,STAY,9,0,9,3,0,1,0,0,6,9,1
12,quark_down_G3,B,-1,-1,7,7,1,1,9,1,-1,-1,sum,W,10,1,1,0,1,1,0,0,6,9,9
12,quark_down_G3,B,-1,-1,8,8,1,1,9,9,-1,-1,product,N,81,8,9,3,0,1,0,0,6,8,9
12,quark_down_G3,B,-1,-1,9,9,1,1,8,9,-1,-1,torsion,STAY,9,0,9,3,0,1,0,0,6,8,9
12,quark_down_G3,B,-1,-1,10,1,2,1,8,9,-1,-1,sum,W,17,1,8,2,2,1,0,0,6,8,8
12,quark_down_G3,B,-1,-1,11,2,2,1,8,8,-1,-1,product,N,64,7,1,0,1,1,0,0,6,7,8
12,quark_down_G3,B,-1,-1,12,3,2,1,7,8,-1,-1,torsion,STAY,9,0,9,3,0,1,0,0,6,7,8
12,quark_down_G3,B,-1,-1,13,4,2,1,7,8,-1,-1,sum,W,15,1,6,2,0,1,0,0,6,7,7
12,quark_down_G3,B,-1,-1,14,5,2,1,7,7,-1,-1,product,N,49,5,4,1,1,1,0,0,6,6,7
12,quark_down_G3,B,-1,-1,15,6,2,1,6,7,-1,-1,torsion,STAY,9,0,9,3,0,1,0,0,6,6,7
12,quark_down_G3,B,-1,-1,16,7,2,1,6,7,-1,-1,sum,W,13,1,4,1,1,1,0,0,6,6,6
12,quark_down_G3,B,-1,-1,17,8,2,1,6,6,-1,-1,product,N,36,3,9,3,0,1,0,0,6,5,6
12,quark_down_G3,B,-1,-1,18,9,2,1,5,6,-1,-1,torsion,STAY,9,0,9,3,0,1,0,0,6,5,6
12,quark_down_G3,B,-1,-1,19,1,3,1,5,6,-1,-1,sum,W,11,1,2,0,2,1,0,0,6,5,5
12,quark_down_G3,B,-1,-1,20,2,3,1,5,5,-1,-1,product,N,25,2,7,2,1,1,0,0,6,4,5
12,quark_down_G3,B,-1,-1,21,3,3,1,4,5,-1,-1,torsion,STAY,9,0,9,3,0,1,0,1,6,4,5
12,quark_down_G3,B,-1,-1,22,4,3,1,4,5,-1,-1,sum,W,9,0,9,3,0,1,0,0,7,4,4
12,quark_down_G3,B,-1,-1,23,5,3,1,4,4,-1,-1,product,N,16,1,7,2,1,1,0,0,6,3,4
12,quark_down_G3,B,-1,-1,24,6,3,1,3,4,-1,-1,torsion,STAY,9,0,9,3,0,1,0,0,6,3,4
12,quark_down_G3,B,-1,-1,25,7,3,1,3,4,-1,-1,sum,W,7,0,7,2,1,1,0,0,6,3,3
12,quark_down_G3,B,-1,-1,26,8,3,1,3,3,-1,-1,product,N,9,0,9,3,0,1,0,0,6,2,3
12,quark_down_G3,B,-1,-1,27,9,3,1,2,3,-1,-1,torsion,STAY,9,0,9,3,0,1,1,0,6,2,3
12,quark_down_G3,B,-1,-1,28,1,4,2,2,3,1,1,sum,E,5,0,5,1,2,-1,0,0,6,2,4
12,quark_down_G3,B,-1,-1,29,2,4,2,2,4,1,1,product,S,8,0,8,2,2,-1,0,0,6,3,4
12,quark_down_G3,B,-1,-1,30,3,4,2,3,4,1,1,torsion,STAY,9,0,9,3,0,-1,0,0,6,3,4
12,quark_down_G3,B,-1,-1,31,4,4,2,3,4,1,1,sum,E,7,0,7,2,1,-1,0,0,6,3,5
12,quark_down_G3,B,-1,-1,32,5,4,2,3,5,1,1,product,S,15,1,6,2,0,-1,0,0,6,4,5
12,quark_down_G3,B,-1,-1,33,6,4,2,4,5,1,1,torsion,STAY,9,0,9,3,0,-1,0,0,6,4,5
12,quark_down_G3,B,-1,-1,34,7,4,2,4,5,1,1,sum,E,9,0,9,3,0,-1,0,0,6,4,6
12,quark_down_G3,B,-1,-1,35,8,4,2,4,6,1,1,product,S,24,2,6,2,0,-1,0,0,6,5,6
12,quark_down_G3,B,-1,-1,36,9,4,2,5,6,1,1,torsion,STAY,9,0,9,3,0,-1,0,0,6,5,6
12,quark_down_G3,B,-1,-1,37,1,5,2,5,6,1,1,sum,E,11,1,2,0,2,-1,0,0,6,5,7
12,quark_down_G3,B,-1,-1,38,2,5,2,5,7,1,1,product,S,35,3,8,2,2,-1,0,0,6,6,7
12,quark_down_G3,B,-1,-1,39,3,5,2,6,7,1,1,torsion,STAY,9,0,9,3,0,-1,0,0,6,6,7
12,quark_down_G3,B,-1,-1,40,4,5,2,6,7,1,1,sum,E,13,1,4,1,1,-1,0,0,6,6,8
12,quark_down_G3,B,-1,-1,41,5,5,2,6,8,1,1,product,S,48,5,3,1,0,-1,0,0,6,7,8
12,quark_down_G3,B,-1,-1,42,6,5,2,7,8,1,1,torsion,STAY,9,0,9,3,0,-1,0,0,6,7,8
12,quark_down_G3,B,-1,-1,43,7,5,2,7,8,1,1,sum,E,15,1,6,2,0,-1,0,1,6,7,9
12,quark_down_G3,B,-1,-1,44,8,5,2,7,9,1,1,product,S,63,6,9,3,0,-1,0,0,7,8,9
12,quark_down_G3,B,-1,-1,45,9,5,2,8,9,1,1,torsion,STAY,9,0,9,3,0,-1,0,0,6,8,9
12,quark_down_G3,B,-1,-1,46,1,6,2,8,9,1,1,sum,E,17,1,8,2,2,-1,0,0,6,8,1
12,quark_down_G3,B,-1,-1,47,2,6,2,8,1,1,1,product,S,8,0,8,2,2,-1,0,0,6,9,1
12,quark_down_G3,B,-1,-1,48,3,6,2,9,1,1,1,torsion,STAY,9,0,9,3,0,-1,0,0,6,9,1
12,quark_down_G3,B,-1,-1,49,4,6,2,9,1,1,1,sum,E,10,1,1,0,1,-1,0,0,6,9,2
12,quark_down_G3,B,-1,-1,50,5,6,2,9,2,1,1,product,S,18,1,9,3,0,-1,0,0,6,1,2
12,quark_down_G3,B,-1,-1,51,6,6,2,1,2,1,1,torsion,STAY,9,0,9,3,0,-1,0,0,6,1,2
12,quark_down_G3,B,-1,-1,52,7,6,2,1,2,1,1,sum,E,3,0,3,1,0,-1,0,0,6,1,3
12,quark_down_G3,B,-1,-1,53,8,6,2,1,3,1,1,product,S,3,0,3,1,0,-1,0,0,6,2,3
12,quark_down_G3,B,-1,-1,54,9,6,2,2,3,1,1,torsion,STAY,9,0,9,3,0,-1,1,0,6,2,3
12,quark_down_G3,B,-1,-1,55,1,7,3,2,3,-1,-1,sum,W,5,0,5,1,2,1,0,0,6,2,2
12,quark_down_G3,B,-1,-1,56,2,7,3,2,2,-1,-1,product,N,4,0,4,1,1,1,0,0,6,1,2
12,quark_down_G3,B,-1,-1,57,3,7,3,1,2,-1,-1,torsion,STAY,9,0,9,3,0,1,0,0,6,1,2
12,quark_down_G3,B,-1,-1,58,4,7,3,1,2,-1,-1,sum,W,3,0,3,1,0,1,0,0,6,1,1
12,quark_down_G3,B,-1,-1,59,5,7,3,1,1,-1,-1,product,N,1,0,1,0,1,1,0,0,6,9,1
12,quark_down_G3,B,-1,-1,60,6,7,3,9,1,-1,-1,torsion,STAY,9,0,9,3,0,1,0,0,6,9,1
12,quark_down_G3,B,-1,-1,61,7,7,3,9,1,-1,-1,sum,W,10,1,1,0,1,1,0,0,6,9,9
12,quark_down_G3,B,-1,-1,62,8,7,3,9,9,-1,-1,product,N,81,8,9,3,0,1,0,0,6,8,9
12,quark_down_G3,B,-1,-1,63,9,7,3,8,9,-1,-1,torsion,STAY,9,0,9,3,0,1,0,0,6,8,9
12,quark_down_G3,B,-1,-1,64,1,8,3,8,9,-1,-1,sum,W,17,1,8,2,2,1,0,0,6,8,8
12,quark_down_G3,B,-1,-1,65,2,8,3,8,8,-1,-1,product,N,64,7,1,0,1,1,0,1,6,7,8
12,quark_down_G3,B,-1,-1,66,3,8,3,7,8,-1,-1,torsion,STAY,9,0,9,3,0,1,0,0,7,7,8
12,quark_down_G3,B,-1,-1,67,4,8,3,7,8,-1,-1,sum,W,15,1,6,2,0,1,0,0,6,7,7
12,quark_down_G3,B,-1,-1,68,5,8,3,7,7,-1,-1,product,N,49,5,4,1,1,1,0,0,6,6,7
12,quark_down_G3,B,-1,-1,69,6,8,3,6,7,-1,-1,torsion,STAY,9,0,9,3,0,1,0,0,6,6,7
12,quark_down_G3,B,-1,-1,70,7,8,3,6,7,-1,-1,sum,W,13,1,4,1,1,1,0,0,6,6,6
12,quark_down_G3,B,-1,-1,71,8,8,3,6,6,-1,-1,product,N,36,3,9,3,0,1,0,0,6,5,6
12,quark_down_G3,B,-1,-1,72,9,8,3,5,6,-1,-1,torsion,STAY,9,0,9,3,0,1,0,0,6,5,6
12,quark_down_G3,B,-1,-1,73,1,9,3,5,6,-1,-1,sum,W,11,1,2,0,2,1,0,0,6,5,5
12,quark_down_G3,B,-1,-1,74,2,9,3,5,5,-1,-1,product,N,25,2,7,2,1,1,0,0,6,4,5
12,quark_down_G3,B,-1,-1,75,3,9,3,4,5,-1,-1,torsion,STAY,9,0,9,3,0,1,0,0,6,4,5
12,quark_down_G3,B,-1,-1,76,4,9,3,4,5,-1,-1,sum,W,9,0,9,3,0,1,0,0,6,4,4
12,quark_down_G3,B,-1,-1,77,5,9,3,4,4,-1,-1,product,N,16,1,7,2,1,1,0,0,6,3,4
12,quark_down_G3,B,-1,-1,78,6,9,3,3,4,-1,-1,torsion,STAY,9,0,9,3,0,1,0,0,6,3,4
12,quark_down_G3,B,-1,-1,79,7,9,3,3,4,-1,-1,sum,W,7,0,7,2,1,1,0,0,6,3,3
12,quark_down_G3,B,-1,-1,80,8,9,3,3,3,-1,-1,product,N,9,0,9,3,0,1,0,0,6,2,3
12,quark_down_G3,B,-1,-1,81,9,9,3,2,3,-1,-1,torsion,STAY,9,0,9,3,0,1,1,0,6,2,3
12,quark_down_G3,B,-1,-1,82,1,10,4,2,3,1,1,sum,E,5,0,5,1,2,-1,0,0,6,2,4
12,quark_down_G3,B,-1,-1,83,2,10,4,2,4,1,1,product,S,8,0,8,2,2,-1,0,0,6,3,4
12,quark_down_G3,B,-1,-1,84,3,10,4,3,4,1,1,torsion,STAY,9,0,9,3,0,-1,0,0,6,3,4
12,quark_down_G3,B,-1,-1,85,4,10,4,3,4,1,1,sum,E,7,0,7,2,1,-1,0,0,6,3,5
12,quark_down_G3,B,-1,-1,86,5,10,4,3,5,1,1,product,S,15,1,6,2,0,-1,0,0,6,4,5
12,quark_down_G3,B,-1,-1,87,6,10,4,4,5,1,1,torsion,STAY,9,0,9,3,0,-1,0,1,6,4,5
12,quark_down_G3,B,-1,-1,88,7,10,4,4,5,1,1,sum,E,9,0,9,3,0,-1,0,0,7,4,6
12,quark_down_G3,B,-1,-1,89,8,10,4,4,6,1,1,product,S,24,2,6,2,0,-1,0,0,6,5,6
12,quark_down_G3,B,-1,-1,90,9,10,4,5,6,1,1,torsion,STAY,9,0,9,3,0,-1,0,0,6,5,6
12,quark_down_G3,B,-1,-1,91,1,11,4,5,6,1,1,sum,E,11,1,2,0,2,-1,0,0,6,5,7
12,quark_down_G3,B,-1,-1,92,2,11,4,5,7,1,1,product,S,35,3,8,2,2,-1,0,0,6,6,7
12,quark_down_G3,B,-1,-1,93,3,11,4,6,7,1,1,torsion,STAY,9,0,9,3,0,-1,0,0,6,6,7
12,quark_down_G3,B,-1,-1,94,4,11,4,6,7,1,1,sum,E,13,1,4,1,1,-1,0,0,6,6,8
12,quark_down_G3,B,-1,-1,95,5,11,4,6,8,1,1,product,S,48,5,3,1,0,-1,0,0,6,7,8
12,quark_down_G3,B,-1,-1,96,6,11,4,7,8,1,1,torsion,STAY,9,0,9,3,0,-1,0,0,6,7,8
12,quark_down_G3,B,-1,-1,97,7,11,4,7,8,1,1,sum,E,15,1,6,2,0,-1,0,0,6,7,9
12,quark_down_G3,B,-1,-1,98,8,11,4,7,9,1,1,product,S,63,6,9,3,0,-1,0,0,6,8,9
12,quark_down_G3,B,-1,-1,99,9,11,4,8,9,1,1,torsion,STAY,9,0,9,3,0,-1,0,0,6,8,9
12,quark_down_G3,B,-1,-1,100,1,12,4,8,9,1,1,sum,E,17,1,8,2,2,-1,0,0,6,8,1
12,quark_down_G3,B,-1,-1,101,2,12,4,8,1,1,1,product,S,8,0,8,2,2,-1,0,0,6,9,1
12,quark_down_G3,B,-1,-1,102,3,12,4,9,1,1,1,torsion,STAY,9,0,9,3,0,-1,0,0,6,9,1
12,quark_down_G3,B,-1,-1,103,4,12,4,9,1,1,1,sum,E,10,1,1,0,1,-1,0,0,6,9,2
12,quark_down_G3,B,-1,-1,104,5,12,4,9,2,1,1,product,S,18,1,9,3,0,-1,0,0,6,1,2
12,quark_down_G3,B,-1,-1,105,6,12,4,1,2,1,1,torsion,STAY,9,0,9,3,0,-1,0,0,6,1,2
12,quark_down_G3,B,-1,-1,106,7,12,4,1,2,1,1,sum,E,3,0,3,1,0,-1,0,0,6,1,3
12,quark_down_G3,B,-1,-1,107,8,12,4,1,3,1,1,product,S,3,0,3,1,0,-1,0,0,6,2,3
12,quark_down_G3,B,-1,-1,108,9,12,4,2,3,1,1,torsion,STAY,9,0,9,3,0,-1,1,0,6,2,3
13,quark_up_G3,G,1,-1,1,1,1,1,2,4,1,-1,sum,E,6,0,6,2,0,1,0,0,7,2,5
13,quark_up_G3,G,1,-1,2,2,1,1,2,5,1,-1,product,N,10,1,1,0,1,1,0,0,6,1,5
13,quark_up_G3,G,1,-1,3,3,1,1,1,5,1,-1,torsion,STAY,9,0,9,3,0,1,0,0,6,1,5
13,quark_up_G3,G,1,-1,4,4,1,1,1,5,1,-1,sum,E,6,0,6,2,0,1,0,0,6,1,6
13,quark_up_G3,G,1,-1,5,5,1,1,1,6,1,-1,product,N,6,0,6,2,0,1,0,0,6,9,6
13,quark_up_G3,G,1,-1,6,6,1,1,9,6,1,-1,torsion,STAY,9,0,9,3,0,1,0,0,6,9,6
13,quark_up_G3,G,1,-1,7,7,1,1,9,6,1,-1,sum,E,15,1,6,2,0,1,0,0,6,9,7
13,quark_up_G3,G,1,-1,8,8,1,1,9,7,1,-1,product,N,63,6,9,3,0,1,0,0,6,8,7
13,quark_up_G3,G,1,-1,9,9,1,1,8,7,1,-1,torsion,STAY,9,0,9,3,0,1,0,0,6,8,7
13,quark_up_G3,G,1,-1,10,1,2,1,8,7,1,-1,sum,E,15,1,6,2,0,1,0,0,6,8,8
13,quark_up_G3,G,1,-1,11,2,2,1,8,8,1,-1,product,N,64,7,1,0,1,1,0,0,6,7,8
13,quark_up_G3,G,1,-1,12,3,2,1,7,8,1,-1,torsion,STAY,9,0,9,3,0,1,0,0,6,7,8
13,quark_up_G3,G,1,-1,13,4,2,1,7,8,1,-1,sum,E,15,1,6,2,0,1,0,0,6,7,9
13,quark_up_G3,G,1,-1,14,5,2,1,7,9,1,-1,product,N,63,6,9,3,0,1,0,0,6,6,9
13,quark_up_G3,G,1,-1,15,6,2,1,6,9,1,-1,torsion,STAY,9,0,9,3,0,1,0,0,6,6,9
13,quark_up_G3,G,1,-1,16,7,2,1,6,9,1,-1,sum,E,15,1,6,2,0,1,0,0,6,6,1
13,quark_up_G3,G,1,-1,17,8,2,1,6,1,1,-1,product,N,6,0,6,2,0,1,0,0,6,5,1
13,quark_up_G3,G,1,-1,18,9,2,1,5,1,1,-1,torsion,STAY,9,0,9,3,0,1,0,0,6,5,1
13,quark_up_G3,G,1,-1,19,1,3,1,5,1,1,-1,sum,E,6,0,6,2,0,1,0,0,6,5,2
13,quark_up_G3,G,1,-1,20,2,3,1,5,2,1,-1,product,N,10,1,1,0,1,1,0,0,6,4,2
13,quark_up_G3,G,1,-1,21,3,3,1,4,2,1,-1,torsion,STAY,9,0,9,3,0,1,0,1,6,4,2
13,quark_up_G3,G,1,-1,22,4,3,1,4,2,1,-1,sum,E,6,0,6,2,0,1,0,0,7,4,3
13,quark_up_G3,G,1,-1,23,5,3,1,4,3,1,-1,product,N,12,1,3,1,0,1,0,0,6,3,3
13,quark_up_G3,G,1,-1,24,6,3,1,3,3,1,-1,torsion,STAY,9,0,9,3,0,1,0,0,6,3,3
13,quark_up_G3,G,1,-1,25,7,3,1,3,3,1,-1,sum,E,6,0,6,2,0,1,0,0,6,3,4
13,quark_up_G3,G,1,-1,26,8,3,1,3,4,1,-1,product,N,12,1,3,1,0,1,0,0,6,2,4
13,quark_up_G3,G,1,-1,27,9,3,1,2,4,1,-1,torsion,STAY,9,0,9,3,0,1,1,0,6,2,4
13,quark_up_G3,G,1,-1,28,1,4,2,2,4,-1,1,sum,W,6,0,6,2,0,-1,0,0,6,2,3
13,quark_up_G3,G,1,-1,29,2,4,2,2,3,-1,1,product,S,6,0,6,2,0,-1,0,0,6,3,3
13,quark_up_G3,G,1,-1,30,3,4,2,3,3,-1,1,torsion,STAY,9,0,9,3,0,-1,0,0,6,3,3
13,quark_up_G3,G,1,-1,31,4,4,2,3,3,-1,1,sum,W,6,0,6,2,0,-1,0,0,6,3,2
13,quark_up_G3,G,1,-1,32,5,4,2,3,2,-1,1,product,S,6,0,6,2,0,-1,0,0,6,4,2
13,quark_up_G3,G,1,-1,33,6,4,2,4,2,-1,1,torsion,STAY,9,0,9,3,0,-1,0,0,6,4,2
13,quark_up_G3,G,1,-1,34,7,4,2,4,2,-1,1,sum,W,6,0,6,2,0,-1,0,0,6,4,1
13,quark_up_G3,G,1,-1,35,8,4,2,4,1,-1,1,product,S,4,0,4,1,1,-1,0,0,6,5,1
13,quark_up_G3,G,1,-1,36,9,4,2,5,1,-1,1,torsion,STAY,9,0,9,3,0,-1,0,0,6,5,1
13,quark_up_G3,G,1,-1,37,1,5,2,5,1,-1,1,sum,W,6,0,6,2,0,-1,0,0,6,5,9
13,quark_up_G3,G,1,-1,38,2,5,2,5,9,-1,1,product,S,45,4,9,3,0,-1,0,0,6,6,9
13,quark_up_G3,G,1,-1,39,3,5,2,6,9,-1,1,torsion,STAY,9,0,9,3,0,-1,0,0,6,6,9
13,quark_up_G3,G,1,-1,40,4,5,2,6,9,-1,1,sum,W,15,1,6,2,0,-1,0,0,6,6,8
13,quark_up_G3,G,1,-1,41,5,5,2,6,8,-1,1,product,S,48,5,3,1,0,-1,0,0,6,7,8
13,quark_up_G3,G,1,-1,42,6,5,2,7,8,-1,1,torsion,STAY,9,0,9,3,0,-1,0,0,6,7,8
13,quark_up_G3,G,1,-1,43,7,5,2,7,8,-1,1,sum,W,15,1,6,2,0,-1,0,1,6,7,7
13,quark_up_G3,G,1,-1,44,8,5,2,7,7,-1,1,product,S,49,5,4,1,1,-1,0,0,7,8,7
13,quark_up_G3,G,1,-1,45,9,5,2,8,7,-1,1,torsion,STAY,9,0,9,3,0,-1,0,0,6,8,7
13,quark_up_G3,G,1,-1,46,1,6,2,8,7,-1,1,sum,W,15,1,6,2,0,-1,0,0,6,8,6
13,quark_up_G3,G,1,-1,47,2,6,2,8,6,-1,1,product,S,48,5,3,1,0,-1,0,0,6,9,6
13,quark_up_G3,G,1,-1,48,3,6,2,9,6,-1,1,torsion,STAY,9,0,9,3,0,-1,0,0,6,9,6
13,quark_up_G3,G,1,-1,49,4,6,2,9,6,-1,1,sum,W,15,1,6,2,0,-1,0,0,6,9,5
13,quark_up_G3,G,1,-1,50,5,6,2,9,5,-1,1,product,S,45,4,9,3,0,-1,0,0,6,1,5
13,quark_up_G3,G,1,-1,51,6,6,2,1,5,-1,1,torsion,STAY,9,0,9,3,0,-1,0,0,6,1,5
13,quark_up_G3,G,1,-1,52,7,6,2,1,5,-1,1,sum,W,6,0,6,2,0,-1,0,0,6,1,4
13,quark_up_G3,G,1,-1,53,8,6,2,1,4,-1,1,product,S,4,0,4,1,1,-1,0,0,6,2,4
13,quark_up_G3,G,1,-1,54,9,6,2,2,4,-1,1,torsion,STAY,9,0,9,3,0,-1,1,0,6,2,4
13,quark_up_G3,G,1,-1,55,1,7,3,2,4,1,-1,sum,E,6,0,6,2,0,1,0,0,6,2,5
13,quark_up_G3,G,1,-1,56,2,7,3,2,5,1,-1,product,N,10,1,1,0,1,1,0,0,6,1,5
13,quark_up_G3,G,1,-1,57,3,7,3,1,5,1,-1,torsion,STAY,9,0,9,3,0,1,0,0,6,1,5
13,quark_up_G3,G,1,-1,58,4,7,3,1,5,1,-1,sum,E,6,0,6,2,0,1,0,0,6,1,6
13,quark_up_G3,G,1,-1,59,5,7,3,1,6,1,-1,product,N,6,0,6,2,0,1,0,0,6,9,6
13,quark_up_G3,G,1,-1,60,6,7,3,9,6,1,-1,torsion,STAY,9,0,9,3,0,1,0,0,6,9,6
13,quark_up_G3,G,1,-1,61,7,7,3,9,6,1,-1,sum,E,15,1,6,2,0,1,0,0,6,9,7
13,quark_up_G3,G,1,-1,62,8,7,3,9,7,1,-1,product,N,63,6,9,3,0,1,0,0,6,8,7
13,quark_up_G3,G,1,-1,63,9,7,3,8,7,1,-1,torsion,STAY,9,0,9,3,0,1,0,0,6,8,7
13,quark_up_G3,G,1,-1,64,1,8,3,8,7,1,-1,sum,E,15,1,6,2,0,1,0,0,6,8,8
13,quark_up_G3,G,1,-1,65,2,8,3,8,8,1,-1,product,N,64,7,1,0,1,1,0,1,6,7,8
13,quark_up_G3,G,1,-1,66,3,8,3,7,8,1,-1,torsion,STAY,9,0,9,3,0,1,0,0,7,7,8
13,quark_up_G3,G,1,-1,67,4,8,3,7,8,1,-1,sum,E,15,1,6,2,0,1,0,0,6,7,9
13,quark_up_G3,G,1,-1,68,5,8,3,7,9,1,-1,product,N,63,6,9,3,0,1,0,0,6,6,9
13,quark_up_G3,G,1,-1,69,6,8,3,6,9,1,-1,torsion,STAY,9,0,9,3,0,1,0,0,6,6,9
13,quark_up_G3,G,1,-1,70,7,8,3,6,9,1,-1,sum,E,15,1,6,2,0,1,0,0,6,6,1
13,quark_up_G3,G,1,-1,71,8,8,3,6,1,1,-1,product,N,6,0,6,2,0,1,0,0,6,5,1
13,quark_up_G3,G,1,-1,72,9,8,3,5,1,1,-1,torsion,STAY,9,0,9,3,0,1,0,0,6,5,1
13,quark_up_G3,G,1,-1,73,1,9,3,5,1,1,-1,sum,E,6,0,6,2,0,1,0,0,6,5,2
13,quark_up_G3,G,1,-1,74,2,9,3,5,2,1,-1,product,N,10,1,1,0,1,1,0,0,6,4,2
13,quark_up_G3,G,1,-1,75,3,9,3,4,2,1,-1,torsion,STAY,9,0,9,3,0,1,0,0,6,4,2
13,quark_up_G3,G,1,-1,76,4,9,3,4,2,1,-1,sum,E,6,0,6,2,0,1,0,0,6,4,3
13,quark_up_G3,G,1,-1,77,5,9,3,4,3,1,-1,product,N,12,1,3,1,0,1,0,0,6,3,3
13,quark_up_G3,G,1,-1,78,6,9,3,3,3,1,-1,torsion,STAY,9,0,9,3,0,1,0,0,6,3,3
13,quark_up_G3,G,1,-1,79,7,9,3,3,3,1,-1,sum,E,6,0,6,2,0,1,0,0,6,3,4
13,quark_up_G3,G,1,-1,80,8,9,3,3,4,1,-1,product,N,12,1,3,1,0,1,0,0,6,2,4
13,quark_up_G3,G,1,-1,81,9,9,3,2,4,1,-1,torsion,STAY,9,0,9,3,0,1,1,0,6,2,4
13,quark_up_G3,G,1,-1,82,1,10,4,2,4,-1,1,sum,W,6,0,6,2,0,-1,0,0,6,2,3
13,quark_up_G3,G,1,-1,83,2,10,4,2,3,-1,1,product,S,6,0,6,2,0,-1,0,0,6,3,3
13,quark_up_G3,G,1,-1,84,3,10,4,3,3,-1,1,torsion,STAY,9,0,9,3,0,-1,0,0,6,3,3
13,quark_up_G3,G,1,-1,85,4,10,4,3,3,-1,1,sum,W,6,0,6,2,0,-1,0,0,6,3,2
13,quark_up_G3,G,1,-1,86,5,10,4,3,2,-1,1,product,S,6,0,6,2,0,-1,0,0,6,4,2
13,quark_up_G3,G,1,-1,87,6,10,4,4,2,-1,1,torsion,STAY,9,0,9,3,0,-1,0,1,6,4,2
13,quark_up_G3,G,1,-1,88,7,10,4,4,2,-1,1,sum,W,6,0,6,2,0,-1,0,0,7,4,1
13,quark_up_G3,G,1,-1,89,8,10,4,4,1,-1,1,product,S,4,0,4,1,1,-1,0,0,6,5,1
13,quark_up_G3,G,1,-1,90,9,10,4,5,1,-1,1,torsion,STAY,9,0,9,3,0,-1,0,0,6,5,1
13,quark_up_G3,G,1,-1,91,1,11,4,5,1,-1,1,sum,W,6,0,6,2,0,-1,0,0,6,5,9
13,quark_up_G3,G,1,-1,92,2,11,4,5,9,-1,1,product,S,45,4,9,3,0,-1,0,0,6,6,9
13,quark_up_G3,G,1,-1,93,3,11,4,6,9,-1,1,torsion,STAY,9,0,9,3,0,-1,0,0,6,6,9
13,quark_up_G3,G,1,-1,94,4,11,4,6,9,-1,1,sum,W,15,1,6,2,0,-1,0,0,6,6,8
13,quark_up_G3,G,1,-1,95,5,11,4,6,8,-1,1,product,S,48,5,3,1,0,-1,0,0,6,7,8
13,quark_up_G3,G,1,-1,96,6,11,4,7,8,-1,1,torsion,STAY,9,0,9,3,0,-1,0,0,6,7,8
13,quark_up_G3,G,1,-1,97,7,11,4,7,8,-1,1,sum,W,15,1,6,2,0,-1,0,0,6,7,7
13,quark_up_G3,G,1,-1,98,8,11,4,7,7,-1,1,product,S,49,5,4,1,1,-1,0,0,6,8,7
13,quark_up_G3,G,1,-1,99,9,11,4,8,7,-1,1,torsion,STAY,9,0,9,3,0,-1,0,0,6,8,7
13,quark_up_G3,G,1,-1,100,1,12,4,8,7,-1,1,sum,W,15,1,6,2,0,-1,0,0,6,8,6
13,quark_up_G3,G,1,-1,101,2,12,4,8,6,-1,1,product,S,48,5,3,1,0,-1,0,0,6,9,6
13,quark_up_G3,G,1,-1,102,3,12,4,9,6,-1,1,torsion,STAY,9,0,9,3,0,-1,0,0,6,9,6
13,quark_up_G3,G,1,-1,103,4,12,4,9,6,-1,1,sum,W,15,1,6,2,0,-1,0,0,6,9,5
13,quark_up_G3,G,1,-1,104,5,12,4,9,5,-1,1,product,S,45,4,9,3,0,-1,0,0,6,1,5
13,quark_up_G3,G,1,-1,105,6,12,4,1,5,-1,1,torsion,STAY,9,0,9,3,0,-1,0,0,6,1,5
13,quark_up_G3,G,1,-1,106,7,12,4,1,5,-1,1,sum,W,6,0,6,2,0,-1,0,0,6,1,4
13,quark_up_G3,G,1,-1,107,8,12,4,1,4,-1,1,product,S,4,0,4,1,1,-1,0,0,6,2,4
13,quark_up_G3,G,1,-1,108,9,12,4,2,4,-1,1,torsion,STAY,9,0,9,3,0,-1,1,0,6,2,4
14,quark_down_G3,R,1,1,1,1,1,1,2,5,1,1,sum,E,7,0,7,2,1,1,0,0,7,2,6
14,quark_down_G3,R,1,1,2,2,1,1,2,6,1,1,product,S,12,1,3,1,0,1,0,0,6,3,6
14,quark_down_G3,R,1,1,3,3,1,1,3,6,1,1,torsion,STAY,9,0,9,3,0,1,0,0,6,3,6
14,quark_down_G3,R,1,1,4,4,1,1,3,6,1,1,sum,E,9,0,9,3,0,1,0,0,6,3,7
14,quark_down_G3,R,1,1,5,5,1,1,3,7,1,1,product,S,21,2,3,1,0,1,0,0,6,4,7
14,quark_down_G3,R,1,1,6,6,1,1,4,7,1,1,torsion,STAY,9,0,9,3,0,1,0,0,6,4,7
14,quark_down_G3,R,1,1,7,7,1,1,4,7,1,1,sum,E,11,1,2,0,2,1,0,0,6,4,8
14,quark_down_G3,R,1,1,8,8,1,1,4,8,1,1,product,S,32,3,5,1,2,1,0,0,6,5,8
14,quark_down_G3,R,1,1,9,9,1,1,5,8,1,1,torsion,STAY,9,0,9,3,0,1,0,0,6,5,8
14,quark_down_G3,R,1,1,10,1,2,1,5,8,1,1,sum,E,13,1,4,1,1,1,0,0,6,5,9
14,quark_down_G3,R,1,1,11,2,2,1,5,9,1,1,product,S,45,4,9,3,0,1,0,0,6,6,9
14,quark_down_G3,R,1,1,12,3,2,1,6,9,1,1,torsion,STAY,9,0,9,3,0,1,0,0,6,6,9
14,quark_down_G3,R,1,1,13,4,2,1,6,9,1,1,sum,E,15,1,6,2,0,1,0,0,6,6,1
14,quark_down_G3,R,1,1,14,5,2,1,6,1,1,1,product,S,6,0,6,2,0,1,0,0,6,7,1
14,quark_down_G3,R,1,1,15,6,2,1,7,1,1,1,torsion,STAY,9,0,9,3,0,1,0,0,6,7,1
14,quark_down_G3,R,1,1,16,7,2,1,7,1,1,1,sum,E,8,0,8,2,2,1,0,0,6,7,2
14,quark_down_G3,R,1,1,17,8,2,1,7,2,1,1,product,S,14,1,5,1,2,1,0,0,6,8,2
14,quark_down_G3,R,1,1,18,9,2,1,8,2,1,1,torsion,STAY,9,0,9,3,0,1,0,0,6,8,2
14,quark_down_G3,R,1,1,19,1,3,1,8,2,1,1,sum,E,10,1,1,0,1,1,0,0,6,8,3
14,quark_down_G3,R,1,1,20,2,3,1,8,3,1,1,product,S,24,2,6,2,0,1,0,0,6,9,3
14,quark_down_G3,R,1,1,21,3,3,1,9,3,1,1,torsion,STAY,9,0,9,3,0,1,0,1,6,9,3
14,quark_down_G3,R,1,1,22,4,3,1,9,3,1,1,sum,E,12,1,3,1,0,1,0,0,7,9,4
14,quark_down_G3,R,1,1,23,5,3,1,9,4,1,1,product,S,36,3,9,3,0,1,0,0,6,1,4
14,quark_down_G3,R,1,1,24,6,3,1,1,4,1,1,torsion,STAY,9,0,9,3,0,1,0,0,6,1,4
14,quark_down_G3,R,1,1,25,7,3,1,1,4,1,1,sum,E,5,0,5,1,2,1,0,0,6,1,5
14,quark_down_G3,R,1,1,26,8,3,1,1,5,1,1,product,S,5,0,5,1,2,1,0,0,6,2,5
14,quark_down_G3,R,1,1,27,9,3,1,2,5,1,1,torsion,STAY,9,0,9,3,0,1,1,0,6,2,5
14,quark_down_G3,R,1,1,28,1,4,2,2,5,-1,-1,sum,W,7,0,7,2,1,-1,0,0,6,2,4
14,quark_down_G3,R,1,1,29,2,4,2,2,4,-1,-1,product,N,8,0,8,2,2,-1,0,0,6,1,4
14,quark_down_G3,R,1,1,30,3,4,2,1,4,-1,-1,torsion,STAY,9,0,9,3,0,-1,0,0,6,1,4
14,quark_down_G3,R,1,1,31,4,4,2,1,4,-1,-1,sum,W,5,0,5,1,2,-1,0,0,6,1,3
14,quark_down_G3,R,1,1,32,5,4,2,1,3,-1,-1,product,N,3,0,3,1,0,-1,0,0,6,9,3
14,quark_down_G3,R,1,1,33,6,4,2,9,3,-1,-1,torsion,STAY,9,0,9,3,0,-1,0,0,6,9,3
14,quark_down_G3,R,1,1,34,7,4,2,9,3,-1,-1,sum,W,12,1,3,1,0,-1,0,0,6,9,2
14,quark_down_G3,R,1,1,35,8,4,2,9,2,-1,-1,product,N,18,1,9,3,0,-1,0,0,6,8,2
14,quark_down_G3,R,1,1,36,9,4,2,8,2,-1,-1,torsion,STAY,9,0,9,3,0,-1,0,0,6,8,2
14,quark_down_G3,R,1,1,37,1,5,2,8,2,-1,-1,sum,W,10,1,1,0,1,-1,0,0,6,8,1
14,quark_down_G3,R,1,1,38,2,5,2,8,1,-1,-1,product,N,8,0,8,2,2,-1,0,0,6,7,1
14,quark_down_G3,R,1,1,39,3,5,2,7,1,-1,-1,torsion,STAY,9,0,9,3,0,-1,0,0,6,7,1
14,quark_down_G3,R,1,1,40,4,5,2,7,1,-1,-1,sum,W,8,0,8,2,2,-1,0,0,6,7,9
14,quark_down_G3,R,1,1,41,5,5,2,7,9,-1,-1,product,N,63,6,9,3,0,-1,0,0,6,6,9
14,quark_down_G3,R,1,1,42,6,5,2,6,9,-1,-1,torsion,STAY,9,0,9,3,0,-1,0,0,6,6,9
14,quark_down_G3,R,1,1,43,7,5,2,6,9,-1,-1,sum,W,15,1,6,2,0,-1,0,1,6,6,8
14,quark_down_G3,R,1,1,44,8,5,2,6,8,-1,-1,product,N,48,5,3,1,0,-1,0,0,7,5,8
14,quark_down_G3,R,1,1,45,9,5,2,5,8,-1,-1,torsion,STAY,9,0,9,3,0,-1,0,0,6,5,8
14,quark_down_G3,R,1,1,46,1,6,2,5,8,-1,-1,sum,W,13,1,4,1,1,-1,0,0,6,5,7
14,quark_down_G3,R,1,1,47,2,6,2,5,7,-1,-1,product,N,35,3,8,2,2,-1,0,0,6,4,7
14,quark_down_G3,R,1,1,48,3,6,2,4,7,-1,-1,torsion,STAY,9,0,9,3,0,-1,0,0,6,4,7
14,quark_down_G3,R,1,1,49,4,6,2,4,7,-1,-1,sum,W,11,1,2,0,2,-1,0,0,6,4,6
14,quark_down_G3,R,1,1,50,5,6,2,4,6,-1,-1,product,N,24,2,6,2,0,-1,0,0,6,3,6
14,quark_down_G3,R,1,1,51,6,6,2,3,6,-1,-1,torsion,STAY,9,0,9,3,0,-1,0,0,6,3,6
14,quark_down_G3,R,1,1,52,7,6,2,3,6,-1,-1,sum,W,9,0,9,3,0,-1,0,0,6,3,5
14,quark_down_G3,R,1,1,53,8,6,2,3,5,-1,-1,product,N,15,1,6,2,0,-1,0,0,6,2,5
14,quark_down_G3,R,1,1,54,9,6,2,2,5,-1,-1,torsion,STAY,9,0,9,3,0,-1,1,0,6,2,5
14,quark_down_G3,R,1,1,55,1,7,3,2,5,1,1,sum,E,7,0,7,2,1,1,0,0,6,2,6
14,quark_down_G3,R,1,1,56,2,7,3,2,6,1,1,product,S,12,1,3,1,0,1,0,0,6,3,6
14,quark_down_G3,R,1,1,57,3,7,3,3,6,1,1,torsion,STAY,9,0,9,3,0,1,0,0,6,3,6
14,quark_down_G3,R,1,1,58,4,7,3,3,6,1,1,sum,E,9,0,9,3,0,1,0,0,6,3,7
14,quark_down_G3,R,1,1,59,5,7,3,3,7,1,1,product,S,21,2,3,1,0,1,0,0,6,4,7
14,quark_down_G3,R,1,1,60,6,7,3,4,7,1,1,torsion,STAY,9,0,9,3,0,1,0,0,6,4,7
14,quark_down_G3,R,1,1,61,7,7,3,4,7,1,1,sum,E,11,1,2,0,2,1,0,0,6,4,8
14,quark_down_G3,R,1,1,62,8,7,3,4,8,1,1,product,S,32,3,5,1,2,1,0,0,6,5,8
14,quark_down_G3,R,1,1,63,9,7,3,5,8,1,1,torsion,STAY,9,0,9,3,0,1,0,0,6,5,8
14,quark_down_G3,R,1,1,64,1,8,3,5,8,1,1,sum,E,13,1,4,1,1,1,0,0,6,5,9
14,quark_down_G3,R,1,1,65,2,8,3,5,9,1,1,product,S,45,4,9,3,0,1,0,1,6,6,9
14,quark_down_G3,R,1,1,66,3,8,3,6,9,1,1,torsion,STAY,9,0,9,3,0,1,0,0,7,6,9
14,quark_down_G3,R,1,1,67,4,8,3,6,9,1,1,sum,E,15,1,6,2,0,1,0,0,6,6,1
14,quark_down_G3,R,1,1,68,5,8,3,6,1,1,1,product,S,6,0,6,2,0,1,0,0,6,7,1
14,quark_down_G3,R,1,1,69,6,8,3,7,1,1,1,torsion,STAY,9,0,9,3,0,1,0,0,6,7,1
14,quark_down_G3,R,1,1,70,7,8,3,7,1,1,1,sum,E,8,0,8,2,2,1,0,0,6,7,2
14,quark_down_G3,R,1,1,71,8,8,3,7,2,1,1,product,S,14,1,5,1,2,1,0,0,6,8,2
14,quark_down_G3,R,1,1,72,9,8,3,8,2,1,1,torsion,STAY,9,0,9,3,0,1,0,0,6,8,2
14,quark_down_G3,R,1,1,73,1,9,3,8,2,1,1,sum,E,10,1,1,0,1,1,0,0,6,8,3
14,quark_down_G3,R,1,1,74,2,9,3,8,3,1,1,product,S,24,2,6,2,0,1,0,0,6,9,3
14,quark_down_G3,R,1,1,75,3,9,3,9,3,1,1,torsion,STAY,9,0,9,3,0,1,0,0,6,9,3
14,quark_down_G3,R,1,1,76,4,9,3,9,3,1,1,sum,E,12,1,3,1,0,1,0,0,6,9,4
14,quark_down_G3,R,1,1,77,5,9,3,9,4,1,1,product,S,36,3,9,3,0,1,0,0,6,1,4
14,quark_down_G3,R,1,1,78,6,9,3,1,4,1,1,torsion,STAY,9,0,9,3,0,1,0,0,6,1,4
14,quark_down_G3,R,1,1,79,7,9,3,1,4,1,1,sum,E,5,0,5,1,2,1,0,0,6,1,5
14,quark_down_G3,R,1,1,80,8,9,3,1,5,1,1,product,S,5,0,5,1,2,1,0,0,6,2,5
14,quark_down_G3,R,1,1,81,9,9,3,2,5,1,1,torsion,STAY,9,0,9,3,0,1,1,0,6,2,5
14,quark_down_G3,R,1,1,82,1,10,4,2,5,-1,-1,sum,W,7,0,7,2,1,-1,0,0,6,2,4
14,quark_down_G3,R,1,1,83,2,10,4,2,4,-1,-1,product,N,8,0,8,2,2,-1,0,0,6,1,4
14,quark_down_G3,R,1,1,84,3,10,4,1,4,-1,-1,torsion,STAY,9,0,9,3,0,-1,0,0,6,1,4
14,quark_down_G3,R,1,1,85,4,10,4,1,4,-1,-1,sum,W,5,0,5,1,2,-1,0,0,6,1,3
14,quark_down_G3,R,1,1,86,5,10,4,1,3,-1,-1,product,N,3,0,3,1,0,-1,0,0,6,9,3
14,quark_down_G3,R,1,1,87,6,10,4,9,3,-1,-1,torsion,STAY,9,0,9,3,0,-1,0,1,6,9,3
14,quark_down_G3,R,1,1,88,7,10,4,9,3,-1,-1,sum,W,12,1,3,1,0,-1,0,0,7,9,2
14,quark_down_G3,R,1,1,89,8,10,4,9,2,-1,-1,product,N,18,1,9,3,0,-1,0,0,6,8,2
14,quark_down_G3,R,1,1,90,9,10,4,8,2,-1,-1,torsion,STAY,9,0,9,3,0,-1,0,0,6,8,2
14,quark_down_G3,R,1,1,91,1,11,4,8,2,-1,-1,sum,W,10,1,1,0,1,-1,0,0,6,8,1
14,quark_down_G3,R,1,1,92,2,11,4,8,1,-1,-1,product,N,8,0,8,2,2,-1,0,0,6,7,1
14,quark_down_G3,R,1,1,93,3,11,4,7,1,-1,-1,torsion,STAY,9,0,9,3,0,-1,0,0,6,7,1
14,quark_down_G3,R,1,1,94,4,11,4,7,1,-1,-1,sum,W,8,0,8,2,2,-1,0,0,6,7,9
14,quark_down_G3,R,1,1,95,5,11,4,7,9,-1,-1,product,N,63,6,9,3,0,-1,0,0,6,6,9
14,quark_down_G3,R,1,1,96,6,11,4,6,9,-1,-1,torsion,STAY,9,0,9,3,0,-1,0,0,6,6,9
14,quark_down_G3,R,1,1,97,7,11,4,6,9,-1,-1,sum,W,15,1,6,2,0,-1,0,0,6,6,8
14,quark_down_G3,R,1,1,98,8,11,4,6,8,-1,-1,product,N,48,5,3,1,0,-1,0,0,6,5,8
14,quark_down_G3,R,1,1,99,9,11,4,5,8,-1,-1,torsion,STAY,9,0,9,3,0,-1,0,0,6,5,8
14,quark_down_G3,R,1,1,100,1,12,4,5,8,-1,-1,sum,W,13,1,4,1,1,-1,0,0,6,5,7
14,quark_down_G3,R,1,1,101,2,12,4,5,7,-1,-1,product,N,35,3,8,2,2,-1,0,0,6,4,7
14,quark_down_G3,R,1,1,102,3,12,4,4,7,-1,-1,torsion,STAY,9,0,9,3,0,-1,0,0,6,4,7
14,quark_down_G3,R,1,1,103,4,12,4,4,7,-1,-1,sum,W,11,1,2,0,2,-1,0,0,6,4,6
14,quark_down_G3,R,1,1,104,5,12,4,4,6,-1,-1,product,N,24,2,6,2,0,-1,0,0,6,3,6
14,quark_down_G3,R,1,1,105,6,12,4,3,6,-1,-1,torsion,STAY,9,0,9,3,0,-1,0,0,6,3,6
14,quark_down_G3,R,1,1,106,7,12,4,3,6,-1,-1,sum,W,9,0,9,3,0,-1,0,0,6,3,5
14,quark_down_G3,R,1,1,107,8,12,4,3,5,-1,-1,product,N,15,1,6,2,0,-1,0,0,6,2,5
14,quark_down_G3,R,1,1,108,9,12,4,2,5,-1,-1,torsion,STAY,9,0,9,3,0,-1,1,0,6,2,5
15,quark_up_G3,B,-1,1,1,1,1,1,2,6,-1,1,sum,W,8,0,8,2,2,1,0,0,7,2,5
15,quark_up_G3,B,-1,1,2,2,1,1,2,5,-1,1,product,S,10,1,1,0,1,1,0,0,6,3,5
15,quark_up_G3,B,-1,1,3,3,1,1,3,5,-1,1,torsion,STAY,9,0,9,3,0,1,0,0,6,3,5
15,quark_up_G3,B,-1,1,4,4,1,1,3,5,-1,1,sum,W,8,0,8,2,2,1,0,0,6,3,4
15,quark_up_G3,B,-1,1,5,5,1,1,3,4,-1,1,product,S,12,1,3,1,0,1,0,0,6,4,4
15,quark_up_G3,B,-1,1,6,6,1,1,4,4,-1,1,torsion,STAY,9,0,9,3,0,1,0,0,6,4,4
15,quark_up_G3,B,-1,1,7,7,1,1,4,4,-1,1,sum,W,8,0,8,2,2,1,0,0,6,4,3
15,quark_up_G3,B,-1,1,8,8,1,1,4,3,-1,1,product,S,12,1,3,1,0,1,0,0,6,5,3
15,quark_up_G3,B,-1,1,9,9,1,1,5,3,-1,1,torsion,STAY,9,0,9,3,0,1,0,0,6,5,3
15,quark_up_G3,B,-1,1,10,1,2,1,5,3,-1,1,sum,W,8,0,8,2,2,1,0,0,6,5,2
15,quark_up_G3,B,-1,1,11,2,2,1,5,2,-1,1,product,S,10,1,1,0,1,1,0,0,6,6,2
15,quark_up_G3,B,-1,1,12,3,2,1,6,2,-1,1,torsion,STAY,9,0,9,3,0,1,0,0,6,6,2
15,quark_up_G3,B,-1,1,13,4,2,1,6,2,-1,1,sum,W,8,0,8,2,2,1,0,0,6,6,1
15,quark_up_G3,B,-1,1,14,5,2,1,6,1,-1,1,product,S,6,0,6,2,0,1,0,0,6,7,1
15,quark_up_G3,B,-1,1,15,6,2,1,7,1,-1,1,torsion,STAY,9,0,9,3,0,1,0,0,6,7,1
15,quark_up_G3,B,-1,1,16,7,2,1,7,1,-1,1,sum,W,8,0,8,2,2,1,0,0,6,7,9
15,quark_up_G3,B,-1,1,17,8,2,1,7,9,-1,1,product,S,63,6,9,3,0,1,0,0,6,8,9
15,quark_up_G3,B,-1,1,18,9,2,1,8,9,-1,1,torsion,STAY,9,0,9,3,0,1,0,0,6,8,9
15,quark_up_G3,B,-1,1,19,1,3,1,8,9,-1,1,sum,W,17,1,8,2,2,1,0,0,6,8,8
15,quark_up_G3,B,-1,1,20,2,3,1,8,8,-1,1,product,S,64,7,1,0,1,1,0,0,6,9,8
15,quark_up_G3,B,-1,1,21,3,3,1,9,8,-1,1,torsion,STAY,9,0,9,3,0,1,0,1,6,9,8
15,quark_up_G3,B,-1,1,22,4,3,1,9,8,-1,1,sum,W,17,1,8,2,2,1,0,0,7,9,7
15,quark_up_G3,B,-1,1,23,5,3,1,9,7,-1,1,product,S,63,6,9,3,0,1,0,0,6,1,7
15,quark_up_G3,B,-1,1,24,6,3,1,1,7,-1,1,torsion,STAY,9,0,9,3,0,1,0,0,6,1,7
15,quark_up_G3,B,-1,1,25,7,3,1,1,7,-1,1,sum,W,8,0,8,2,2,1,0,0,6,1,6
15,quark_up_G3,B,-1,1,26,8,3,1,1,6,-1,1,product,S,6,0,6,2,0,1,0,0,6,2,6
15,quark_up_G3,B,-1,1,27,9,3,1,2,6,-1,1,torsion,STAY,9,0,9,3,0,1,1,0,6,2,6
15,quark_up_G3,B,-1,1,28,1,4,2,2,6,1,-1,sum,E,8,0,8,2,2,-1,0,0,6,2,7
15,quark_up_G3,B,-1,1,29,2,4,2,2,7,1,-1,product,N,14,1,5,1,2,-1,0,0,6,1,7
15,quark_up_G3,B,-1,1,30,3,4,2,1,7,1,-1,torsion,STAY,9,0,9,3,0,-1,0,0,6,1,7
15,quark_up_G3,B,-1,1,31,4,4,2,1,7,1,-1,sum,E,8,0,8,2,2,-1,0,0,6,1,8
15,quark_up_G3,B,-1,1,32,5,4,2,1,8,1,-1,product,N,8,0,8,2,2,-1,0,0,6,9,8
15,quark_up_G3,B,-1,1,33,6,4,2,9,8,1,-1,torsion,STAY,9,0,9,3,0,-1,0,0,6,9,8
15,quark_up_G3,B,-1,1,34,7,4,2,9,8,1,-1,sum,E,17,1,8,2,2,-1,0,0,6,9,9
15,quark_up_G3,B,-1,1,35,8,4,2,9,9,1,-1,product,N,81,8,9,3,0,-1,0,0,6,8,9
15,quark_up_G3,B,-1,1,36,9,4,2,8,9,1,-1,torsion,STAY,9,0,9,3,0,-1,0,0,6,8,9
15,quark_up_G3,B,-1,1,37,1,5,2,8,9,1,-1,sum,E,17,1,8,2,2,-1,0,0,6,8,1
15,quark_up_G3,B,-1,1,38,2,5,2,8,1,1,-1,product,N,8,0,8,2,2,-1,0,0,6,7,1
15,quark_up_G3,B,-1,1,39,3,5,2,7,1,1,-1,torsion,STAY,9,0,9,3,0,-1,0,0,6,7,1
15,quark_up_G3,B,-1,1,40,4,5,2,7,1,1,-1,sum,E,8,0,8,2,2,-1,0,0,6,7,2
15,quark_up_G3,B,-1,1,41,5,5,2,7,2,1,-1,product,N,14,1,5,1,2,-1,0,0,6,6,2
15,quark_up_G3,B,-1,1,42,6,5,2,6,2,1,-1,torsion,STAY,9,0,9,3,0,-1,0,0,6,6,2
15,quark_up_G3,B,-1,1,43,7,5,2,6,2,1,-1,sum,E,8,0,8,2,2,-1,0,1,6,6,3
15,quark_up_G3,B,-1,1,44,8,5,2,6,3,1,-1,product,N,18,1,9,3,0,-1,0,0,7,5,3
15,quark_up_G3,B,-1,1,45,9,5,2,5,3,1,-1,torsion,STAY,9,0,9,3,0,-1,0,0,6,5,3
15,quark_up_G3,B,-1,1,46,1,6,2,5,3,1,-1,sum,E,8,0,8,2,2,-1,0,0,6,5,4
15,quark_up_G3,B,-1,1,47,2,6,2,5,4,1,-1,product,N,20,2,2,0,2,-1,0,0,6,4,4
15,quark_up_G3,B,-1,1,48,3,6,2,4,4,1,-1,torsion,STAY,9,0,9,3,0,-1,0,0,6,4,4
15,quark_up_G3,B,-1,1,49,4,6,2,4,4,1,-1,sum,E,8,0,8,2,2,-1,0,0,6,4,5
15,quark_up_G3,B,-1,1,50,5,6,2,4,5,1,-1,product,N,20,2,2,0,2,-1,0,0,6,3,5
15,quark_up_G3,B,-1,1,51,6,6,2,3,5,1,-1,torsion,STAY,9,0,9,3,0,-1,0,0,6,3,5
15,quark_up_G3,B,-1,1,52,7,6,2,3,5,1,-1,sum,E,8,0,8,2,2,-1,0,0,6,3,6
15,quark_up_G3,B,-1,1,53,8,6,2,3,6,1,-1,product,N,18,1,9,3,0,-1,0,0,6,2,6
15,quark_up_G3,B,-1,1,54,9,6,2,2,6,1,-1,torsion,STAY,9,0,9,3,0,-1,1,0,6,2,6
15,quark_up_G3,B,-1,1,55,1,7,3,2,6,-1,1,sum,W,8,0,8,2,2,1,0,0,6,2,5
15,quark_up_G3,B,-1,1,56,2,7,3,2,5,-1,1,product,S,10,1,1,0,1,1,0,0,6,3,5
15,quark_up_G3,B,-1,1,57,3,7,3,3,5,-1,1,torsion,STAY,9,0,9,3,0,1,0,0,6,3,5
15,quark_up_G3,B,-1,1,58,4,7,3,3,5,-1,1,sum,W,8,0,8,2,2,1,0,0,6,3,4
15,quark_up_G3,B,-1,1,59,5,7,3,3,4,-1,1,product,S,12,1,3,1,0,1,0,0,6,4,4
15,quark_up_G3,B,-1,1,60,6,7,3,4,4,-1,1,torsion,STAY,9,0,9,3,0,1,0,0,6,4,4
15,quark_up_G3,B,-1,1,61,7,7,3,4,4,-1,1,sum,W,8,0,8,2,2,1,0,0,6,4,3
15,quark_up_G3,B,-1,1,62,8,7,3,4,3,-1,1,product,S,12,1,3,1,0,1,0,0,6,5,3
15,quark_up_G3,B,-1,1,63,9,7,3,5,3,-1,1,torsion,STAY,9,0,9,3,0,1,0,0,6,5,3
15,quark_up_G3,B,-1,1,64,1,8,3,5,3,-1,1,sum,W,8,0,8,2,2,1,0,0,6,5,2
15,quark_up_G3,B,-1,1,65,2,8,3,5,2,-1,1,product,S,10,1,1,0,1,1,0,1,6,6,2
15,quark_up_G3,B,-1,1,66,3,8,3,6,2,-1,1,torsion,STAY,9,0,9,3,0,1,0,0,7,6,2
15,quark_up_G3,B,-1,1,67,4,8,3,6,2,-1,1,sum,W,8,0,8,2,2,1,0,0,6,6,1
15,quark_up_G3,B,-1,1,68,5,8,3,6,1,-1,1,product,S,6,0,6,2,0,1,0,0,6,7,1
15,quark_up_G3,B,-1,1,69,6,8,3,7,1,-1,1,torsion,STAY,9,0,9,3,0,1,0,0,6,7,1
15,quark_up_G3,B,-1,1,70,7,8,3,7,1,-1,1,sum,W,8,0,8,2,2,1,0,0,6,7,9
15,quark_up_G3,B,-1,1,71,8,8,3,7,9,-1,1,product,S,63,6,9,3,0,1,0,0,6,8,9
15,quark_up_G3,B,-1,1,72,9,8,3,8,9,-1,1,torsion,STAY,9,0,9,3,0,1,0,0,6,8,9
15,quark_up_G3,B,-1,1,73,1,9,3,8,9,-1,1,sum,W,17,1,8,2,2,1,0,0,6,8,8
15,quark_up_G3,B,-1,1,74,2,9,3,8,8,-1,1,product,S,64,7,1,0,1,1,0,0,6,9,8
15,quark_up_G3,B,-1,1,75,3,9,3,9,8,-1,1,torsion,STAY,9,0,9,3,0,1,0,0,6,9,8
15,quark_up_G3,B,-1,1,76,4,9,3,9,8,-1,1,sum,W,17,1,8,2,2,1,0,0,6,9,7
15,quark_up_G3,B,-1,1,77,5,9,3,9,7,-1,1,product,S,63,6,9,3,0,1,0,0,6,1,7
15,quark_up_G3,B,-1,1,78,6,9,3,1,7,-1,1,torsion,STAY,9,0,9,3,0,1,0,0,6,1,7
15,quark_up_G3,B,-1,1,79,7,9,3,1,7,-1,1,sum,W,8,0,8,2,2,1,0,0,6,1,6
15,quark_up_G3,B,-1,1,80,8,9,3,1,6,-1,1,product,S,6,0,6,2,0,1,0,0,6,2,6
15,quark_up_G3,B,-1,1,81,9,9,3,2,6,-1,1,torsion,STAY,9,0,9,3,0,1,1,0,6,2,6
15,quark_up_G3,B,-1,1,82,1,10,4,2,6,1,-1,sum,E,8,0,8,2,2,-1,0,0,6,2,7
15,quark_up_G3,B,-1,1,83,2,10,4,2,7,1,-1,product,N,14,1,5,1,2,-1,0,0,6,1,7
15,quark_up_G3,B,-1,1,84,3,10,4,1,7,1,-1,torsion,STAY,9,0,9,3,0,-1,0,0,6,1,7
15,quark_up_G3,B,-1,1,85,4,10,4,1,7,1,-1,sum,E,8,0,8,2,2,-1,0,0,6,1,8
15,quark_up_G3,B,-1,1,86,5,10,4,1,8,1,-1,product,N,8,0,8,2,2,-1,0,0,6,9,8
15,quark_up_G3,B,-1,1,87,6,10,4,9,8,1,-1,torsion,STAY,9,0,9,3,0,-1,0,1,6,9,8
15,quark_up_G3,B,-1,1,88,7,10,4,9,8,1,-1,sum,E,17,1,8,2,2,-1,0,0,7,9,9
15,quark_up_G3,B,-1,1,89,8,10,4,9,9,1,-1,product,N,81,8,9,3,0,-1,0,0,6,8,9
15,quark_up_G3,B,-1,1,90,9,10,4,8,9,1,-1,torsion,STAY,9,0,9,3,0,-1,0,0,6,8,9
15,quark_up_G3,B,-1,1,91,1,11,4,8,9,1,-1,sum,E,17,1,8,2,2,-1,0,0,6,8,1
15,quark_up_G3,B,-1,1,92,2,11,4,8,1,1,-1,product,N,8,0,8,2,2,-1,0,0,6,7,1
15,quark_up_G3,B,-1,1,93,3,11,4,7,1,1,-1,torsion,STAY,9,0,9,3,0,-1,0,0,6,7,1
15,quark_up_G3,B,-1,1,94,4,11,4,7,1,1,-1,sum,E,8,0,8,2,2,-1,0,0,6,7,2
15,quark_up_G3,B,-1,1,95,5,11,4,7,2,1,-1,product,N,14,1,5,1,2,-1,0,0,6,6,2
15,quark_up_G3,B,-1,1,96,6,11,4,6,2,1,-1,torsion,STAY,9,0,9,3,0,-1,0,0,6,6,2
15,quark_up_G3,B,-1,1,97,7,11,4,6,2,1,-1,sum,E,8,0,8,2,2,-1,0,0,6,6,3
15,quark_up_G3,B,-1,1,98,8,11,4,6,3,1,-1,product,N,18,1,9,3,0,-1,0,0,6,5,3
15,quark_up_G3,B,-1,1,99,9,11,4,5,3,1,-1,torsion,STAY,9,0,9,3,0,-1,0,0,6,5,3
15,quark_up_G3,B,-1,1,100,1,12,4,5,3,1,-1,sum,E,8,0,8,2,2,-1,0,0,6,5,4
15,quark_up_G3,B,-1,1,101,2,12,4,5,4,1,-1,product,N,20,2,2,0,2,-1,0,0,6,4,4
15,quark_up_G3,B,-1,1,102,3,12,4,4,4,1,-1,torsion,STAY,9,0,9,3,0,-1,0,0,6,4,4
15,quark_up_G3,B,-1,1,103,4,12,4,4,4,1,-1,sum,E,8,0,8,2,2,-1,0,0,6,4,5
15,quark_up_G3,B,-1,1,104,5,12,4,4,5,1,-1,product,N,20,2,2,0,2,-1,0,0,6,3,5
15,quark_up_G3,B,-1,1,105,6,12,4,3,5,1,-1,torsion,STAY,9,0,9,3,0,-1,0,0,6,3,5
15,quark_up_G3,B,-1,1,106,7,12,4,3,5,1,-1,sum,E,8,0,8,2,2,-1,0,0,6,3,6
15,quark_up_G3,B,-1,1,107,8,12,4,3,6,1,-1,product,N,18,1,9,3,0,-1,0,0,6,2,6
15,quark_up_G3,B,-1,1,108,9,12,4,2,6,1,-1,torsion,STAY,9,0,9,3,0,-1,1,0,6,2,6
16,quark_down_G3,G,-1,1,1,1,1,1,2,7,-1,1,sum,W,9,0,9,3,0,1,0,0,7,2,6
16,quark_down_G3,G,-1,1,2,2,1,1,2,6,-1,1,product,S,12,1,3,1,0,1,0,0,6,3,6
16,quark_down_G3,G,-1,1,3,3,1,1,3,6,-1,1,torsion,STAY,9,0,9,3,0,1,0,0,6,3,6
16,quark_down_G3,G,-1,1,4,4,1,1,3,6,-1,1,sum,W,9,0,9,3,0,1,0,0,6,3,5
16,quark_down_G3,G,-1,1,5,5,1,1,3,5,-1,1,product,S,15,1,6,2,0,1,0,0,6,4,5
16,quark_down_G3,G,-1,1,6,6,1,1,4,5,-1,1,torsion,STAY,9,0,9,3,0,1,0,0,6,4,5
16,quark_down_G3,G,-1,1,7,7,1,1,4,5,-1,1,sum,W,9,0,9,3,0,1,0,0,6,4,4
16,quark_down_G3,G,-1,1,8,8,1,1,4,4,-1,1,product,S,16,1,7,2,1,1,0,0,6,5,4
16,quark_down_G3,G,-1,1,9,9,1,1,5,4,-1,1,torsion,STAY,9,0,9,3,0,1,0,0,6,5,4
16,quark_down_G3,G,-1,1,10,1,2,1,5,4,-1,1,sum,W,9,0,9,3,0,1,0,0,6,5,3
16,quark_down_G3,G,-1,1,11,2,2,1,5,3,-1,1,product,S,15,1,6,2,0,1,0,0,6,6,3
16,quark_down_G3,G,-1,1,12,3,2,1,6,3,-1,1,torsion,STAY,9,0,9,3,0,1,0,0,6,6,3
16,quark_down_G3,G,-1,1,13,4,2,1,6,3,-1,1,sum,W,9,0,9,3,0,1,0,0,6,6,2
16,quark_down_G3,G,-1,1,14,5,2,1,6,2,-1,1,product,S,12,1,3,1,0,1,0,0,6,7,2
16,quark_down_G3,G,-1,1,15,6,2,1,7,2,-1,1,torsion,STAY,9,0,9,3,0,1,0,0,6,7,2
16,quark_down_G3,G,-1,1,16,7,2,1,7,2,-1,1,sum,W,9,0,9,3,0,1,0,0,6,7,1
16,quark_down_G3,G,-1,1,17,8,2,1,7,1,-1,1,product,S,7,0,7,2,1,1,0,0,6,8,1
16,quark_down_G3,G,-1,1,18,9,2,1,8,1,-1,1,torsion,STAY,9,0,9,3,0,1,0,0,6,8,1
16,quark_down_G3,G,-1,1,19,1,3,1,8,1,-1,1,sum,W,9,0,9,3,0,1,0,0,6,8,9
16,quark_down_G3,G,-1,1,20,2,3,1,8,9,-1,1,product,S,72,7,9,3,0,1,0,0,6,9,9
16,quark_down_G3,G,-1,1,21,3,3,1,9,9,-1,1,torsion,STAY,9,0,9,3,0,1,0,1,6,9,9
16,quark_down_G3,G,-1,1,22,4,3,1,9,9,-1,1,sum,W,18,1,9,3,0,1,0,0,7,9,8
16,quark_down_G3,G,-1,1,23,5,3,1,9,8,-1,1,product,S,72,7,9,3,0,1,0,0,6,1,8
16,quark_down_G3,G,-1,1,24,6,3,1,1,8,-1,1,torsion,STAY,9,0,9,3,0,1,0,0,6,1,8
16,quark_down_G3,G,-1,1,25,7,3,1,1,8,-1,1,sum,W,9,0,9,3,0,1,0,0,6,1,7
16,quark_down_G3,G,-1,1,26,8,3,1,1,7,-1,1,product,S,7,0,7,2,1,1,0,0,6,2,7
16,quark_down_G3,G,-1,1,27,9,3,1,2,7,-1,1,torsion,STAY,9,0,9,3,0,1,1,0,6,2,7
16,quark_down_G3,G,-1,1,28,1,4,2,2,7,1,-1,sum,E,9,0,9,3,0,-1,0,0,6,2,8
16,quark_down_G3,G,-1,1,29,2,4,2,2,8,1,-1,product,N,16,1,7,2,1,-1,0,0,6,1,8
16,quark_down_G3,G,-1,1,30,3,4,2,1,8,1,-1,torsion,STAY,9,0,9,3,0,-1,0,0,6,1,8
16,quark_down_G3,G,-1,1,31,4,4,2,1,8,1,-1,sum,E,9,0,9,3,0,-1,0,0,6,1,9
16,quark_down_G3,G,-1,1,32,5,4,2,1,9,1,-1,product,N,9,0,9,3,0,-1,0,0,6,9,9
16,quark_down_G3,G,-1,1,33,6,4,2,9,9,1,-1,torsion,STAY,9,0,9,3,0,-1,0,0,6,9,9
16,quark_down_G3,G,-1,1,34,7,4,2,9,9,1,-1,sum,E,18,1,9,3,0,-1,0,0,6,9,1
16,quark_down_G3,G,-1,1,35,8,4,2,9,1,1,-1,product,N,9,0,9,3,0,-1,0,0,6,8,1
16,quark_down_G3,G,-1,1,36,9,4,2,8,1,1,-1,torsion,STAY,9,0,9,3,0,-1,0,0,6,8,1
16,quark_down_G3,G,-1,1,37,1,5,2,8,1,1,-1,sum,E,9,0,9,3,0,-1,0,0,6,8,2
16,quark_down_G3,G,-1,1,38,2,5,2,8,2,1,-1,product,N,16,1,7,2,1,-1,0,0,6,7,2
16,quark_down_G3,G,-1,1,39,3,5,2,7,2,1,-1,torsion,STAY,9,0,9,3,0,-1,0,0,6,7,2
16,quark_down_G3,G,-1,1,40,4,5,2,7,2,1,-1,sum,E,9,0,9,3,0,-1,0,0,6,7,3
16,quark_down_G3,G,-1,1,41,5,5,2,7,3,1,-1,product,N,21,2,3,1,0,-1,0,0,6,6,3
16,quark_down_G3,G,-1,1,42,6,5,2,6,3,1,-1,torsion,STAY,9,0,9,3,0,-1,0,0,6,6,3
16,quark_down_G3,G,-1,1,43,7,5,2,6,3,1,-1,sum,E,9,0,9,3,0,-1,0,1,6,6,4
16,quark_down_G3,G,-1,1,44,8,5,2,6,4,1,-1,product,N,24,2,6,2,0,-1,0,0,7,5,4
16,quark_down_G3,G,-1,1,45,9,5,2,5,4,1,-1,torsion,STAY,9,0,9,3,0,-1,0,0,6,5,4
16,quark_down_G3,G,-1,1,46,1,6,2,5,4,1,-1,sum,E,9,0,9,3,0,-1,0,0,6,5,5
16,quark_down_G3,G,-1,1,47,2,6,2,5,5,1,-1,product,N,25,2,7,2,1,-1,0,0,6,4,5
16,quark_down_G3,G,-1,1,48,3,6,2,4,5,1,-1,torsion,STAY,9,0,9,3,0,-1,0,0,6,4,5
16,quark_down_G3,G,-1,1,49,4,6,2,4,5,1,-1,sum,E,9,0,9,3,0,-1,0,0,6,4,6
16,quark_down_G3,G,-1,1,50,5,6,2,4,6,1,-1,product,N,24,2,6,2,0,-1,0,0,6,3,6
16,quark_down_G3,G,-1,1,51,6,6,2,3,6,1,-1,torsion,STAY,9,0,9,3,0,-1,0,0,6,3,6
16,quark_down_G3,G,-1,1,52,7,6,2,3,6,1,-1,sum,E,9,0,9,3,0,-1,0,0,6,3,7
16,quark_down_G3,G,-1,1,53,8,6,2,3,7,1,-1,product,N,21,2,3,1,0,-1,0,0,6,2,7
16,quark_down_G3,G,-1,1,54,9,6,2,2,7,1,-1,torsion,STAY,9,0,9,3,0,-1,1,0,6,2,7
16,quark_down_G3,G,-1,1,55,1,7,3,2,7,-1,1,sum,W,9,0,9,3,0,1,0,0,6,2,6
16,quark_down_G3,G,-1,1,56,2,7,3,2,6,-1,1,product,S,12,1,3,1,0,1,0,0,6,3,6
16,quark_down_G3,G,-1,1,57,3,7,3,3,6,-1,1,torsion,STAY,9,0,9,3,0,1,0,0,6,3,6
16,quark_down_G3,G,-1,1,58,4,7,3,3,6,-1,1,sum,W,9,0,9,3,0,1,0,0,6,3,5
16,quark_down_G3,G,-1,1,59,5,7,3,3,5,-1,1,product,S,15,1,6,2,0,1,0,0,6,4,5
16,quark_down_G3,G,-1,1,60,6,7,3,4,5,-1,1,torsion,STAY,9,0,9,3,0,1,0,0,6,4,5
16,quark_down_G3,G,-1,1,61,7,7,3,4,5,-1,1,sum,W,9,0,9,3,0,1,0,0,6,4,4
16,quark_down_G3,G,-1,1,62,8,7,3,4,4,-1,1,product,S,16,1,7,2,1,1,0,0,6,5,4
16,quark_down_G3,G,-1,1,63,9,7,3,5,4,-1,1,torsion,STAY,9,0,9,3,0,1,0,0,6,5,4
16,quark_down_G3,G,-1,1,64,1,8,3,5,4,-1,1,sum,W,9,0,9,3,0,1,0,0,6,5,3
16,quark_down_G3,G,-1,1,65,2,8,3,5,3,-1,1,product,S,15,1,6,2,0,1,0,1,6,6,3
16,quark_down_G3,G,-1,1,66,3,8,3,6,3,-1,1,torsion,STAY,9,0,9,3,0,1,0,0,7,6,3
16,quark_down_G3,G,-1,1,67,4,8,3,6,3,-1,1,sum,W,9,0,9,3,0,1,0,0,6,6,2
16,quark_down_G3,G,-1,1,68,5,8,3,6,2,-1,1,product,S,12,1,3,1,0,1,0,0,6,7,2
16,quark_down_G3,G,-1,1,69,6,8,3,7,2,-1,1,torsion,STAY,9,0,9,3,0,1,0,0,6,7,2
16,quark_down_G3,G,-1,1,70,7,8,3,7,2,-1,1,sum,W,9,0,9,3,0,1,0,0,6,7,1
16,quark_down_G3,G,-1,1,71,8,8,3,7,1,-1,1,product,S,7,0,7,2,1,1,0,0,6,8,1
16,quark_down_G3,G,-1,1,72,9,8,3,8,1,-1,1,torsion,STAY,9,0,9,3,0,1,0,0,6,8,1
16,quark_down_G3,G,-1,1,73,1,9,3,8,1,-1,1,sum,W,9,0,9,3,0,1,0,0,6,8,9
16,quark_down_G3,G,-1,1,74,2,9,3,8,9,-1,1,product,S,72,7,9,3,0,1,0,0,6,9,9
16,quark_down_G3,G,-1,1,75,3,9,3,9,9,-1,1,torsion,STAY,9,0,9,3,0,1,0,0,6,9,9
16,quark_down_G3,G,-1,1,76,4,9,3,9,9,-1,1,sum,W,18,1,9,3,0,1,0,0,6,9,8
16,quark_down_G3,G,-1,1,77,5,9,3,9,8,-1,1,product,S,72,7,9,3,0,1,0,0,6,1,8
16,quark_down_G3,G,-1,1,78,6,9,3,1,8,-1,1,torsion,STAY,9,0,9,3,0,1,0,0,6,1,8
16,quark_down_G3,G,-1,1,79,7,9,3,1,8,-1,1,sum,W,9,0,9,3,0,1,0,0,6,1,7
16,quark_down_G3,G,-1,1,80,8,9,3,1,7,-1,1,product,S,7,0,7,2,1,1,0,0,6,2,7
16,quark_down_G3,G,-1,1,81,9,9,3,2,7,-1,1,torsion,STAY,9,0,9,3,0,1,1,0,6,2,7
16,quark_down_G3,G,-1,1,82,1,10,4,2,7,1,-1,sum,E,9,0,9,3,0,-1,0,0,6,2,8
16,quark_down_G3,G,-1,1,83,2,10,4,2,8,1,-1,product,N,16,1,7,2,1,-1,0,0,6,1,8
16,quark_down_G3,G,-1,1,84,3,10,4,1,8,1,-1,torsion,STAY,9,0,9,3,0,-1,0,0,6,1,8
16,quark_down_G3,G,-1,1,85,4,10,4,1,8,1,-1,sum,E,9,0,9,3,0,-1,0,0,6,1,9
16,quark_down_G3,G,-1,1,86,5,10,4,1,9,1,-1,product,N,9,0,9,3,0,-1,0,0,6,9,9
16,quark_down_G3,G,-1,1,87,6,10,4,9,9,1,-1,torsion,STAY,9,0,9,3,0,-1,0,1,6,9,9
16,quark_down_G3,G,-1,1,88,7,10,4,9,9,1,-1,sum,E,18,1,9,3,0,-1,0,0,7,9,1
16,quark_down_G3,G,-1,1,89,8,10,4,9,1,1,-1,product,N,9,0,9,3,0,-1,0,0,6,8,1
16,quark_down_G3,G,-1,1,90,9,10,4,8,1,1,-1,torsion,STAY,9,0,9,3,0,-1,0,0,6,8,1
16,quark_down_G3,G,-1,1,91,1,11,4,8,1,1,-1,sum,E,9,0,9,3,0,-1,0,0,6,8,2
16,quark_down_G3,G,-1,1,92,2,11,4,8,2,1,-1,product,N,16,1,7,2,1,-1,0,0,6,7,2
16,quark_down_G3,G,-1,1,93,3,11,4,7,2,1,-1,torsion,STAY,9,0,9,3,0,-1,0,0,6,7,2
16,quark_down_G3,G,-1,1,94,4,11,4,7,2,1,-1,sum,E,9,0,9,3,0,-1,0,0,6,7,3
16,quark_down_G3,G,-1,1,95,5,11,4,7,3,1,-1,product,N,21,2,3,1,0,-1,0,0,6,6,3
16,quark_down_G3,G,-1,1,96,6,11,4,6,3,1,-1,torsion,STAY,9,0,9,3,0,-1,0,0,6,6,3
16,quark_down_G3,G,-1,1,97,7,11,4,6,3,1,-1,sum,E,9,0,9,3,0,-1,0,0,6,6,4
16,quark_down_G3,G,-1,1,98,8,11,4,6,4,1,-1,product,N,24,2,6,2,0,-1,0,0,6,5,4
16,quark_down_G3,G,-1,1,99,9,11,4,5,4,1,-1,torsion,STAY,9,0,9,3,0,-1,0,0,6,5,4
16,quark_down_G3,G,-1,1,100,1,12,4,5,4,1,-1,sum,E,9,0,9,3,0,-1,0,0,6,5,5
16,quark_down_G3,G,-1,1,101,2,12,4,5,5,1,-1,product,N,25,2,7,2,1,-1,0,0,6,4,5
16,quark_down_G3,G,-1,1,102,3,12,4,4,5,1,-1,torsion,STAY,9,0,9,3,0,-1,0,0,6,4,5
16,quark_down_G3,G,-1,1,103,4,12,4,4,5,1,-1,sum,E,9,0,9,3,0,-1,0,0,6,4,6
16,quark_down_G3,G,-1,1,104,5,12,4,4,6,1,-1,product,N,24,2,6,2,0,-1,0,0,6,3,6
16,quark_down_G3,G,-1,1,105,6,12,4,3,6,1,-1,torsion,STAY,9,0,9,3,0,-1,0,0,6,3,6
16,quark_down_G3,G,-1,1,106,7,12,4,3,6,1,-1,sum,E,9,0,9,3,0,-1,0,0,6,3,7
16,quark_down_G3,G,-1,1,107,8,12,4,3,7,1,-1,product,N,21,2,3,1,0,-1,0,0,6,2,7
16,quark_down_G3,G,-1,1,108,9,12,4,2,7,1,-1,torsion,STAY,9,0,9,3,0,-1,1,0,6,2,7
17,quark_up_G3,R,-1,-1,1,1,1,1,2,8,-1,-1,sum,W,10,1,1,0,1,1,0,0,7,2,7
17,quark_up_G3,R,-1,-1,2,2,1,1,2,7,-1,-1,product,N,14,1,5,1,2,1,0,0,6,1,7
17,quark_up_G3,R,-1,-1,3,3,1,1,1,7,-1,-1,torsion,STAY,9,0,9,3,0,1,0,0,6,1,7
17,quark_up_G3,R,-1,-1,4,4,1,1,1,7,-1,-1,sum,W,8,0,8,2,2,1,0,0,6,1,6
17,quark_up_G3,R,-1,-1,5,5,1,1,1,6,-1,-1,product,N,6,0,6,2,0,1,0,0,6,9,6
17,quark_up_G3,R,-1,-1,6,6,1,1,9,6,-1,-1,torsion,STAY,9,0,9,3,0,1,0,0,6,9,6
17,quark_up_G3,R,-1,-1,7,7,1,1,9,6,-1,-1,sum,W,15,1,6,2,0,1,0,0,6,9,5
17,quark_up_G3,R,-1,-1,8,8,1,1,9,5,-1,-1,product,N,45,4,9,3,0,1,0,0,6,8,5
17,quark_up_G3,R,-1,-1,9,9,1,1,8,5,-1,-1,torsion,STAY,9,0,9,3,0,1,0,0,6,8,5
17,quark_up_G3,R,-1,-1,10,1,2,1,8,5,-1,-1,sum,W,13,1,4,1,1,1,0,0,6,8,4
17,quark_up_G3,R,-1,-1,11,2,2,1,8,4,-1,-1,product,N,32,3,5,1,2,1,0,0,6,7,4
17,quark_up_G3,R,-1,-1,12,3,2,1,7,4,-1,-1,torsion,STAY,9,0,9,3,0,1,0,0,6,7,4
17,quark_up_G3,R,-1,-1,13,4,2,1,7,4,-1,-1,sum,W,11,1,2,0,2,1,0,0,6,7,3
17,quark_up_G3,R,-1,-1,14,5,2,1,7,3,-1,-1,product,N,21,2,3,1,0,1,0,0,6,6,3
17,quark_up_G3,R,-1,-1,15,6,2,1,6,3,-1,-1,torsion,STAY,9,0,9,3,0,1,0,0,6,6,3
17,quark_up_G3,R,-1,-1,16,7,2,1,6,3,-1,-1,sum,W,9,0,9,3,0,1,0,0,6,6,2
17,quark_up_G3,R,-1,-1,17,8,2,1,6,2,-1,-1,product,N,12,1,3,1,0,1,0,0,6,5,2
17,quark_up_G3,R,-1,-1,18,9,2,1,5,2,-1,-1,torsion,STAY,9,0,9,3,0,1,0,0,6,5,2
17,quark_up_G3,R,-1,-1,19,1,3,1,5,2,-1,-1,sum,W,7,0,7,2,1,1,0,0,6,5,1
17,quark_up_G3,R,-1,-1,20,2,3,1,5,1,-1,-1,product,N,5,0,5,1,2,1,0,0,6,4,1
17,quark_up_G3,R,-1,-1,21,3,3,1,4,1,-1,-1,torsion,STAY,9,0,9,3,0,1,0,1,6,4,1
17,quark_up_G3,R,-1,-1,22,4,3,1,4,1,-1,-1,sum,W,5,0,5,1,2,1,0,0,7,4,9
17,quark_up_G3,R,-1,-1,23,5,3,1,4,9,-1,-1,product,N,36,3,9,3,0,1,0,0,6,3,9
17,quark_up_G3,R,-1,-1,24,6,3,1,3,9,-1,-1,torsion,STAY,9,0,9,3,0,1,0,0,6,3,9
17,quark_up_G3,R,-1,-1,25,7,3,1,3,9,-1,-1,sum,W,12,1,3,1,0,1,0,0,6,3,8
17,quark_up_G3,R,-1,-1,26,8,3,1,3,8,-1,-1,product,N,24,2,6,2,0,1,0,0,6,2,8
17,quark_up_G3,R,-1,-1,27,9,3,1,2,8,-1,-1,torsion,STAY,9,0,9,3,0,1,1,0,6,2,8
17,quark_up_G3,R,-1,-1,28,1,4,2,2,8,1,1,sum,E,10,1,1,0,1,-1,0,0,6,2,9
17,quark_up_G3,R,-1,-1,29,2,4,2,2,9,1,1,product,S,18,1,9,3,0,-1,0,0,6,3,9
17,quark_up_G3,R,-1,-1,30,3,4,2,3,9,1,1,torsion,STAY,9,0,9,3,0,-1,0,0,6,3,9
17,quark_up_G3,R,-1,-1,31,4,4,2,3,9,1,1,sum,E,12,1,3,1,0,-1,0,0,6,3,1
17,quark_up_G3,R,-1,-1,32,5,4,2,3,1,1,1,product,S,3,0,3,1,0,-1,0,0,6,4,1
17,quark_up_G3,R,-1,-1,33,6,4,2,4,1,1,1,torsion,STAY,9,0,9,3,0,-1,0,0,6,4,1
17,quark_up_G3,R,-1,-1,34,7,4,2,4,1,1,1,sum,E,5,0,5,1,2,-1,0,0,6,4,2
17,quark_up_G3,R,-1,-1,35,8,4,2,4,2,1,1,product,S,8,0,8,2,2,-1,0,0,6,5,2
17,quark_up_G3,R,-1,-1,36,9,4,2,5,2,1,1,torsion,STAY,9,0,9,3,0,-1,0,0,6,5,2
17,quark_up_G3,R,-1,-1,37,1,5,2,5,2,1,1,sum,E,7,0,7,2,1,-1,0,0,6,5,3
17,quark_up_G3,R,-1,-1,38,2,5,2,5,3,1,1,product,S,15,1,6,2,0,-1,0,0,6,6,3
17,quark_up_G3,R,-1,-1,39,3,5,2,6,3,1,1,torsion,STAY,9,0,9,3,0,-1,0,0,6,6,3
17,quark_up_G3,R,-1,-1,40,4,5,2,6,3,1,1,sum,E,9,0,9,3,0,-1,0,0,6,6,4
17,quark_up_G3,R,-1,-1,41,5,5,2,6,4,1,1,product,S,24,2,6,2,0,-1,0,0,6,7,4
17,quark_up_G3,R,-1,-1,42,6,5,2,7,4,1,1,torsion,STAY,9,0,9,3,0,-1,0,0,6,7,4
17,quark_up_G3,R,-1,-1,43,7,5,2,7,4,1,1,sum,E,11,1,2,0,2,-1,0,1,6,7,5
17,quark_up_G3,R,-1,-1,44,8,5,2,7,5,1,1,product,S,35,3,8,2,2,-1,0,0,7,8,5
17,quark_up_G3,R,-1,-1,45,9,5,2,8,5,1,1,torsion,STAY,9,0,9,3,0,-1,0,0,6,8,5
17,quark_up_G3,R,-1,-1,46,1,6,2,8,5,1,1,sum,E,13,1,4,1,1,-1,0,0,6,8,6
17,quark_up_G3,R,-1,-1,47,2,6,2,8,6,1,1,product,S,48,5,3,1,0,-1,0,0,6,9,6
17,quark_up_G3,R,-1,-1,48,3,6,2,9,6,1,1,torsion,STAY,9,0,9,3,0,-1,0,0,6,9,6
17,quark_up_G3,R,-1,-1,49,4,6,2,9,6,1,1,sum,E,15,1,6,2,0,-1,0,0,6,9,7
17,quark_up_G3,R,-1,-1,50,5,6,2,9,7,1,1,product,S,63,6,9,3,0,-1,0,0,6,1,7
17,quark_up_G3,R,-1,-1,51,6,6,2,1,7,1,1,torsion,STAY,9,0,9,3,0,-1,0,0,6,1,7
17,quark_up_G3,R,-1,-1,52,7,6,2,1,7,1,1,sum,E,8,0,8,2,2,-1,0,0,6,1,8
17,quark_up_G3,R,-1,-1,53,8,6,2,1,8,1,1,product,S,8,0,8,2,2,-1,0,0,6,2,8
17,quark_up_G3,R,-1,-1,54,9,6,2,2,8,1,1,torsion,STAY,9,0,9,3,0,-1,1,0,6,2,8
17,quark_up_G3,R,-1,-1,55,1,7,3,2,8,-1,-1,sum,W,10,1,1,0,1,1,0,0,6,2,7
17,quark_up_G3,R,-1,-1,56,2,7,3,2,7,-1,-1,product,N,14,1,5,1,2,1,0,0,6,1,7
17,quark_up_G3,R,-1,-1,57,3,7,3,1,7,-1,-1,torsion,STAY,9,0,9,3,0,1,0,0,6,1,7
17,quark_up_G3,R,-1,-1,58,4,7,3,1,7,-1,-1,sum,W,8,0,8,2,2,1,0,0,6,1,6
17,quark_up_G3,R,-1,-1,59,5,7,3,1,6,-1,-1,product,N,6,0,6,2,0,1,0,0,6,9,6
17,quark_up_G3,R,-1,-1,60,6,7,3,9,6,-1,-1,torsion,STAY,9,0,9,3,0,1,0,0,6,9,6
17,quark_up_G3,R,-1,-1,61,7,7,3,9,6,-1,-1,sum,W,15,1,6,2,0,1,0,0,6,9,5
17,quark_up_G3,R,-1,-1,62,8,7,3,9,5,-1,-1,product,N,45,4,9,3,0,1,0,0,6,8,5
17,quark_up_G3,R,-1,-1,63,9,7,3,8,5,-1,-1,torsion,STAY,9,0,9,3,0,1,0,0,6,8,5
17,quark_up_G3,R,-1,-1,64,1,8,3,8,5,-1,-1,sum,W,13,1,4,1,1,1,0,0,6,8,4
17,quark_up_G3,R,-1,-1,65,2,8,3,8,4,-1,-1,product,N,32,3,5,1,2,1,0,1,6,7,4
17,quark_up_G3,R,-1,-1,66,3,8,3,7,4,-1,-1,torsion,STAY,9,0,9,3,0,1,0,0,7,7,4
17,quark_up_G3,R,-1,-1,67,4,8,3,7,4,-1,-1,sum,W,11,1,2,0,2,1,0,0,6,7,3
17,quark_up_G3,R,-1,-1,68,5,8,3,7,3,-1,-1,product,N,21,2,3,1,0,1,0,0,6,6,3
17,quark_up_G3,R,-1,-1,69,6,8,3,6,3,-1,-1,torsion,STAY,9,0,9,3,0,1,0,0,6,6,3
17,quark_up_G3,R,-1,-1,70,7,8,3,6,3,-1,-1,sum,W,9,0,9,3,0,1,0,0,6,6,2
17,quark_up_G3,R,-1,-1,71,8,8,3,6,2,-1,-1,product,N,12,1,3,1,0,1,0,0,6,5,2
17,quark_up_G3,R,-1,-1,72,9,8,3,5,2,-1,-1,torsion,STAY,9,0,9,3,0,1,0,0,6,5,2
17,quark_up_G3,R,-1,-1,73,1,9,3,5,2,-1,-1,sum,W,7,0,7,2,1,1,0,0,6,5,1
17,quark_up_G3,R,-1,-1,74,2,9,3,5,1,-1,-1,product,N,5,0,5,1,2,1,0,0,6,4,1
17,quark_up_G3,R,-1,-1,75,3,9,3,4,1,-1,-1,torsion,STAY,9,0,9,3,0,1,0,0,6,4,1
17,quark_up_G3,R,-1,-1,76,4,9,3,4,1,-1,-1,sum,W,5,0,5,1,2,1,0,0,6,4,9
17,quark_up_G3,R,-1,-1,77,5,9,3,4,9,-1,-1,product,N,36,3,9,3,0,1,0,0,6,3,9
17,quark_up_G3,R,-1,-1,78,6,9,3,3,9,-1,-1,torsion,STAY,9,0,9,3,0,1,0,0,6,3,9
17,quark_up_G3,R,-1,-1,79,7,9,3,3,9,-1,-1,sum,W,12,1,3,1,0,1,0,0,6,3,8
17,quark_up_G3,R,-1,-1,80,8,9,3,3,8,-1,-1,product,N,24,2,6,2,0,1,0,0,6,2,8
17,quark_up_G3,R,-1,-1,81,9,9,3,2,8,-1,-1,torsion,STAY,9,0,9,3,0,1,1,0,6,2,8
17,quark_up_G3,R,-1,-1,82,1,10,4,2,8,1,1,sum,E,10,1,1,0,1,-1,0,0,6,2,9
17,quark_up_G3,R,-1,-1,83,2,10,4,2,9,1,1,product,S,18,1,9,3,0,-1,0,0,6,3,9
17,quark_up_G3,R,-1,-1,84,3,10,4,3,9,1,1,torsion,STAY,9,0,9,3,0,-1,0,0,6,3,9
17,quark_up_G3,R,-1,-1,85,4,10,4,3,9,1,1,sum,E,12,1,3,1,0,-1,0,0,6,3,1
17,quark_up_G3,R,-1,-1,86,5,10,4,3,1,1,1,product,S,3,0,3,1,0,-1,0,0,6,4,1
17,quark_up_G3,R,-1,-1,87,6,10,4,4,1,1,1,torsion,STAY,9,0,9,3,0,-1,0,1,6,4,1
17,quark_up_G3,R,-1,-1,88,7,10,4,4,1,1,1,sum,E,5,0,5,1,2,-1,0,0,7,4,2
17,quark_up_G3,R,-1,-1,89,8,10,4,4,2,1,1,product,S,8,0,8,2,2,-1,0,0,6,5,2
17,quark_up_G3,R,-1,-1,90,9,10,4,5,2,1,1,torsion,STAY,9,0,9,3,0,-1,0,0,6,5,2
17,quark_up_G3,R,-1,-1,91,1,11,4,5,2,1,1,sum,E,7,0,7,2,1,-1,0,0,6,5,3
17,quark_up_G3,R,-1,-1,92,2,11,4,5,3,1,1,product,S,15,1,6,2,0,-1,0,0,6,6,3
17,quark_up_G3,R,-1,-1,93,3,11,4,6,3,1,1,torsion,STAY,9,0,9,3,0,-1,0,0,6,6,3
17,quark_up_G3,R,-1,-1,94,4,11,4,6,3,1,1,sum,E,9,0,9,3,0,-1,0,0,6,6,4
17,quark_up_G3,R,-1,-1,95,5,11,4,6,4,1,1,product,S,24,2,6,2,0,-1,0,0,6,7,4
17,quark_up_G3,R,-1,-1,96,6,11,4,7,4,1,1,torsion,STAY,9,0,9,3,0,-1,0,0,6,7,4
17,quark_up_G3,R,-1,-1,97,7,11,4,7,4,1,1,sum,E,11,1,2,0,2,-1,0,0,6,7,5
17,quark_up_G3,R,-1,-1,98,8,11,4,7,5,1,1,product,S,35,3,8,2,2,-1,0,0,6,8,5
17,quark_up_G3,R,-1,-1,99,9,11,4,8,5,1,1,torsion,STAY,9,0,9,3,0,-1,0,0,6,8,5
17,quark_up_G3,R,-1,-1,100,1,12,4,8,5,1,1,sum,E,13,1,4,1,1,-1,0,0,6,8,6
17,quark_up_G3,R,-1,-1,101,2,12,4,8,6,1,1,product,S,48,5,3,1,0,-1,0,0,6,9,6
17,quark_up_G3,R,-1,-1,102,3,12,4,9,6,1,1,torsion,STAY,9,0,9,3,0,-1,0,0,6,9,6
17,quark_up_G3,R,-1,-1,103,4,12,4,9,6,1,1,sum,E,15,1,6,2,0,-1,0,0,6,9,7
17,quark_up_G3,R,-1,-1,104,5,12,4,9,7,1,1,product,S,63,6,9,3,0,-1,0,0,6,1,7
17,quark_up_G3,R,-1,-1,105,6,12,4,1,7,1,1,torsion,STAY,9,0,9,3,0,-1,0,0,6,1,7
17,quark_up_G3,R,-1,-1,106,7,12,4,1,7,1,1,sum,E,8,0,8,2,2,-1,0,0,6,1,8
17,quark_up_G3,R,-1,-1,107,8,12,4,1,8,1,1,product,S,8,0,8,2,2,-1,0,0,6,2,8
17,quark_up_G3,R,-1,-1,108,9,12,4,2,8,1,1,torsion,STAY,9,0,9,3,0,-1,1,0,6,2,8
18,quark_down_G4,B,-1,1,1,1,1,1,2,9,-1,1,sum,W,11,1,2,0,2,1,0,0,7,2,8
18,quark_down_G4,B,-1,1,2,2,1,1,2,8,-1,1,product,S,16,1,7,2,1,1,0,0,6,3,8
18,quark_down_G4,B,-1,1,3,3,1,1,3,8,-1,1,torsion,STAY,9,0,9,3,0,1,0,0,6,3,8
18,quark_down_G4,B,-1,1,4,4,1,1,3,8,-1,1,sum,W,11,1,2,0,2,1,0,0,6,3,7
18,quark_down_G4,B,-1,1,5,5,1,1,3,7,-1,1,product,S,21,2,3,1,0,1,0,0,6,4,7
18,quark_down_G4,B,-1,1,6,6,1,1,4,7,-1,1,torsion,STAY,9,0,9,3,0,1,0,0,6,4,7
18,quark_down_G4,B,-1,1,7,7,1,1,4,7,-1,1,sum,W,11,1,2,0,2,1,0,0,6,4,6
18,quark_down_G4,B,-1,1,8,8,1,1,4,6,-1,1,product,S,24,2,6,2,0,1,0,0,6,5,6
18,quark_down_G4,B,-1,1,9,9,1,1,5,6,-1,1,torsion,STAY,9,0,9,3,0,1,0,0,6,5,6
18,quark_down_G4,B,-1,1,10,1,2,1,5,6,-1,1,sum,W,11,1,2,0,2,1,0,0,6,5,5
18,quark_down_G4,B,-1,1,11,2,2,1,5,5,-1,1,product,S,25,2,7,2,1,1,0,0,6,6,5
18,quark_down_G4,B,-1,1,12,3,2,1,6,5,-1,1,torsion,STAY,9,0,9,3,0,1,0,0,6,6,5
18,quark_down_G4,B,-1,1,13,4,2,1,6,5,-1,1,sum,W,11,1,2,0,2,1,0,0,6,6,4
18,quark_down_G4,B,-1,1,14,5,2,1,6,4,-1,1,product,S,24,2,6,2,0,1,0,0,6,7,4
18,quark_down_G4,B,-1,1,15,6,2,1,7,4,-1,1,torsion,STAY,9,0,9,3,0,1,0,0,6,7,4
18,quark_down_G4,B,-1,1,16,7,2,1,7,4,-1,1,sum,W,11,1,2,0,2,1,0,0,6,7,3
18,quark_down_G4,B,-1,1,17,8,2,1,7,3,-1,1,product,S,21,2,3,1,0,1,0,0,6,8,3
18,quark_down_G4,B,-1,1,18,9,2,1,8,3,-1,1,torsion,STAY,9,0,9,3,0,1,0,0,6,8,3
18,quark_down_G4,B,-1,1,19,1,3,1,8,3,-1,1,sum,W,11,1,2,0,2,1,0,0,6,8,2
18,quark_down_G4,B,-1,1,20,2,3,1,8,2,-1,1,product,S,16,1,7,2,1,1,0,0,6,9,2
18,quark_down_G4,B,-1,1,21,3,3,1,9,2,-1,1,torsion,STAY,9,0,9,3,0,1,0,1,6,9,2
18,quark_down_G4,B,-1,1,22,4,3,1,9,2,-1,1,sum,W,11,1,2,0,2,1,0,0,7,9,1
18,quark_down_G4,B,-1,1,23,5,3,1,9,1,-1,1,product,S,9,0,9,3,0,1,0,0,6,1,1
18,quark_down_G4,B,-1,1,24,6,3,1,1,1,-1,1,torsion,STAY,9,0,9,3,0,1,0,0,6,1,1
18,quark_down_G4,B,-1,1,25,7,3,1,1,1,-1,1,sum,W,2,0,2,0,2,1,0,0,6,1,9
18,quark_down_G4,B,-1,1,26,8,3,1,1,9,-1,1,product,S,9,0,9,3,0,1,0,0,6,2,9
18,quark_down_G4,B,-1,1,27,9,3,1,2,9,-1,1,torsion,STAY,9,0,9,3,0,1,1,0,6,2,9
18,quark_down_G4,B,-1,1,28,1,4,2,2,9,1,-1,sum,E,11,1,2,0,2,-1,0,0,6,2,1
18,quark_down_G4,B,-1,1,29,2,4,2,2,1,1,-1,product,N,2,0,2,0,2,-1,0,0,6,1,1
18,quark_down_G4,B,-1,1,30,3,4,2,1,1,1,-1,torsion,STAY,9,0,9,3,0,-1,0,0,6,1,1
18,quark_down_G4,B,-1,1,31,4,4,2,1,1,1,-1,sum,E,2,0,2,0,2,-1,0,0,6,1,2
18,quark_down_G4,B,-1,1,32,5,4,2,1,2,1,-1,product,N,2,0,2,0,2,-1,0,0,6,9,2
18,quark_down_G4,B,-1,1,33,6,4,2,9,2,1,-1,torsion,STAY,9,0,9,3,0,-1,0,0,6,9,2
18,quark_down_G4,B,-1,1,34,7,4,2,9,2,1,-1,sum,E,11,1,2,0,2,-1,0,0,6,9,3
18,quark_down_G4,B,-1,1,35,8,4,2,9,3,1,-1,product,N,27,2,9,3,0,-1,0,0,6,8,3
18,quark_down_G4,B,-1,1,36,9,4,2,8,3,1,-1,torsion,STAY,9,0,9,3,0,-1,0,0,6,8,3
18,quark_down_G4,B,-1,1,37,1,5,2,8,3,1,-1,sum,E,11,1,2,0,2,-1,0,0,6,8,4
18,quark_down_G4,B,-1,1,38,2,5,2,8,4,1,-1,product,N,32,3,5,1,2,-1,0,0,6,7,4
18,quark_down_G4,B,-1,1,39,3,5,2,7,4,1,-1,torsion,STAY,9,0,9,3,0,-1,0,0,6,7,4
18,quark_down_G4,B,-1,1,40,4,5,2,7,4,1,-1,sum,E,11,1,2,0,2,-1,0,0,6,7,5
18,quark_down_G4,B,-1,1,41,5,5,2,7,5,1,-1,product,N,35,3,8,2,2,-1,0,0,6,6,5
18,quark_down_G4,B,-1,1,42,6,5,2,6,5,1,-1,torsion,STAY,9,0,9,3,0,-1,0,0,6,6,5
18,quark_down_G4,B,-1,1,43,7,5,2,6,5,1,-1,sum,E,11,1,2,0,2,-1,0,1,6,6,6
18,quark_down_G4,B,-1,1,44,8,5,2,6,6,1,-1,product,N,36,3,9,3,0,-1,0,0,7,5,6
18,quark_down_G4,B,-1,1,45,9,5,2,5,6,1,-1,torsion,STAY,9,0,9,3,0,-1,0,0,6,5,6
18,quark_down_G4,B,-1,1,46,1,6,2,5,6,1,-1,sum,E,11,1,2,0,2,-1,0,0,6,5,7
18,quark_down_G4,B,-1,1,47,2,6,2,5,7,1,-1,product,N,35,3,8,2,2,-1,0,0,6,4,7
18,quark_down_G4,B,-1,1,48,3,6,2,4,7,1,-1,torsion,STAY,9,0,9,3,0,-1,0,0,6,4,7
18,quark_down_G4,B,-1,1,49,4,6,2,4,7,1,-1,sum,E,11,1,2,0,2,-1,0,0,6,4,8
18,quark_down_G4,B,-1,1,50,5,6,2,4,8,1,-1,product,N,32,3,5,1,2,-1,0,0,6,3,8
18,quark_down_G4,B,-1,1,51,6,6,2,3,8,1,-1,torsion,STAY,9,0,9,3,0,-1,0,0,6,3,8
18,quark_down_G4,B,-1,1,52,7,6,2,3,8,1,-1,sum,E,11,1,2,0,2,-1,0,0,6,3,9
18,quark_down_G4,B,-1,1,53,8,6,2,3,9,1,-1,product,N,27,2,9,3,0,-1,0,0,6,2,9
18,quark_down_G4,B,-1,1,54,9,6,2,2,9,1,-1,torsion,STAY,9,0,9,3,0,-1,1,0,6,2,9
18,quark_down_G4,B,-1,1,55,1,7,3,2,9,-1,1,sum,W,11,1,2,0,2,1,0,0,6,2,8
18,quark_down_G4,B,-1,1,56,2,7,3,2,8,-1,1,product,S,16,1,7,2,1,1,0,0,6,3,8
18,quark_down_G4,B,-1,1,57,3,7,3,3,8,-1,1,torsion,STAY,9,0,9,3,0,1,0,0,6,3,8
18,quark_down_G4,B,-1,1,58,4,7,3,3,8,-1,1,sum,W,11,1,2,0,2,1,0,0,6,3,7
18,quark_down_G4,B,-1,1,59,5,7,3,3,7,-1,1,product,S,21,2,3,1,0,1,0,0,6,4,7
18,quark_down_G4,B,-1,1,60,6,7,3,4,7,-1,1,torsion,STAY,9,0,9,3,0,1,0,0,6,4,7
18,quark_down_G4,B,-1,1,61,7,7,3,4,7,-1,1,sum,W,11,1,2,0,2,1,0,0,6,4,6
18,quark_down_G4,B,-1,1,62,8,7,3,4,6,-1,1,product,S,24,2,6,2,0,1,0,0,6,5,6
18,quark_down_G4,B,-1,1,63,9,7,3,5,6,-1,1,torsion,STAY,9,0,9,3,0,1,0,0,6,5,6
18,quark_down_G4,B,-1,1,64,1,8,3,5,6,-1,1,sum,W,11,1,2,0,2,1,0,0,6,5,5
18,quark_down_G4,B,-1,1,65,2,8,3,5,5,-1,1,product,S,25,2,7,2,1,1,0,1,6,6,5
18,quark_down_G4,B,-1,1,66,3,8,3,6,5,-1,1,torsion,STAY,9,0,9,3,0,1,0,0,7,6,5
18,quark_down_G4,B,-1,1,67,4,8,3,6,5,-1,1,sum,W,11,1,2,0,2,1,0,0,6,6,4
18,quark_down_G4,B,-1,1,68,5,8,3,6,4,-1,1,product,S,24,2,6,2,0,1,0,0,6,7,4
18,quark_down_G4,B,-1,1,69,6,8,3,7,4,-1,1,torsion,STAY,9,0,9,3,0,1,0,0,6,7,4
18,quark_down_G4,B,-1,1,70,7,8,3,7,4,-1,1,sum,W,11,1,2,0,2,1,0,0,6,7,3
18,quark_down_G4,B,-1,1,71,8,8,3,7,3,-1,1,product,S,21,2,3,1,0,1,0,0,6,8,3
18,quark_down_G4,B,-1,1,72,9,8,3,8,3,-1,1,torsion,STAY,9,0,9,3,0,1,0,0,6,8,3
18,quark_down_G4,B,-1,1,73,1,9,3,8,3,-1,1,sum,W,11,1,2,0,2,1,0,0,6,8,2
18,quark_down_G4,B,-1,1,74,2,9,3,8,2,-1,1,product,S,16,1,7,2,1,1,0,0,6,9,2
18,quark_down_G4,B,-1,1,75,3,9,3,9,2,-1,1,torsion,STAY,9,0,9,3,0,1,0,0,6,9,2
18,quark_down_G4,B,-1,1,76,4,9,3,9,2,-1,1,sum,W,11,1,2,0,2,1,0,0,6,9,1
18,quark_down_G4,B,-1,1,77,5,9,3,9,1,-1,1,product,S,9,0,9,3,0,1,0,0,6,1,1
18,quark_down_G4,B,-1,1,78,6,9,3,1,1,-1,1,torsion,STAY,9,0,9,3,0,1,0,0,6,1,1
18,quark_down_G4,B,-1,1,79,7,9,3,1,1,-1,1,sum,W,2,0,2,0,2,1,0,0,6,1,9
18,quark_down_G4,B,-1,1,80,8,9,3,1,9,-1,1,product,S,9,0,9,3,0,1,0,0,6,2,9
18,quark_down_G4,B,-1,1,81,9,9,3,2,9,-1,1,torsion,STAY,9,0,9,3,0,1,1,0,6,2,9
18,quark_down_G4,B,-1,1,82,1,10,4,2,9,1,-1,sum,E,11,1,2,0,2,-1,0,0,6,2,1
18,quark_down_G4,B,-1,1,83,2,10,4,2,1,1,-1,product,N,2,0,2,0,2,-1,0,0,6,1,1
18,quark_down_G4,B,-1,1,84,3,10,4,1,1,1,-1,torsion,STAY,9,0,9,3,0,-1,0,0,6,1,1
18,quark_down_G4,B,-1,1,85,4,10,4,1,1,1,-1,sum,E,2,0,2,0,2,-1,0,0,6,1,2
18,quark_down_G4,B,-1,1,86,5,10,4,1,2,1,-1,product,N,2,0,2,0,2,-1,0,0,6,9,2
18,quark_down_G4,B,-1,1,87,6,10,4,9,2,1,-1,torsion,STAY,9,0,9,3,0,-1,0,1,6,9,2
18,quark_down_G4,B,-1,1,88,7,10,4,9,2,1,-1,sum,E,11,1,2,0,2,-1,0,0,7,9,3
18,quark_down_G4,B,-1,1,89,8,10,4,9,3,1,-1,product,N,27,2,9,3,0,-1,0,0,6,8,3
18,quark_down_G4,B,-1,1,90,9,10,4,8,3,1,-1,torsion,STAY,9,0,9,3,0,-1,0,0,6,8,3
18,quark_down_G4,B,-1,1,91,1,11,4,8,3,1,-1,sum,E,11,1,2,0,2,-1,0,0,6,8,4
18,quark_down_G4,B,-1,1,92,2,11,4,8,4,1,-1,product,N,32,3,5,1,2,-1,0,0,6,7,4
18,quark_down_G4,B,-1,1,93,3,11,4,7,4,1,-1,torsion,STAY,9,0,9,3,0,-1,0,0,6,7,4
18,quark_down_G4,B,-1,1,94,4,11,4,7,4,1,-1,sum,E,11,1,2,0,2,-1,0,0,6,7,5
18,quark_down_G4,B,-1,1,95,5,11,4,7,5,1,-1,product,N,35,3,8,2,2,-1,0,0,6,6,5
18,quark_down_G4,B,-1,1,96,6,11,4,6,5,1,-1,torsion,STAY,9,0,9,3,0,-1,0,0,6,6,5
18,quark_down_G4,B,-1,1,97,7,11,4,6,5,1,-1,sum,E,11,1,2,0,2,-1,0,0,6,6,6
18,quark_down_G4,B,-1,1,98,8,11,4,6,6,1,-1,product,N,36,3,9,3,0,-1,0,0,6,5,6
18,quark_down_G4,B,-1,1,99,9,11,4,5,6,1,-1,torsion,STAY,9,0,9,3,0,-1,0,0,6,5,6
18,quark_down_G4,B,-1,1,100,1,12,4,5,6,1,-1,sum,E,11,1,2,0,2,-1,0,0,6,5,7
18,quark_down_G4,B,-1,1,101,2,12,4,5,7,1,-1,product,N,35,3,8,2,2,-1,0,0,6,4,7
18,quark_down_G4,B,-1,1,102,3,12,4,4,7,1,-1,torsion,STAY,9,0,9,3,0,-1,0,0,6,4,7
18,quark_down_G4,B,-1,1,103,4,12,4,4,7,1,-1,sum,E,11,1,2,0,2,-1,0,0,6,4,8
18,quark_down_G4,B,-1,1,104,5,12,4,4,8,1,-1,product,N,32,3,5,1,2,-1,0,0,6,3,8
18,quark_down_G4,B,-1,1,105,6,12,4,3,8,1,-1,torsion,STAY,9,0,9,3,0,-1,0,0,6,3,8
18,quark_down_G4,B,-1,1,106,7,12,4,3,8,1,-1,sum,E,11,1,2,0,2,-1,0,0,6,3,9
18,quark_down_G4,B,-1,1,107,8,12,4,3,9,1,-1,product,N,27,2,9,3,0,-1,0,0,6,2,9
18,quark_down_G4,B,-1,1,108,9,12,4,2,9,1,-1,torsion,STAY,9,0,9,3,0,-1,1,0,6,2,9
19,charged_lepton_G4,,-1,1,1,1,1,1,3,1,-1,1,sum,W,4,0,4,1,1,1,0,0,7,3,9
19,charged_lepton_G4,,-1,1,2,2,1,1,3,9,-1,1,product,S,27,2,9,3,0,1,0,0,6,4,9
19,charged_lepton_G4,,-1,1,3,3,1,1,4,9,-1,1,torsion,STAY,9,0,9,3,0,1,0,0,6,4,9
19,charged_lepton_G4,,-1,1,4,4,1,1,4,9,-1,1,sum,W,13,1,4,1,1,1,0,0,6,4,8
19,charged_lepton_G4,,-1,1,5,5,1,1,4,8,-1,1,product,S,32,3,5,1,2,1,0,0,6,5,8
19,charged_lepton_G4,,-1,1,6,6,1,1,5,8,-1,1,torsion,STAY,9,0,9,3,0,1,0,0,6,5,8
19,charged_lepton_G4,,-1,1,7,7,1,1,5,8,-1,1,sum,W,13,1,4,1,1,1,0,0,6,5,7
19,charged_lepton_G4,,-1,1,8,8,1,1,5,7,-1,1,product,S,35,3,8,2,2,1,0,0,6,6,7
19,charged_lepton_G4,,-1,1,9,9,1,1,6,7,-1,1,torsion,STAY,9,0,9,3,0,1,0,0,6,6,7
19,charged_lepton_G4,,-1,1,10,1,2,1,6,7,-1,1,sum,W,13,1,4,1,1,1,0,0,6,6,6
19,charged_lepton_G4,,-1,1,11,2,2,1,6,6,-1,1,product,S,36,3,9,3,0,1,0,0,6,7,6
19,charged_lepton_G4,,-1,1,12,3,2,1,7,6,-1,1,torsion,STAY,9,0,9,3,0,1,0,0,6,7,6
19,charged_lepton_G4,,-1,1,13,4,2,1,7,6,-1,1,sum,W,13,1,4,1,1,1,0,0,6,7,5
19,charged_lepton_G4,,-1,1,14,5,2,1,7,5,-1,1,product,S,35,3,8,2,2,1,0,0,6,8,5
19,charged_lepton_G4,,-1,1,15,6,2,1,8,5,-1,1,torsion,STAY,9,0,9,3,0,1,0,0,6,8,5
19,charged_lepton_G4,,-1,1,16,7,2,1,8,5,-1,1,sum,W,13,1,4,1,1,1,0,0,6,8,4
19,charged_lepton_G4,,-1,1,17,8,2,1,8,4,-1,1,product,S,32,3,5,1,2,1,0,0,6,9,4
19,charged_lepton_G4,,-1,1,18,9,2,1,9,4,-1,1,torsion,STAY,9,0,9,3,0,1,0,0,6,9,4
19,charged_lepton_G4,,-1,1,19,1,3,1,9,4,-1,1,sum,W,13,1,4,1,1,1,0,0,6,9,3
19,charged_lepton_G4,,-1,1,20,2,3,1,9,3,-1,1,product,S,27,2,9,3,0,1,0,0,6,1,3
19,charged_lepton_G4,,-1,1,21,3,3,1,1,3,-1,1,torsion,STAY,9,0,9,3,0,1,0,1,6,1,3
19,charged_lepton_G4,,-1,1,22,4,3,1,1,3,-1,1,sum,W,4,0,4,1,1,1,0,0,7,1,2
19,charged_lepton_G4,,-1,1,23,5,3,1,1,2,-1,1,product,S,2,0,2,0,2,1,0,0,6,2,2
19,charged_lepton_G4,,-1,1,24,6,3,1,2,2,-1,1,torsion,STAY,9,0,9,3,0,1,0,0,6,2,2
19,charged_lepton_G4,,-1,1,25,7,3,1,2,2,-1,1,sum,W,4,0,4,1,1,1,0,0,6,2,1
19,charged_lepton_G4,,-1,1,26,8,3,1,2,1,-1,1,product,S,2,0,2,0,2,1,0,0,6,3,1
19,charged_lepton_G4,,-1,1,27,9,3,1,3,1,-1,1,torsion,STAY,9,0,9,3,0,1,1,0,6,3,1
19,charged_lepton_G4,,-1,1,28,1,4,2,3,1,1,-1,sum,E,4,0,4,1,1,-1,0,0,6,3,2
19,charged_lepton_G4,,-1,1,29,2,4,2,3,2,1,-1,product,N,6,0,6,2,0,-1,0,0,6,2,2
19,charged_lepton_G4,,-1,1,30,3,4,2,2,2,1,-1,torsion,STAY,9,0,9,3,0,-1,0,0,6,2,2
19,charged_lepton_G4,,-1,1,31,4,4,2,2,2,1,-1,sum,E,4,0,4,1,1,-1,0,0,6,2,3
19,charged_lepton_G4,,-1,1,32,5,4,2,2,3,1,-1,product,N,6,0,6,2,0,-1,0,0,6,1,3
19,charged_lepton_G4,,-1,1,33,6,4,2,1,3,1,-1,torsion,STAY,9,0,9,3,0,-1,0,0,6,1,3
19,charged_lepton_G4,,-1,1,34,7,4,2,1,3,1,-1,sum,E,4,0,4,1,1,-1,0,0,6,1,4
19,charged_lepton_G4,,-1,1,35,8,4,2,1,4,1,-1,product,N,4,0,4,1,1,-1,0,0,6,9,4
19,charged_lepton_G4,,-1,1,36,9,4,2,9,4,1,-1,torsion,STAY,9,0,9,3,0,-1,0,0,6,9,4
19,charged_lepton_G4,,-1,1,37,1,5,2,9,4,1,-1,sum,E,13,1,4,1,1,-1,0,0,6,9,5
19,charged_lepton_G4,,-1,1,38,2,5,2,9,5,1,-1,product,N,45,4,9,3,0,-1,0,0,6,8,5
19,charged_lepton_G4,,-1,1,39,3,5,2,8,5,1,-1,torsion,STAY,9,0,9,3,0,-1,0,0,6,8,5
19,charged_lepton_G4,,-1,1,40,4,5,2,8,5,1,-1,sum,E,13,1,4,1,1,-1,0,0,6,8,6
19,charged_lepton_G4,,-1,1,41,5,5,2,8,6,1,-1,product,N,48,5,3,1,0,-1,0,0,6,7,6
19,charged_lepton_G4,,-1,1,42,6,5,2,7,6,1,-1,torsion,STAY,9,0,9,3,0,-1,0,0,6,7,6
19,charged_lepton_G4,,-1,1,43,7,5,2,7,6,1,-1,sum,E,13,1,4,1,1,-1,0,1,6,7,7
19,charged_lepton_G4,,-1,1,44,8,5,2,7,7,1,-1,product,N,49,5,4,1,1,-1,0,0,7,6,7
19,charged_lepton_G4,,-1,1,45,9,5,2,6,7,1,-1,torsion,STAY,9,0,9,3,0,-1,0,0,6,6,7
19,charged_lepton_G4,,-1,1,46,1,6,2,6,7,1,-1,sum,E,13,1,4,1,1,-1,0,0,6,6,8
19,charged_lepton_G4,,-1,1,47,2,6,2,6,8,1,-1,product,N,48,5,3,1,0,-1,0,0,6,5,8
19,charged_lepton_G4,,-1,1,48,3,6,2,5,8,1,-1,torsion,STAY,9,0,9,3,0,-1,0,0,6,5,8
19,charged_lepton_G4,,-1,1,49,4,6,2,5,8,1,-1,sum,E,13,1,4,1,1,-1,0,0,6,5,9
19,charged_lepton_G4,,-1,1,50,5,6,2,5,9,1,-1,product,N,45,4,9,3,0,-1,0,0,6,4,9
19,charged_lepton_G4,,-1,1,51,6,6,2,4,9,1,-1,torsion,STAY,9,0,9,3,0,-1,0,0,6,4,9
19,charged_lepton_G4,,-1,1,52,7,6,2,4,9,1,-1,sum,E,13,1,4,1,1,-1,0,0,6,4,1
19,charged_lepton_G4,,-1,1,53,8,6,2,4,1,1,-1,product,N,4,0,4,1,1,-1,0,0,6,3,1
19,charged_lepton_G4,,-1,1,54,9,6,2,3,1,1,-1,torsion,STAY,9,0,9,3,0,-1,1,0,6,3,1
19,charged_lepton_G4,,-1,1,55,1,7,3,3,1,-1,1,sum,W,4,0,4,1,1,1,0,0,6,3,9
19,charged_lepton_G4,,-1,1,56,2,7,3,3,9,-1,1,product,S,27,2,9,3,0,1,0,0,6,4,9
19,charged_lepton_G4,,-1,1,57,3,7,3,4,9,-1,1,torsion,STAY,9,0,9,3,0,1,0,0,6,4,9
19,charged_lepton_G4,,-1,1,58,4,7,3,4,9,-1,1,sum,W,13,1,4,1,1,1,0,0,6,4,8
19,charged_lepton_G4,,-1,1,59,5,7,3,4,8,-1,1,product,S,32,3,5,1,2,1,0,0,6,5,8
19,charged_lepton_G4,,-1,1,60,6,7,3,5,8,-1,1,torsion,STAY,9,0,9,3,0,1,0,0,6,5,8
19,charged_lepton_G4,,-1,1,61,7,7,3,5,8,-1,1,sum,W,13,1,4,1,1,1,0,0,6,5,7
19,charged_lepton_G4,,-1,1,62,8,7,3,5,7,-1,1,product,S,35,3,8,2,2,1,0,0,6,6,7
19,charged_lepton_G4,,-1,1,63,9,7,3,6,7,-1,1,torsion,STAY,9,0,9,3,0,1,0,0,6,6,7
19,charged_lepton_G4,,-1,1,64,1,8,3,6,7,-1,1,sum,W,13,1,4,1,1,1,0,0,6,6,6
19,charged_lepton_G4,,-1,1,65,2,8,3,6,6,-1,1,product,S,36,3,9,3,0,1,0,1,6,7,6
19,charged_lepton_G4,,-1,1,66,3,8,3,7,6,-1,1,torsion,STAY,9,0,9,3,0,1,0,0,7,7,6
19,charged_lepton_G4,,-1,1,67,4,8,3,7,6,-1,1,sum,W,13,1,4,1,1,1,0,0,6,7,5
19,charged_lepton_G4,,-1,1,68,5,8,3,7,5,-1,1,product,S,35,3,8,2,2,1,0,0,6,8,5
19,charged_lepton_G4,,-1,1,69,6,8,3,8,5,-1,1,torsion,STAY,9,0,9,3,0,1,0,0,6,8,5
19,charged_lepton_G4,,-1,1,70,7,8,3,8,5,-1,1,sum,W,13,1,4,1,1,1,0,0,6,8,4
19,charged_lepton_G4,,-1,1,71,8,8,3,8,4,-1,1,product,S,32,3,5,1,2,1,0,0,6,9,4
19,charged_lepton_G4,,-1,1,72,9,8,3,9,4,-1,1,torsion,STAY,9,0,9,3,0,1,0,0,6,9,4
19,charged_lepton_G4,,-1,1,73,1,9,3,9,4,-1,1,sum,W,13,1,4,1,1,1,0,0,6,9,3
19,charged_lepton_G4,,-1,1,74,2,9,3,9,3,-1,1,product,S,27,2,9,3,0,1,0,0,6,1,3
19,charged_lepton_G4,,-1,1,75,3,9,3,1,3,-1,1,torsion,STAY,9,0,9,3,0,1,0,0,6,1,3
19,charged_lepton_G4,,-1,1,76,4,9,3,1,3,-1,1,sum,W,4,0,4,1,1,1,0,0,6,1,2
19,charged_lepton_G4,,-1,1,77,5,9,3,1,2,-1,1,product,S,2,0,2,0,2,1,0,0,6,2,2
19,charged_lepton_G4,,-1,1,78,6,9,3,2,2,-1,1,torsion,STAY,9,0,9,3,0,1,0,0,6,2,2
19,charged_lepton_G4,,-1,1,79,7,9,3,2,2,-1,1,sum,W,4,0,4,1,1,1,0,0,6,2,1
19,charged_lepton_G4,,-1,1,80,8,9,3,2,1,-1,1,product,S,2,0,2,0,2,1,0,0,6,3,1
19,charged_lepton_G4,,-1,1,81,9,9,3,3,1,-1,1,torsion,STAY,9,0,9,3,0,1,1,0,6,3,1
19,charged_lepton_G4,,-1,1,82,1,10,4,3,1,1,-1,sum,E,4,0,4,1,1,-1,0,0,6,3,2
19,charged_lepton_G4,,-1,1,83,2,10,4,3,2,1,-1,product,N,6,0,6,2,0,-1,0,0,6,2,2
19,charged_lepton_G4,,-1,1,84,3,10,4,2,2,1,-1,torsion,STAY,9,0,9,3,0,-1,0,0,6,2,2
19,charged_lepton_G4,,-1,1,85,4,10,4,2,2,1,-1,sum,E,4,0,4,1,1,-1,0,0,6,2,3
19,charged_lepton_G4,,-1,1,86,5,10,4,2,3,1,-1,product,N,6,0,6,2,0,-1,0,0,6,1,3
19,charged_lepton_G4,,-1,1,87,6,10,4,1,3,1,-1,torsion,STAY,9,0,9,3,0,-1,0,1,6,1,3
19,charged_lepton_G4,,-1,1,88,7,10,4,1,3,1,-1,sum,E,4,0,4,1,1,-1,0,0,7,1,4
19,charged_lepton_G4,,-1,1,89,8,10,4,1,4,1,-1,product,N,4,0,4,1,1,-1,0,0,6,9,4
19,charged_lepton_G4,,-1,1,90,9,10,4,9,4,1,-1,torsion,STAY,9,0,9,3,0,-1,0,0,6,9,4
19,charged_lepton_G4,,-1,1,91,1,11,4,9,4,1,-1,sum,E,13,1,4,1,1,-1,0,0,6,9,5
19,charged_lepton_G4,,-1,1,92,2,11,4,9,5,1,-1,product,N,45,4,9,3,0,-1,0,0,6,8,5
19,charged_lepton_G4,,-1,1,93,3,11,4,8,5,1,-1,torsion,STAY,9,0,9,3,0,-1,0,0,6,8,5
19,charged_lepton_G4,,-1,1,94,4,11,4,8,5,1,-1,sum,E,13,1,4,1,1,-1,0,0,6,8,6
19,charged_lepton_G4,,-1,1,95,5,11,4,8,6,1,-1,product,N,48,5,3,1,0,-1,0,0,6,7,6
19,charged_lepton_G4,,-1,1,96,6,11,4,7,6,1,-1,torsion,STAY,9,0,9,3,0,-1,0,0,6,7,6
19,charged_lepton_G4,,-1,1,97,7,11,4,7,6,1,-1,sum,E,13,1,4,1,1,-1,0,0,6,7,7
19,charged_lepton_G4,,-1,1,98,8,11,4,7,7,1,-1,product,N,49,5,4,1,1,-1,0,0,6,6,7
19,charged_lepton_G4,,-1,1,99,9,11,4,6,7,1,-1,torsion,STAY,9,0,9,3,0,-1,0,0,6,6,7
19,charged_lepton_G4,,-1,1,100,1,12,4,6,7,1,-1,sum,E,13,1,4,1,1,-1,0,0,6,6,8
19,charged_lepton_G4,,-1,1,101,2,12,4,6,8,1,-1,product,N,48,5,3,1,0,-1,0,0,6,5,8
19,charged_lepton_G4,,-1,1,102,3,12,4,5,8,1,-1,torsion,STAY,9,0,9,3,0,-1,0,0,6,5,8
19,charged_lepton_G4,,-1,1,103,4,12,4,5,8,1,-1,sum,E,13,1,4,1,1,-1,0,0,6,5,9
19,charged_lepton_G4,,-1,1,104,5,12,4,5,9,1,-1,product,N,45,4,9,3,0,-1,0,0,6,4,9
19,charged_lepton_G4,,-1,1,105,6,12,4,4,9,1,-1,torsion,STAY,9,0,9,3,0,-1,0,0,6,4,9
19,charged_lepton_G4,,-1,1,106,7,12,4,4,9,1,-1,sum,E,13,1,4,1,1,-1,0,0,6,4,1
19,charged_lepton_G4,,-1,1,107,8,12,4,4,1,1,-1,product,N,4,0,4,1,1,-1,0,0,6,3,1
19,charged_lepton_G4,,-1,1,108,9,12,4,3,1,1,-1,torsion,STAY,9,0,9,3,0,-1,1,0,6,3,1
20,neutrino_G3,,1,1,1,1,1,1,3,2,1,1,sum,E,5,0,5,1,2,1,0,0,7,3,3
20,neutrino_G3,,1,1,2,2,1,1,3,3,1,1,product,S,9,0,9,3,0,1,0,0,6,4,3
20,neutrino_G3,,1,1,3,3,1,1,4,3,1,1,torsion,STAY,9,0,9,3,0,1,0,0,6,4,3
20,neutrino_G3,,1,1,4,4,1,1,4,3,1,1,sum,E,7,0,7,2,1,1,0,0,6,4,4
20,neutrino_G3,,1,1,5,5,1,1,4,4,1,1,product,S,16,1,7,2,1,1,0,0,6,5,4
20,neutrino_G3,,1,1,6,6,1,1,5,4,1,1,torsion,STAY,9,0,9,3,0,1,0,0,6,5,4
20,neutrino_G3,,1,1,7,7,1,1,5,4,1,1,sum,E,9,0,9,3,0,1,0,0,6,5,5
20,neutrino_G3,,1,1,8,8,1,1,5,5,1,1,product,S,25,2,7,2,1,1,0,0,6,6,5
20,neutrino_G3,,1,1,9,9,1,1,6,5,1,1,torsion,STAY,9,0,9,3,0,1,0,0,6,6,5
20,neutrino_G3,,1,1,10,1,2,1,6,5,1,1,sum,E,11,1,2,0,2,1,0,0,6,6,6
20,neutrino_G3,,1,1,11,2,2,1,6,6,1,1,product,S,36,3,9,3,0,1,0,0,6,7,6
20,neutrino_G3,,1,1,12,3,2,1,7,6,1,1,torsion,STAY,9,0,9,3,0,1,0,0,6,7,6
20,neutrino_G3,,1,1,13,4,2,1,7,6,1,1,sum,E,13,1,4,1,1,1,0,0,6,7,7
20,neutrino_G3,,1,1,14,5,2,1,7,7,1,1,product,S,49,5,4,1,1,1,0,0,6,8,7
20,neutrino_G3,,1,1,15,6,2,1,8,7,1,1,torsion,STAY,9,0,9,3,0,1,0,0,6,8,7
20,neutrino_G3,,1,1,16,7,2,1,8,7,1,1,sum,E,15,1,6,2,0,1,0,0,6,8,8
20,neutrino_G3,,1,1,17,8,2,1,8,8,1,1,product,S,64,7,1,0,1,1,0,0,6,9,8
20,neutrino_G3,,1,1,18,9,2,1,9,8,1,1,torsion,STAY,9,0,9,3,0,1,0,0,6,9,8
20,neutrino_G3,,1,1,19,1,3,1,9,8,1,1,sum,E,17,1,8,2,2,1,0,0,6,9,9
20,neutrino_G3,,1,1,20,2,3,1,9,9,1,1,product,S,81,8,9,3,0,1,0,0,6,1,9
20,neutrino_G3,,1,1,21,3,3,1,1,9,1,1,torsion,STAY,9,0,9,3,0,1,0,1,6,1,9
20,neutrino_G3,,1,1,22,4,3,1,1,9,1,1,sum,E,10,1,1,0,1,1,0,0,7,1,1
20,neutrino_G3,,1,1,23,5,3,1,1,1,1,1,product,S,1,0,1,0,1,1,0,0,6,2,1
20,neutrino_G3,,1,1,24,6,3,1,2,1,1,1,torsion,STAY,9,0,9,3,0,1,0,0,6,2,1
20,neutrino_G3,,1,1,25,7,3,1,2,1,1,1,sum,E,3,0,3,1,0,1,0,0,6,2,2
20,neutrino_G3,,1,1,26,8,3,1,2,2,1,1,product,S,4,0,4,1,1,1,0,0,6,3,2
20,neutrino_G3,,1,1,27,9,3,1,3,2,1,1,torsion,STAY,9,0,9,3,0,1,1,0,6,3,2
20,neutrino_G3,,1,1,28,1,4,2,3,2,-1,-1,sum,W,5,0,5,1,2,-1,0,0,6,3,1
20,neutrino_G3,,1,1,29,2,4,2,3,1,-1,-1,product,N,3,0,3,1,0,-1,0,0,6,2,1
20,neutrino_G3,,1,1,30,3,4,2,2,1,-1,-1,torsion,STAY,9,0,9,3,0,-1,0,0,6,2,1
20,neutrino_G3,,1,1,31,4,4,2,2,1,-1,-1,sum,W,3,0,3,1,0,-1,0,0,6,2,9
20,neutrino_G3,,1,1,32,5,4,2,2,9,-1,-1,product,N,18,1,9,3,0,-1,0,0,6,1,9
20,neutrino_G3,,1,1,33,6,4,2,1,9,-1,-1,torsion,STAY,9,0,9,3,0,-1,0,0,6,1,9
20,neutrino_G3,,1,1,34,7,4,2,1,9,-1,-1,sum,W,10,1,1,0,1,-1,0,0,6,1,8
20,neutrino_G3,,1,1,35,8,4,2,1,8,-1,-1,product,N,8,0,8,2,2,-1,0,0,6,9,8
20,neutrino_G3,,1,1,36,9,4,2,9,8,-1,-1,torsion,STAY,9,0,9,3,0,-1,0,0,6,9,8
20,neutrino_G3,,1,1,37,1,5,2,9,8,-1,-1,sum,W,17,1,8,2,2,-1,0,0,6,9,7
20,neutrino_G3,,1,1,38,2,5,2,9,7,-1,-1,product,N,63,6,9,3,0,-1,0,0,6,8,7
20,neutrino_G3,,1,1,39,3,5,2,8,7,-1,-1,torsion,STAY,9,0,9,3,0,-1,0,0,6,8,7
20,neutrino_G3,,1,1,40,4,5,2,8,7,-1,-1,sum,W,15,1,6,2,0,-1,0,0,6,8,6
20,neutrino_G3,,1,1,41,5,5,2,8,6,-1,-1,product,N,48,5,3,1,0,-1,0,0,6,7,6
20,neutrino_G3,,1,1,42,6,5,2,7,6,-1,-1,torsion,STAY,9,0,9,3,0,-1,0,0,6,7,6
20,neutrino_G3,,1,1,43,7,5,2,7,6,-1,-1,sum,W,13,1,4,1,1,-1,0,1,6,7,5
20,neutrino_G3,,1,1,44,8,5,2,7,5,-1,-1,product,N,35,3,8,2,2,-1,0,0,7,6,5
20,neutrino_G3,,1,1,45,9,5,2,6,5,-1,-1,torsion,STAY,9,0,9,3,0,-1,0,0,6,6,5
20,neutrino_G3,,1,1,46,1,6,2,6,5,-1,-1,sum,W,11,1,2,0,2,-1,0,0,6,6,4
20,neutrino_G3,,1,1,47,2,6,2,6,4,-1,-1,product,N,24,2,6,2,0,-1,0,0,6,5,4
20,neutrino_G3,,1,1,48,3,6,2,5,4,-1,-1,torsion,STAY,9,0,9,3,0,-1,0,0,6,5,4
20,neutrino_G3,,1,1,49,4,6,2,5,4,-1,-1,sum,W,9,0,9,3,0,-1,0,0,6,5,3
20,neutrino_G3,,1,1,50,5,6,2,5,3,-1,-1,product,N,15,1,6,2,0,-1,0,0,6,4,3
20,neutrino_G3,,1,1,51,6,6,2,4,3,-1,-1,torsion,STAY,9,0,9,3,0,-1,0,0,6,4,3
20,neutrino_G3,,1,1,52,7,6,2,4,3,-1,-1,sum,W,7,0,7,2,1,-1,0,0,6,4,2
20,neutrino_G3,,1,1,53,8,6,2,4,2,-1,-1,product,N,8,0,8,2,2,-1,0,0,6,3,2
20,neutrino_G3,,1,1,54,9,6,2,3,2,-1,-1,torsion,STAY,9,0,9,3,0,-1,1,0,6,3,2
20,neutrino_G3,,1,1,55,1,7,3,3,2,1,1,sum,E,5,0,5,1,2,1,0,0,6,3,3
20,neutrino_G3,,1,1,56,2,7,3,3,3,1,1,product,S,9,0,9,3,0,1,0,0,6,4,3
20,neutrino_G3,,1,1,57,3,7,3,4,3,1,1,torsion,STAY,9,0,9,3,0,1,0,0,6,4,3
20,neutrino_G3,,1,1,58,4,7,3,4,3,1,1,sum,E,7,0,7,2,1,1,0,0,6,4,4
20,neutrino_G3,,1,1,59,5,7,3,4,4,1,1,product,S,16,1,7,2,1,1,0,0,6,5,4
20,neutrino_G3,,1,1,60,6,7,3,5,4,1,1,torsion,STAY,9,0,9,3,0,1,0,0,6,5,4
20,neutrino_G3,,1,1,61,7,7,3,5,4,1,1,sum,E,9,0,9,3,0,1,0,0,6,5,5
20,neutrino_G3,,1,1,62,8,7,3,5,5,1,1,product,S,25,2,7,2,1,1,0,0,6,6,5
20,neutrino_G3,,1,1,63,9,7,3,6,5,1,1,torsion,STAY,9,0,9,3,0,1,0,0,6,6,5
20,neutrino_G3,,1,1,64,1,8,3,6,5,1,1,sum,E,11,1,2,0,2,1,0,0,6,6,6
20,neutrino_G3,,1,1,65,2,8,3,6,6,1,1,product,S,36,3,9,3,0,1,0,1,6,7,6
20,neutrino_G3,,1,1,66,3,8,3,7,6,1,1,torsion,STAY,9,0,9,3,0,1,0,0,7,7,6
20,neutrino_G3,,1,1,67,4,8,3,7,6,1,1,sum,E,13,1,4,1,1,1,0,0,6,7,7
20,neutrino_G3,,1,1,68,5,8,3,7,7,1,1,product,S,49,5,4,1,1,1,0,0,6,8,7
20,neutrino_G3,,1,1,69,6,8,3,8,7,1,1,torsion,STAY,9,0,9,3,0,1,0,0,6,8,7
20,neutrino_G3,,1,1,70,7,8,3,8,7,1,1,sum,E,15,1,6,2,0,1,0,0,6,8,8
20,neutrino_G3,,1,1,71,8,8,3,8,8,1,1,product,S,64,7,1,0,1,1,0,0,6,9,8
20,neutrino_G3,,1,1,72,9,8,3,9,8,1,1,torsion,STAY,9,0,9,3,0,1,0,0,6,9,8
20,neutrino_G3,,1,1,73,1,9,3,9,8,1,1,sum,E,17,1,8,2,2,1,0,0,6,9,9
20,neutrino_G3,,1,1,74,2,9,3,9,9,1,1,product,S,81,8,9,3,0,1,0,0,6,1,9
20,neutrino_G3,,1,1,75,3,9,3,1,9,1,1,torsion,STAY,9,0,9,3,0,1,0,0,6,1,9
20,neutrino_G3,,1,1,76,4,9,3,1,9,1,1,sum,E,10,1,1,0,1,1,0,0,6,1,1
20,neutrino_G3,,1,1,77,5,9,3,1,1,1,1,product,S,1,0,1,0,1,1,0,0,6,2,1
20,neutrino_G3,,1,1,78,6,9,3,2,1,1,1,torsion,STAY,9,0,9,3,0,1,0,0,6,2,1
20,neutrino_G3,,1,1,79,7,9,3,2,1,1,1,sum,E,3,0,3,1,0,1,0,0,6,2,2
20,neutrino_G3,,1,1,80,8,9,3,2,2,1,1,product,S,4,0,4,1,1,1,0,0,6,3,2
20,neutrino_G3,,1,1,81,9,9,3,3,2,1,1,torsion,STAY,9,0,9,3,0,1,1,0,6,3,2
20,neutrino_G3,,1,1,82,1,10,4,3,2,-1,-1,sum,W,5,0,5,1,2,-1,0,0,6,3,1
20,neutrino_G3,,1,1,83,2,10,4,3,1,-1,-1,product,N,3,0,3,1,0,-1,0,0,6,2,1
20,neutrino_G3,,1,1,84,3,10,4,2,1,-1,-1,torsion,STAY,9,0,9,3,0,-1,0,0,6,2,1
20,neutrino_G3,,1,1,85,4,10,4,2,1,-1,-1,sum,W,3,0,3,1,0,-1,0,0,6,2,9
20,neutrino_G3,,1,1,86,5,10,4,2,9,-1,-1,product,N,18,1,9,3,0,-1,0,0,6,1,9
20,neutrino_G3,,1,1,87,6,10,4,1,9,-1,-1,torsion,STAY,9,0,9,3,0,-1,0,1,6,1,9
20,neutrino_G3,,1,1,88,7,10,4,1,9,-1,-1,sum,W,10,1,1,0,1,-1,0,0,7,1,8
20,neutrino_G3,,1,1,89,8,10,4,1,8,-1,-1,product,N,8,0,8,2,2,-1,0,0,6,9,8
20,neutrino_G3,,1,1,90,9,10,4,9,8,-1,-1,torsion,STAY,9,0,9,3,0,-1,0,0,6,9,8
20,neutrino_G3,,1,1,91,1,11,4,9,8,-1,-1,sum,W,17,1,8,2,2,-1,0,0,6,9,7
20,neutrino_G3,,1,1,92,2,11,4,9,7,-1,-1,product,N,63,6,9,3,0,-1,0,0,6,8,7
20,neutrino_G3,,1,1,93,3,11,4,8,7,-1,-1,torsion,STAY,9,0,9,3,0,-1,0,0,6,8,7
20,neutrino_G3,,1,1,94,4,11,4,8,7,-1,-1,sum,W,15,1,6,2,0,-1,0,0,6,8,6
20,neutrino_G3,,1,1,95,5,11,4,8,6,-1,-1,product,N,48,5,3,1,0,-1,0,0,6,7,6
20,neutrino_G3,,1,1,96,6,11,4,7,6,-1,-1,torsion,STAY,9,0,9,3,0,-1,0,0,6,7,6
20,neutrino_G3,,1,1,97,7,11,4,7,6,-1,-1,sum,W,13,1,4,1,1,-1,0,0,6,7,5
20,neutrino_G3,,1,1,98,8,11,4,7,5,-1,-1,product,N,35,3,8,2,2,-1,0,0,6,6,5
20,neutrino_G3,,1,1,99,9,11,4,6,5,-1,-1,torsion,STAY,9,0,9,3,0,-1,0,0,6,6,5
20,neutrino_G3,,1,1,100,1,12,4,6,5,-1,-1,sum,W,11,1,2,0,2,-1,0,0,6,6,4
20,neutrino_G3,,1,1,101,2,12,4,6,4,-1,-1,product,N,24,2,6,2,0,-1,0,0,6,5,4
20,neutrino_G3,,1,1,102,3,12,4,5,4,-1,-1,torsion,STAY,9,0,9,3,0,-1,0,0,6,5,4
20,neutrino_G3,,1,1,103,4,12,4,5,4,-1,-1,sum,W,9,0,9,3,0,-1,0,0,6,5,3
20,neutrino_G3,,1,1,104,5,12,4,5,3,-1,-1,product,N,15,1,6,2,0,-1,0,0,6,4,3
20,neutrino_G3,,1,1,105,6,12,4,4,3,-1,-1,torsion,STAY,9,0,9,3,0,-1,0,0,6,4,3
20,neutrino_G3,,1,1,106,7,12,4,4,3,-1,-1,sum,W,7,0,7,2,1,-1,0,0,6,4,2
20,neutrino_G3,,1,1,107,8,12,4,4,2,-1,-1,product,N,8,0,8,2,2,-1,0,0,6,3,2
20,neutrino_G3,,1,1,108,9,12,4,3,2,-1,-1,torsion,STAY,9,0,9,3,0,-1,1,0,6,3,2
21,charged_lepton_G2,,1,-1,1,1,1,1,3,3,1,-1,sum,E,6,0,6,2,0,1,0,0,7,3,4
21,charged_lepton_G2,,1,-1,2,2,1,1,3,4,1,-1,product,N,12,1,3,1,0,1,0,0,6,2,4
21,charged_lepton_G2,,1,-1,3,3,1,1,2,4,1,-1,torsion,STAY,9,0,9,3,0,1,0,0,6,2,4
21,charged_lepton_G2,,1,-1,4,4,1,1,2,4,1,-1,sum,E,6,0,6,2,0,1,0,0,6,2,5
21,charged_lepton_G2,,1,-1,5,5,1,1,2,5,1,-1,product,N,10,1,1,0,1,1,0,0,6,1,5
21,charged_lepton_G2,,1,-1,6,6,1,1,1,5,1,-1,torsion,STAY,9,0,9,3,0,1,0,0,6,1,5
21,charged_lepton_G2,,1,-1,7,7,1,1,1,5,1,-1,sum,E,6,0,6,2,0,1,0,0,6,1,6
21,charged_lepton_G2,,1,-1,8,8,1,1,1,6,1,-1,product,N,6,0,6,2,0,1,0,0,6,9,6
21,charged_lepton_G2,,1,-1,9,9,1,1,9,6,1,-1,torsion,STAY,9,0,9,3,0,1,0,0,6,9,6
21,charged_lepton_G2,,1,-1,10,1,2,1,9,6,1,-1,sum,E,15,1,6,2,0,1,0,0,6,9,7
21,charged_lepton_G2,,1,-1,11,2,2,1,9,7,1,-1,product,N,63,6,9,3,0,1,0,0,6,8,7
21,charged_lepton_G2,,1,-1,12,3,2,1,8,7,1,-1,torsion,STAY,9,0,9,3,0,1,0,0,6,8,7
21,charged_lepton_G2,,1,-1,13,4,2,1,8,7,1,-1,sum,E,15,1,6,2,0,1,0,0,6,8,8
21,charged_lepton_G2,,1,-1,14,5,2,1,8,8,1,-1,product,N,64,7,1,0,1,1,0,0,6,7,8
21,charged_lepton_G2,,1,-1,15,6,2,1,7,8,1,-1,torsion,STAY,9,0,9,3,0,1,0,0,6,7,8
21,charged_lepton_G2,,1,-1,16,7,2,1,7,8,1,-1,sum,E,15,1,6,2,0,1,0,0,6,7,9
21,charged_lepton_G2,,1,-1,17,8,2,1,7,9,1,-1,product,N,63,6,9,3,0,1,0,0,6,6,9
21,charged_lepton_G2,,1,-1,18,9,2,1,6,9,1,-1,torsion,STAY,9,0,9,3,0,1,0,0,6,6,9
21,charged_lepton_G2,,1,-1,19,1,3,1,6,9,1,-1,sum,E,15,1,6,2,0,1,0,0,6,6,1
21,charged_lepton_G2,,1,-1,20,2,3,1,6,1,1,-1,product,N,6,0,6,2,0,1,0,0,6,5,1
21,charged_lepton_G2,,1,-1,21,3,3,1,5,1,1,-1,torsion,STAY,9,0,9,3,0,1,0,1,6,5,1
21,charged_lepton_G2,,1,-1,22,4,3,1,5,1,1,-1,sum,E,6,0,6,2,0,1,0,0,7,5,2
21,charged_lepton_G2,,1,-1,23,5,3,1,5,2,1,-1,product,N,10,1,1,0,1,1,0,0,6,4,2
21,charged_lepton_G2,,1,-1,24,6,3,1,4,2,1,-1,torsion,STAY,9,0,9,3,0,1,0,0,6,4,2
21,charged_lepton_G2,,1,-1,25,7,3,1,4,2,1,-1,sum,E,6,0,6,2,0,1,0,0,6,4,3
21,charged_lepton_G2,,1,-1,26,8,3,1,4,3,1,-1,product,N,12,1,3,1,0,1,0,0,6,3,3
21,charged_lepton_G2,,1,-1,27,9,3,1,3,3,1,-1,torsion,STAY,9,0,9,3,0,1,1,0,6,3,3
21,charged_lepton_G2,,1,-1,28,1,4,2,3,3,-1,1,sum,W,6,0,6,2,0,-1,0,0,6,3,2
21,charged_lepton_G2,,1,-1,29,2,4,2,3,2,-1,1,product,S,6,0,6,2,0,-1,0,0,6,4,2
21,charged_lepton_G2,,1,-1,30,3,4,2,4,2,-1,1,torsion,STAY,9,0,9,3,0,-1,0,0,6,4,2
21,charged_lepton_G2,,1,-1,31,4,4,2,4,2,-1,1,sum,W,6,0,6,2,0,-1,0,0,6,4,1
21,charged_lepton_G2,,1,-1,32,5,4,2,4,1,-1,1,product,S,4,0,4,1,1,-1,0,0,6,5,1
21,charged_lepton_G2,,1,-1,33,6,4,2,5,1,-1,1,torsion,STAY,9,0,9,3,0,-1,0,0,6,5,1
21,charged_lepton_G2,,1,-1,34,7,4,2,5,1,-1,1,sum,W,6,0,6,2,0,-1,0,0,6,5,9
21,charged_lepton_G2,,1,-1,35,8,4,2,5,9,-1,1,product,S,45,4,9,3,0,-1,0,0,6,6,9
21,charged_lepton_G2,,1,-1,36,9,4,2,6,9,-1,1,torsion,STAY,9,0,9,3,0,-1,0,0,6,6,9
21,charged_lepton_G2,,1,-1,37,1,5,2,6,9,-1,1,sum,W,15,1,6,2,0,-1,0,0,6,6,8
21,charged_lepton_G2,,1,-1,38,2,5,2,6,8,-1,1,product,S,48,5,3,1,0,-1,0,0,6,7,8
21,charged_lepton_G2,,1,-1,39,3,5,2,7,8,-1,1,torsion,STAY,9,0,9,3,0,-1,0,0,6,7,8
21,charged_lepton_G2,,1,-1,40,4,5,2,7,8,-1,1,sum,W,15,1,6,2,0,-1,0,0,6,7,7
21,charged_lepton_G2,,1,-1,41,5,5,2,7,7,-1,1,product,S,49,5,4,1,1,-1,0,0,6,8,7
21,charged_lepton_G2,,1,-1,42,6,5,2,8,7,-1,1,torsion,STAY,9,0,9,3,0,-1,0,0,6,8,7
21,charged_lepton_G2,,1,-1,43,7,5,2,8,7,-1,1,sum,W,15,1,6,2,0,-1,0,1,6,8,6
21,charged_lepton_G2,,1,-1,44,8,5,2,8,6,-1,1,product,S,48,5,3,1,0,-1,0,0,7,9,6
21,charged_lepton_G2,,1,-1,45,9,5,2,9,6,-1,1,torsion,STAY,9,0,9,3,0,-1,0,0,6,9,6
21,charged_lepton_G2,,1,-1,46,1,6,2,9,6,-1,1,sum,W,15,1,6,2,0,-1,0,0,6,9,5
21,charged_lepton_G2,,1,-1,47,2,6,2,9,5,-1,1,product,S,45,4,9,3,0,-1,0,0,6,1,5
21,charged_lepton_G2,,1,-1,48,3,6,2,1,5,-1,1,torsion,STAY,9,0,9,3,0,-1,0,0,6,1,5
21,charged_lepton_G2,,1,-1,49,4,6,2,1,5,-1,1,sum,W,6,0,6,2,0,-1,0,0,6,1,4
21,charged_lepton_G2,,1,-1,50,5,6,2,1,4,-1,1,product,S,4,0,4,1,1,-1,0,0,6,2,4
21,charged_lepton_G2,,1,-1,51,6,6,2,2,4,-1,1,torsion,STAY,9,0,9,3,0,-1,0,0,6,2,4
21,charged_lepton_G2,,1,-1,52,7,6,2,2,4,-1,1,sum,W,6,0,6,2,0,-1,0,0,6,2,3
21,charged_lepton_G2,,1,-1,53,8,6,2,2,3,-1,1,product,S,6,0,6,2,0,-1,0,0,6,3,3
21,charged_lepton_G2,,1,-1,54,9,6,2,3,3,-1,1,torsion,STAY,9,0,9,3,0,-1,1,0,6,3,3
21,charged_lepton_G2,,1,-1,55,1,7,3,3,3,1,-1,sum,E,6,0,6,2,0,1,0,0,6,3,4
21,charged_lepton_G2,,1,-1,56,2,7,3,3,4,1,-1,product,N,12,1,3,1,0,1,0,0,6,2,4
21,charged_lepton_G2,,1,-1,57,3,7,3,2,4,1,-1,torsion,STAY,9,0,9,3,0,1,0,0,6,2,4
21,charged_lepton_G2,,1,-1,58,4,7,3,2,4,1,-1,sum,E,6,0,6,2,0,1,0,0,6,2,5
21,charged_lepton_G2,,1,-1,59,5,7,3,2,5,1,-1,product,N,10,1,1,0,1,1,0,0,6,1,5
21,charged_lepton_G2,,1,-1,60,6,7,3,1,5,1,-1,torsion,STAY,9,0,9,3,0,1,0,0,6,1,5
21,charged_lepton_G2,,1,-1,61,7,7,3,1,5,1,-1,sum,E,6,0,6,2,0,1,0,0,6,1,6
21,charged_lepton_G2,,1,-1,62,8,7,3,1,6,1,-1,product,N,6,0,6,2,0,1,0,0,6,9,6
21,charged_lepton_G2,,1,-1,63,9,7,3,9,6,1,-1,torsion,STAY,9,0,9,3,0,1,0,0,6,9,6
21,charged_lepton_G2,,1,-1,64,1,8,3,9,6,1,-1,sum,E,15,1,6,2,0,1,0,0,6,9,7
21,charged_lepton_G2,,1,-1,65,2,8,3,9,7,1,-1,product,N,63,6,9,3,0,1,0,1,6,8,7
21,charged_lepton_G2,,1,-1,66,3,8,3,8,7,1,-1,torsion,STAY,9,0,9,3,0,1,0,0,7,8,7
21,charged_lepton_G2,,1,-1,67,4,8,3,8,7,1,-1,sum,E,15,1,6,2,0,1,0,0,6,8,8
21,charged_lepton_G2,,1,-1,68,5,8,3,8,8,1,-1,product,N,64,7,1,0,1,1,0,0,6,7,8
21,charged_lepton_G2,,1,-1,69,6,8,3,7,8,1,-1,torsion,STAY,9,0,9,3,0,1,0,0,6,7,8
21,charged_lepton_G2,,1,-1,70,7,8,3,7,8,1,-1,sum,E,15,1,6,2,0,1,0,0,6,7,9
21,charged_lepton_G2,,1,-1,71,8,8,3,7,9,1,-1,product,N,63,6,9,3,0,1,0,0,6,6,9
21,charged_lepton_G2,,1,-1,72,9,8,3,6,9,1,-1,torsion,STAY,9,0,9,3,0,1,0,0,6,6,9
21,charged_lepton_G2,,1,-1,73,1,9,3,6,9,1,-1,sum,E,15,1,6,2,0,1,0,0,6,6,1
21,charged_lepton_G2,,1,-1,74,2,9,3,6,1,1,-1,product,N,6,0,6,2,0,1,0,0,6,5,1
21,charged_lepton_G2,,1,-1,75,3,9,3,5,1,1,-1,torsion,STAY,9,0,9,3,0,1,0,0,6,5,1
21,charged_lepton_G2,,1,-1,76,4,9,3,5,1,1,-1,sum,E,6,0,6,2,0,1,0,0,6,5,2
21,charged_lepton_G2,,1,-1,77,5,9,3,5,2,1,-1,product,N,10,1,1,0,1,1,0,0,6,4,2
21,charged_lepton_G2,,1,-1,78,6,9,3,4,2,1,-1,torsion,STAY,9,0,9,3,0,1,0,0,6,4,2
21,charged_lepton_G2,,1,-1,79,7,9,3,4,2,1,-1,sum,E,6,0,6,2,0,1,0,0,6,4,3
21,charged_lepton_G2,,1,-1,80,8,9,3,4,3,1,-1,product,N,12,1,3,1,0,1,0,0,6,3,3
21,charged_lepton_G2,,1,-1,81,9,9,3,3,3,1,-1,torsion,STAY,9,0,9,3,0,1,1,0,6,3,3
21,charged_lepton_G2,,1,-1,82,1,10,4,3,3,-1,1,sum,W,6,0,6,2,0,-1,0,0,6,3,2
21,charged_lepton_G2,,1,-1,83,2,10,4,3,2,-1,1,product,S,6,0,6,2,0,-1,0,0,6,4,2
21,charged_lepton_G2,,1,-1,84,3,10,4,4,2,-1,1,torsion,STAY,9,0,9,3,0,-1,0,0,6,4,2
21,charged_lepton_G2,,1,-1,85,4,10,4,4,2,-1,1,sum,W,6,0,6,2,0,-1,0,0,6,4,1
21,charged_lepton_G2,,1,-1,86,5,10,4,4,1,-1,1,product,S,4,0,4,1,1,-1,0,0,6,5,1
21,charged_lepton_G2,,1,-1,87,6,10,4,5,1,-1,1,torsion,STAY,9,0,9,3,0,-1,0,1,6,5,1
21,charged_lepton_G2,,1,-1,88,7,10,4,5,1,-1,1,sum,W,6,0,6,2,0,-1,0,0,7,5,9
21,charged_lepton_G2,,1,-1,89,8,10,4,5,9,-1,1,product,S,45,4,9,3,0,-1,0,0,6,6,9
21,charged_lepton_G2,,1,-1,90,9,10,4,6,9,-1,1,torsion,STAY,9,0,9,3,0,-1,0,0,6,6,9
21,charged_lepton_G2,,1,-1,91,1,11,4,6,9,-1,1,sum,W,15,1,6,2,0,-1,0,0,6,6,8
21,charged_lepton_G2,,1,-1,92,2,11,4,6,8,-1,1,product,S,48,5,3,1,0,-1,0,0,6,7,8
21,charged_lepton_G2,,1,-1,93,3,11,4,7,8,-1,1,torsion,STAY,9,0,9,3,0,-1,0,0,6,7,8
21,charged_lepton_G2,,1,-1,94,4,11,4,7,8,-1,1,sum,W,15,1,6,2,0,-1,0,0,6,7,7
21,charged_lepton_G2,,1,-1,95,5,11,4,7,7,-1,1,product,S,49,5,4,1,1,-1,0,0,6,8,7
21,charged_lepton_G2,,1,-1,96,6,11,4,8,7,-1,1,torsion,STAY,9,0,9,3,0,-1,0,0,6,8,7
21,charged_lepton_G2,,1,-1,97,7,11,4,8,7,-1,1,sum,W,15,1,6,2,0,-1,0,0,6,8,6
21,charged_lepton_G2,,1,-1,98,8,11,4,8,6,-1,1,product,S,48,5,3,1,0,-1,0,0,6,9,6
21,charged_lepton_G2,,1,-1,99,9,11,4,9,6,-1,1,torsion,STAY,9,0,9,3,0,-1,0,0,6,9,6
21,charged_lepton_G2,,1,-1,100,1,12,4,9,6,-1,1,sum,W,15,1,6,2,0,-1,0,0,6,9,5
21,charged_lepton_G2,,1,-1,101,2,12,4,9,5,-1,1,product,S,45,4,9,3,0,-1,0,0,6,1,5
21,charged_lepton_G2,,1,-1,102,3,12,4,1,5,-1,1,torsion,STAY,9,0,9,3,0,-1,0,0,6,1,5
21,charged_lepton_G2,,1,-1,103,4,12,4,1,5,-1,1,sum,W,6,0,6,2,0,-1,0,0,6,1,4
21,charged_lepton_G2,,1,-1,104,5,12,4,1,4,-1,1,product,S,4,0,4,1,1,-1,0,0,6,2,4
21,charged_lepton_G2,,1,-1,105,6,12,4,2,4,-1,1,torsion,STAY,9,0,9,3,0,-1,0,0,6,2,4
21,charged_lepton_G2,,1,-1,106,7,12,4,2,4,-1,1,sum,W,6,0,6,2,0,-1,0,0,6,2,3
21,charged_lepton_G2,,1,-1,107,8,12,4,2,3,-1,1,product,S,6,0,6,2,0,-1,0,0,6,3,3
21,charged_lepton_G2,,1,-1,108,9,12,4,3,3,-1,1,torsion,STAY,9,0,9,3,0,-1,1,0,6,3,3
22,neutrino_G2,,-1,-1,1,1,1,1,3,4,-1,-1,sum,W,7,0,7,2,1,1,0,0,7,3,3
22,neutrino_G2,,-1,-1,2,2,1,1,3,3,-1,-1,product,N,9,0,9,3,0,1,0,0,6,2,3
22,neutrino_G2,,-1,-1,3,3,1,1,2,3,-1,-1,torsion,STAY,9,0,9,3,0,1,0,0,6,2,3
22,neutrino_G2,,-1,-1,4,4,1,1,2,3,-1,-1,sum,W,5,0,5,1,2,1,0,0,6,2,2
22,neutrino_G2,,-1,-1,5,5,1,1,2,2,-1,-1,product,N,4,0,4,1,1,1,0,0,6,1,2
22,neutrino_G2,,-1,-1,6,6,1,1,1,2,-1,-1,torsion,STAY,9,0,9,3,0,1,0,0,6,1,2
22,neutrino_G2,,-1,-1,7,7,1,1,1,2,-1,-1,sum,W,3,0,3,1,0,1,0,0,6,1,1
22,neutrino_G2,,-1,-1,8,8,1,1,1,1,-1,-1,product,N,1,0,1,0,1,1,0,0,6,9,1
22,neutrino_G2,,-1,-1,9,9,1,1,9,1,-1,-1,torsion,STAY,9,0,9,3,0,1,0,0,6,9,1
22,neutrino_G2,,-1,-1,10,1,2,1,9,1,-1,-1,sum,W,10,1,1,0,1,1,0,0,6,9,9
22,neutrino_G2,,-1,-1,11,2,2,1,9,9,-1,-1,product,N,81,8,9,3,0,1,0,0,6,8,9
22,neutrino_G2,,-1,-1,12,3,2,1,8,9,-1,-1,torsion,STAY,9,0,9,3,0,1,0,0,6,8,9
22,neutrino_G2,,-1,-1,13,4,2,1,8,9,-1,-1,sum,W,17,1,8,2,2,1,0,0,6,8,8
22,neutrino_G2,,-1,-1,14,5,2,1,8,8,-1,-1,product,N,64,7,1,0,1,1,0,0,6,7,8
22,neutrino_G2,,-1,-1,15,6,2,1,7,8,-1,-1,torsion,STAY,9,0,9,3,0,1,0,0,6,7,8
22,neutrino_G2,,-1,-1,16,7,2,1,7,8,-1,-1,sum,W,15,1,6,2,0,1,0,0,6,7,7
22,neutrino_G2,,-1,-1,17,8,2,1,7,7,-1,-1,product,N,49,5,4,1,1,1,0,0,6,6,7
22,neutrino_G2,,-1,-1,18,9,2,1,6,7,-1,-1,torsion,STAY,9,0,9,3,0,1,0,0,6,6,7
22,neutrino_G2,,-1,-1,19,1,3,1,6,7,-1,-1,sum,W,13,1,4,1,1,1,0,0,6,6,6
22,neutrino_G2,,-1,-1,20,2,3,1,6,6,-1,-1,product,N,36,3,9,3,0,1,0,0,6,5,6
22,neutrino_G2,,-1,-1,21,3,3,1,5,6,-1,-1,torsion,STAY,9,0,9,3,0,1,0,1,6,5,6
22,neutrino_G2,,-1,-1,22,4,3,1,5,6,-1,-1,sum,W,11,1,2,0,2,1,0,0,7,5,5
22,neutrino_G2,,-1,-1,23,5,3,1,5,5,-1,-1,product,N,25,2,7,2,1,1,0,0,6,4,5
22,neutrino_G2,,-1,-1,24,6,3,1,4,5,-1,-1,torsion,STAY,9,0,9,3,0,1,0,0,6,4,5
22,neutrino_G2,,-1,-1,25,7,3,1,4,5,-1,-1,sum,W,9,0,9,3,0,1,0,0,6,4,4
22,neutrino_G2,,-1,-1,26,8,3,1,4,4,-1,-1,product,N,16,1,7,2,1,1,0,0,6,3,4
22,neutrino_G2,,-1,-1,27,9,3,1,3,4,-1,-1,torsion,STAY,9,0,9,3,0,1,1,0,6,3,4
22,neutrino_G2,,-1,-1,28,1,4,2,3,4,1,1,sum,E,7,0,7,2,1,-1,0,0,6,3,5
22,neutrino_G2,,-1,-1,29,2,4,2,3,5,1,1,product,S,15,1,6,2,0,-1,0,0,6,4,5
22,neutrino_G2,,-1,-1,30,3,4,2,4,5,1,1,torsion,STAY,9,0,9,3,0,-1,0,0,6,4,5
22,neutrino_G2,,-1,-1,31,4,4,2,4,5,1,1,sum,E,9,0,9,3,0,-1,0,0,6,4,6
22,neutrino_G2,,-1,-1,32,5,4,2,4,6,1,1,product,S,24,2,6,2,0,-1,0,0,6,5,6
22,neutrino_G2,,-1,-1,33,6,4,2,5,6,1,1,torsion,STAY,9,0,9,3,0,-1,0,0,6,5,6
22,neutrino_G2,,-1,-1,34,7,4,2,5,6,1,1,sum,E,11,1,2,0,2,-1,0,0,6,5,7
22,neutrino_G2,,-1,-1,35,8,4,2,5,7,1,1,product,S,35,3,8,2,2,-1,0,0,6,6,7
22,neutrino_G2,,-1,-1,36,9,4,2,6,7,1,1,torsion,STAY,9,0,9,3,0,-1,0,0,6,6,7
22,neutrino_G2,,-1,-1,37,1,5,2,6,7,1,1,sum,E,13,1,4,1,1,-1,0,0,6,6,8
22,neutrino_G2,,-1,-1,38,2,5,2,6,8,1,1,product,S,48,5,3,1,0,-1,0,0,6,7,8
22,neutrino_G2,,-1,-1,39,3,5,2,7,8,1,1,torsion,STAY,9,0,9,3,0,-1,0,0,6,7,8
22,neutrino_G2,,-1,-1,40,4,5,2,7,8,1,1,sum,E,15,1,6,2,0,-1,0,0,6,7,9
22,neutrino_G2,,-1,-1,41,5,5,2,7,9,1,1,product,S,63,6,9,3,0,-1,0,0,6,8,9
22,neutrino_G2,,-1,-1,42,6,5,2,8,9,1,1,torsion,STAY,9,0,9,3,0,-1,0,0,6,8,9
22,neutrino_G2,,-1,-1,43,7,5,2,8,9,1,1,sum,E,17,1,8,2,2,-1,0,1,6,8,1
22,neutrino_G2,,-1,-1,44,8,5,2,8,1,1,1,product,S,8,0,8,2,2,-1,0,0,7,9,1
22,neutrino_G2,,-1,-1,45,9,5,2,9,1,1,1,torsion,STAY,9,0,9,3,0,-1,0,0,6,9,1
22,neutrino_G2,,-1,-1,46,1,6,2,9,1,1,1,sum,E,10,1,1,0,1,-1,0,0,6,9,2
22,neutrino_G2,,-1,-1,47,2,6,2,9,2,1,1,product,S,18,1,9,3,0,-1,0,0,6,1,2
22,neutrino_G2,,-1,-1,48,3,6,2,1,2,1,1,torsion,STAY,9,0,9,3,0,-1,0,0,6,1,2
22,neutrino_G2,,-1,-1,49,4,6,2,1,2,1,1,sum,E,3,0,3,1,0,-1,0,0,6,1,3
22,neutrino_G2,,-1,-1,50,5,6,2,1,3,1,1,product,S,3,0,3,1,0,-1,0,0,6,2,3
22,neutrino_G2,,-1,-1,51,6,6,2,2,3,1,1,torsion,STAY,9,0,9,3,0,-1,0,0,6,2,3
22,neutrino_G2,,-1,-1,52,7,6,2,2,3,1,1,sum,E,5,0,5,1,2,-1,0,0,6,2,4
22,neutrino_G2,,-1,-1,53,8,6,2,2,4,1,1,product,S,8,0,8,2,2,-1,0,0,6,3,4
22,neutrino_G2,,-1,-1,54,9,6,2,3,4,1,1,torsion,STAY,9,0,9,3,0,-1,1,0,6,3,4
22,neutrino_G2,,-1,-1,55,1,7,3,3,4,-1,-1,sum,W,7,0,7,2,1,1,0,0,6,3,3
22,neutrino_G2,,-1,-1,56,2,7,3,3,3,-1,-1,product,N,9,0,9,3,0,1,0,0,6,2,3
22,neutrino_G2,,-1,-1,57,3,7,3,2,3,-1,-1,torsion,STAY,9,0,9,3,0,1,0,0,6,2,3
22,neutrino_G2,,-1,-1,58,4,7,3,2,3,-1,-1,sum,W,5,0,5,1,2,1,0,0,6,2,2
22,neutrino_G2,,-1,-1,59,5,7,3,2,2,-1,-1,product,N,4,0,4,1,1,1,0,0,6,1,2
22,neutrino_G2,,-1,-1,60,6,7,3,1,2,-1,-1,torsion,STAY,9,0,9,3,0,1,0,0,6,1,2
22,neutrino_G2,,-1,-1,61,7,7,3,1,2,-1,-1,sum,W,3,0,3,1,0,1,0,0,6,1,1
22,neutrino_G2,,-1,-1,62,8,7,3,1,1,-1,-1,product,N,1,0,1,0,1,1,0,0,6,9,1
22,neutrino_G2,,-1,-1,63,9,7,3,9,1,-1,-1,torsion,STAY,9,0,9,3,0,1,0,0,6,9,1
22,neutrino_G2,,-1,-1,64,1,8,3,9,1,-1,-1,sum,W,10,1,1,0,1,1,0,0,6,9,9
22,neutrino_G2,,-1,-1,65,2,8,3,9,9,-1,-1,product,N,81,8,9,3,0,1,0,1,6,8,9
22,neutrino_G2,,-1,-1,66,3,8,3,8,9,-1,-1,torsion,STAY,9,0,9,3,0,1,0,0,7,8,9
22,neutrino_G2,,-1,-1,67,4,8,3,8,9,-1,-1,sum,W,17,1,8,2,2,1,0,0,6,8,8
22,neutrino_G2,,-1,-1,68,5,8,3,8,8,-1,-1,product,N,64,7,1,0,1,1,0,0,6,7,8
22,neutrino_G2,,-1,-1,69,6,8,3,7,8,-1,-1,torsion,STAY,9,0,9,3,0,1,0,0,6,7,8
22,neutrino_G2,,-1,-1,70,7,8,3,7,8,-1,-1,sum,W,15,1,6,2,0,1,0,0,6,7,7
22,neutrino_G2,,-1,-1,71,8,8,3,7,7,-1,-1,product,N,49,5,4,1,1,1,0,0,6,6,7
22,neutrino_G2,,-1,-1,72,9,8,3,6,7,-1,-1,torsion,STAY,9,0,9,3,0,1,0,0,6,6,7
22,neutrino_G2,,-1,-1,73,1,9,3,6,7,-1,-1,sum,W,13,1,4,1,1,1,0,0,6,6,6
22,neutrino_G2,,-1,-1,74,2,9,3,6,6,-1,-1,product,N,36,3,9,3,0,1,0,0,6,5,6
22,neutrino_G2,,-1,-1,75,3,9,3,5,6,-1,-1,torsion,STAY,9,0,9,3,0,1,0,0,6,5,6
22,neutrino_G2,,-1,-1,76,4,9,3,5,6,-1,-1,sum,W,11,1,2,0,2,1,0,0,6,5,5
22,neutrino_G2,,-1,-1,77,5,9,3,5,5,-1,-1,product,N,25,2,7,2,1,1,0,0,6,4,5
22,neutrino_G2,,-1,-1,78,6,9,3,4,5,-1,-1,torsion,STAY,9,0,9,3,0,1,0,0,6,4,5
22,neutrino_G2,,-1,-1,79,7,9,3,4,5,-1,-1,sum,W,9,0,9,3,0,1,0,0,6,4,4
22,neutrino_G2,,-1,-1,80,8,9,3,4,4,-1,-1,product,N,16,1,7,2,1,1,0,0,6,3,4
22,neutrino_G2,,-1,-1,81,9,9,3,3,4,-1,-1,torsion,STAY,9,0,9,3,0,1,1,0,6,3,4
22,neutrino_G2,,-1,-1,82,1,10,4,3,4,1,1,sum,E,7,0,7,2,1,-1,0,0,6,3,5
22,neutrino_G2,,-1,-1,83,2,10,4,3,5,1,1,product,S,15,1,6,2,0,-1,0,0,6,4,5
22,neutrino_G2,,-1,-1,84,3,10,4,4,5,1,1,torsion,STAY,9,0,9,3,0,-1,0,0,6,4,5
22,neutrino_G2,,-1,-1,85,4,10,4,4,5,1,1,sum,E,9,0,9,3,0,-1,0,0,6,4,6
22,neutrino_G2,,-1,-1,86,5,10,4,4,6,1,1,product,S,24,2,6,2,0,-1,0,0,6,5,6
22,neutrino_G2,,-1,-1,87,6,10,4,5,6,1,1,torsion,STAY,9,0,9,3,0,-1,0,1,6,5,6
22,neutrino_G2,,-1,-1,88,7,10,4,5,6,1,1,sum,E,11,1,2,0,2,-1,0,0,7,5,7
22,neutrino_G2,,-1,-1,89,8,10,4,5,7,1,1,product,S,35,3,8,2,2,-1,0,0,6,6,7
22,neutrino_G2,,-1,-1,90,9,10,4,6,7,1,1,torsion,STAY,9,0,9,3,0,-1,0,0,6,6,7
22,neutrino_G2,,-1,-1,91,1,11,4,6,7,1,1,sum,E,13,1,4,1,1,-1,0,0,6,6,8
22,neutrino_G2,,-1,-1,92,2,11,4,6,8,1,1,product,S,48,5,3,1,0,-1,0,0,6,7,8
22,neutrino_G2,,-1,-1,93,3,11,4,7,8,1,1,torsion,STAY,9,0,9,3,0,-1,0,0,6,7,8
22,neutrino_G2,,-1,-1,94,4,11,4,7,8,1,1,sum,E,15,1,6,2,0,-1,0,0,6,7,9
22,neutrino_G2,,-1,-1,95,5,11,4,7,9,1,1,product,S,63,6,9,3,0,-1,0,0,6,8,9
22,neutrino_G2,,-1,-1,96,6,11,4,8,9,1,1,torsion,STAY,9,0,9,3,0,-1,0,0,6,8,9
22,neutrino_G2,,-1,-1,97,7,11,4,8,9,1,1,sum,E,17,1,8,2,2,-1,0,0,6,8,1
22,neutrino_G2,,-1,-1,98,8,11,4,8,1,1,1,product,S,8,0,8,2,2,-1,0,0,6,9,1
22,neutrino_G2,,-1,-1,99,9,11,4,9,1,1,1,torsion,STAY,9,0,9,3,0,-1,0,0,6,9,1
22,neutrino_G2,,-1,-1,100,1,12,4,9,1,1,1,sum,E,10,1,1,0,1,-1,0,0,6,9,2
22,neutrino_G2,,-1,-1,101,2,12,4,9,2,1,1,product,S,18,1,9,3,0,-1,0,0,6,1,2
22,neutrino_G2,,-1,-1,102,3,12,4,1,2,1,1,torsion,STAY,9,0,9,3,0,-1,0,0,6,1,2
22,neutrino_G2,,-1,-1,103,4,12,4,1,2,1,1,sum,E,3,0,3,1,0,-1,0,0,6,1,3
22,neutrino_G2,,-1,-1,104,5,12,4,1,3,1,1,product,S,3,0,3,1,0,-1,0,0,6,2,3
22,neutrino_G2,,-1,-1,105,6,12,4,2,3,1,1,torsion,STAY,9,0,9,3,0,-1,0,0,6,2,3
22,neutrino_G2,,-1,-1,106,7,12,4,2,3,1,1,sum,E,5,0,5,1,2,-1,0,0,6,2,4
22,neutrino_G2,,-1,-1,107,8,12,4,2,4,1,1,product,S,8,0,8,2,2,-1,0,0,6,3,4
22,neutrino_G2,,-1,-1,108,9,12,4,3,4,1,1,torsion,STAY,9,0,9,3,0,-1,1,0,6,3,4
23,charged_lepton_G2,,-1,1,1,1,1,1,3,5,-1,1,sum,W,8,0,8,2,2,1,0,0,7,3,4
23,charged_lepton_G2,,-1,1,2,2,1,1,3,4,-1,1,product,S,12,1,3,1,0,1,0,0,6,4,4
23,charged_lepton_G2,,-1,1,3,3,1,1,4,4,-1,1,torsion,STAY,9,0,9,3,0,1,0,0,6,4,4
23,charged_lepton_G2,,-1,1,4,4,1,1,4,4,-1,1,sum,W,8,0,8,2,2,1,0,0,6,4,3
23,charged_lepton_G2,,-1,1,5,5,1,1,4,3,-1,1,product,S,12,1,3,1,0,1,0,0,6,5,3
23,charged_lepton_G2,,-1,1,6,6,1,1,5,3,-1,1,torsion,STAY,9,0,9,3,0,1,0,0,6,5,3
23,charged_lepton_G2,,-1,1,7,7,1,1,5,3,-1,1,sum,W,8,0,8,2,2,1,0,0,6,5,2
23,charged_lepton_G2,,-1,1,8,8,1,1,5,2,-1,1,product,S,10,1,1,0,1,1,0,0,6,6,2
23,charged_lepton_G2,,-1,1,9,9,1,1,6,2,-1,1,torsion,STAY,9,0,9,3,0,1,0,0,6,6,2
23,charged_lepton_G2,,-1,1,10,1,2,1,6,2,-1,1,sum,W,8,0,8,2,2,1,0,0,6,6,1
23,charged_lepton_G2,,-1,1,11,2,2,1,6,1,-1,1,product,S,6,0,6,2,0,1,0,0,6,7,1
23,charged_lepton_G2,,-1,1,12,3,2,1,7,1,-1,1,torsion,STAY,9,0,9,3,0,1,0,0,6,7,1
23,charged_lepton_G2,,-1,1,13,4,2,1,7,1,-1,1,sum,W,8,0,8,2,2,1,0,0,6,7,9
23,charged_lepton_G2,,-1,1,14,5,2,1,7,9,-1,1,product,S,63,6,9,3,0,1,0,0,6,8,9
23,charged_lepton_G2,,-1,1,15,6,2,1,8,9,-1,1,torsion,STAY,9,0,9,3,0,1,0,0,6,8,9
23,charged_lepton_G2,,-1,1,16,7,2,1,8,9,-1,1,sum,W,17,1,8,2,2,1,0,0,6,8,8
23,charged_lepton_G2,,-1,1,17,8,2,1,8,8,-1,1,product,S,64,7,1,0,1,1,0,0,6,9,8
23,charged_lepton_G2,,-1,1,18,9,2,1,9,8,-1,1,torsion,STAY,9,0,9,3,0,1,0,0,6,9,8
23,charged_lepton_G2,,-1,1,19,1,3,1,9,8,-1,1,sum,W,17,1,8,2,2,1,0,0,6,9,7
23,charged_lepton_G2,,-1,1,20,2,3,1,9,7,-1,1,product,S,63,6,9,3,0,1,0,0,6,1,7
23,charged_lepton_G2,,-1,1,21,3,3,1,1,7,-1,1,torsion,STAY,9,0,9,3,0,1,0,1,6,1,7
23,charged_lepton_G2,,-1,1,22,4,3,1,1,7,-1,1,sum,W,8,0,8,2,2,1,0,0,7,1,6
23,charged_lepton_G2,,-1,1,23,5,3,1,1,6,-1,1,product,S,6,0,6,2,0,1,0,0,6,2,6
23,charged_lepton_G2,,-1,1,24,6,3,1,2,6,-1,1,torsion,STAY,9,0,9,3,0,1,0,0,6,2,6
23,charged_lepton_G2,,-1,1,25,7,3,1,2,6,-1,1,sum,W,8,0,8,2,2,1,0,0,6,2,5
23,charged_lepton_G2,,-1,1,26,8,3,1,2,5,-1,1,product,S,10,1,1,0,1,1,0,0,6,3,5
23,charged_lepton_G2,,-1,1,27,9,3,1,3,5,-1,1,torsion,STAY,9,0,9,3,0,1,1,0,6,3,5
23,charged_lepton_G2,,-1,1,28,1,4,2,3,5,1,-1,sum,E,8,0,8,2,2,-1,0,0,6,3,6
23,charged_lepton_G2,,-1,1,29,2,4,2,3,6,1,-1,product,N,18,1,9,3,0,-1,0,0,6,2,6
23,charged_lepton_G2,,-1,1,30,3,4,2,2,6,1,-1,torsion,STAY,9,0,9,3,0,-1,0,0,6,2,6
23,charged_lepton_G2,,-1,1,31,4,4,2,2,6,1,-1,sum,E,8,0,8,2,2,-1,0,0,6,2,7
23,charged_lepton_G2,,-1,1,32,5,4,2,2,7,1,-1,product,N,14,1,5,1,2,-1,0,0,6,1,7
23,charged_lepton_G2,,-1,1,33,6,4,2,1,7,1,-1,torsion,STAY,9,0,9,3,0,-1,0,0,6,1,7
23,charged_lepton_G2,,-1,1,34,7,4,2,1,7,1,-1,sum,E,8,0,8,2,2,-1,0,0,6,1,8
23,charged_lepton_G2,,-1,1,35,8,4,2,1,8,1,-1,product,N,8,0,8,2,2,-1,0,0,6,9,8
23,charged_lepton_G2,,-1,1,36,9,4,2,9,8,1,-1,torsion,STAY,9,0,9,3,0,-1,0,0,6,9,8
23,charged_lepton_G2,,-1,1,37,1,5,2,9,8,1,-1,sum,E,17,1,8,2,2,-1,0,0,6,9,9
23,charged_lepton_G2,,-1,1,38,2,5,2,9,9,1,-1,product,N,81,8,9,3,0,-1,0,0,6,8,9
23,charged_lepton_G2,,-1,1,39,3,5,2,8,9,1,-1,torsion,STAY,9,0,9,3,0,-1,0,0,6,8,9
23,charged_lepton_G2,,-1,1,40,4,5,2,8,9,1,-1,sum,E,17,1,8,2,2,-1,0,0,6,8,1
23,charged_lepton_G2,,-1,1,41,5,5,2,8,1,1,-1,product,N,8,0,8,2,2,-1,0,0,6,7,1
23,charged_lepton_G2,,-1,1,42,6,5,2,7,1,1,-1,torsion,STAY,9,0,9,3,0,-1,0,0,6,7,1
23,charged_lepton_G2,,-1,1,43,7,5,2,7,1,1,-1,sum,E,8,0,8,2,2,-1,0,1,6,7,2
23,charged_lepton_G2,,-1,1,44,8,5,2,7,2,1,-1,product,N,14,1,5,1,2,-1,0,0,7,6,2
23,charged_lepton_G2,,-1,1,45,9,5,2,6,2,1,-1,torsion,STAY,9,0,9,3,0,-1,0,0,6,6,2
23,charged_lepton_G2,,-1,1,46,1,6,2,6,2,1,-1,sum,E,8,0,8,2,2,-1,0,0,6,6,3
23,charged_lepton_G2,,-1,1,47,2,6,2,6,3,1,-1,product,N,18,1,9,3,0,-1,0,0,6,5,3
23,charged_lepton_G2,,-1,1,48,3,6,2,5,3,1,-1,torsion,STAY,9,0,9,3,0,-1,0,0,6,5,3
23,charged_lepton_G2,,-1,1,49,4,6,2,5,3,1,-1,sum,E,8,0,8,2,2,-1,0,0,6,5,4
23,charged_lepton_G2,,-1,1,50,5,6,2,5,4,1,-1,product,N,20,2,2,0,2,-1,0,0,6,4,4
23,charged_lepton_G2,,-1,1,51,6,6,2,4,4,1,-1,torsion,STAY,9,0,9,3,0,-1,0,0,6,4,4
23,charged_lepton_G2,,-1,1,52,7,6,2,4,4,1,-1,sum,E,8,0,8,2,2,-1,0,0,6,4,5
23,charged_lepton_G2,,-1,1,53,8,6,2,4,5,1,-1,product,N,20,2,2,0,2,-1,0,0,6,3,5
23,charged_lepton_G2,,-1,1,54,9,6,2,3,5,1,-1,torsion,STAY,9,0,9,3,0,-1,1,0,6,3,5
23,charged_lepton_G2,,-1,1,55,1,7,3,3,5,-1,1,sum,W,8,0,8,2,2,1,0,0,6,3,4
23,charged_lepton_G2,,-1,1,56,2,7,3,3,4,-1,1,product,S,12,1,3,1,0,1,0,0,6,4,4
23,charged_lepton_G2,,-1,1,57,3,7,3,4,4,-1,1,torsion,STAY,9,0,9,3,0,1,0,0,6,4,4
23,charged_lepton_G2,,-1,1,58,4,7,3,4,4,-1,1,sum,W,8,0,8,2,2,1,0,0,6,4,3
23,charged_lepton_G2,,-1,1,59,5,7,3,4,3,-1,1,product,S,12,1,3,1,0,1,0,0,6,5,3
23,charged_lepton_G2,,-1,1,60,6,7,3,5,3,-1,1,torsion,STAY,9,0,9,3,0,1,0,0,6,5,3
23,charged_lepton_G2,,-1,1,61,7,7,3,5,3,-1,1,sum,W,8,0,8,2,2,1,0,0,6,5,2
23,charged_lepton_G2,,-1,1,62,8,7,3,5,2,-1,1,product,S,10,1,1,0,1,1,0,0,6,6,2
23,charged_lepton_G2,,-1,1,63,9,7,3,6,2,-1,1,torsion,STAY,9,0,9,3,0,1,0,0,6,6,2
23,charged_lepton_G2,,-1,1,64,1,8,3,6,2,-1,1,sum,W,8,0,8,2,2,1,0,0,6,6,1
23,charged_lepton_G2,,-1,1,65,2,8,3,6,1,-1,1,product,S,6,0,6,2,0,1,0,1,6,7,1
23,charged_lepton_G2,,-1,1,66,3,8,3,7,1,-1,1,torsion,STAY,9,0,9,3,0,1,0,0,7,7,1
23,charged_lepton_G2,,-1,1,67,4,8,3,7,1,-1,1,sum,W,8,0,8,2,2,1,0,0,6,7,9
23,charged_lepton_G2,,-1,1,68,5,8,3,7,9,-1,1,product,S,63,6,9,3,0,1,0,0,6,8,9
23,charged_lepton_G2,,-1,1,69,6,8,3,8,9,-1,1,torsion,STAY,9,0,9,3,0,1,0,0,6,8,9
23,charged_lepton_G2,,-1,1,70,7,8,3,8,9,-1,1,sum,W,17,1,8,2,2,1,0,0,6,8,8
23,charged_lepton_G2,,-1,1,71,8,8,3,8,8,-1,1,product,S,64,7,1,0,1,1,0,0,6,9,8
23,charged_lepton_G2,,-1,1,72,9,8,3,9,8,-1,1,torsion,STAY,9,0,9,3,0,1,0,0,6,9,8
23,charged_lepton_G2,,-1,1,73,1,9,3,9,8,-1,1,sum,W,17,1,8,2,2,1,0,0,6,9,7
23,charged_lepton_G2,,-1,1,74,2,9,3,9,7,-1,1,product,S,63,6,9,3,0,1,0,0,6,1,7
23,charged_lepton_G2,,-1,1,75,3,9,3,1,7,-1,1,torsion,STAY,9,0,9,3,0,1,0,0,6,1,7
23,charged_lepton_G2,,-1,1,76,4,9,3,1,7,-1,1,sum,W,8,0,8,2,2,1,0,0,6,1,6
23,charged_lepton_G2,,-1,1,77,5,9,3,1,6,-1,1,product,S,6,0,6,2,0,1,0,0,6,2,6
23,charged_lepton_G2,,-1,1,78,6,9,3,2,6,-1,1,torsion,STAY,9,0,9,3,0,1,0,0,6,2,6
23,charged_lepton_G2,,-1,1,79,7,9,3,2,6,-1,1,sum,W,8,0,8,2,2,1,0,0,6,2,5
23,charged_lepton_G2,,-1,1,80,8,9,3,2,5,-1,1,product,S,10,1,1,0,1,1,0,0,6,3,5
23,charged_lepton_G2,,-1,1,81,9,9,3,3,5,-1,1,torsion,STAY,9,0,9,3,0,1,1,0,6,3,5
23,charged_lepton_G2,,-1,1,82,1,10,4,3,5,1,-1,sum,E,8,0,8,2,2,-1,0,0,6,3,6
23,charged_lepton_G2,,-1,1,83,2,10,4,3,6,1,-1,product,N,18,1,9,3,0,-1,0,0,6,2,6
23,charged_lepton_G2,,-1,1,84,3,10,4,2,6,1,-1,torsion,STAY,9,0,9,3,0,-1,0,0,6,2,6
23,charged_lepton_G2,,-1,1,85,4,10,4,2,6,1,-1,sum,E,8,0,8,2,2,-1,0,0,6,2,7
23,charged_lepton_G2,,-1,1,86,5,10,4,2,7,1,-1,product,N,14,1,5,1,2,-1,0,0,6,1,7
23,charged_lepton_G2,,-1,1,87,6,10,4,1,7,1,-1,torsion,STAY,9,0,9,3,0,-1,0,1,6,1,7
23,charged_lepton_G2,,-1,1,88,7,10,4,1,7,1,-1,sum,E,8,0,8,2,2,-1,0,0,7,1,8
23,charged_lepton_G2,,-1,1,89,8,10,4,1,8,1,-1,product,N,8,0,8,2,2,-1,0,0,6,9,8
23,charged_lepton_G2,,-1,1,90,9,10,4,9,8,1,-1,torsion,STAY,9,0,9,3,0,-1,0,0,6,9,8
23,charged_lepton_G2,,-1,1,91,1,11,4,9,8,1,-1,sum,E,17,1,8,2,2,-1,0,0,6,9,9
23,charged_lepton_G2,,-1,1,92,2,11,4,9,9,1,-1,product,N,81,8,9,3,0,-1,0,0,6,8,9
23,charged_lepton_G2,,-1,1,93,3,11,4,8,9,1,-1,torsion,STAY,9,0,9,3,0,-1,0,0,6,8,9
23,charged_lepton_G2,,-1,1,94,4,11,4,8,9,1,-1,sum,E,17,1,8,2,2,-1,0,0,6,8,1
23,charged_lepton_G2,,-1,1,95,5,11,4,8,1,1,-1,product,N,8,0,8,2,2,-1,0,0,6,7,1
23,charged_lepton_G2,,-1,1,96,6,11,4,7,1,1,-1,torsion,STAY,9,0,9,3,0,-1,0,0,6,7,1
23,charged_lepton_G2,,-1,1,97,7,11,4,7,1,1,-1,sum,E,8,0,8,2,2,-1,0,0,6,7,2
23,charged_lepton_G2,,-1,1,98,8,11,4,7,2,1,-1,product,N,14,1,5,1,2,-1,0,0,6,6,2
23,charged_lepton_G2,,-1,1,99,9,11,4,6,2,1,-1,torsion,STAY,9,0,9,3,0,-1,0,0,6,6,2
23,charged_lepton_G2,,-1,1,100,1,12,4,6,2,1,-1,sum,E,8,0,8,2,2,-1,0,0,6,6,3
23,charged_lepton_G2,,-1,1,101,2,12,4,6,3,1,-1,product,N,18,1,9,3,0,-1,0,0,6,5,3
23,charged_lepton_G2,,-1,1,102,3,12,4,5,3,1,-1,torsion,STAY,9,0,9,3,0,-1,0,0,6,5,3
23,charged_lepton_G2,,-1,1,103,4,12,4,5,3,1,-1,sum,E,8,0,8,2,2,-1,0,0,6,5,4
23,charged_lepton_G2,,-1,1,104,5,12,4,5,4,1,-1,product,N,20,2,2,0,2,-1,0,0,6,4,4
23,charged_lepton_G2,,-1,1,105,6,12,4,4,4,1,-1,torsion,STAY,9,0,9,3,0,-1,0,0,6,4,4
23,charged_lepton_G2,,-1,1,106,7,12,4,4,4,1,-1,sum,E,8,0,8,2,2,-1,0,0,6,4,5
23,charged_lepton_G2,,-1,1,107,8,12,4,4,5,1,-1,product,N,20,2,2,0,2,-1,0,0,6,3,5
23,charged_lepton_G2,,-1,1,108,9,12,4,3,5,1,-1,torsion,STAY,9,0,9,3,0,-1,1,0,6,3,5
24,neutrino_G2,,-1,1,1,1,1,1,3,6,-1,1,sum,W,9,0,9,3,0,1,0,0,7,3,5
24,neutrino_G2,,-1,1,2,2,1,1,3,5,-1,1,product,S,15,1,6,2,0,1,0,0,6,4,5
24,neutrino_G2,,-1,1,3,3,1,1,4,5,-1,1,torsion,STAY,9,0,9,3,0,1,0,0,6,4,5
24,neutrino_G2,,-1,1,4,4,1,1,4,5,-1,1,sum,W,9,0,9,3,0,1,0,0,6,4,4
24,neutrino_G2,,-1,1,5,5,1,1,4,4,-1,1,product,S,16,1,7,2,1,1,0,0,6,5,4
24,neutrino_G2,,-1,1,6,6,1,1,5,4,-1,1,torsion,STAY,9,0,9,3,0,1,0,0,6,5,4
24,neutrino_G2,,-1,1,7,7,1,1,5,4,-1,1,sum,W,9,0,9,3,0,1,0,0,6,5,3
24,neutrino_G2,,-1,1,8,8,1,1,5,3,-1,1,product,S,15,1,6,2,0,1,0,0,6,6,3
24,neutrino_G2,,-1,1,9,9,1,1,6,3,-1,1,torsion,STAY,9,0,9,3,0,1,0,0,6,6,3
24,neutrino_G2,,-1,1,10,1,2,1,6,3,-1,1,sum,W,9,0,9,3,0,1,0,0,6,6,2
24,neutrino_G2,,-1,1,11,2,2,1,6,2,-1,1,product,S,12,1,3,1,0,1,0,0,6,7,2
24,neutrino_G2,,-1,1,12,3,2,1,7,2,-1,1,torsion,STAY,9,0,9,3,0,1,0,0,6,7,2
24,neutrino_G2,,-1,1,13,4,2,1,7,2,-1,1,sum,W,9,0,9,3,0,1,0,0,6,7,1
24,neutrino_G2,,-1,1,14,5,2,1,7,1,-1,1,product,S,7,0,7,2,1,1,0,0,6,8,1
24,neutrino_G2,,-1,1,15,6,2,1,8,1,-1,1,torsion,STAY,9,0,9,3,0,1,0,0,6,8,1
24,neutrino_G2,,-1,1,16,7,2,1,8,1,-1,1,sum,W,9,0,9,3,0,1,0,0,6,8,9
24,neutrino_G2,,-1,1,17,8,2,1,8,9,-1,1,product,S,72,7,9,3,0,1,0,0,6,9,9
24,neutrino_G2,,-1,1,18,9,2,1,9,9,-1,1,torsion,STAY,9,0,9,3,0,1,0,0,6,9,9
24,neutrino_G2,,-1,1,19,1,3,1,9,9,-1,1,sum,W,18,1,9,3,0,1,0,0,6,9,8
24,neutrino_G2,,-1,1,20,2,3,1,9,8,-1,1,product,S,72,7,9,3,0,1,0,0,6,1,8
24,neutrino_G2,,-1,1,21,3,3,1,1,8,-1,1,torsion,STAY,9,0,9,3,0,1,0,1,6,1,8
24,neutrino_G2,,-1,1,22,4,3,1,1,8,-1,1,sum,W,9,0,9,3,0,1,0,0,7,1,7
24,neutrino_G2,,-1,1,23,5,3,1,1,7,-1,1,product,S,7,0,7,2,1,1,0,0,6,2,7
24,neutrino_G2,,-1,1,24,6,3,1,2,7,-1,1,torsion,STAY,9,0,9,3,0,1,0,0,6,2,7
24,neutrino_G2,,-1,1,25,7,3,1,2,7,-1,1,sum,W,9,0,9,3,0,1,0,0,6,2,6
24,neutrino_G2,,-1,1,26,8,3,1,2,6,-1,1,product,S,12,1,3,1,0,1,0,0,6,3,6
24,neutrino_G2,,-1,1,27,9,3,1,3,6,-1,1,torsion,STAY,9,0,9,3,0,1,1,0,6,3,6
24,neutrino_G2,,-1,1,28,1,4,2,3,6,1,-1,sum,E,9,0,9,3,0,-1,0,0,6,3,7
24,neutrino_G2,,-1,1,29,2,4,2,3,7,1,-1,product,N,21,2,3,1,0,-1,0,0,6,2,7
24,neutrino_G2,,-1,1,30,3,4,2,2,7,1,-1,torsion,STAY,9,0,9,3,0,-1,0,0,6,2,7
24,neutrino_G2,,-1,1,31,4,4,2,2,7,1,-1,sum,E,9,0,9,3,0,-1,0,0,6,2,8
24,neutrino_G2,,-1,1,32,5,4,2,2,8,1,-1,product,N,16,1,7,2,1,-1,0,0,6,1,8
24,neutrino_G2,,-1,1,33,6,4,2,1,8,1,-1,torsion,STAY,9,0,9,3,0,-1,0,0,6,1,8
24,neutrino_G2,,-1,1,34,7,4,2,1,8,1,-1,sum,E,9,0,9,3,0,-1,0,0,6,1,9
24,neutrino_G2,,-1,1,35,8,4,2,1,9,1,-1,product,N,9,0,9,3,0,-1,0,0,6,9,9
24,neutrino_G2,,-1,1,36,9,4,2,9,9,1,-1,torsion,STAY,9,0,9,3,0,-1,0,0,6,9,9
24,neutrino_G2,,-1,1,37,1,5,2,9,9,1,-1,sum,E,18,1,9,3,0,-1,0,0,6,9,1
24,neutrino_G2,,-1,1,38,2,5,2,9,1,1,-1,product,N,9,0,9,3,0,-1,0,0,6,8,1
24,neutrino_G2,,-1,1,39,3,5,2,8,1,1,-1,torsion,STAY,9,0,9,3,0,-1,0,0,6,8,1
24,neutrino_G2,,-1,1,40,4,5,2,8,1,1,-1,sum,E,9,0,9,3,0,-1,0,0,6,8,2
24,neutrino_G2,,-1,1,41,5,5,2,8,2,1,-1,product,N,16,1,7,2,1,-1,0,0,6,7,2
24,neutrino_G2,,-1,1,42,6,5,2,7,2,1,-1,torsion,STAY,9,0,9,3,0,-1,0,0,6,7,2
24,neutrino_G2,,-1,1,43,7,5,2,7,2,1,-1,sum,E,9,0,9,3,0,-1,0,1,6,7,3
24,neutrino_G2,,-1,1,44,8,5,2,7,3,1,-1,product,N,21,2,3,1,0,-1,0,0,7,6,3
24,neutrino_G2,,-1,1,45,9,5,2,6,3,1,-1,torsion,STAY,9,0,9,3,0,-1,0,0,6,6,3
24,neutrino_G2,,-1,1,46,1,6,2,6,3,1,-1,sum,E,9,0,9,3,0,-1,0,0,6,6,4
24,neutrino_G2,,-1,1,47,2,6,2,6,4,1,-1,product,N,24,2,6,2,0,-1,0,0,6,5,4
24,neutrino_G2,,-1,1,48,3,6,2,5,4,1,-1,torsion,STAY,9,0,9,3,0,-1,0,0,6,5,4
24,neutrino_G2,,-1,1,49,4,6,2,5,4,1,-1,sum,E,9,0,9,3,0,-1,0,0,6,5,5
24,neutrino_G2,,-1,1,50,5,6,2,5,5,1,-1,product,N,25,2,7,2,1,-1,0,0,6,4,5
24,neutrino_G2,,-1,1,51,6,6,2,4,5,1,-1,torsion,STAY,9,0,9,3,0,-1,0,0,6,4,5
24,neutrino_G2,,-1,1,52,7,6,2,4,5,1,-1,sum,E,9,0,9,3,0,-1,0,0,6,4,6
24,neutrino_G2,,-1,1,53,8,6,2,4,6,1,-1,product,N,24,2,6,2,0,-1,0,0,6,3,6
24,neutrino_G2,,-1,1,54,9,6,2,3,6,1,-1,torsion,STAY,9,0,9,3,0,-1,1,0,6,3,6
24,neutrino_G2,,-1,1,55,1,7,3,3,6,-1,1,sum,W,9,0,9,3,0,1,0,0,6,3,5
24,neutrino_G2,,-1,1,56,2,7,3,3,5,-1,1,product,S,15,1,6,2,0,1,0,0,6,4,5
24,neutrino_G2,,-1,1,57,3,7,3,4,5,-1,1,torsion,STAY,9,0,9,3,0,1,0,0,6,4,5
24,neutrino_G2,,-1,1,58,4,7,3,4,5,-1,1,sum,W,9,0,9,3,0,1,0,0,6,4,4
24,neutrino_G2,,-1,1,59,5,7,3,4,4,-1,1,product,S,16,1,7,2,1,1,0,0,6,5,4
24,neutrino_G2,,-1,1,60,6,7,3,5,4,-1,1,torsion,STAY,9,0,9,3,0,1,0,0,6,5,4
24,neutrino_G2,,-1,1,61,7,7,3,5,4,-1,1,sum,W,9,0,9,3,0,1,0,0,6,5,3
24,neutrino_G2,,-1,1,62,8,7,3,5,3,-1,1,product,S,15,1,6,2,0,1,0,0,6,6,3
24,neutrino_G2,,-1,1,63,9,7,3,6,3,-1,1,torsion,STAY,9,0,9,3,0,1,0,0,6,6,3
24,neutrino_G2,,-1,1,64,1,8,3,6,3,-1,1,sum,W,9,0,9,3,0,1,0,0,6,6,2
24,neutrino_G2,,-1,1,65,2,8,3,6,2,-1,1,product,S,12,1,3,1,0,1,0,1,6,7,2
24,neutrino_G2,,-1,1,66,3,8,3,7,2,-1,1,torsion,STAY,9,0,9,3,0,1,0,0,7,7,2
24,neutrino_G2,,-1,1,67,4,8,3,7,2,-1,1,sum,W,9,0,9,3,0,1,0,0,6,7,1
24,neutrino_G2,,-1,1,68,5,8,3,7,1,-1,1,product,S,7,0,7,2,1,1,0,0,6,8,1
24,neutrino_G2,,-1,1,69,6,8,3,8,1,-1,1,torsion,STAY,9,0,9,3,0,1,0,0,6,8,1
24,neutrino_G2,,-1,1,70,7,8,3,8,1,-1,1,sum,W,9,0,9,3,0,1,0,0,6,8,9
24,neutrino_G2,,-1,1,71,8,8,3,8,9,-1,1,product,S,72,7,9,3,0,1,0,0,6,9,9
24,neutrino_G2,,-1,1,72,9,8,3,9,9,-1,1,torsion,STAY,9,0,9,3,0,1,0,0,6,9,9
24,neutrino_G2,,-1,1,73,1,9,3,9,9,-1,1,sum,W,18,1,9,3,0,1,0,0,6,9,8
24,neutrino_G2,,-1,1,74,2,9,3,9,8,-1,1,product,S,72,7,9,3,0,1,0,0,6,1,8
24,neutrino_G2,,-1,1,75,3,9,3,1,8,-1,1,torsion,STAY,9,0,9,3,0,1,0,0,6,1,8
24,neutrino_G2,,-1,1,76,4,9,3,1,8,-1,1,sum,W,9,0,9,3,0,1,0,0,6,1,7
24,neutrino_G2,,-1,1,77,5,9,3,1,7,-1,1,product,S,7,0,7,2,1,1,0,0,6,2,7
24,neutrino_G2,,-1,1,78,6,9,3,2,7,-1,1,torsion,STAY,9,0,9,3,0,1,0,0,6,2,7
24,neutrino_G2,,-1,1,79,7,9,3,2,7,-1,1,sum,W,9,0,9,3,0,1,0,0,6,2,6
24,neutrino_G2,,-1,1,80,8,9,3,2,6,-1,1,product,S,12,1,3,1,0,1,0,0,6,3,6
24,neutrino_G2,,-1,1,81,9,9,3,3,6,-1,1,torsion,STAY,9,0,9,3,0,1,1,0,6,3,6
24,neutrino_G2,,-1,1,82,1,10,4,3,6,1,-1,sum,E,9,0,9,3,0,-1,0,0,6,3,7
24,neutrino_G2,,-1,1,83,2,10,4,3,7,1,-1,product,N,21,2,3,1,0,-1,0,0,6,2,7
24,neutrino_G2,,-1,1,84,3,10,4,2,7,1,-1,torsion,STAY,9,0,9,3,0,-1,0,0,6,2,7
24,neutrino_G2,,-1,1,85,4,10,4,2,7,1,-1,sum,E,9,0,9,3,0,-1,0,0,6,2,8
24,neutrino_G2,,-1,1,86,5,10,4,2,8,1,-1,product,N,16,1,7,2,1,-1,0,0,6,1,8
24,neutrino_G2,,-1,1,87,6,10,4,1,8,1,-1,torsion,STAY,9,0,9,3,0,-1,0,1,6,1,8
24,neutrino_G2,,-1,1,88,7,10,4,1,8,1,-1,sum,E,9,0,9,3,0,-1,0,0,7,1,9
24,neutrino_G2,,-1,1,89,8,10,4,1,9,1,-1,product,N,9,0,9,3,0,-1,0,0,6,9,9
24,neutrino_G2,,-1,1,90,9,10,4,9,9,1,-1,torsion,STAY,9,0,9,3,0,-1,0,0,6,9,9
24,neutrino_G2,,-1,1,91,1,11,4,9,9,1,-1,sum,E,18,1,9,3,0,-1,0,0,6,9,1
24,neutrino_G2,,-1,1,92,2,11,4,9,1,1,-1,product,N,9,0,9,3,0,-1,0,0,6,8,1
24,neutrino_G2,,-1,1,93,3,11,4,8,1,1,-1,torsion,STAY,9,0,9,3,0,-1,0,0,6,8,1
24,neutrino_G2,,-1,1,94,4,11,4,8,1,1,-1,sum,E,9,0,9,3,0,-1,0,0,6,8,2
24,neutrino_G2,,-1,1,95,5,11,4,8,2,1,-1,product,N,16,1,7,2,1,-1,0,0,6,7,2
24,neutrino_G2,,-1,1,96,6,11,4,7,2,1,-1,torsion,STAY,9,0,9,3,0,-1,0,0,6,7,2
24,neutrino_G2,,-1,1,97,7,11,4,7,2,1,-1,sum,E,9,0,9,3,0,-1,0,0,6,7,3
24,neutrino_G2,,-1,1,98,8,11,4,7,3,1,-1,product,N,21,2,3,1,0,-1,0,0,6,6,3
24,neutrino_G2,,-1,1,99,9,11,4,6,3,1,-1,torsion,STAY,9,0,9,3,0,-1,0,0,6,6,3
24,neutrino_G2,,-1,1,100,1,12,4,6,3,1,-1,sum,E,9,0,9,3,0,-1,0,0,6,6,4
24,neutrino_G2,,-1,1,101,2,12,4,6,4,1,-1,product,N,24,2,6,2,0,-1,0,0,6,5,4
24,neutrino_G2,,-1,1,102,3,12,4,5,4,1,-1,torsion,STAY,9,0,9,3,0,-1,0,0,6,5,4
24,neutrino_G2,,-1,1,103,4,12,4,5,4,1,-1,sum,E,9,0,9,3,0,-1,0,0,6,5,5
24,neutrino_G2,,-1,1,104,5,12,4,5,5,1,-1,product,N,25,2,7,2,1,-1,0,0,6,4,5
24,neutrino_G2,,-1,1,105,6,12,4,4,5,1,-1,torsion,STAY,9,0,9,3,0,-1,0,0,6,4,5
24,neutrino_G2,,-1,1,106,7,12,4,4,5,1,-1,sum,E,9,0,9,3,0,-1,0,0,6,4,6
24,neutrino_G2,,-1,1,107,8,12,4,4,6,1,-1,product,N,24,2,6,2,0,-1,0,0,6,3,6
24,neutrino_G2,,-1,1,108,9,12,4,3,6,1,-1,torsion,STAY,9,0,9,3,0,-1,1,0,6,3,6
25,charged_lepton_G2,,1,1,1,1,1,1,3,7,1,1,sum,E,10,1,1,0,1,1,0,0,7,3,8
25,charged_lepton_G2,,1,1,2,2,1,1,3,8,1,1,product,S,24,2,6,2,0,1,0,0,6,4,8
25,charged_lepton_G2,,1,1,3,3,1,1,4,8,1,1,torsion,STAY,9,0,9,3,0,1,0,0,6,4,8
25,charged_lepton_G2,,1,1,4,4,1,1,4,8,1,1,sum,E,12,1,3,1,0,1,0,0,6,4,9
25,charged_lepton_G2,,1,1,5,5,1,1,4,9,1,1,product,S,36,3,9,3,0,1,0,0,6,5,9
25,charged_lepton_G2,,1,1,6,6,1,1,5,9,1,1,torsion,STAY,9,0,9,3,0,1,0,0,6,5,9
25,charged_lepton_G2,,1,1,7,7,1,1,5,9,1,1,sum,E,14,1,5,1,2,1,0,0,6,5,1
25,charged_lepton_G2,,1,1,8,8,1,1,5,1,1,1,product,S,5,0,5,1,2,1,0,0,6,6,1
25,charged_lepton_G2,,1,1,9,9,1,1,6,1,1,1,torsion,STAY,9,0,9,3,0,1,0,0,6,6,1
25,charged_lepton_G2,,1,1,10,1,2,1,6,1,1,1,sum,E,7,0,7,2,1,1,0,0,6,6,2
25,charged_lepton_G2,,1,1,11,2,2,1,6,2,1,1,product,S,12,1,3,1,0,1,0,0,6,7,2
25,charged_lepton_G2,,1,1,12,3,2,1,7,2,1,1,torsion,STAY,9,0,9,3,0,1,0,0,6,7,2
25,charged_lepton_G2,,1,1,13,4,2,1,7,2,1,1,sum,E,9,0,9,3,0,1,0,0,6,7,3
25,charged_lepton_G2,,1,1,14,5,2,1,7,3,1,1,product,S,21,2,3,1,0,1,0,0,6,8,3
25,charged_lepton_G2,,1,1,15,6,2,1,8,3,1,1,torsion,STAY,9,0,9,3,0,1,0,0,6,8,3
25,charged_lepton_G2,,1,1,16,7,2,1,8,3,1,1,sum,E,11,1,2,0,2,1,0,0,6,8,4
25,charged_lepton_G2,,1,1,17,8,2,1,8,4,1,1,product,S,32,3,5,1,2,1,0,0,6,9,4
25,charged_lepton_G2,,1,1,18,9,2,1,9,4,1,1,torsion,STAY,9,0,9,3,0,1,0,0,6,9,4
25,charged_lepton_G2,,1,1,19,1,3,1,9,4,1,1,sum,E,13,1,4,1,1,1,0,0,6,9,5
25,charged_lepton_G2,,1,1,20,2,3,1,9,5,1,1,product,S,45,4,9,3,0,1,0,0,6,1,5
25,charged_lepton_G2,,1,1,21,3,3,1,1,5,1,1,torsion,STAY,9,0,9,3,0,1,0,1,6,1,5
25,charged_lepton_G2,,1,1,22,4,3,1,1,5,1,1,sum,E,6,0,6,2,0,1,0,0,7,1,6
25,charged_lepton_G2,,1,1,23,5,3,1,1,6,1,1,product,S,6,0,6,2,0,1,0,0,6,2,6
25,charged_lepton_G2,,1,1,24,6,3,1,2,6,1,1,torsion,STAY,9,0,9,3,0,1,0,0,6,2,6
25,charged_lepton_G2,,1,1,25,7,3,1,2,6,1,1,sum,E,8,0,8,2,2,1,0,0,6,2,7
25,charged_lepton_G2,,1,1,26,8,3,1,2,7,1,1,product,S,14,1,5,1,2,1,0,0,6,3,7
25,charged_lepton_G2,,1,1,27,9,3,1,3,7,1,1,torsion,STAY,9,0,9,3,0,1,1,0,6,3,7
25,charged_lepton_G2,,1,1,28,1,4,2,3,7,-1,-1,sum,W,10,1,1,0,1,-1,0,0,6,3,6
25,charged_lepton_G2,,1,1,29,2,4,2,3,6,-1,-1,product,N,18,1,9,3,0,-1,0,0,6,2,6
25,charged_lepton_G2,,1,1,30,3,4,2,2,6,-1,-1,torsion,STAY,9,0,9,3,0,-1,0,0,6,2,6
25,charged_lepton_G2,,1,1,31,4,4,2,2,6,-1,-1,sum,W,8,0,8,2,2,-1,0,0,6,2,5
25,charged_lepton_G2,,1,1,32,5,4,2,2,5,-1,-1,product,N,10,1,1,0,1,-1,0,0,6,1,5
25,charged_lepton_G2,,1,1,33,6,4,2,1,5,-1,-1,torsion,STAY,9,0,9,3,0,-1,0,0,6,1,5
25,charged_lepton_G2,,1,1,34,7,4,2,1,5,-1,-1,sum,W,6,0,6,2,0,-1,0,0,6,1,4
25,charged_lepton_G2,,1,1,35,8,4,2,1,4,-1,-1,product,N,4,0,4,1,1,-1,0,0,6,9,4
25,charged_lepton_G2,,1,1,36,9,4,2,9,4,-1,-1,torsion,STAY,9,0,9,3,0,-1,0,0,6,9,4
25,charged_lepton_G2,,1,1,37,1,5,2,9,4,-1,-1,sum,W,13,1,4,1,1,-1,0,0,6,9,3
25,charged_lepton_G2,,1,1,38,2,5,2,9,3,-1,-1,product,N,27,2,9,3,0,-1,0,0,6,8,3
25,charged_lepton_G2,,1,1,39,3,5,2,8,3,-1,-1,torsion,STAY,9,0,9,3,0,-1,0,0,6,8,3
25,charged_lepton_G2,,1,1,40,4,5,2,8,3,-1,-1,sum,W,11,1,2,0,2,-1,0,0,6,8,2
25,charged_lepton_G2,,1,1,41,5,5,2,8,2,-1,-1,product,N,16,1,7,2,1,-1,0,0,6,7,2
25,charged_lepton_G2,,1,1,42,6,5,2,7,2,-1,-1,torsion,STAY,9,0,9,3,0,-1,0,0,6,7,2
25,charged_lepton_G2,,1,1,43,7,5,2,7,2,-1,-1,sum,W,9,0,9,3,0,-1,0,1,6,7,1
25,charged_lepton_G2,,1,1,44,8,5,2,7,1,-1,-1,product,N,7,0,7,2,1,-1,0,0,7,6,1
25,charged_lepton_G2,,1,1,45,9,5,2,6,1,-1,-1,torsion,STAY,9,0,9,3,0,-1,0,0,6,6,1
25,charged_lepton_G2,,1,1,46,1,6,2,6,1,-1,-1,sum,W,7,0,7,2,1,-1,0,0,6,6,9
25,charged_lepton_G2,,1,1,47,2,6,2,6,9,-1,-1,product,N,54,5,9,3,0,-1,0,0,6,5,9
25,charged_lepton_G2,,1,1,48,3,6,2,5,9,-1,-1,torsion,STAY,9,0,9,3,0,-1,0,0,6,5,9
25,charged_lepton_G2,,1,1,49,4,6,2,5,9,-1,-1,sum,W,14,1,5,1,2,-1,0,0,6,5,8
25,charged_lepton_G2,,1,1,50,5,6,2,5,8,-1,-1,product,N,40,4,4,1,1,-1,0,0,6,4,8
25,charged_lepton_G2,,1,1,51,6,6,2,4,8,-1,-1,torsion,STAY,9,0,9,3,0,-1,0,0,6,4,8
25,charged_lepton_G2,,1,1,52,7,6,2,4,8,-1,-1,sum,W,12,1,3,1,0,-1,0,0,6,4,7
25,charged_lepton_G2,,1,1,53,8,6,2,4,7,-1,-1,product,N,28,3,1,0,1,-1,0,0,6,3,7
25,charged_lepton_G2,,1,1,54,9,6,2,3,7,-1,-1,torsion,STAY,9,0,9,3,0,-1,1,0,6,3,7
25,charged_lepton_G2,,1,1,55,1,7,3,3,7,1,1,sum,E,10,1,1,0,1,1,0,0,6,3,8
25,charged_lepton_G2,,1,1,56,2,7,3,3,8,1,1,product,S,24,2,6,2,0,1,0,0,6,4,8
25,charged_lepton_G2,,1,1,57,3,7,3,4,8,1,1,torsion,STAY,9,0,9,3,0,1,0,0,6,4,8
25,charged_lepton_G2,,1,1,58,4,7,3,4,8,1,1,sum,E,12,1,3,1,0,1,0,0,6,4,9
25,charged_lepton_G2,,1,1,59,5,7,3,4,9,1,1,product,S,36,3,9,3,0,1,0,0,6,5,9
25,charged_lepton_G2,,1,1,60,6,7,3,5,9,1,1,torsion,STAY,9,0,9,3,0,1,0,0,6,5,9
25,charged_lepton_G2,,1,1,61,7,7,3,5,9,1,1,sum,E,14,1,5,1,2,1,0,0,6,5,1
25,charged_lepton_G2,,1,1,62,8,7,3,5,1,1,1,product,S,5,0,5,1,2,1,0,0,6,6,1
25,charged_lepton_G2,,1,1,63,9,7,3,6,1,1,1,torsion,STAY,9,0,9,3,0,1,0,0,6,6,1
25,charged_lepton_G2,,1,1,64,1,8,3,6,1,1,1,sum,E,7,0,7,2,1,1,0,0,6,6,2
25,charged_lepton_G2,,1,1,65,2,8,3,6,2,1,1,product,S,12,1,3,1,0,1,0,1,6,7,2
25,charged_lepton_G2,,1,1,66,3,8,3,7,2,1,1,torsion,STAY,9,0,9,3,0,1,0,0,7,7,2
25,charged_lepton_G2,,1,1,67,4,8,3,7,2,1,1,sum,E,9,0,9,3,0,1,0,0,6,7,3
25,charged_lepton_G2,,1,1,68,5,8,3,7,3,1,1,product,S,21,2,3,1,0,1,0,0,6,8,3
25,charged_lepton_G2,,1,1,69,6,8,3,8,3,1,1,torsion,STAY,9,0,9,3,0,1,0,0,6,8,3
25,charged_lepton_G2,,1,1,70,7,8,3,8,3,1,1,sum,E,11,1,2,0,2,1,0,0,6,8,4
25,charged_lepton_G2,,1,1,71,8,8,3,8,4,1,1,product,S,32,3,5,1,2,1,0,0,6,9,4
25,charged_lepton_G2,,1,1,72,9,8,3,9,4,1,1,torsion,STAY,9,0,9,3,0,1,0,0,6,9,4
25,charged_lepton_G2,,1,1,73,1,9,3,9,4,1,1,sum,E,13,1,4,1,1,1,0,0,6,9,5
25,charged_lepton_G2,,1,1,74,2,9,3,9,5,1,1,product,S,45,4,9,3,0,1,0,0,6,1,5
25,charged_lepton_G2,,1,1,75,3,9,3,1,5,1,1,torsion,STAY,9,0,9,3,0,1,0,0,6,1,5
25,charged_lepton_G2,,1,1,76,4,9,3,1,5,1,1,sum,E,6,0,6,2,0,1,0,0,6,1,6
25,charged_lepton_G2,,1,1,77,5,9,3,1,6,1,1,product,S,6,0,6,2,0,1,0,0,6,2,6
25,charged_lepton_G2,,1,1,78,6,9,3,2,6,1,1,torsion,STAY,9,0,9,3,0,1,0,0,6,2,6
25,charged_lepton_G2,,1,1,79,7,9,3,2,6,1,1,sum,E,8,0,8,2,2,1,0,0,6,2,7
25,charged_lepton_G2,,1,1,80,8,9,3,2,7,1,1,product,S,14,1,5,1,2,1,0,0,6,3,7
25,charged_lepton_G2,,1,1,81,9,9,3,3,7,1,1,torsion,STAY,9,0,9,3,0,1,1,0,6,3,7
25,charged_lepton_G2,,1,1,82,1,10,4,3,7,-1,-1,sum,W,10,1,1,0,1,-1,0,0,6,3,6
25,charged_lepton_G2,,1,1,83,2,10,4,3,6,-1,-1,product,N,18,1,9,3,0,-1,0,0,6,2,6
25,charged_lepton_G2,,1,1,84,3,10,4,2,6,-1,-1,torsion,STAY,9,0,9,3,0,-1,0,0,6,2,6
25,charged_lepton_G2,,1,1,85,4,10,4,2,6,-1,-1,sum,W,8,0,8,2,2,-1,0,0,6,2,5
25,charged_lepton_G2,,1,1,86,5,10,4,2,5,-1,-1,product,N,10,1,1,0,1,-1,0,0,6,1,5
25,charged_lepton_G2,,1,1,87,6,10,4,1,5,-1,-1,torsion,STAY,9,0,9,3,0,-1,0,1,6,1,5
25,charged_lepton_G2,,1,1,88,7,10,4,1,5,-1,-1,sum,W,6,0,6,2,0,-1,0,0,7,1,4
25,charged_lepton_G2,,1,1,89,8,10,4,1,4,-1,-1,product,N,4,0,4,1,1,-1,0,0,6,9,4
25,charged_lepton_G2,,1,1,90,9,10,4,9,4,-1,-1,torsion,STAY,9,0,9,3,0,-1,0,0,6,9,4
25,charged_lepton_G2,,1,1,91,1,11,4,9,4,-1,-1,sum,W,13,1,4,1,1,-1,0,0,6,9,3
25,charged_lepton_G2,,1,1,92,2,11,4,9,3,-1,-1,product,N,27,2,9,3,0,-1,0,0,6,8,3
25,charged_lepton_G2,,1,1,93,3,11,4,8,3,-1,-1,torsion,STAY,9,0,9,3,0,-1,0,0,6,8,3
25,charged_lepton_G2,,1,1,94,4,11,4,8,3,-1,-1,sum,W,11,1,2,0,2,-1,0,0,6,8,2
25,charged_lepton_G2,,1,1,95,5,11,4,8,2,-1,-1,product,N,16,1,7,2,1,-1,0,0,6,7,2
25,charged_lepton_G2,,1,1,96,6,11,4,7,2,-1,-1,torsion,STAY,9,0,9,3,0,-1,0,0,6,7,2
25,charged_lepton_G2,,1,1,97,7,11,4,7,2,-1,-1,sum,W,9,0,9,3,0,-1,0,0,6,7,1
25,charged_lepton_G2,,1,1,98,8,11,4,7,1,-1,-1,product,N,7,0,7,2,1,-1,0,0,6,6,1
25,charged_lepton_G2,,1,1,99,9,11,4,6,1,-1,-1,torsion,STAY,9,0,9,3,0,-1,0,0,6,6,1
25,charged_lepton_G2,,1,1,100,1,12,4,6,1,-1,-1,sum,W,7,0,7,2,1,-1,0,0,6,6,9
25,charged_lepton_G2,,1,1,101,2,12,4,6,9,-1,-1,product,N,54,5,9,3,0,-1,0,0,6,5,9
25,charged_lepton_G2,,1,1,102,3,12,4,5,9,-1,-1,torsion,STAY,9,0,9,3,0,-1,0,0,6,5,9
25,charged_lepton_G2,,1,1,103,4,12,4,5,9,-1,-1,sum,W,14,1,5,1,2,-1,0,0,6,5,8
25,charged_lepton_G2,,1,1,104,5,12,4,5,8,-1,-1,product,N,40,4,4,1,1,-1,0,0,6,4,8
25,charged_lepton_G2,,1,1,105,6,12,4,4,8,-1,-1,torsion,STAY,9,0,9,3,0,-1,0,0,6,4,8
25,charged_lepton_G2,,1,1,106,7,12,4,4,8,-1,-1,sum,W,12,1,3,1,0,-1,0,0,6,4,7
25,charged_lepton_G2,,1,1,107,8,12,4,4,7,-1,-1,product,N,28,3,1,0,1,-1,0,0,6,3,7
25,charged_lepton_G2,,1,1,108,9,12,4,3,7,-1,-1,torsion,STAY,9,0,9,3,0,-1,1,0,6,3,7
26,neutrino_G3,,-1,1,1,1,1,1,3,8,-1,1,sum,W,11,1,2,0,2,1,0,0,7,3,7
26,neutrino_G3,,-1,1,2,2,1,1,3,7,-1,1,product,S,21,2,3,1,0,1,0,0,6,4,7
26,neutrino_G3,,-1,1,3,3,1,1,4,7,-1,1,torsion,STAY,9,0,9,3,0,1,0,0,6,4,7
26,neutrino_G3,,-1,1,4,4,1,1,4,7,-1,1,sum,W,11,1,2,0,2,1,0,0,6,4,6
26,neutrino_G3,,-1,1,5,5,1,1,4,6,-1,1,product,S,24,2,6,2,0,1,0,0,6,5,6
26,neutrino_G3,,-1,1,6,6,1,1,5,6,-1,1,torsion,STAY,9,0,9,3,0,1,0,0,6,5,6
26,neutrino_G3,,-1,1,7,7,1,1,5,6,-1,1,sum,W,11,1,2,0,2,1,0,0,6,5,5
26,neutrino_G3,,-1,1,8,8,1,1,5,5,-1,1,product,S,25,2,7,2,1,1,0,0,6,6,5
26,neutrino_G3,,-1,1,9,9,1,1,6,5,-1,1,torsion,STAY,9,0,9,3,0,1,0,0,6,6,5
26,neutrino_G3,,-1,1,10,1,2,1,6,5,-1,1,sum,W,11,1,2,0,2,1,0,0,6,6,4
26,neutrino_G3,,-1,1,11,2,2,1,6,4,-1,1,product,S,24,2,6,2,0,1,0,0,6,7,4
26,neutrino_G3,,-1,1,12,3,2,1,7,4,-1,1,torsion,STAY,9,0,9,3,0,1,0,0,6,7,4
26,neutrino_G3,,-1,1,13,4,2,1,7,4,-1,1,sum,W,11,1,2,0,2,1,0,0,6,7,3
26,neutrino_G3,,-1,1,14,5,2,1,7,3,-1,1,product,S,21,2,3,1,0,1,0,0,6,8,3
26,neutrino_G3,,-1,1,15,6,2,1,8,3,-1,1,torsion,STAY,9,0,9,3,0,1,0,0,6,8,3
26,neutrino_G3,,-1,1,16,7,2,1,8,3,-1,1,sum,W,11,1,2,0,2,1,0,0,6,8,2
26,neutrino_G3,,-1,1,17,8,2,1,8,2,-1,1,product,S,16,1,7,2,1,1,0,0,6,9,2
26,neutrino_G3,,-1,1,18,9,2,1,9,2,-1,1,torsion,STAY,9,0,9,3,0,1,0,0,6,9,2
26,neutrino_G3,,-1,1,19,1,3,1,9,2,-1,1,sum,W,11,1,2,0,2,1,0,0,6,9,1
26,neutrino_G3,,-1,1,20,2,3,1,9,1,-1,1,product,S,9,0,9,3,0,1,0,0,6,1,1
26,neutrino_G3,,-1,1,21,3,3,1,1,1,-1,1,torsion,STAY,9,0,9,3,0,1,0,1,6,1,1
26,neutrino_G3,,-1,1,22,4,3,1,1,1,-1,1,sum,W,2,0,2,0,2,1,0,0,7,1,9
26,neutrino_G3,,-1,1,23,5,3,1,1,9,-1,1,product,S,9,0,9,3,0,1,0,0,6,2,9
26,neutrino_G3,,-1,1,24,6,3,1,2,9,-1,1,torsion,STAY,9,0,9,3,0,1,0,0,6,2,9
26,neutrino_G3,,-1,1,25,7,3,1,2,9,-1,1,sum,W,11,1,2,0,2,1,0,0,6,2,8
26,neutrino_G3,,-1,1,26,8,3,1,2,8,-1,1,product,S,16,1,7,2,1,1,0,0,6,3,8
26,neutrino_G3,,-1,1,27,9,3,1,3,8,-1,1,torsion,STAY,9,0,9,3,0,1,1,0,6,3,8
26,neutrino_G3,,-1,1,28,1,4,2,3,8,1,-1,sum,E,11,1,2,0,2,-1,0,0,6,3,9
26,neutrino_G3,,-1,1,29,2,4,2,3,9,1,-1,product,N,27,2,9,3,0,-1,0,0,6,2,9
26,neutrino_G3,,-1,1,30,3,4,2,2,9,1,-1,torsion,STAY,9,0,9,3,0,-1,0,0,6,2,9
26,neutrino_G3,,-1,1,31,4,4,2,2,9,1,-1,sum,E,11,1,2,0,2,-1,0,0,6,2,1
26,neutrino_G3,,-1,1,32,5,4,2,2,1,1,-1,product,N,2,0,2,0,2,-1,0,0,6,1,1
26,neutrino_G3,,-1,1,33,6,4,2,1,1,1,-1,torsion,STAY,9,0,9,3,0,-1,0,0,6,1,1
26,neutrino_G3,,-1,1,34,7,4,2,1,1,1,-1,sum,E,2,0,2,0,2,-1,0,0,6,1,2
26,neutrino_G3,,-1,1,35,8,4,2,1,2,1,-1,product,N,2,0,2,0,2,-1,0,0,6,9,2
26,neutrino_G3,,-1,1,36,9,4,2,9,2,1,-1,torsion,STAY,9,0,9,3,0,-1,0,0,6,9,2
26,neutrino_G3,,-1,1,37,1,5,2,9,2,1,-1,sum,E,11,1,2,0,2,-1,0,0,6,9,3
26,neutrino_G3,,-1,1,38,2,5,2,9,3,1,-1,product,N,27,2,9,3,0,-1,0,0,6,8,3
26,neutrino_G3,,-1,1,39,3,5,2,8,3,1,-1,torsion,STAY,9,0,9,3,0,-1,0,0,6,8,3
26,neutrino_G3,,-1,1,40,4,5,2,8,3,1,-1,sum,E,11,1,2,0,2,-1,0,0,6,8,4
26,neutrino_G3,,-1,1,41,5,5,2,8,4,1,-1,product,N,32,3,5,1,2,-1,0,0,6,7,4
26,neutrino_G3,,-1,1,42,6,5,2,7,4,1,-1,torsion,STAY,9,0,9,3,0,-1,0,0,6,7,4
26,neutrino_G3,,-1,1,43,7,5,2,7,4,1,-1,sum,E,11,1,2,0,2,-1,0,1,6,7,5
26,neutrino_G3,,-1,1,44,8,5,2,7,5,1,-1,product,N,35,3,8,2,2,-1,0,0,7,6,5
26,neutrino_G3,,-1,1,45,9,5,2,6,5,1,-1,torsion,STAY,9,0,9,3,0,-1,0,0,6,6,5
26,neutrino_G3,,-1,1,46,1,6,2,6,5,1,-1,sum,E,11,1,2,0,2,-1,0,0,6,6,6
26,neutrino_G3,,-1,1,47,2,6,2,6,6,1,-1,product,N,36,3,9,3,0,-1,0,0,6,5,6
26,neutrino_G3,,-1,1,48,3,6,2,5,6,1,-1,torsion,STAY,9,0,9,3,0,-1,0,0,6,5,6
26,neutrino_G3,,-1,1,49,4,6,2,5,6,1,-1,sum,E,11,1,2,0,2,-1,0,0,6,5,7
26,neutrino_G3,,-1,1,50,5,6,2,5,7,1,-1,product,N,35,3,8,2,2,-1,0,0,6,4,7
26,neutrino_G3,,-1,1,51,6,6,2,4,7,1,-1,torsion,STAY,9,0,9,3,0,-1,0,0,6,4,7
26,neutrino_G3,,-1,1,52,7,6,2,4,7,1,-1,sum,E,11,1,2,0,2,-1,0,0,6,4,8
26,neutrino_G3,,-1,1,53,8,6,2,4,8,1,-1,product,N,32,3,5,1,2,-1,0,0,6,3,8
26,neutrino_G3,,-1,1,54,9,6,2,3,8,1,-1,torsion,STAY,9,0,9,3,0,-1,1,0,6,3,8
26,neutrino_G3,,-1,1,55,1,7,3,3,8,-1,1,sum,W,11,1,2,0,2,1,0,0,6,3,7
26,neutrino_G3,,-1,1,56,2,7,3,3,7,-1,1,product,S,21,2,3,1,0,1,0,0,6,4,7
26,neutrino_G3,,-1,1,57,3,7,3,4,7,-1,1,torsion,STAY,9,0,9,3,0,1,0,0,6,4,7
26,neutrino_G3,,-1,1,58,4,7,3,4,7,-1,1,sum,W,11,1,2,0,2,1,0,0,6,4,6
26,neutrino_G3,,-1,1,59,5,7,3,4,6,-1,1,product,S,24,2,6,2,0,1,0,0,6,5,6
26,neutrino_G3,,-1,1,60,6,7,3,5,6,-1,1,torsion,STAY,9,0,9,3,0,1,0,0,6,5,6
26,neutrino_G3,,-1,1,61,7,7,3,5,6,-1,1,sum,W,11,1,2,0,2,1,0,0,6,5,5
26,neutrino_G3,,-1,1,62,8,7,3,5,5,-1,1,product,S,25,2,7,2,1,1,0,0,6,6,5
26,neutrino_G3,,-1,1,63,9,7,3,6,5,-1,1,torsion,STAY,9,0,9,3,0,1,0,0,6,6,5
26,neutrino_G3,,-1,1,64,1,8,3,6,5,-1,1,sum,W,11,1,2,0,2,1,0,0,6,6,4
26,neutrino_G3,,-1,1,65,2,8,3,6,4,-1,1,product,S,24,2,6,2,0,1,0,1,6,7,4
26,neutrino_G3,,-1,1,66,3,8,3,7,4,-1,1,torsion,STAY,9,0,9,3,0,1,0,0,7,7,4
26,neutrino_G3,,-1,1,67,4,8,3,7,4,-1,1,sum,W,11,1,2,0,2,1,0,0,6,7,3
26,neutrino_G3,,-1,1,68,5,8,3,7,3,-1,1,product,S,21,2,3,1,0,1,0,0,6,8,3
26,neutrino_G3,,-1,1,69,6,8,3,8,3,-1,1,torsion,STAY,9,0,9,3,0,1,0,0,6,8,3
26,neutrino_G3,,-1,1,70,7,8,3,8,3,-1,1,sum,W,11,1,2,0,2,1,0,0,6,8,2
26,neutrino_G3,,-1,1,71,8,8,3,8,2,-1,1,product,S,16,1,7,2,1,1,0,0,6,9,2
26,neutrino_G3,,-1,1,72,9,8,3,9,2,-1,1,torsion,STAY,9,0,9,3,0,1,0,0,6,9,2
26,neutrino_G3,,-1,1,73,1,9,3,9,2,-1,1,sum,W,11,1,2,0,2,1,0,0,6,9,1
26,neutrino_G3,,-1,1,74,2,9,3,9,1,-1,1,product,S,9,0,9,3,0,1,0,0,6,1,1
26,neutrino_G3,,-1,1,75,3,9,3,1,1,-1,1,torsion,STAY,9,0,9,3,0,1,0,0,6,1,1
26,neutrino_G3,,-1,1,76,4,9,3,1,1,-1,1,sum,W,2,0,2,0,2,1,0,0,6,1,9
26,neutrino_G3,,-1,1,77,5,9,3,1,9,-1,1,product,S,9,0,9,3,0,1,0,0,6,2,9
26,neutrino_G3,,-1,1,78,6,9,3,2,9,-1,1,torsion,STAY,9,0,9,3,0,1,0,0,6,2,9
26,neutrino_G3,,-1,1,79,7,9,3,2,9,-1,1,sum,W,11,1,2,0,2,1,0,0,6,2,8
26,neutrino_G3,,-1,1,80,8,9,3,2,8,-1,1,product,S,16,1,7,2,1,1,0,0,6,3,8
26,neutrino_G3,,-1,1,81,9,9,3,3,8,-1,1,torsion,STAY,9,0,9,3,0,1,1,0,6,3,8
26,neutrino_G3,,-1,1,82,1,10,4,3,8,1,-1,sum,E,11,1,2,0,2,-1,0,0,6,3,9
26,neutrino_G3,,-1,1,83,2,10,4,3,9,1,-1,product,N,27,2,9,3,0,-1,0,0,6,2,9
26,neutrino_G3,,-1,1,84,3,10,4,2,9,1,-1,torsion,STAY,9,0,9,3,0,-1,0,0,6,2,9
26,neutrino_G3,,-1,1,85,4,10,4,2,9,1,-1,sum,E,11,1,2,0,2,-1,0,0,6,2,1
26,neutrino_G3,,-1,1,86,5,10,4,2,1,1,-1,product,N,2,0,2,0,2,-1,0,0,6,1,1
26,neutrino_G3,,-1,1,87,6,10,4,1,1,1,-1,torsion,STAY,9,0,9,3,0,-1,0,1,6,1,1
26,neutrino_G3,,-1,1,88,7,10,4,1,1,1,-1,sum,E,2,0,2,0,2,-1,0,0,7,1,2
26,neutrino_G3,,-1,1,89,8,10,4,1,2,1,-1,product,N,2,0,2,0,2,-1,0,0,6,9,2
26,neutrino_G3,,-1,1,90,9,10,4,9,2,1,-1,torsion,STAY,9,0,9,3,0,-1,0,0,6,9,2
26,neutrino_G3,,-1,1,91,1,11,4,9,2,1,-1,sum,E,11,1,2,0,2,-1,0,0,6,9,3
26,neutrino_G3,,-1,1,92,2,11,4,9,3,1,-1,product,N,27,2,9,3,0,-1,0,0,6,8,3
26,neutrino_G3,,-1,1,93,3,11,4,8,3,1,-1,torsion,STAY,9,0,9,3,0,-1,0,0,6,8,3
26,neutrino_G3,,-1,1,94,4,11,4,8,3,1,-1,sum,E,11,1,2,0,2,-1,0,0,6,8,4
26,neutrino_G3,,-1,1,95,5,11,4,8,4,1,-1,product,N,32,3,5,1,2,-1,0,0,6,7,4
26,neutrino_G3,,-1,1,96,6,11,4,7,4,1,-1,torsion,STAY,9,0,9,3,0,-1,0,0,6,7,4
26,neutrino_G3,,-1,1,97,7,11,4,7,4,1,-1,sum,E,11,1,2,0,2,-1,0,0,6,7,5
26,neutrino_G3,,-1,1,98,8,11,4,7,5,1,-1,product,N,35,3,8,2,2,-1,0,0,6,6,5
26,neutrino_G3,,-1,1,99,9,11,4,6,5,1,-1,torsion,STAY,9,0,9,3,0,-1,0,0,6,6,5
26,neutrino_G3,,-1,1,100,1,12,4,6,5,1,-1,sum,E,11,1,2,0,2,-1,0,0,6,6,6
26,neutrino_G3,,-1,1,101,2,12,4,6,6,1,-1,product,N,36,3,9,3,0,-1,0,0,6,5,6
26,neutrino_G3,,-1,1,102,3,12,4,5,6,1,-1,torsion,STAY,9,0,9,3,0,-1,0,0,6,5,6
26,neutrino_G3,,-1,1,103,4,12,4,5,6,1,-1,sum,E,11,1,2,0,2,-1,0,0,6,5,7
26,neutrino_G3,,-1,1,104,5,12,4,5,7,1,-1,product,N,35,3,8,2,2,-1,0,0,6,4,7
26,neutrino_G3,,-1,1,105,6,12,4,4,7,1,-1,torsion,STAY,9,0,9,3,0,-1,0,0,6,4,7
26,neutrino_G3,,-1,1,106,7,12,4,4,7,1,-1,sum,E,11,1,2,0,2,-1,0,0,6,4,8
26,neutrino_G3,,-1,1,107,8,12,4,4,8,1,-1,product,N,32,3,5,1,2,-1,0,0,6,3,8
26,neutrino_G3,,-1,1,108,9,12,4,3,8,1,-1,torsion,STAY,9,0,9,3,0,-1,1,0,6,3,8
27,charged_lepton_G4,,-1,-1,1,1,1,1,3,9,-1,-1,sum,W,12,1,3,1,0,1,0,0,7,3,8
27,charged_lepton_G4,,-1,-1,2,2,1,1,3,8,-1,-1,product,N,24,2,6,2,0,1,0,0,6,2,8
27,charged_lepton_G4,,-1,-1,3,3,1,1,2,8,-1,-1,torsion,STAY,9,0,9,3,0,1,0,0,6,2,8
27,charged_lepton_G4,,-1,-1,4,4,1,1,2,8,-1,-1,sum,W,10,1,1,0,1,1,0,0,6,2,7
27,charged_lepton_G4,,-1,-1,5,5,1,1,2,7,-1,-1,product,N,14,1,5,1,2,1,0,0,6,1,7
27,charged_lepton_G4,,-1,-1,6,6,1,1,1,7,-1,-1,torsion,STAY,9,0,9,3,0,1,0,0,6,1,7
27,charged_lepton_G4,,-1,-1,7,7,1,1,1,7,-1,-1,sum,W,8,0,8,2,2,1,0,0,6,1,6
27,charged_lepton_G4,,-1,-1,8,8,1,1,1,6,-1,-1,product,N,6,0,6,2,0,1,0,0,6,9,6
27,charged_lepton_G4,,-1,-1,9,9,1,1,9,6,-1,-1,torsion,STAY,9,0,9,3,0,1,0,0,6,9,6
27,charged_lepton_G4,,-1,-1,10,1,2,1,9,6,-1,-1,sum,W,15,1,6,2,0,1,0,0,6,9,5
27,charged_lepton_G4,,-1,-1,11,2,2,1,9,5,-1,-1,product,N,45,4,9,3,0,1,0,0,6,8,5
27,charged_lepton_G4,,-1,-1,12,3,2,1,8,5,-1,-1,torsion,STAY,9,0,9,3,0,1,0,0,6,8,5
27,charged_lepton_G4,,-1,-1,13,4,2,1,8,5,-1,-1,sum,W,13,1,4,1,1,1,0,0,6,8,4
27,charged_lepton_G4,,-1,-1,14,5,2,1,8,4,-1,-1,product,N,32,3,5,1,2,1,0,0,6,7,4
27,charged_lepton_G4,,-1,-1,15,6,2,1,7,4,-1,-1,torsion,STAY,9,0,9,3,0,1,0,0,6,7,4
27,charged_lepton_G4,,-1,-1,16,7,2,1,7,4,-1,-1,sum,W,11,1,2,0,2,1,0,0,6,7,3
27,charged_lepton_G4,,-1,-1,17,8,2,1,7,3,-1,-1,product,N,21,2,3,1,0,1,0,0,6,6,3
27,charged_lepton_G4,,-1,-1,18,9,2,1,6,3,-1,-1,torsion,STAY,9,0,9,3,0,1,0,0,6,6,3
27,charged_lepton_G4,,-1,-1,19,1,3,1,6,3,-1,-1,sum,W,9,0,9,3,0,1,0,0,6,6,2
27,charged_lepton_G4,,-1,-1,20,2,3,1,6,2,-1,-1,product,N,12,1,3,1,0,1,0,0,6,5,2
27,charged_lepton_G4,,-1,-1,21,3,3,1,5,2,-1,-1,torsion,STAY,9,0,9,3,0,1,0,1,6,5,2
27,charged_lepton_G4,,-1,-1,22,4,3,1,5,2,-1,-1,sum,W,7,0,7,2,1,1,0,0,7,5,1
27,charged_lepton_G4,,-1,-1,23,5,3,1,5,1,-1,-1,product,N,5,0,5,1,2,1,0,0,6,4,1
27,charged_lepton_G4,,-1,-1,24,6,3,1,4,1,-1,-1,torsion,STAY,9,0,9,3,0,1,0,0,6,4,1
27,charged_lepton_G4,,-1,-1,25,7,3,1,4,1,-1,-1,sum,W,5,0,5,1,2,1,0,0,6,4,9
27,charged_lepton_G4,,-1,-1,26,8,3,1,4,9,-1,-1,product,N,36,3,9,3,0,1,0,0,6,3,9
27,charged_lepton_G4,,-1,-1,27,9,3,1,3,9,-1,-1,torsion,STAY,9,0,9,3,0,1,1,0,6,3,9
27,charged_lepton_G4,,-1,-1,28,1,4,2,3,9,1,1,sum,E,12,1,3,1,0,-1,0,0,6,3,1
27,charged_lepton_G4,,-1,-1,29,2,4,2,3,1,1,1,product,S,3,0,3,1,0,-1,0,0,6,4,1
27,charged_lepton_G4,,-1,-1,30,3,4,2,4,1,1,1,torsion,STAY,9,0,9,3,0,-1,0,0,6,4,1
27,charged_lepton_G4,,-1,-1,31,4,4,2,4,1,1,1,sum,E,5,0,5,1,2,-1,0,0,6,4,2
27,charged_lepton_G4,,-1,-1,32,5,4,2,4,2,1,1,product,S,8,0,8,2,2,-1,0,0,6,5,2
27,charged_lepton_G4,,-1,-1,33,6,4,2,5,2,1,1,torsion,STAY,9,0,9,3,0,-1,0,0,6,5,2
27,charged_lepton_G4,,-1,-1,34,7,4,2,5,2,1,1,sum,E,7,0,7,2,1,-1,0,0,6,5,3
27,charged_lepton_G4,,-1,-1,35,8,4,2,5,3,1,1,product,S,15,1,6,2,0,-1,0,0,6,6,3
27,charged_lepton_G4,,-1,-1,36,9,4,2,6,3,1,1,torsion,STAY,9,0,9,3,0,-1,0,0,6,6,3
27,charged_lepton_G4,,-1,-1,37,1,5,2,6,3,1,1,sum,E,9,0,9,3,0,-1,0,0,6,6,4
27,charged_lepton_G4,,-1,-1,38,2,5,2,6,4,1,1,product,S,24,2,6,2,0,-1,0,0,6,7,4
27,charged_lepton_G4,,-1,-1,39,3,5,2,7,4,1,1,torsion,STAY,9,0,9,3,0,-1,0,0,6,7,4
27,charged_lepton_G4,,-1,-1,40,4,5,2,7,4,1,1,sum,E,11,1,2,0,2,-1,0,0,6,7,5
27,charged_lepton_G4,,-1,-1,41,5,5,2,7,5,1,1,product,S,35,3,8,2,2,-1,0,0,6,8,5
27,charged_lepton_G4,,-1,-1,42,6,5,2,8,5,1,1,torsion,STAY,9,0,9,3,0,-1,0,0,6,8,5
27,charged_lepton_G4,,-1,-1,43,7,5,2,8,5,1,1,sum,E,13,1,4,1,1,-1,0,1,6,8,6
27,charged_lepton_G4,,-1,-1,44,8,5,2,8,6,1,1,product,S,48,5,3,1,0,-1,0,0,7,9,6
27,charged_lepton_G4,,-1,-1,45,9,5,2,9,6,1,1,torsion,STAY,9,0,9,3,0,-1,0,0,6,9,6
27,charged_lepton_G4,,-1,-1,46,1,6,2,9,6,1,1,sum,E,15,1,6,2,0,-1,0,0,6,9,7
27,charged_lepton_G4,,-1,-1,47,2,6,2,9,7,1,1,product,S,63,6,9,3,0,-1,0,0,6,1,7
27,charged_lepton_G4,,-1,-1,48,3,6,2,1,7,1,1,torsion,STAY,9,0,9,3,0,-1,0,0,6,1,7
27,charged_lepton_G4,,-1,-1,49,4,6,2,1,7,1,1,sum,E,8,0,8,2,2,-1,0,0,6,1,8
27,charged_lepton_G4,,-1,-1,50,5,6,2,1,8,1,1,product,S,8,0,8,2,2,-1,0,0,6,2,8
27,charged_lepton_G4,,-1,-1,51,6,6,2,2,8,1,1,torsion,STAY,9,0,9,3,0,-1,0,0,6,2,8
27,charged_lepton_G4,,-1,-1,52,7,6,2,2,8,1,1,sum,E,10,1,1,0,1,-1,0,0,6,2,9
27,charged_lepton_G4,,-1,-1,53,8,6,2,2,9,1,1,product,S,18,1,9,3,0,-1,0,0,6,3,9
27,charged_lepton_G4,,-1,-1,54,9,6,2,3,9,1,1,torsion,STAY,9,0,9,3,0,-1,1,0,6,3,9
27,charged_lepton_G4,,-1,-1,55,1,7,3,3,9,-1,-1,sum,W,12,1,3,1,0,1,0,0,6,3,8
27,charged_lepton_G4,,-1,-1,56,2,7,3,3,8,-1,-1,product,N,24,2,6,2,0,1,0,0,6,2,8
27,charged_lepton_G4,,-1,-1,57,3,7,3,2,8,-1,-1,torsion,STAY,9,0,9,3,0,1,0,0,6,2,8
27,charged_lepton_G4,,-1,-1,58,4,7,3,2,8,-1,-1,sum,W,10,1,1,0,1,1,0,0,6,2,7
27,charged_lepton_G4,,-1,-1,59,5,7,3,2,7,-1,-1,product,N,14,1,5,1,2,1,0,0,6,1,7
27,charged_lepton_G4,,-1,-1,60,6,7,3,1,7,-1,-1,torsion,STAY,9,0,9,3,0,1,0,0,6,1,7
27,charged_lepton_G4,,-1,-1,61,7,7,3,1,7,-1,-1,sum,W,8,0,8,2,2,1,0,0,6,1,6
27,charged_lepton_G4,,-1,-1,62,8,7,3,1,6,-1,-1,product,N,6,0,6,2,0,1,0,0,6,9,6
27,charged_lepton_G4,,-1,-1,63,9,7,3,9,6,-1,-1,torsion,STAY,9,0,9,3,0,1,0,0,6,9,6
27,charged_lepton_G4,,-1,-1,64,1,8,3,9,6,-1,-1,sum,W,15,1,6,2,0,1,0,0,6,9,5
27,charged_lepton_G4,,-1,-1,65,2,8,3,9,5,-1,-1,product,N,45,4,9,3,0,1,0,1,6,8,5
27,charged_lepton_G4,,-1,-1,66,3,8,3,8,5,-1,-1,torsion,STAY,9,0,9,3,0,1,0,0,7,8,5
27,charged_lepton_G4,,-1,-1,67,4,8,3,8,5,-1,-1,sum,W,13,1,4,1,1,1,0,0,6,8,4
27,charged_lepton_G4,,-1,-1,68,5,8,3,8,4,-1,-1,product,N,32,3,5,1,2,1,0,0,6,7,4
27,charged_lepton_G4,,-1,-1,69,6,8,3,7,4,-1,-1,torsion,STAY,9,0,9,3,0,1,0,0,6,7,4
27,charged_lepton_G4,,-1,-1,70,7,8,3,7,4,-1,-1,sum,W,11,1,2,0,2,1,0,0,6,7,3
27,charged_lepton_G4,,-1,-1,71,8,8,3,7,3,-1,-1,product,N,21,2,3,1,0,1,0,0,6,6,3
27,charged_lepton_G4,,-1,-1,72,9,8,3,6,3,-1,-1,torsion,STAY,9,0,9,3,0,1,0,0,6,6,3
27,charged_lepton_G4,,-1,-1,73,1,9,3,6,3,-1,-1,sum,W,9,0,9,3,0,1,0,0,6,6,2
27,charged_lepton_G4,,-1,-1,74,2,9,3,6,2,-1,-1,product,N,12,1,3,1,0,1,0,0,6,5,2
27,charged_lepton_G4,,-1,-1,75,3,9,3,5,2,-1,-1,torsion,STAY,9,0,9,3,0,1,0,0,6,5,2
27,charged_lepton_G4,,-1,-1,76,4,9,3,5,2,-1,-1,sum,W,7,0,7,2,1,1,0,0,6,5,1
27,charged_lepton_G4,,-1,-1,77,5,9,3,5,1,-1,-1,product,N,5,0,5,1,2,1,0,0,6,4,1
27,charged_lepton_G4,,-1,-1,78,6,9,3,4,1,-1,-1,torsion,STAY,9,0,9,3,0,1,0,0,6,4,1
27,charged_lepton_G4,,-1,-1,79,7,9,3,4,1,-1,-1,sum,W,5,0,5,1,2,1,0,0,6,4,9
27,charged_lepton_G4,,-1,-1,80,8,9,3,4,9,-1,-1,product,N,36,3,9,3,0,1,0,0,6,3,9
27,charged_lepton_G4,,-1,-1,81,9,9,3,3,9,-1,-1,torsion,STAY,9,0,9,3,0,1,1,0,6,3,9
27,charged_lepton_G4,,-1,-1,82,1,10,4,3,9,1,1,sum,E,12,1,3,1,0,-1,0,0,6,3,1
27,charged_lepton_G4,,-1,-1,83,2,10,4,3,1,1,1,product,S,3,0,3,1,0,-1,0,0,6,4,1
27,charged_lepton_G4,,-1,-1,84,3,10,4,4,1,1,1,torsion,STAY,9,0,9,3,0,-1,0,0,6,4,1
27,charged_lepton_G4,,-1,-1,85,4,10,4,4,1,1,1,sum,E,5,0,5,1,2,-1,0,0,6,4,2
27,charged_lepton_G4,,-1,-1,86,5,10,4,4,2,1,1,product,S,8,0,8,2,2,-1,0,0,6,5,2
27,charged_lepton_G4,,-1,-1,87,6,10,4,5,2,1,1,torsion,STAY,9,0,9,3,0,-1,0,1,6,5,2
27,charged_lepton_G4,,-1,-1,88,7,10,4,5,2,1,1,sum,E,7,0,7,2,1,-1,0,0,7,5,3
27,charged_lepton_G4,,-1,-1,89,8,10,4,5,3,1,1,product,S,15,1,6,2,0,-1,0,0,6,6,3
27,charged_lepton_G4,,-1,-1,90,9,10,4,6,3,1,1,torsion,STAY,9,0,9,3,0,-1,0,0,6,6,3
27,charged_lepton_G4,,-1,-1,91,1,11,4,6,3,1,1,sum,E,9,0,9,3,0,-1,0,0,6,6,4
27,charged_lepton_G4,,-1,-1,92,2,11,4,6,4,1,1,product,S,24,2,6,2,0,-1,0,0,6,7,4
27,charged_lepton_G4,,-1,-1,93,3,11,4,7,4,1,1,torsion,STAY,9,0,9,3,0,-1,0,0,6,7,4
27,charged_lepton_G4,,-1,-1,94,4,11,4,7,4,1,1,sum,E,11,1,2,0,2,-1,0,0,6,7,5
27,charged_lepton_G4,,-1,-1,95,5,11,4,7,5,1,1,product,S,35,3,8,2,2,-1,0,0,6,8,5
27,charged_lepton_G4,,-1,-1,96,6,11,4,8,5,1,1,torsion,STAY,9,0,9,3,0,-1,0,0,6,8,5
27,charged_lepton_G4,,-1,-1,97,7,11,4,8,5,1,1,sum,E,13,1,4,1,1,-1,0,0,6,8,6
27,charged_lepton_G4,,-1,-1,98,8,11,4,8,6,1,1,product,S,48,5,3,1,0,-1,0,0,6,9,6
27,charged_lepton_G4,,-1,-1,99,9,11,4,9,6,1,1,torsion,STAY,9,0,9,3,0,-1,0,0,6,9,6
27,charged_lepton_G4,,-1,-1,100,1,12,4,9,6,1,1,sum,E,15,1,6,2,0,-1,0,0,6,9,7
27,charged_lepton_G4,,-1,-1,101,2,12,4,9,7,1,1,product,S,63,6,9,3,0,-1,0,0,6,1,7
27,charged_lepton_G4,,-1,-1,102,3,12,4,1,7,1,1,torsion,STAY,9,0,9,3,0,-1,0,0,6,1,7
27,charged_lepton_G4,,-1,-1,103,4,12,4,1,7,1,1,sum,E,8,0,8,2,2,-1,0,0,6,1,8
27,charged_lepton_G4,,-1,-1,104,5,12,4,1,8,1,1,product,S,8,0,8,2,2,-1,0,0,6,2,8
27,charged_lepton_G4,,-1,-1,105,6,12,4,2,8,1,1,torsion,STAY,9,0,9,3,0,-1,0,0,6,2,8
27,charged_lepton_G4,,-1,-1,106,7,12,4,2,8,1,1,sum,E,10,1,1,0,1,-1,0,0,6,2,9
27,charged_lepton_G4,,-1,-1,107,8,12,4,2,9,1,1,product,S,18,1,9,3,0,-1,0,0,6,3,9
27,charged_lepton_G4,,-1,-1,108,9,12,4,3,9,1,1,torsion,STAY,9,0,9,3,0,-1,1,0,6,3,9
28,quark_down_G4,R,-1,-1,1,1,1,1,4,1,-1,-1,sum,W,5,0,5,1,2,1,0,0,7,4,9
28,quark_down_G4,R,-1,-1,2,2,1,1,4,9,-1,-1,product,N,36,3,9,3,0,1,0,0,6,3,9
28,quark_down_G4,R,-1,-1,3,3,1,1,3,9,-1,-1,torsion,STAY,9,0,9,3,0,1,0,0,6,3,9
28,quark_down_G4,R,-1,-1,4,4,1,1,3,9,-1,-1,sum,W,12,1,3,1,0,1,0,0,6,3,8
28,quark_down_G4,R,-1,-1,5,5,1,1,3,8,-1,-1,product,N,24,2,6,2,0,1,0,0,6,2,8
28,quark_down_G4,R,-1,-1,6,6,1,1,2,8,-1,-1,torsion,STAY,9,0,9,3,0,1,0,0,6,2,8
28,quark_down_G4,R,-1,-1,7,7,1,1,2,8,-1,-1,sum,W,10,1,1,0,1,1,0,0,6,2,7
28,quark_down_G4,R,-1,-1,8,8,1,1,2,7,-1,-1,product,N,14,1,5,1,2,1,0,0,6,1,7
28,quark_down_G4,R,-1,-1,9,9,1,1,1,7,-1,-1,torsion,STAY,9,0,9,3,0,1,0,0,6,1,7
28,quark_down_G4,R,-1,-1,10,1,2,1,1,7,-1,-1,sum,W,8,0,8,2,2,1,0,0,6,1,6
28,quark_down_G4,R,-1,-1,11,2,2,1,1,6,-1,-1,product,N,6,0,6,2,0,1,0,0,6,9,6
28,quark_down_G4,R,-1,-1,12,3,2,1,9,6,-1,-1,torsion,STAY,9,0,9,3,0,1,0,0,6,9,6
28,quark_down_G4,R,-1,-1,13,4,2,1,9,6,-1,-1,sum,W,15,1,6,2,0,1,0,0,6,9,5
28,quark_down_G4,R,-1,-1,14,5,2,1,9,5,-1,-1,product,N,45,4,9,3,0,1,0,0,6,8,5
28,quark_down_G4,R,-1,-1,15,6,2,1,8,5,-1,-1,torsion,STAY,9,0,9,3,0,1,0,0,6,8,5
28,quark_down_G4,R,-1,-1,16,7,2,1,8,5,-1,-1,sum,W,13,1,4,1,1,1,0,0,6,8,4
28,quark_down_G4,R,-1,-1,17,8,2,1,8,4,-1,-1,product,N,32,3,5,1,2,1,0,0,6,7,4
28,quark_down_G4,R,-1,-1,18,9,2,1,7,4,-1,-1,torsion,STAY,9,0,9,3,0,1,0,0,6,7,4
28,quark_down_G4,R,-1,-1,19,1,3,1,7,4,-1,-1,sum,W,11,1,2,0,2,1,0,0,6,7,3
28,quark_down_G4,R,-1,-1,20,2,3,1,7,3,-1,-1,product,N,21,2,3,1,0,1,0,0,6,6,3
28,quark_down_G4,R,-1,-1,21,3,3,1,6,3,-1,-1,torsion,STAY,9,0,9,3,0,1,0,1,6,6,3
28,quark_down_G4,R,-1,-1,22,4,3,1,6,3,-1,-1,sum,W,9,0,9,3,0,1,0,0,7,6,2
28,quark_down_G4,R,-1,-1,23,5,3,1,6,2,-1,-1,product,N,12,1,3,1,0,1,0,0,6,5,2
28,quark_down_G4,R,-1,-1,24,6,3,1,5,2,-1,-1,torsion,STAY,9,0,9,3,0,1,0,0,6,5,2
28,quark_down_G4,R,-1,-1,25,7,3,1,5,2,-1,-1,sum,W,7,0,7,2,1,1,0,0,6,5,1
28,quark_down_G4,R,-1,-1,26,8,3,1,5,1,-1,-1,product,N,5,0,5,1,2,1,0,0,6,4,1
28,quark_down_G4,R,-1,-1,27,9,3,1,4,1,-1,-1,torsion,STAY,9,0,9,3,0,1,1,0,6,4,1
28,quark_down_G4,R,-1,-1,28,1,4,2,4,1,1,1,sum,E,5,0,5,1,2,-1,0,0,6,4,2
28,quark_down_G4,R,-1,-1,29,2,4,2,4,2,1,1,product,S,8,0,8,2,2,-1,0,0,6,5,2
28,quark_down_G4,R,-1,-1,30,3,4,2,5,2,1,1,torsion,STAY,9,0,9,3,0,-1,0,0,6,5,2
28,quark_down_G4,R,-1,-1,31,4,4,2,5,2,1,1,sum,E,7,0,7,2,1,-1,0,0,6,5,3
28,quark_down_G4,R,-1,-1,32,5,4,2,5,3,1,1,product,S,15,1,6,2,0,-1,0,0,6,6,3
28,quark_down_G4,R,-1,-1,33,6,4,2,6,3,1,1,torsion,STAY,9,0,9,3,0,-1,0,0,6,6,3
28,quark_down_G4,R,-1,-1,34,7,4,2,6,3,1,1,sum,E,9,0,9,3,0,-1,0,0,6,6,4
28,quark_down_G4,R,-1,-1,35,8,4,2,6,4,1,1,product,S,24,2,6,2,0,-1,0,0,6,7,4
28,quark_down_G4,R,-1,-1,36,9,4,2,7,4,1,1,torsion,STAY,9,0,9,3,0,-1,0,0,6,7,4
28,quark_down_G4,R,-1,-1,37,1,5,2,7,4,1,1,sum,E,11,1,2,0,2,-1,0,0,6,7,5
28,quark_down_G4,R,-1,-1,38,2,5,2,7,5,1,1,product,S,35,3,8,2,2,-1,0,0,6,8,5
28,quark_down_G4,R,-1,-1,39,3,5,2,8,5,1,1,torsion,STAY,9,0,9,3,0,-1,0,0,6,8,5
28,quark_down_G4,R,-1,-1,40,4,5,2,8,5,1,1,sum,E,13,1,4,1,1,-1,0,0,6,8,6
28,quark_down_G4,R,-1,-1,41,5,5,2,8,6,1,1,product,S,48,5,3,1,0,-1,0,0,6,9,6
28,quark_down_G4,R,-1,-1,42,6,5,2,9,6,1,1,torsion,STAY,9,0,9,3,0,-1,0,0,6,9,6
28,quark_down_G4,R,-1,-1,43,7,5,2,9,6,1,1,sum,E,15,1,6,2,0,-1,0,1,6,9,7
28,quark_down_G4,R,-1,-1,44,8,5,2,9,7,1,1,product,S,63,6,9,3,0,-1,0,0,7,1,7
28,quark_down_G4,R,-1,-1,45,9,5,2,1,7,1,1,torsion,STAY,9,0,9,3,0,-1,0,0,6,1,7
28,quark_down_G4,R,-1,-1,46,1,6,2,1,7,1,1,sum,E,8,0,8,2,2,-1,0,0,6,1,8
28,quark_down_G4,R,-1,-1,47,2,6,2,1,8,1,1,product,S,8,0,8,2,2,-1,0,0,6,2,8
28,quark_down_G4,R,-1,-1,48,3,6,2,2,8,1,1,torsion,STAY,9,0,9,3,0,-1,0,0,6,2,8
28,quark_down_G4,R,-1,-1,49,4,6,2,2,8,1,1,sum,E,10,1,1,0,1,-1,0,0,6,2,9
28,quark_down_G4,R,-1,-1,50,5,6,2,2,9,1,1,product,S,18,1,9,3,0,-1,0,0,6,3,9
28,quark_down_G4,R,-1,-1,51,6,6,2,3,9,1,1,torsion,STAY,9,0,9,3,0,-1,0,0,6,3,9
28,quark_down_G4,R,-1,-1,52,7,6,2,3,9,1,1,sum,E,12,1,3,1,0,-1,0,0,6,3,1
28,quark_down_G4,R,-1,-1,53,8,6,2,3,1,1,1,product,S,3,0,3,1,0,-1,0,0,6,4,1
28,quark_down_G4,R,-1,-1,54,9,6,2,4,1,1,1,torsion,STAY,9,0,9,3,0,-1,1,0,6,4,1
28,quark_down_G4,R,-1,-1,55,1,7,3,4,1,-1,-1,sum,W,5,0,5,1,2,1,0,0,6,4,9
28,quark_down_G4,R,-1,-1,56,2,7,3,4,9,-1,-1,product,N,36,3,9,3,0,1,0,0,6,3,9
28,quark_down_G4,R,-1,-1,57,3,7,3,3,9,-1,-1,torsion,STAY,9,0,9,3,0,1,0,0,6,3,9
28,quark_down_G4,R,-1,-1,58,4,7,3,3,9,-1,-1,sum,W,12,1,3,1,0,1,0,0,6,3,8
28,quark_down_G4,R,-1,-1,59,5,7,3,3,8,-1,-1,product,N,24,2,6,2,0,1,0,0,6,2,8
28,quark_down_G4,R,-1,-1,60,6,7,3,2,8,-1,-1,torsion,STAY,9,0,9,3,0,1,0,0,6,2,8
28,quark_down_G4,R,-1,-1,61,7,7,3,2,8,-1,-1,sum,W,10,1,1,0,1,1,0,0,6,2,7
28,quark_down_G4,R,-1,-1,62,8,7,3,2,7,-1,-1,product,N,14,1,5,1,2,1,0,0,6,1,7
28,quark_down_G4,R,-1,-1,63,9,7,3,1,7,-1,-1,torsion,STAY,9,0,9,3,0,1,0,0,6,1,7
28,quark_down_G4,R,-1,-1,64,1,8,3,1,7,-1,-1,sum,W,8,0,8,2,2,1,0,0,6,1,6
28,quark_down_G4,R,-1,-1,65,2,8,3,1,6,-1,-1,product,N,6,0,6,2,0,1,0,1,6,9,6
28,quark_down_G4,R,-1,-1,66,3,8,3,9,6,-1,-1,torsion,STAY,9,0,9,3,0,1,0,0,7,9,6
28,quark_down_G4,R,-1,-1,67,4,8,3,9,6,-1,-1,sum,W,15,1,6,2,0,1,0,0,6,9,5
28,quark_down_G4,R,-1,-1,68,5,8,3,9,5,-1,-1,product,N,45,4,9,3,0,1,0,0,6,8,5
28,quark_down_G4,R,-1,-1,69,6,8,3,8,5,-1,-1,torsion,STAY,9,0,9,3,0,1,0,0,6,8,5
28,quark_down_G4,R,-1,-1,70,7,8,3,8,5,-1,-1,sum,W,13,1,4,1,1,1,0,0,6,8,4
28,quark_down_G4,R,-1,-1,71,8,8,3,8,4,-1,-1,product,N,32,3,5,1,2,1,0,0,6,7,4
28,quark_down_G4,R,-1,-1,72,9,8,3,7,4,-1,-1,torsion,STAY,9,0,9,3,0,1,0,0,6,7,4
28,quark_down_G4,R,-1,-1,73,1,9,3,7,4,-1,-1,sum,W,11,1,2,0,2,1,0,0,6,7,3
28,quark_down_G4,R,-1,-1,74,2,9,3,7,3,-1,-1,product,N,21,2,3,1,0,1,0,0,6,6,3
28,quark_down_G4,R,-1,-1,75,3,9,3,6,3,-1,-1,torsion,STAY,9,0,9,3,0,1,0,0,6,6,3
28,quark_down_G4,R,-1,-1,76,4,9,3,6,3,-1,-1,sum,W,9,0,9,3,0,1,0,0,6,6,2
28,quark_down_G4,R,-1,-1,77,5,9,3,6,2,-1,-1,product,N,12,1,3,1,0,1,0,0,6,5,2
28,quark_down_G4,R,-1,-1,78,6,9,3,5,2,-1,-1,torsion,STAY,9,0,9,3,0,1,0,0,6,5,2
28,quark_down_G4,R,-1,-1,79,7,9,3,5,2,-1,-1,sum,W,7,0,7,2,1,1,0,0,6,5,1
28,quark_down_G4,R,-1,-1,80,8,9,3,5,1,-1,-1,product,N,5,0,5,1,2,1,0,0,6,4,1
28,quark_down_G4,R,-1,-1,81,9,9,3,4,1,-1,-1,torsion,STAY,9,0,9,3,0,1,1,0,6,4,1
28,quark_down_G4,R,-1,-1,82,1,10,4,4,1,1,1,sum,E,5,0,5,1,2,-1,0,0,6,4,2
28,quark_down_G4,R,-1,-1,83,2,10,4,4,2,1,1,product,S,8,0,8,2,2,-1,0,0,6,5,2
28,quark_down_G4,R,-1,-1,84,3,10,4,5,2,1,1,torsion,STAY,9,0,9,3,0,-1,0,0,6,5,2
28,quark_down_G4,R,-1,-1,85,4,10,4,5,2,1,1,sum,E,7,0,7,2,1,-1,0,0,6,5,3
28,quark_down_G4,R,-1,-1,86,5,10,4,5,3,1,1,product,S,15,1,6,2,0,-1,0,0,6,6,3
28,quark_down_G4,R,-1,-1,87,6,10,4,6,3,1,1,torsion,STAY,9,0,9,3,0,-1,0,1,6,6,3
28,quark_down_G4,R,-1,-1,88,7,10,4,6,3,1,1,sum,E,9,0,9,3,0,-1,0,0,7,6,4
28,quark_down_G4,R,-1,-1,89,8,10,4,6,4,1,1,product,S,24,2,6,2,0,-1,0,0,6,7,4
28,quark_down_G4,R,-1,-1,90,9,10,4,7,4,1,1,torsion,STAY,9,0,9,3,0,-1,0,0,6,7,4
28,quark_down_G4,R,-1,-1,91,1,11,4,7,4,1,1,sum,E,11,1,2,0,2,-1,0,0,6,7,5
28,quark_down_G4,R,-1,-1,92,2,11,4,7,5,1,1,product,S,35,3,8,2,2,-1,0,0,6,8,5
28,quark_down_G4,R,-1,-1,93,3,11,4,8,5,1,1,torsion,STAY,9,0,9,3,0,-1,0,0,6,8,5
28,quark_down_G4,R,-1,-1,94,4,11,4,8,5,1,1,sum,E,13,1,4,1,1,-1,0,0,6,8,6
28,quark_down_G4,R,-1,-1,95,5,11,4,8,6,1,1,product,S,48,5,3,1,0,-1,0,0,6,9,6
28,quark_down_G4,R,-1,-1,96,6,11,4,9,6,1,1,torsion,STAY,9,0,9,3,0,-1,0,0,6,9,6
28,quark_down_G4,R,-1,-1,97,7,11,4,9,6,1,1,sum,E,15,1,6,2,0,-1,0,0,6,9,7
28,quark_down_G4,R,-1,-1,98,8,11,4,9,7,1,1,product,S,63,6,9,3,0,-1,0,0,6,1,7
28,quark_down_G4,R,-1,-1,99,9,11,4,1,7,1,1,torsion,STAY,9,0,9,3,0,-1,0,0,6,1,7
28,quark_down_G4,R,-1,-1,100,1,12,4,1,7,1,1,sum,E,8,0,8,2,2,-1,0,0,6,1,8
28,quark_down_G4,R,-1,-1,101,2,12,4,1,8,1,1,product,S,8,0,8,2,2,-1,0,0,6,2,8
28,quark_down_G4,R,-1,-1,102,3,12,4,2,8,1,1,torsion,STAY,9,0,9,3,0,-1,0,0,6,2,8
28,quark_down_G4,R,-1,-1,103,4,12,4,2,8,1,1,sum,E,10,1,1,0,1,-1,0,0,6,2,9
28,quark_down_G4,R,-1,-1,104,5,12,4,2,9,1,1,product,S,18,1,9,3,0,-1,0,0,6,3,9
28,quark_down_G4,R,-1,-1,105,6,12,4,3,9,1,1,torsion,STAY,9,0,9,3,0,-1,0,0,6,3,9
28,quark_down_G4,R,-1,-1,106,7,12,4,3,9,1,1,sum,E,12,1,3,1,0,-1,0,0,6,3,1
28,quark_down_G4,R,-1,-1,107,8,12,4,3,1,1,1,product,S,3,0,3,1,0,-1,0,0,6,4,1
28,quark_down_G4,R,-1,-1,108,9,12,4,4,1,1,1,torsion,STAY,9,0,9,3,0,-1,1,0,6,4,1
29,quark_up_G3,B,1,-1,1,1,1,1,4,2,1,-1,sum,E,6,0,6,2,0,1,0,0,7,4,3
29,quark_up_G3,B,1,-1,2,2,1,1,4,3,1,-1,product,N,12,1,3,1,0,1,0,0,6,3,3
29,quark_up_G3,B,1,-1,3,3,1,1,3,3,1,-1,torsion,STAY,9,0,9,3,0,1,0,0,6,3,3
29,quark_up_G3,B,1,-1,4,4,1,1,3,3,1,-1,sum,E,6,0,6,2,0,1,0,0,6,3,4
29,quark_up_G3,B,1,-1,5,5,1,1,3,4,1,-1,product,N,12,1,3,1,0,1,0,0,6,2,4
29,quark_up_G3,B,1,-1,6,6,1,1,2,4,1,-1,torsion,STAY,9,0,9,3,0,1,0,0,6,2,4
29,quark_up_G3,B,1,-1,7,7,1,1,2,4,1,-1,sum,E,6,0,6,2,0,1,0,0,6,2,5
29,quark_up_G3,B,1,-1,8,8,1,1,2,5,1,-1,product,N,10,1,1,0,1,1,0,0,6,1,5
29,quark_up_G3,B,1,-1,9,9,1,1,1,5,1,-1,torsion,STAY,9,0,9,3,0,1,0,0,6,1,5
29,quark_up_G3,B,1,-1,10,1,2,1,1,5,1,-1,sum,E,6,0,6,2,0,1,0,0,6,1,6
29,quark_up_G3,B,1,-1,11,2,2,1,1,6,1,-1,product,N,6,0,6,2,0,1,0,0,6,9,6
29,quark_up_G3,B,1,-1,12,3,2,1,9,6,1,-1,torsion,STAY,9,0,9,3,0,1,0,0,6,9,6
29,quark_up_G3,B,1,-1,13,4,2,1,9,6,1,-1,sum,E,15,1,6,2,0,1,0,0,6,9,7
29,quark_up_G3,B,1,-1,14,5,2,1,9,7,1,-1,product,N,63,6,9,3,0,1,0,0,6,8,7
29,quark_up_G3,B,1,-1,15,6,2,1,8,7,1,-1,torsion,STAY,9,0,9,3,0,1,0,0,6,8,7
29,quark_up_G3,B,1,-1,16,7,2,1,8,7,1,-1,sum,E,15,1,6,2,0,1,0,0,6,8,8
29,quark_up_G3,B,1,-1,17,8,2,1,8,8,1,-1,product,N,64,7,1,0,1,1,0,0,6,7,8
29,quark_up_G3,B,1,-1,18,9,2,1,7,8,1,-1,torsion,STAY,9,0,9,3,0,1,0,0,6,7,8
29,quark_up_G3,B,1,-1,19,1,3,1,7,8,1,-1,sum,E,15,1,6,2,0,1,0,0,6,7,9
29,quark_up_G3,B,1,-1,20,2,3,1,7,9,1,-1,product,N,63,6,9,3,0,1,0,0,6,6,9
29,quark_up_G3,B,1,-1,21,3,3,1,6,9,1,-1,torsion,STAY,9,0,9,3,0,1,0,1,6,6,9
29,quark_up_G3,B,1,-1,22,4,3,1,6,9,1,-1,sum,E,15,1,6,2,0,1,0,0,7,6,1
29,quark_up_G3,B,1,-1,23,5,3,1,6,1,1,-1,product,N,6,0,6,2,0,1,0,0,6,5,1
29,quark_up_G3,B,1,-1,24,6,3,1,5,1,1,-1,torsion,STAY,9,0,9,3,0,1,0,0,6,5,1
29,quark_up_G3,B,1,-1,25,7,3,1,5,1,1,-1,sum,E,6,0,6,2,0,1,0,0,6,5,2
29,quark_up_G3,B,1,-1,26,8,3,1,5,2,1,-1,product,N,10,1,1,0,1,1,0,0,6,4,2
29,quark_up_G3,B,1,-1,27,9,3,1,4,2,1,-1,torsion,STAY,9,0,9,3,0,1,1,0,6,4,2
29,quark_up_G3,B,1,-1,28,1,4,2,4,2,-1,1,sum,W,6,0,6,2,0,-1,0,0,6,4,1
29,quark_up_G3,B,1,-1,29,2,4,2,4,1,-1,1,product,S,4,0,4,1,1,-1,0,0,6,5,1
29,quark_up_G3,B,1,-1,30,3,4,2,5,1,-1,1,torsion,STAY,9,0,9,3,0,-1,0,0,6,5,1
29,quark_up_G3,B,1,-1,31,4,4,2,5,1,-1,1,sum,W,6,0,6,2,0,-1,0,0,6,5,9
29,quark_up_G3,B,1,-1,32,5,4,2,5,9,-1,1,product,S,45,4,9,3,0,-1,0,0,6,6,9
29,quark_up_G3,B,1,-1,33,6,4,2,6,9,-1,1,torsion,STAY,9,0,9,3,0,-1,0,0,6,6,9
29,quark_up_G3,B,1,-1,34,7,4,2,6,9,-1,1,sum,W,15,1,6,2,0,-1,0,0,6,6,8
29,quark_up_G3,B,1,-1,35,8,4,2,6,8,-1,1,product,S,48,5,3,1,0,-1,0,0,6,7,8
29,quark_up_G3,B,1,-1,36,9,4,2,7,8,-1,1,torsion,STAY,9,0,9,3,0,-1,0,0,6,7,8
29,quark_up_G3,B,1,-1,37,1,5,2,7,8,-1,1,sum,W,15,1,6,2,0,-1,0,0,6,7,7
29,quark_up_G3,B,1,-1,38,2,5,2,7,7,-1,1,product,S,49,5,4,1,1,-1,0,0,6,8,7
29,quark_up_G3,B,1,-1,39,3,5,2,8,7,-1,1,torsion,STAY,9,0,9,3,0,-1,0,0,6,8,7
29,quark_up_G3,B,1,-1,40,4,5,2,8,7,-1,1,sum,W,15,1,6,2,0,-1,0,0,6,8,6
29,quark_up_G3,B,1,-1,41,5,5,2,8,6,-1,1,product,S,48,5,3,1,0,-1,0,0,6,9,6
29,quark_up_G3,B,1,-1,42,6,5,2,9,6,-1,1,torsion,STAY,9,0,9,3,0,-1,0,0,6,9,6
29,quark_up_G3,B,1,-1,43,7,5,2,9,6,-1,1,sum,W,15,1,6,2,0,-1,0,1,6,9,5
29,quark_up_G3,B,1,-1,44,8,5,2,9,5,-1,1,product,S,45,4,9,3,0,-1,0,0,7,1,5
29,quark_up_G3,B,1,-1,45,9,5,2,1,5,-1,1,torsion,STAY,9,0,9,3,0,-1,0,0,6,1,5
29,quark_up_G3,B,1,-1,46,1,6,2,1,5,-1,1,sum,W,6,0,6,2,0,-1,0,0,6,1,4
29,quark_up_G3,B,1,-1,47,2,6,2,1,4,-1,1,product,S,4,0,4,1,1,-1,0,0,6,2,4
29,quark_up_G3,B,1,-1,48,3,6,2,2,4,-1,1,torsion,STAY,9,0,9,3,0,-1,0,0,6,2,4
29,quark_up_G3,B,1,-1,49,4,6,2,2,4,-1,1,sum,W,6,0,6,2,0,-1,0,0,6,2,3
29,quark_up_G3,B,1,-1,50,5,6,2,2,3,-1,1,product,S,6,0,6,2,0,-1,0,0,6,3,3
29,quark_up_G3,B,1,-1,51,6,6,2,3,3,-1,1,torsion,STAY,9,0,9,3,0,-1,0,0,6,3,3
29,quark_up_G3,B,1,-1,52,7,6,2,3,3,-1,1,sum,W,6,0,6,2,0,-1,0,0,6,3,2
29,quark_up_G3,B,1,-1,53,8,6,2,3,2,-1,1,product,S,6,0,6,2,0,-1,0,0,6,4,2
29,quark_up_G3,B,1,-1,54,9,6,2,4,2,-1,1,torsion,STAY,9,0,9,3,0,-1,1,0,6,4,2
29,quark_up_G3,B,1,-1,55,1,7,3,4,2,1,-1,sum,E,6,0,6,2,0,1,0,0,6,4,3
29,quark_up_G3,B,1,-1,56,2,7,3,4,3,1,-1,product,N,12,1,3,1,0,1,0,0,6,3,3
29,quark_up_G3,B,1,-1,57,3,7,3,3,3,1,-1,torsion,STAY,9,0,9,3,0,1,0,0,6,3,3
29,quark_up_G3,B,1,-1,58,4,7,3,3,3,1,-1,sum,E,6,0,6,2,0,1,0,0,6,3,4
29,quark_up_G3,B,1,-1,59,5,7,3,3,4,1,-1,product,N,12,1,3,1,0,1,0,0,6,2,4
29,quark_up_G3,B,1,-1,60,6,7,3,2,4,1,-1,torsion,STAY,9,0,9,3,0,1,0,0,6,2,4
29,quark_up_G3,B,1,-1,61,7,7,3,2,4,1,-1,sum,E,6,0,6,2,0,1,0,0,6,2,5
29,quark_up_G3,B,1,-1,62,8,7,3,2,5,1,-1,product,N,10,1,1,0,1,1,0,0,6,1,5
29,quark_up_G3,B,1,-1,63,9,7,3,1,5,1,-1,torsion,STAY,9,0,9,3,0,1,0,0,6,1,5
29,quark_up_G3,B,1,-1,64,1,8,3,1,5,1,-1,sum,E,6,0,6,2,0,1,0,0,6,1,6
29,quark_up_G3,B,1,-1,65,2,8,3,1,6,1,-1,product,N,6,0,6,2,0,1,0,1,6,9,6
29,quark_up_G3,B,1,-1,66,3,8,3,9,6,1,-1,torsion,STAY,9,0,9,3,0,1,0,0,7,9,6
29,quark_up_G3,B,1,-1,67,4,8,3,9,6,1,-1,sum,E,15,1,6,2,0,1,0,0,6,9,7
29,quark_up_G3,B,1,-1,68,5,8,3,9,7,1,-1,product,N,63,6,9,3,0,1,0,0,6,8,7
29,quark_up_G3,B,1,-1,69,6,8,3,8,7,1,-1,torsion,STAY,9,0,9,3,0,1,0,0,6,8,7
29,quark_up_G3,B,1,-1,70,7,8,3,8,7,1,-1,sum,E,15,1,6,2,0,1,0,0,6,8,8
29,quark_up_G3,B,1,-1,71,8,8,3,8,8,1,-1,product,N,64,7,1,0,1,1,0,0,6,7,8
29,quark_up_G3,B,1,-1,72,9,8,3,7,8,1,-1,torsion,STAY,9,0,9,3,0,1,0,0,6,7,8
29,quark_up_G3,B,1,-1,73,1,9,3,7,8,1,-1,sum,E,15,1,6,2,0,1,0,0,6,7,9
29,quark_up_G3,B,1,-1,74,2,9,3,7,9,1,-1,product,N,63,6,9,3,0,1,0,0,6,6,9
29,quark_up_G3,B,1,-1,75,3,9,3,6,9,1,-1,torsion,STAY,9,0,9,3,0,1,0,0,6,6,9
29,quark_up_G3,B,1,-1,76,4,9,3,6,9,1,-1,sum,E,15,1,6,2,0,1,0,0,6,6,1
29,quark_up_G3,B,1,-1,77,5,9,3,6,1,1,-1,product,N,6,0,6,2,0,1,0,0,6,5,1
29,quark_up_G3,B,1,-1,78,6,9,3,5,1,1,-1,torsion,STAY,9,0,9,3,0,1,0,0,6,5,1
29,quark_up_G3,B,1,-1,79,7,9,3,5,1,1,-1,sum,E,6,0,6,2,0,1,0,0,6,5,2
29,quark_up_G3,B,1,-1,80,8,9,3,5,2,1,-1,product,N,10,1,1,0,1,1,0,0,6,4,2
29,quark_up_G3,B,1,-1,81,9,9,3,4,2,1,-1,torsion,STAY,9,0,9,3,0,1,1,0,6,4,2
29,quark_up_G3,B,1,-1,82,1,10,4,4,2,-1,1,sum,W,6,0,6,2,0,-1,0,0,6,4,1
29,quark_up_G3,B,1,-1,83,2,10,4,4,1,-1,1,product,S,4,0,4,1,1,-1,0,0,6,5,1
29,quark_up_G3,B,1,-1,84,3,10,4,5,1,-1,1,torsion,STAY,9,0,9,3,0,-1,0,0,6,5,1
29,quark_up_G3,B,1,-1,85,4,10,4,5,1,-1,1,sum,W,6,0,6,2,0,-1,0,0,6,5,9
29,quark_up_G3,B,1,-1,86,5,10,4,5,9,-1,1,product,S,45,4,9,3,0,-1,0,0,6,6,9
29,quark_up_G3,B,1,-1,87,6,10,4,6,9,-1,1,torsion,STAY,9,0,9,3,0,-1,0,1,6,6,9
29,quark_up_G3,B,1,-1,88,7,10,4,6,9,-1,1,sum,W,15,1,6,2,0,-1,0,0,7,6,8
29,quark_up_G3,B,1,-1,89,8,10,4,6,8,-1,1,product,S,48,5,3,1,0,-1,0,0,6,7,8
29,quark_up_G3,B,1,-1,90,9,10,4,7,8,-1,1,torsion,STAY,9,0,9,3,0,-1,0,0,6,7,8
29,quark_up_G3,B,1,-1,91,1,11,4,7,8,-1,1,sum,W,15,1,6,2,0,-1,0,0,6,7,7
29,quark_up_G3,B,1,-1,92,2,11,4,7,7,-1,1,product,S,49,5,4,1,1,-1,0,0,6,8,7
29,quark_up_G3,B,1,-1,93,3,11,4,8,7,-1,1,torsion,STAY,9,0,9,3,0,-1,0,0,6,8,7
29,quark_up_G3,B,1,-1,94,4,11,4,8,7,-1,1,sum,W,15,1,6,2,0,-1,0,0,6,8,6
29,quark_up_G3,B,1,-1,95,5,11,4,8,6,-1,1,product,S,48,5,3,1,0,-1,0,0,6,9,6
29,quark_up_G3,B,1,-1,96,6,11,4,9,6,-1,1,torsion,STAY,9,0,9,3,0,-1,0,0,6,9,6
29,quark_up_G3,B,1,-1,97,7,11,4,9,6,-1,1,sum,W,15,1,6,2,0,-1,0,0,6,9,5
29,quark_up_G3,B,1,-1,98,8,11,4,9,5,-1,1,product,S,45,4,9,3,0,-1,0,0,6,1,5
29,quark_up_G3,B,1,-1,99,9,11,4,1,5,-1,1,torsion,STAY,9,0,9,3,0,-1,0,0,6,1,5
29,quark_up_G3,B,1,-1,100,1,12,4,1,5,-1,1,sum,W,6,0,6,2,0,-1,0,0,6,1,4
29,quark_up_G3,B,1,-1,101,2,12,4,1,4,-1,1,product,S,4,0,4,1,1,-1,0,0,6,2,4
29,quark_up_G3,B,1,-1,102,3,12,4,2,4,-1,1,torsion,STAY,9,0,9,3,0,-1,0,0,6,2,4
29,quark_up_G3,B,1,-1,103,4,12,4,2,4,-1,1,sum,W,6,0,6,2,0,-1,0,0,6,2,3
29,quark_up_G3,B,1,-1,104,5,12,4,2,3,-1,1,product,S,6,0,6,2,0,-1,0,0,6,3,3
29,quark_up_G3,B,1,-1,105,6,12,4,3,3,-1,1,torsion,STAY,9,0,9,3,0,-1,0,0,6,3,3
29,quark_up_G3,B,1,-1,106,7,12,4,3,3,-1,1,sum,W,6,0,6,2,0,-1,0,0,6,3,2
29,quark_up_G3,B,1,-1,107,8,12,4,3,2,-1,1,product,S,6,0,6,2,0,-1,0,0,6,4,2
29,quark_up_G3,B,1,-1,108,9,12,4,4,2,-1,1,torsion,STAY,9,0,9,3,0,-1,1,0,6,4,2
30,quark_down_G2,G,1,1,1,1,1,1,4,3,1,1,sum,E,7,0,7,2,1,1,0,0,7,4,4
30,quark_down_G2,G,1,1,2,2,1,1,4,4,1,1,product,S,16,1,7,2,1,1,0,0,6,5,4
30,quark_down_G2,G,1,1,3,3,1,1,5,4,1,1,torsion,STAY,9,0,9,3,0,1,0,0,6,5,4
30,quark_down_G2,G,1,1,4,4,1,1,5,4,1,1,sum,E,9,0,9,3,0,1,0,0,6,5,5
30,quark_down_G2,G,1,1,5,5,1,1,5,5,1,1,product,S,25,2,7,2,1,1,0,0,6,6,5
30,quark_down_G2,G,1,1,6,6,1,1,6,5,1,1,torsion,STAY,9,0,9,3,0,1,0,0,6,6,5
30,quark_down_G2,G,1,1,7,7,1,1,6,5,1,1,sum,E,11,1,2,0,2,1,0,0,6,6,6
30,quark_down_G2,G,1,1,8,8,1,1,6,6,1,1,product,S,36,3,9,3,0,1,0,0,6,7,6
30,quark_down_G2,G,1,1,9,9,1,1,7,6,1,1,torsion,STAY,9,0,9,3,0,1,0,0,6,7,6
30,quark_down_G2,G,1,1,10,1,2,1,7,6,1,1,sum,E,13,1,4,1,1,1,0,0,6,7,7
30,quark_down_G2,G,1,1,11,2,2,1,7,7,1,1,product,S,49,5,4,1,1,1,0,0,6,8,7
30,quark_down_G2,G,1,1,12,3,2,1,8,7,1,1,torsion,STAY,9,0,9,3,0,1,0,0,6,8,7
30,quark_down_G2,G,1,1,13,4,2,1,8,7,1,1,sum,E,15,1,6,2,0,1,0,0,6,8,8
30,quark_down_G2,G,1,1,14,5,2,1,8,8,1,1,product,S,64,7,1,0,1,1,0,0,6,9,8
30,quark_down_G2,G,1,1,15,6,2,1,9,8,1,1,torsion,STAY,9,0,9,3,0,1,0,0,6,9,8
30,quark_down_G2,G,1,1,16,7,2,1,9,8,1,1,sum,E,17,1,8,2,2,1,0,0,6,9,9
30,quark_down_G2,G,1,1,17,8,2,1,9,9,1,1,product,S,81,8,9,3,0,1,0,0,6,1,9
30,quark_down_G2,G,1,1,18,9,2,1,1,9,1,1,torsion,STAY,9,0,9,3,0,1,0,0,6,1,9
30,quark_down_G2,G,1,1,19,1,3,1,1,9,1,1,sum,E,10,1,1,0,1,1,0,0,6,1,1
30,quark_down_G2,G,1,1,20,2,3,1,1,1,1,1,product,S,1,0,1,0,1,1,0,0,6,2,1
30,quark_down_G2,G,1,1,21,3,3,1,2,1,1,1,torsion,STAY,9,0,9,3,0,1,0,1,6,2,1
30,quark_down_G2,G,1,1,22,4,3,1,2,1,1,1,sum,E,3,0,3,1,0,1,0,0,7,2,2
30,quark_down_G2,G,1,1,23,5,3,1,2,2,1,1,product,S,4,0,4,1,1,1,0,0,6,3,2
30,quark_down_G2,G,1,1,24,6,3,1,3,2,1,1,torsion,STAY,9,0,9,3,0,1,0,0,6,3,2
30,quark_down_G2,G,1,1,25,7,3,1,3,2,1,1,sum,E,5,0,5,1,2,1,0,0,6,3,3
30,quark_down_G2,G,1,1,26,8,3,1,3,3,1,1,product,S,9,0,9,3,0,1,0,0,6,4,3
30,quark_down_G2,G,1,1,27,9,3,1,4,3,1,1,torsion,STAY,9,0,9,3,0,1,1,0,6,4,3
30,quark_down_G2,G,1,1,28,1,4,2,4,3,-1,-1,sum,W,7,0,7,2,1,-1,0,0,6,4,2
30,quark_down_G2,G,1,1,29,2,4,2,4,2,-1,-1,product,N,8,0,8,2,2,-1,0,0,6,3,2
30,quark_down_G2,G,1,1,30,3,4,2,3,2,-1,-1,torsion,STAY,9,0,9,3,0,-1,0,0,6,3,2
30,quark_down_G2,G,1,1,31,4,4,2,3,2,-1,-1,sum,W,5,0,5,1,2,-1,0,0,6,3,1
30,quark_down_G2,G,1,1,32,5,4,2,3,1,-1,-1,product,N,3,0,3,1,0,-1,0,0,6,2,1
30,quark_down_G2,G,1,1,33,6,4,2,2,1,-1,-1,torsion,STAY,9,0,9,3,0,-1,0,0,6,2,1
30,quark_down_G2,G,1,1,34,7,4,2,2,1,-1,-1,sum,W,3,0,3,1,0,-1,0,0,6,2,9
30,quark_down_G2,G,1,1,35,8,4,2,2,9,-1,-1,product,N,18,1,9,3,0,-1,0,0,6,1,9
30,quark_down_G2,G,1,1,36,9,4,2,1,9,-1,-1,torsion,STAY,9,0,9,3,0,-1,0,0,6,1,9
30,quark_down_G2,G,1,1,37,1,5,2,1,9,-1,-1,sum,W,10,1,1,0,1,-1,0,0,6,1,8
30,quark_down_G2,G,1,1,38,2,5,2,1,8,-1,-1,product,N,8,0,8,2,2,-1,0,0,6,9,8
30,quark_down_G2,G,1,1,39,3,5,2,9,8,-1,-1,torsion,STAY,9,0,9,3,0,-1,0,0,6,9,8
30,quark_down_G2,G,1,1,40,4,5,2,9,8,-1,-1,sum,W,17,1,8,2,2,-1,0,0,6,9,7
30,quark_down_G2,G,1,1,41,5,5,2,9,7,-1,-1,product,N,63,6,9,3,0,-1,0,0,6,8,7
30,quark_down_G2,G,1,1,42,6,5,2,8,7,-1,-1,torsion,STAY,9,0,9,3,0,-1,0,0,6,8,7
30,quark_down_G2,G,1,1,43,7,5,2,8,7,-1,-1,sum,W,15,1,6,2,0,-1,0,1,6,8,6
30,quark_down_G2,G,1,1,44,8,5,2,8,6,-1,-1,product,N,48,5,3,1,0,-1,0,0,7,7,6
30,quark_down_G2,G,1,1,45,9,5,2,7,6,-1,-1,torsion,STAY,9,0,9,3,0,-1,0,0,6,7,6
30,quark_down_G2,G,1,1,46,1,6,2,7,6,-1,-1,sum,W,13,1,4,1,1,-1,0,0,6,7,5
30,quark_down_G2,G,1,1,47,2,6,2,7,5,-1,-1,product,N,35,3,8,2,2,-1,0,0,6,6,5
30,quark_down_G2,G,1,1,48,3,6,2,6,5,-1,-1,torsion,STAY,9,0,9,3,0,-1,0,0,6,6,5
30,quark_down_G2,G,1,1,49,4,6,2,6,5,-1,-1,sum,W,11,1,2,0,2,-1,0,0,6,6,4
30,quark_down_G2,G,1,1,50,5,6,2,6,4,-1,-1,product,N,24,2,6,2,0,-1,0,0,6,5,4
30,quark_down_G2,G,1,1,51,6,6,2,5,4,-1,-1,torsion,STAY,9,0,9,3,0,-1,0,0,6,5,4
30,quark_down_G2,G,1,1,52,7,6,2,5,4,-1,-1,sum,W,9,0,9,3,0,-1,0,0,6,5,3
30,quark_down_G2,G,1,1,53,8,6,2,5,3,-1,-1,product,N,15,1,6,2,0,-1,0,0,6,4,3
30,quark_down_G2,G,1,1,54,9,6,2,4,3,-1,-1,torsion,STAY,9,0,9,3,0,-1,1,0,6,4,3
30,quark_down_G2,G,1,1,55,1,7,3,4,3,1,1,sum,E,7,0,7,2,1,1,0,0,6,4,4
30,quark_down_G2,G,1,1,56,2,7,3,4,4,1,1,product,S,16,1,7,2,1,1,0,0,6,5,4
30,quark_down_G2,G,1,1,57,3,7,3,5,4,1,1,torsion,STAY,9,0,9,3,0,1,0,0,6,5,4
30,quark_down_G2,G,1,1,58,4,7,3,5,4,1,1,sum,E,9,0,9,3,0,1,0,0,6,5,5
30,quark_down_G2,G,1,1,59,5,7,3,5,5,1,1,product,S,25,2,7,2,1,1,0,0,6,6,5
30,quark_down_G2,G,1,1,60,6,7,3,6,5,1,1,torsion,STAY,9,0,9,3,0,1,0,0,6,6,5
30,quark_down_G2,G,1,1,61,7,7,3,6,5,1,1,sum,E,11,1,2,0,2,1,0,0,6,6,6
30,quark_down_G2,G,1,1,62,8,7,3,6,6,1,1,product,S,36,3,9,3,0,1,0,0,6,7,6
30,quark_down_G2,G,1,1,63,9,7,3,7,6,1,1,torsion,STAY,9,0,9,3,0,1,0,0,6,7,6
30,quark_down_G2,G,1,1,64,1,8,3,7,6,1,1,sum,E,13,1,4,1,1,1,0,0,6,7,7
30,quark_down_G2,G,1,1,65,2,8,3,7,7,1,1,product,S,49,5,4,1,1,1,0,1,6,8,7
30,quark_down_G2,G,1,1,66,3,8,3,8,7,1,1,torsion,STAY,9,0,9,3,0,1,0,0,7,8,7
30,quark_down_G2,G,1,1,67,4,8,3,8,7,1,1,sum,E,15,1,6,2,0,1,0,0,6,8,8
30,quark_down_G2,G,1,1,68,5,8,3,8,8,1,1,product,S,64,7,1,0,1,1,0,0,6,9,8
30,quark_down_G2,G,1,1,69,6,8,3,9,8,1,1,torsion,STAY,9,0,9,3,0,1,0,0,6,9,8
30,quark_down_G2,G,1,1,70,7,8,3,9,8,1,1,sum,E,17,1,8,2,2,1,0,0,6,9,9
30,quark_down_G2,G,1,1,71,8,8,3,9,9,1,1,product,S,81,8,9,3,0,1,0,0,6,1,9
30,quark_down_G2,G,1,1,72,9,8,3,1,9,1,1,torsion,STAY,9,0,9,3,0,1,0,0,6,1,9
30,quark_down_G2,G,1,1,73,1,9,3,1,9,1,1,sum,E,10,1,1,0,1,1,0,0,6,1,1
30,quark_down_G2,G,1,1,74,2,9,3,1,1,1,1,product,S,1,0,1,0,1,1,0,0,6,2,1
30,quark_down_G2,G,1,1,75,3,9,3,2,1,1,1,torsion,STAY,9,0,9,3,0,1,0,0,6,2,1
30,quark_down_G2,G,1,1,76,4,9,3,2,1,1,1,sum,E,3,0,3,1,0,1,0,0,6,2,2
30,quark_down_G2,G,1,1,77,5,9,3,2,2,1,1,product,S,4,0,4,1,1,1,0,0,6,3,2
30,quark_down_G2,G,1,1,78,6,9,3,3,2,1,1,torsion,STAY,9,0,9,3,0,1,0,0,6,3,2
30,quark_down_G2,G,1,1,79,7,9,3,3,2,1,1,sum,E,5,0,5,1,2,1,0,0,6,3,3
30,quark_down_G2,G,1,1,80,8,9,3,3,3,1,1,product,S,9,0,9,3,0,1,0,0,6,4,3
30,quark_down_G2,G,1,1,81,9,9,3,4,3,1,1,torsion,STAY,9,0,9,3,0,1,1,0,6,4,3
30,quark_down_G2,G,1,1,82,1,10,4,4,3,-1,-1,sum,W,7,0,7,2,1,-1,0,0,6,4,2
30,quark_down_G2,G,1,1,83,2,10,4,4,2,-1,-1,product,N,8,0,8,2,2,-1,0,0,6,3,2
30,quark_down_G2,G,1,1,84,3,10,4,3,2,-1,-1,torsion,STAY,9,0,9,3,0,-1,0,0,6,3,2
30,quark_down_G2,G,1,1,85,4,10,4,3,2,-1,-1,sum,W,5,0,5,1,2,-1,0,0,6,3,1
30,quark_down_G2,G,1,1,86,5,10,4,3,1,-1,-1,product,N,3,0,3,1,0,-1,0,0,6,2,1
30,quark_down_G2,G,1,1,87,6,10,4,2,1,-1,-1,torsion,STAY,9,0,9,3,0,-1,0,1,6,2,1
30,quark_down_G2,G,1,1,88,7,10,4,2,1,-1,-1,sum,W,3,0,3,1,0,-1,0,0,7,2,9
30,quark_down_G2,G,1,1,89,8,10,4,2,9,-1,-1,product,N,18,1,9,3,0,-1,0,0,6,1,9
30,quark_down_G2,G,1,1,90,9,10,4,1,9,-1,-1,torsion,STAY,9,0,9,3,0,-1,0,0,6,1,9
30,quark_down_G2,G,1,1,91,1,11,4,1,9,-1,-1,sum,W,10,1,1,0,1,-1,0,0,6,1,8
30,quark_down_G2,G,1,1,92,2,11,4,1,8,-1,-1,product,N,8,0,8,2,2,-1,0,0,6,9,8
30,quark_down_G2,G,1,1,93,3,11,4,9,8,-1,-1,torsion,STAY,9,0,9,3,0,-1,0,0,6,9,8
30,quark_down_G2,G,1,1,94,4,11,4,9,8,-1,-1,sum,W,17,1,8,2,2,-1,0,0,6,9,7
30,quark_down_G2,G,1,1,95,5,11,4,9,7,-1,-1,product,N,63,6,9,3,0,-1,0,0,6,8,7
30,quark_down_G2,G,1,1,96,6,11,4,8,7,-1,-1,torsion,STAY,9,0,9,3,0,-1,0,0,6,8,7
30,quark_down_G2,G,1,1,97,7,11,4,8,7,-1,-1,sum,W,15,1,6,2,0,-1,0,0,6,8,6
30,quark_down_G2,G,1,1,98,8,11,4,8,6,-1,-1,product,N,48,5,3,1,0,-1,0,0,6,7,6
30,quark_down_G2,G,1,1,99,9,11,4,7,6,-1,-1,torsion,STAY,9,0,9,3,0,-1,0,0,6,7,6
30,quark_down_G2,G,1,1,100,1,12,4,7,6,-1,-1,sum,W,13,1,4,1,1,-1,0,0,6,7,5
30,quark_down_G2,G,1,1,101,2,12,4,7,5,-1,-1,product,N,35,3,8,2,2,-1,0,0,6,6,5
30,quark_down_G2,G,1,1,102,3,12,4,6,5,-1,-1,torsion,STAY,9,0,9,3,0,-1,0,0,6,6,5
30,quark_down_G2,G,1,1,103,4,12,4,6,5,-1,-1,sum,W,11,1,2,0,2,-1,0,0,6,6,4
30,quark_down_G2,G,1,1,104,5,12,4,6,4,-1,-1,product,N,24,2,6,2,0,-1,0,0,6,5,4
30,quark_down_G2,G,1,1,105,6,12,4,5,4,-1,-1,torsion,STAY,9,0,9,3,0,-1,0,0,6,5,4
30,quark_down_G2,G,1,1,106,7,12,4,5,4,-1,-1,sum,W,9,0,9,3,0,-1,0,0,6,5,3
30,quark_down_G2,G,1,1,107,8,12,4,5,3,-1,-1,product,N,15,1,6,2,0,-1,0,0,6,4,3
30,quark_down_G2,G,1,1,108,9,12,4,4,3,-1,-1,torsion,STAY,9,0,9,3,0,-1,1,0,6,4,3
31,quark_up_G1,R,-1,1,1,1,1,1,4,4,-1,1,sum,W,8,0,8,2,2,1,0,0,7,4,3
31,quark_up_G1,R,-1,1,2,2,1,1,4,3,-1,1,product,S,12,1,3,1,0,1,0,0,6,5,3
31,quark_up_G1,R,-1,1,3,3,1,1,5,3,-1,1,torsion,STAY,9,0,9,3,0,1,0,0,6,5,3
31,quark_up_G1,R,-1,1,4,4,1,1,5,3,-1,1,sum,W,8,0,8,2,2,1,0,0,6,5,2
31,quark_up_G1,R,-1,1,5,5,1,1,5,2,-1,1,product,S,10,1,1,0,1,1,0,0,6,6,2
31,quark_up_G1,R,-1,1,6,6,1,1,6,2,-1,1,torsion,STAY,9,0,9,3,0,1,0,0,6,6,2
31,quark_up_G1,R,-1,1,7,7,1,1,6,2,-1,1,sum,W,8,0,8,2,2,1,0,0,6,6,1
31,quark_up_G1,R,-1,1,8,8,1,1,6,1,-1,1,product,S,6,0,6,2,0,1,0,0,6,7,1
31,quark_up_G1,R,-1,1,9,9,1,1,7,1,-1,1,torsion,STAY,9,0,9,3,0,1,0,0,6,7,1
31,quark_up_G1,R,-1,1,10,1,2,1,7,1,-1,1,sum,W,8,0,8,2,2,1,0,0,6,7,9
31,quark_up_G1,R,-1,1,11,2,2,1,7,9,-1,1,product,S,63,6,9,3,0,1,0,0,6,8,9
31,quark_up_G1,R,-1,1,12,3,2,1,8,9,-1,1,torsion,STAY,9,0,9,3,0,1,0,0,6,8,9
31,quark_up_G1,R,-1,1,13,4,2,1,8,9,-1,1,sum,W,17,1,8,2,2,1,0,0,6,8,8
31,quark_up_G1,R,-1,1,14,5,2,1,8,8,-1,1,product,S,64,7,1,0,1,1,0,0,6,9,8
31,quark_up_G1,R,-1,1,15,6,2,1,9,8,-1,1,torsion,STAY,9,0,9,3,0,1,0,0,6,9,8
31,quark_up_G1,R,-1,1,16,7,2,1,9,8,-1,1,sum,W,17,1,8,2,2,1,0,0,6,9,7
31,quark_up_G1,R,-1,1,17,8,2,1,9,7,-1,1,product,S,63,6,9,3,0,1,0,0,6,1,7
31,quark_up_G1,R,-1,1,18,9,2,1,1,7,-1,1,torsion,STAY,9,0,9,3,0,1,0,0,6,1,7
31,quark_up_G1,R,-1,1,19,1,3,1,1,7,-1,1,sum,W,8,0,8,2,2,1,0,0,6,1,6
31,quark_up_G1,R,-1,1,20,2,3,1,1,6,-1,1,product,S,6,0,6,2,0,1,0,0,6,2,6
31,quark_up_G1,R,-1,1,21,3,3,1,2,6,-1,1,torsion,STAY,9,0,9,3,0,1,0,1,6,2,6
31,quark_up_G1,R,-1,1,22,4,3,1,2,6,-1,1,sum,W,8,0,8,2,2,1,0,0,7,2,5
31,quark_up_G1,R,-1,1,23,5,3,1,2,5,-1,1,product,S,10,1,1,0,1,1,0,0,6,3,5
31,quark_up_G1,R,-1,1,24,6,3,1,3,5,-1,1,torsion,STAY,9,0,9,3,0,1,0,0,6,3,5
31,quark_up_G1,R,-1,1,25,7,3,1,3,5,-1,1,sum,W,8,0,8,2,2,1,0,0,6,3,4
31,quark_up_G1,R,-1,1,26,8,3,1,3,4,-1,1,product,S,12,1,3,1,0,1,0,0,6,4,4
31,quark_up_G1,R,-1,1,27,9,3,1,4,4,-1,1,torsion,STAY,9,0,9,3,0,1,1,0,6,4,4
31,quark_up_G1,R,-1,1,28,1,4,2,4,4,1,-1,sum,E,8,0,8,2,2,-1,0,0,6,4,5
31,quark_up_G1,R,-1,1,29,2,4,2,4,5,1,-1,product,N,20,2,2,0,2,-1,0,0,6,3,5
31,quark_up_G1,R,-1,1,30,3,4,2,3,5,1,-1,torsion,STAY,9,0,9,3,0,-1,0,0,6,3,5
31,quark_up_G1,R,-1,1,31,4,4,2,3,5,1,-1,sum,E,8,0,8,2,2,-1,0,0,6,3,6
31,quark_up_G1,R,-1,1,32,5,4,2,3,6,1,-1,product,N,18,1,9,3,0,-1,0,0,6,2,6
31,quark_up_G1,R,-1,1,33,6,4,2,2,6,1,-1,torsion,STAY,9,0,9,3,0,-1,0,0,6,2,6
31,quark_up_G1,R,-1,1,34,7,4,2,2,6,1,-1,sum,E,8,0,8,2,2,-1,0,0,6,2,7
31,quark_up_G1,R,-1,1,35,8,4,2,2,7,1,-1,product,N,14,1,5,1,2,-1,0,0,6,1,7
31,quark_up_G1,R,-1,1,36,9,4,2,1,7,1,-1,torsion,STAY,9,0,9,3,0,-1,0,0,6,1,7
31,quark_up_G1,R,-1,1,37,1,5,2,1,7,1,-1,sum,E,8,0,8,2,2,-1,0,0,6,1,8
31,quark_up_G1,R,-1,1,38,2,5,2,1,8,1,-1,product,N,8,0,8,2,2,-1,0,0,6,9,8
31,quark_up_G1,R,-1,1,39,3,5,2,9,8,1,-1,torsion,STAY,9,0,9,3,0,-1,0,0,6,9,8
31,quark_up_G1,R,-1,1,40,4,5,2,9,8,1,-1,sum,E,17,1,8,2,2,-1,0,0,6,9,9
31,quark_up_G1,R,-1,1,41,5,5,2,9,9,1,-1,product,N,81,8,9,3,0,-1,0,0,6,8,9
31,quark_up_G1,R,-1,1,42,6,5,2,8,9,1,-1,torsion,STAY,9,0,9,3,0,-1,0,0,6,8,9
31,quark_up_G1,R,-1,1,43,7,5,2,8,9,1,-1,sum,E,17,1,8,2,2,-1,0,1,6,8,1
31,quark_up_G1,R,-1,1,44,8,5,2,8,1,1,-1,product,N,8,0,8,2,2,-1,0,0,7,7,1
31,quark_up_G1,R,-1,1,45,9,5,2,7,1,1,-1,torsion,STAY,9,0,9,3,0,-1,0,0,6,7,1
31,quark_up_G1,R,-1,1,46,1,6,2,7,1,1,-1,sum,E,8,0,8,2,2,-1,0,0,6,7,2
31,quark_up_G1,R,-1,1,47,2,6,2,7,2,1,-1,product,N,14,1,5,1,2,-1,0,0,6,6,2
31,quark_up_G1,R,-1,1,48,3,6,2,6,2,1,-1,torsion,STAY,9,0,9,3,0,-1,0,0,6,6,2
31,quark_up_G1,R,-1,1,49,4,6,2,6,2,1,-1,sum,E,8,0,8,2,2,-1,0,0,6,6,3
31,quark_up_G1,R,-1,1,50,5,6,2,6,3,1,-1,product,N,18,1,9,3,0,-1,0,0,6,5,3
31,quark_up_G1,R,-1,1,51,6,6,2,5,3,1,-1,torsion,STAY,9,0,9,3,0,-1,0,0,6,5,3
31,quark_up_G1,R,-1,1,52,7,6,2,5,3,1,-1,sum,E,8,0,8,2,2,-1,0,0,6,5,4
31,quark_up_G1,R,-1,1,53,8,6,2,5,4,1,-1,product,N,20,2,2,0,2,-1,0,0,6,4,4
31,quark_up_G1,R,-1,1,54,9,6,2,4,4,1,-1,torsion,STAY,9,0,9,3,0,-1,1,0,6,4,4
31,quark_up_G1,R,-1,1,55,1,7,3,4,4,-1,1,sum,W,8,0,8,2,2,1,0,0,6,4,3
31,quark_up_G1,R,-1,1,56,2,7,3,4,3,-1,1,product,S,12,1,3,1,0,1,0,0,6,5,3
31,quark_up_G1,R,-1,1,57,3,7,3,5,3,-1,1,torsion,STAY,9,0,9,3,0,1,0,0,6,5,3
31,quark_up_G1,R,-1,1,58,4,7,3,5,3,-1,1,sum,W,8,0,8,2,2,1,0,0,6,5,2
31,quark_up_G1,R,-1,1,59,5,7,3,5,2,-1,1,product,S,10,1,1,0,1,1,0,0,6,6,2
31,quark_up_G1,R,-1,1,60,6,7,3,6,2,-1,1,torsion,STAY,9,0,9,3,0,1,0,0,6,6,2
31,quark_up_G1,R,-1,1,61,7,7,3,6,2,-1,1,sum,W,8,0,8,2,2,1,0,0,6,6,1
31,quark_up_G1,R,-1,1,62,8,7,3,6,1,-1,1,product,S,6,0,6,2,0,1,0,0,6,7,1
31,quark_up_G1,R,-1,1,63,9,7,3,7,1,-1,1,torsion,STAY,9,0,9,3,0,1,0,0,6,7,1
31,quark_up_G1,R,-1,1,64,1,8,3,7,1,-1,1,sum,W,8,0,8,2,2,1,0,0,6,7,9
31,quark_up_G1,R,-1,1,65,2,8,3,7,9,-1,1,product,S,63,6,9,3,0,1,0,1,6,8,9
31,quark_up_G1,R,-1,1,66,3,8,3,8,9,-1,1,torsion,STAY,9,0,9,3,0,1,0,0,7,8,9
31,quark_up_G1,R,-1,1,67,4,8,3,8,9,-1,1,sum,W,17,1,8,2,2,1,0,0,6,8,8
31,quark_up_G1,R,-1,1,68,5,8,3,8,8,-1,1,product,S,64,7,1,0,1,1,0,0,6,9,8
31,quark_up_G1,R,-1,1,69,6,8,3,9,8,-1,1,torsion,STAY,9,0,9,3,0,1,0,0,6,9,8
31,quark_up_G1,R,-1,1,70,7,8,3,9,8,-1,1,sum,W,17,1,8,2,2,1,0,0,6,9,7
31,quark_up_G1,R,-1,1,71,8,8,3,9,7,-1,1,product,S,63,6,9,3,0,1,0,0,6,1,7
31,quark_up_G1,R,-1,1,72,9,8,3,1,7,-1,1,torsion,STAY,9,0,9,3,0,1,0,0,6,1,7
31,quark_up_G1,R,-1,1,73,1,9,3,1,7,-1,1,sum,W,8,0,8,2,2,1,0,0,6,1,6
31,quark_up_G1,R,-1,1,74,2,9,3,1,6,-1,1,product,S,6,0,6,2,0,1,0,0,6,2,6
31,quark_up_G1,R,-1,1,75,3,9,3,2,6,-1,1,torsion,STAY,9,0,9,3,0,1,0,0,6,2,6
31,quark_up_G1,R,-1,1,76,4,9,3,2,6,-1,1,sum,W,8,0,8,2,2,1,0,0,6,2,5
31,quark_up_G1,R,-1,1,77,5,9,3,2,5,-1,1,product,S,10,1,1,0,1,1,0,0,6,3,5
31,quark_up_G1,R,-1,1,78,6,9,3,3,5,-1,1,torsion,STAY,9,0,9,3,0,1,0,0,6,3,5
31,quark_up_G1,R,-1,1,79,7,9,3,3,5,-1,1,sum,W,8,0,8,2,2,1,0,0,6,3,4
31,quark_up_G1,R,-1,1,80,8,9,3,3,4,-1,1,product,S,12,1,3,1,0,1,0,0,6,4,4
31,quark_up_G1,R,-1,1,81,9,9,3,4,4,-1,1,torsion,STAY,9,0,9,3,0,1,1,0,6,4,4
31,quark_up_G1,R,-1,1,82,1,10,4,4,4,1,-1,sum,E,8,0,8,2,2,-1,0,0,6,4,5
31,quark_up_G1,R,-1,1,83,2,10,4,4,5,1,-1,product,N,20,2,2,0,2,-1,0,0,6,3,5
31,quark_up_G1,R,-1,1,84,3,10,4,3,5,1,-1,torsion,STAY,9,0,9,3,0,-1,0,0,6,3,5
31,quark_up_G1,R,-1,1,85,4,10,4,3,5,1,-1,sum,E,8,0,8,2,2,-1,0,0,6,3,6
31,quark_up_G1,R,-1,1,86,5,10,4,3,6,1,-1,product,N,18,1,9,3,0,-1,0,0,6,2,6
31,quark_up_G1,R,-1,1,87,6,10,4,2,6,1,-1,torsion,STAY,9,0,9,3,0,-1,0,1,6,2,6
31,quark_up_G1,R,-1,1,88,7,10,4,2,6,1,-1,sum,E,8,0,8,2,2,-1,0,0,7,2,7
31,quark_up_G1,R,-1,1,89,8,10,4,2,7,1,-1,product,N,14,1,5,1,2,-1,0,0,6,1,7
31,quark_up_G1,R,-1,1,90,9,10,4,1,7,1,-1,torsion,STAY,9,0,9,3,0,-1,0,0,6,1,7
31,quark_up_G1,R,-1,1,91,1,11,4,1,7,1,-1,sum,E,8,0,8,2,2,-1,0,0,6,1,8
31,quark_up_G1,R,-1,1,92,2,11,4,1,8,1,-1,product,N,8,0,8,2,2,-1,0,0,6,9,8
31,quark_up_G1,R,-1,1,93,3,11,4,9,8,1,-1,torsion,STAY,9,0,9,3,0,-1,0,0,6,9,8
31,quark_up_G1,R,-1,1,94,4,11,4,9,8,1,-1,sum,E,17,1,8,2,2,-1,0,0,6,9,9
31,quark_up_G1,R,-1,1,95,5,11,4,9,9,1,-1,product,N,81,8,9,3,0,-1,0,0,6,8,9
31,quark_up_G1,R,-1,1,96,6,11,4,8,9,1,-1,torsion,STAY,9,0,9,3,0,-1,0,0,6,8,9
31,quark_up_G1,R,-1,1,97,7,11,4,8,9,1,-1,sum,E,17,1,8,2,2,-1,0,0,6,8,1
31,quark_up_G1,R,-1,1,98,8,11,4,8,1,1,-1,product,N,8,0,8,2,2,-1,0,0,6,7,1
31,quark_up_G1,R,-1,1,99,9,11,4,7,1,1,-1,torsion,STAY,9,0,9,3,0,-1,0,0,6,7,1
31,quark_up_G1,R,-1,1,100,1,12,4,7,1,1,-1,sum,E,8,0,8,2,2,-1,0,0,6,7,2
31,quark_up_G1,R,-1,1,101,2,12,4,7,2,1,-1,product,N,14,1,5,1,2,-1,0,0,6,6,2
31,quark_up_G1,R,-1,1,102,3,12,4,6,2,1,-1,torsion,STAY,9,0,9,3,0,-1,0,0,6,6,2
31,quark_up_G1,R,-1,1,103,4,12,4,6,2,1,-1,sum,E,8,0,8,2,2,-1,0,0,6,6,3
31,quark_up_G1,R,-1,1,104,5,12,4,6,3,1,-1,product,N,18,1,9,3,0,-1,0,0,6,5,3
31,quark_up_G1,R,-1,1,105,6,12,4,5,3,1,-1,torsion,STAY,9,0,9,3,0,-1,0,0,6,5,3
31,quark_up_G1,R,-1,1,106,7,12,4,5,3,1,-1,sum,E,8,0,8,2,2,-1,0,0,6,5,4
31,quark_up_G1,R,-1,1,107,8,12,4,5,4,1,-1,product,N,20,2,2,0,2,-1,0,0,6,4,4
31,quark_up_G1,R,-1,1,108,9,12,4,4,4,1,-1,torsion,STAY,9,0,9,3,0,-1,1,0,6,4,4
32,quark_down_G1,B,1,-1,1,1,1,1,4,5,1,-1,sum,E,9,0,9,3,0,1,0,0,7,4,6
32,quark_down_G1,B,1,-1,2,2,1,1,4,6,1,-1,product,N,24,2,6,2,0,1,0,0,6,3,6
32,quark_down_G1,B,1,-1,3,3,1,1,3,6,1,-1,torsion,STAY,9,0,9,3,0,1,0,0,6,3,6
32,quark_down_G1,B,1,-1,4,4,1,1,3,6,1,-1,sum,E,9,0,9,3,0,1,0,0,6,3,7
32,quark_down_G1,B,1,-1,5,5,1,1,3,7,1,-1,product,N,21,2,3,1,0,1,0,0,6,2,7
32,quark_down_G1,B,1,-1,6,6,1,1,2,7,1,-1,torsion,STAY,9,0,9,3,0,1,0,0,6,2,7
32,quark_down_G1,B,1,-1,7,7,1,1,2,7,1,-1,sum,E,9,0,9,3,0,1,0,0,6,2,8
32,quark_down_G1,B,1,-1,8,8,1,1,2,8,1,-1,product,N,16,1,7,2,1,1,0,0,6,1,8
32,quark_down_G1,B,1,-1,9,9,1,1,1,8,1,-1,torsion,STAY,9,0,9,3,0,1,0,0,6,1,8
32,quark_down_G1,B,1,-1,10,1,2,1,1,8,1,-1,sum,E,9,0,9,3,0,1,0,0,6,1,9
32,quark_down_G1,B,1,-1,11,2,2,1,1,9,1,-1,product,N,9,0,9,3,0,1,0,0,6,9,9
32,quark_down_G1,B,1,-1,12,3,2,1,9,9,1,-1,torsion,STAY,9,0,9,3,0,1,0,0,6,9,9
32,quark_down_G1,B,1,-1,13,4,2,1,9,9,1,-1,sum,E,18,1,9,3,0,1,0,0,6,9,1
32,quark_down_G1,B,1,-1,14,5,2,1,9,1,1,-1,product,N,9,0,9,3,0,1,0,0,6,8,1
32,quark_down_G1,B,1,-1,15,6,2,1,8,1,1,-1,torsion,STAY,9,0,9,3,0,1,0,0,6,8,1
32,quark_down_G1,B,1,-1,16,7,2,1,8,1,1,-1,sum,E,9,0,9,3,0,1,0,0,6,8,2
32,quark_down_G1,B,1,-1,17,8,2,1,8,2,1,-1,product,N,16,1,7,2,1,1,0,0,6,7,2
32,quark_down_G1,B,1,-1,18,9,2,1,7,2,1,-1,torsion,STAY,9,0,9,3,0,1,0,0,6,7,2
32,quark_down_G1,B,1,-1,19,1,3,1,7,2,1,-1,sum,E,9,0,9,3,0,1,0,0,6,7,3
32,quark_down_G1,B,1,-1,20,2,3,1,7,3,1,-1,product,N,21,2,3,1,0,1,0,0,6,6,3
32,quark_down_G1,B,1,-1,21,3,3,1,6,3,1,-1,torsion,STAY,9,0,9,3,0,1,0,1,6,6,3
32,quark_down_G1,B,1,-1,22,4,3,1,6,3,1,-1,sum,E,9,0,9,3,0,1,0,0,7,6,4
32,quark_down_G1,B,1,-1,23,5,3,1,6,4,1,-1,product,N,24,2,6,2,0,1,0,0,6,5,4
32,quark_down_G1,B,1,-1,24,6,3,1,5,4,1,-1,torsion,STAY,9,0,9,3,0,1,0,0,6,5,4
32,quark_down_G1,B,1,-1,25,7,3,1,5,4,1,-1,sum,E,9,0,9,3,0,1,0,0,6,5,5
32,quark_down_G1,B,1,-1,26,8,3,1,5,5,1,-1,product,N,25,2,7,2,1,1,0,0,6,4,5
32,quark_down_G1,B,1,-1,27,9,3,1,4,5,1,-1,torsion,STAY,9,0,9,3,0,1,1,0,6,4,5
32,quark_down_G1,B,1,-1,28,1,4,2,4,5,-1,1,sum,W,9,0,9,3,0,-1,0,0,6,4,4
32,quark_down_G1,B,1,-1,29,2,4,2,4,4,-1,1,product,S,16,1,7,2,1,-1,0,0,6,5,4
32,quark_down_G1,B,1,-1,30,3,4,2,5,4,-1,1,torsion,STAY,9,0,9,3,0,-1,0,0,6,5,4
32,quark_down_G1,B,1,-1,31,4,4,2,5,4,-1,1,sum,W,9,0,9,3,0,-1,0,0,6,5,3
32,quark_down_G1,B,1,-1,32,5,4,2,5,3,-1,1,product,S,15,1,6,2,0,-1,0,0,6,6,3
32,quark_down_G1,B,1,-1,33,6,4,2,6,3,-1,1,torsion,STAY,9,0,9,3,0,-1,0,0,6,6,3
32,quark_down_G1,B,1,-1,34,7,4,2,6,3,-1,1,sum,W,9,0,9,3,0,-1,0,0,6,6,2
32,quark_down_G1,B,1,-1,35,8,4,2,6,2,-1,1,product,S,12,1,3,1,0,-1,0,0,6,7,2
32,quark_down_G1,B,1,-1,36,9,4,2,7,2,-1,1,torsion,STAY,9,0,9,3,0,-1,0,0,6,7,2
32,quark_down_G1,B,1,-1,37,1,5,2,7,2,-1,1,sum,W,9,0,9,3,0,-1,0,0,6,7,1
32,quark_down_G1,B,1,-1,38,2,5,2,7,1,-1,1,product,S,7,0,7,2,1,-1,0,0,6,8,1
32,quark_down_G1,B,1,-1,39,3,5,2,8,1,-1,1,torsion,STAY,9,0,9,3,0,-1,0,0,6,8,1
32,quark_down_G1,B,1,-1,40,4,5,2,8,1,-1,1,sum,W,9,0,9,3,0,-1,0,0,6,8,9
32,quark_down_G1,B,1,-1,41,5,5,2,8,9,-1,1,product,S,72,7,9,3,0,-1,0,0,6,9,9
32,quark_down_G1,B,1,-1,42,6,5,2,9,9,-1,1,torsion,STAY,9,0,9,3,0,-1,0,0,6,9,9
32,quark_down_G1,B,1,-1,43,7,5,2,9,9,-1,1,sum,W,18,1,9,3,0,-1,0,1,6,9,8
32,quark_down_G1,B,1,-1,44,8,5,2,9,8,-1,1,product,S,72,7,9,3,0,-1,0,0,7,1,8
32,quark_down_G1,B,1,-1,45,9,5,2,1,8,-1,1,torsion,STAY,9,0,9,3,0,-1,0,0,6,1,8
32,quark_down_G1,B,1,-1,46,1,6,2,1,8,-1,1,sum,W,9,0,9,3,0,-1,0,0,6,1,7
32,quark_down_G1,B,1,-1,47,2,6,2,1,7,-1,1,product,S,7,0,7,2,1,-1,0,0,6,2,7
32,quark_down_G1,B,1,-1,48,3,6,2,2,7,-1,1,torsion,STAY,9,0,9,3,0,-1,0,0,6,2,7
32,quark_down_G1,B,1,-1,49,4,6,2,2,7,-1,1,sum,W,9,0,9,3,0,-1,0,0,6,2,6
32,quark_down_G1,B,1,-1,50,5,6,2,2,6,-1,1,product,S,12,1,3,1,0,-1,0,0,6,3,6
32,quark_down_G1,B,1,-1,51,6,6,2,3,6,-1,1,torsion,STAY,9,0,9,3,0,-1,0,0,6,3,6
32,quark_down_G1,B,1,-1,52,7,6,2,3,6,-1,1,sum,W,9,0,9,3,0,-1,0,0,6,3,5
32,quark_down_G1,B,1,-1,53,8,6,2,3,5,-1,1,product,S,15,1,6,2,0,-1,0,0,6,4,5
32,quark_down_G1,B,1,-1,54,9,6,2,4,5,-1,1,torsion,STAY,9,0,9,3,0,-1,1,0,6,4,5
32,quark_down_G1,B,1,-1,55,1,7,3,4,5,1,-1,sum,E,9,0,9,3,0,1,0,0,6,4,6
32,quark_down_G1,B,1,-1,56,2,7,3,4,6,1,-1,product,N,24,2,6,2,0,1,0,0,6,3,6
32,quark_down_G1,B,1,-1,57,3,7,3,3,6,1,-1,torsion,STAY,9,0,9,3,0,1,0,0,6,3,6
32,quark_down_G1,B,1,-1,58,4,7,3,3,6,1,-1,sum,E,9,0,9,3,0,1,0,0,6,3,7
32,quark_down_G1,B,1,-1,59,5,7,3,3,7,1,-1,product,N,21,2,3,1,0,1,0,0,6,2,7
32,quark_down_G1,B,1,-1,60,6,7,3,2,7,1,-1,torsion,STAY,9,0,9,3,0,1,0,0,6,2,7
32,quark_down_G1,B,1,-1,61,7,7,3,2,7,1,-1,sum,E,9,0,9,3,0,1,0,0,6,2,8
32,quark_down_G1,B,1,-1,62,8,7,3,2,8,1,-1,product,N,16,1,7,2,1,1,0,0,6,1,8
32,quark_down_G1,B,1,-1,63,9,7,3,1,8,1,-1,torsion,STAY,9,0,9,3,0,1,0,0,6,1,8
32,quark_down_G1,B,1,-1,64,1,8,3,1,8,1,-1,sum,E,9,0,9,3,0,1,0,0,6,1,9
32,quark_down_G1,B,1,-1,65,2,8,3,1,9,1,-1,product,N,9,0,9,3,0,1,0,1,6,9,9
32,quark_down_G1,B,1,-1,66,3,8,3,9,9,1,-1,torsion,STAY,9,0,9,3,0,1,0,0,7,9,9
32,quark_down_G1,B,1,-1,67,4,8,3,9,9,1,-1,sum,E,18,1,9,3,0,1,0,0,6,9,1
32,quark_down_G1,B,1,-1,68,5,8,3,9,1,1,-1,product,N,9,0,9,3,0,1,0,0,6,8,1
32,quark_down_G1,B,1,-1,69,6,8,3,8,1,1,-1,torsion,STAY,9,0,9,3,0,1,0,0,6,8,1
32,quark_down_G1,B,1,-1,70,7,8,3,8,1,1,-1,sum,E,9,0,9,3,0,1,0,0,6,8,2
32,quark_down_G1,B,1,-1,71,8,8,3,8,2,1,-1,product,N,16,1,7,2,1,1,0,0,6,7,2
32,quark_down_G1,B,1,-1,72,9,8,3,7,2,1,-1,torsion,STAY,9,0,9,3,0,1,0,0,6,7,2
32,quark_down_G1,B,1,-1,73,1,9,3,7,2,1,-1,sum,E,9,0,9,3,0,1,0,0,6,7,3
32,quark_down_G1,B,1,-1,74,2,9,3,7,3,1,-1,product,N,21,2,3,1,0,1,0,0,6,6,3
32,quark_down_G1,B,1,-1,75,3,9,3,6,3,1,-1,torsion,STAY,9,0,9,3,0,1,0,0,6,6,3
32,quark_down_G1,B,1,-1,76,4,9,3,6,3,1,-1,sum,E,9,0,9,3,0,1,0,0,6,6,4
32,quark_down_G1,B,1,-1,77,5,9,3,6,4,1,-1,product,N,24,2,6,2,0,1,0,0,6,5,4
32,quark_down_G1,B,1,-1,78,6,9,3,5,4,1,-1,torsion,STAY,9,0,9,3,0,1,0,0,6,5,4
32,quark_down_G1,B,1,-1,79,7,9,3,5,4,1,-1,sum,E,9,0,9,3,0,1,0,0,6,5,5
32,quark_down_G1,B,1,-1,80,8,9,3,5,5,1,-1,product,N,25,2,7,2,1,1,0,0,6,4,5
32,quark_down_G1,B,1,-1,81,9,9,3,4,5,1,-1,torsion,STAY,9,0,9,3,0,1,1,0,6,4,5
32,quark_down_G1,B,1,-1,82,1,10,4,4,5,-1,1,sum,W,9,0,9,3,0,-1,0,0,6,4,4
32,quark_down_G1,B,1,-1,83,2,10,4,4,4,-1,1,product,S,16,1,7,2,1,-1,0,0,6,5,4
32,quark_down_G1,B,1,-1,84,3,10,4,5,4,-1,1,torsion,STAY,9,0,9,3,0,-1,0,0,6,5,4
32,quark_down_G1,B,1,-1,85,4,10,4,5,4,-1,1,sum,W,9,0,9,3,0,-1,0,0,6,5,3
32,quark_down_G1,B,1,-1,86,5,10,4,5,3,-1,1,product,S,15,1,6,2,0,-1,0,0,6,6,3
32,quark_down_G1,B,1,-1,87,6,10,4,6,3,-1,1,torsion,STAY,9,0,9,3,0,-1,0,1,6,6,3
32,quark_down_G1,B,1,-1,88,7,10,4,6,3,-1,1,sum,W,9,0,9,3,0,-1,0,0,7,6,2
32,quark_down_G1,B,1,-1,89,8,10,4,6,2,-1,1,product,S,12,1,3,1,0,-1,0,0,6,7,2
32,quark_down_G1,B,1,-1,90,9,10,4,7,2,-1,1,torsion,STAY,9,0,9,3,0,-1,0,0,6,7,2
32,quark_down_G1,B,1,-1,91,1,11,4,7,2,-1,1,sum,W,9,0,9,3,0,-1,0,0,6,7,1
32,quark_down_G1,B,1,-1,92,2,11,4,7,1,-1,1,product,S,7,0,7,2,1,-1,0,0,6,8,1
32,quark_down_G1,B,1,-1,93,3,11,4,8,1,-1,1,torsion,STAY,9,0,9,3,0,-1,0,0,6,8,1
32,quark_down_G1,B,1,-1,94,4,11,4,8,1,-1,1,sum,W,9,0,9,3,0,-1,0,0,6,8,9
32,quark_down_G1,B,1,-1,95,5,11,4,8,9,-1,1,product,S,72,7,9,3,0,-1,0,0,6,9,9
32,quark_down_G1,B,1,-1,96,6,11,4,9,9,-1,1,torsion,STAY,9,0,9,3,0,-1,0,0,6,9,9
32,quark_down_G1,B,1,-1,97,7,11,4,9,9,-1,1,sum,W,18,1,9,3,0,-1,0,0,6,9,8
32,quark_down_G1,B,1,-1,98,8,11,4,9,8,-1,1,product,S,72,7,9,3,0,-1,0,0,6,1,8
32,quark_down_G1,B,1,-1,99,9,11,4,1,8,-1,1,torsion,STAY,9,0,9,3,0,-1,0,0,6,1,8
32,quark_down_G1,B,1,-1,100,1,12,4,1,8,-1,1,sum,W,9,0,9,3,0,-1,0,0,6,1,7
32,quark_down_G1,B,1,-1,101,2,12,4,1,7,-1,1,product,S,7,0,7,2,1,-1,0,0,6,2,7
32,quark_down_G1,B,1,-1,102,3,12,4,2,7,-1,1,torsion,STAY,9,0,9,3,0,-1,0,0,6,2,7
32,quark_down_G1,B,1,-1,103,4,12,4,2,7,-1,1,sum,W,9,0,9,3,0,-1,0,0,6,2,6
32,quark_down_G1,B,1,-1,104,5,12,4,2,6,-1,1,product,S,12,1,3,1,0,-1,0,0,6,3,6
32,quark_down_G1,B,1,-1,105,6,12,4,3,6,-1,1,torsion,STAY,9,0,9,3,0,-1,0,0,6,3,6
32,quark_down_G1,B,1,-1,106,7,12,4,3,6,-1,1,sum,W,9,0,9,3,0,-1,0,0,6,3,5
32,quark_down_G1,B,1,-1,107,8,12,4,3,5,-1,1,product,S,15,1,6,2,0,-1,0,0,6,4,5
32,quark_down_G1,B,1,-1,108,9,12,4,4,5,-1,1,torsion,STAY,9,0,9,3,0,-1,1,0,6,4,5
33,quark_up_G1,G,1,1,1,1,1,1,4,6,1,1,sum,E,10,1,1,0,1,1,0,0,7,4,7
33,quark_up_G1,G,1,1,2,2,1,1,4,7,1,1,product,S,28,3,1,0,1,1,0,0,6,5,7
33,quark_up_G1,G,1,1,3,3,1,1,5,7,1,1,torsion,STAY,9,0,9,3,0,1,0,0,6,5,7
33,quark_up_G1,G,1,1,4,4,1,1,5,7,1,1,sum,E,12,1,3,1,0,1,0,0,6,5,8
33,quark_up_G1,G,1,1,5,5,1,1,5,8,1,1,product,S,40,4,4,1,1,1,0,0,6,6,8
33,quark_up_G1,G,1,1,6,6,1,1,6,8,1,1,torsion,STAY,9,0,9,3,0,1,0,0,6,6,8
33,quark_up_G1,G,1,1,7,7,1,1,6,8,1,1,sum,E,14,1,5,1,2,1,0,0,6,6,9
33,quark_up_G1,G,1,1,8,8,1,1,6,9,1,1,product,S,54,5,9,3,0,1,0,0,6,7,9
33,quark_up_G1,G,1,1,9,9,1,1,7,9,1,1,torsion,STAY,9,0,9,3,0,1,0,0,6,7,9
33,quark_up_G1,G,1,1,10,1,2,1,7,9,1,1,sum,E,16,1,7,2,1,1,0,0,6,7,1
33,quark_up_G1,G,1,1,11,2,2,1,7,1,1,1,product,S,7,0,7,2,1,1,0,0,6,8,1
33,quark_up_G1,G,1,1,12,3,2,1,8,1,1,1,torsion,STAY,9,0,9,3,0,1,0,0,6,8,1
33,quark_up_G1,G,1,1,13,4,2,1,8,1,1,1,sum,E,9,0,9,3,0,1,0,0,6,8,2
33,quark_up_G1,G,1,1,14,5,2,1,8,2,1,1,product,S,16,1,7,2,1,1,0,0,6,9,2
33,quark_up_G1,G,1,1,15,6,2,1,9,2,1,1,torsion,STAY,9,0,9,3,0,1,0,0,6,9,2
33,quark_up_G1,G,1,1,16,7,2,1,9,2,1,1,sum,E,11,1,2,0,2,1,0,0,6,9,3
33,quark_up_G1,G,1,1,17,8,2,1,9,3,1,1,product,S,27,2,9,3,0,1,0,0,6,1,3
33,quark_up_G1,G,1,1,18,9,2,1,1,3,1,1,torsion,STAY,9,0,9,3,0,1,0,0,6,1,3
33,quark_up_G1,G,1,1,19,1,3,1,1,3,1,1,sum,E,4,0,4,1,1,1,0,0,6,1,4
33,quark_up_G1,G,1,1,20,2,3,1,1,4,1,1,product,S,4,0,4,1,1,1,0,0,6,2,4
33,quark_up_G1,G,1,1,21,3,3,1,2,4,1,1,torsion,STAY,9,0,9,3,0,1,0,1,6,2,4
33,quark_up_G1,G,1,1,22,4,3,1,2,4,1,1,sum,E,6,0,6,2,0,1,0,0,7,2,5
33,quark_up_G1,G,1,1,23,5,3,1,2,5,1,1,product,S,10,1,1,0,1,1,0,0,6,3,5
33,quark_up_G1,G,1,1,24,6,3,1,3,5,1,1,torsion,STAY,9,0,9,3,0,1,0,0,6,3,5
33,quark_up_G1,G,1,1,25,7,3,1,3,5,1,1,sum,E,8,0,8,2,2,1,0,0,6,3,6
33,quark_up_G1,G,1,1,26,8,3,1,3,6,1,1,product,S,18,1,9,3,0,1,0,0,6,4,6
33,quark_up_G1,G,1,1,27,9,3,1,4,6,1,1,torsion,STAY,9,0,9,3,0,1,1,0,6,4,6
33,quark_up_G1,G,1,1,28,1,4,2,4,6,-1,-1,sum,W,10,1,1,0,1,-1,0,0,6,4,5
33,quark_up_G1,G,1,1,29,2,4,2,4,5,-1,-1,product,N,20,2,2,0,2,-1,0,0,6,3,5
33,quark_up_G1,G,1,1,30,3,4,2,3,5,-1,-1,torsion,STAY,9,0,9,3,0,-1,0,0,6,3,5
33,quark_up_G1,G,1,1,31,4,4,2,3,5,-1,-1,sum,W,8,0,8,2,2,-1,0,0,6,3,4
33,quark_up_G1,G,1,1,32,5,4,2,3,4,-1,-1,product,N,12,1,3,1,0,-1,0,0,6,2,4
33,quark_up_G1,G,1,1,33,6,4,2,2,4,-1,-1,torsion,STAY,9,0,9,3,0,-1,0,0,6,2,4
33,quark_up_G1,G,1,1,34,7,4,2,2,4,-1,-1,sum,W,6,0,6,2,0,-1,0,0,6,2,3
33,quark_up_G1,G,1,1,35,8,4,2,2,3,-1,-1,product,N,6,0,6,2,0,-1,0,0,6,1,3
33,quark_up_G1,G,1,1,36,9,4,2,1,3,-1,-1,torsion,STAY,9,0,9,3,0,-1,0,0,6,1,3
33,quark_up_G1,G,1,1,37,1,5,2,1,3,-1,-1,sum,W,4,0,4,1,1,-1,0,0,6,1,2
33,quark_up_G1,G,1,1,38,2,5,2,1,2,-1,-1,product,N,2,0,2,0,2,-1,0,0,6,9,2
33,quark_up_G1,G,1,1,39,3,5,2,9,2,-1,-1,torsion,STAY,9,0,9,3,0,-1,0,0,6,9,2
33,quark_up_G1,G,1,1,40,4,5,2,9,2,-1,-1,sum,W,11,1,2,0,2,-1,0,0,6,9,1
33,quark_up_G1,G,1,1,41,5,5,2,9,1,-1,-1,product,N,9,0,9,3,0,-1,0,0,6,8,1
33,quark_up_G1,G,1,1,42,6,5,2,8,1,-1,-1,torsion,STAY,9,0,9,3,0,-1,0,0,6,8,1
33,quark_up_G1,G,1,1,43,7,5,2,8,1,-1,-1,sum,W,9,0,9,3,0,-1,0,1,6,8,9
33,quark_up_G1,G,1,1,44,8,5,2,8,9,-1,-1,product,N,72,7,9,3,0,-1,0,0,7,7,9
33,quark_up_G1,G,1,1,45,9,5,2,7,9,-1,-1,torsion,STAY,9,0,9,3,0,-1,0,0,6,7,9
33,quark_up_G1,G,1,1,46,1,6,2,7,9,-1,-1,sum,W,16,1,7,2,1,-1,0,0,6,7,8
33,quark_up_G1,G,1,1,47,2,6,2,7,8,-1,-1,product,N,56,6,2,0,2,-1,0,0,6,6,8
33,quark_up_G1,G,1,1,48,3,6,2,6,8,-1,-1,torsion,STAY,9,0,9,3,0,-1,0,0,6,6,8
33,quark_up_G1,G,1,1,49,4,6,2,6,8,-1,-1,sum,W,14,1,5,1,2,-1,0,0,6,6,7
33,quark_up_G1,G,1,1,50,5,6,2,6,7,-1,-1,product,N,42,4,6,2,0,-1,0,0,6,5,7
33,quark_up_G1,G,1,1,51,6,6,2,5,7,-1,-1,torsion,STAY,9,0,9,3,0,-1,0,0,6,5,7
33,quark_up_G1,G,1,1,52,7,6,2,5,7,-1,-1,sum,W,12,1,3,1,0,-1,0,0,6,5,6
33,quark_up_G1,G,1,1,53,8,6,2,5,6,-1,-1,product,N,30,3,3,1,0,-1,0,0,6,4,6
33,quark_up_G1,G,1,1,54,9,6,2,4,6,-1,-1,torsion,STAY,9,0,9,3,0,-1,1,0,6,4,6
33,quark_up_G1,G,1,1,55,1,7,3,4,6,1,1,sum,E,10,1,1,0,1,1,0,0,6,4,7
33,quark_up_G1,G,1,1,56,2,7,3,4,7,1,1,product,S,28,3,1,0,1,1,0,0,6,5,7
33,quark_up_G1,G,1,1,57,3,7,3,5,7,1,1,torsion,STAY,9,0,9,3,0,1,0,0,6,5,7
33,quark_up_G1,G,1,1,58,4,7,3,5,7,1,1,sum,E,12,1,3,1,0,1,0,0,6,5,8
33,quark_up_G1,G,1,1,59,5,7,3,5,8,1,1,product,S,40,4,4,1,1,1,0,0,6,6,8
33,quark_up_G1,G,1,1,60,6,7,3,6,8,1,1,torsion,STAY,9,0,9,3,0,1,0,0,6,6,8
33,quark_up_G1,G,1,1,61,7,7,3,6,8,1,1,sum,E,14,1,5,1,2,1,0,0,6,6,9
33,quark_up_G1,G,1,1,62,8,7,3,6,9,1,1,product,S,54,5,9,3,0,1,0,0,6,7,9
33,quark_up_G1,G,1,1,63,9,7,3,7,9,1,1,torsion,STAY,9,0,9,3,0,1,0,0,6,7,9
33,quark_up_G1,G,1,1,64,1,8,3,7,9,1,1,sum,E,16,1,7,2,1,1,0,0,6,7,1
33,quark_up_G1,G,1,1,65,2,8,3,7,1,1,1,product,S,7,0,7,2,1,1,0,1,6,8,1
33,quark_up_G1,G,1,1,66,3,8,3,8,1,1,1,torsion,STAY,9,0,9,3,0,1,0,0,7,8,1
33,quark_up_G1,G,1,1,67,4,8,3,8,1,1,1,sum,E,9,0,9,3,0,1,0,0,6,8,2
33,quark_up_G1,G,1,1,68,5,8,3,8,2,1,1,product,S,16,1,7,2,1,1,0,0,6,9,2
33,quark_up_G1,G,1,1,69,6,8,3,9,2,1,1,torsion,STAY,9,0,9,3,0,1,0,0,6,9,2
33,quark_up_G1,G,1,1,70,7,8,3,9,2,1,1,sum,E,11,1,2,0,2,1,0,0,6,9,3
33,quark_up_G1,G,1,1,71,8,8,3,9,3,1,1,product,S,27,2,9,3,0,1,0,0,6,1,3
33,quark_up_G1,G,1,1,72,9,8,3,1,3,1,1,torsion,STAY,9,0,9,3,0,1,0,0,6,1,3
33,quark_up_G1,G,1,1,73,1,9,3,1,3,1,1,sum,E,4,0,4,1,1,1,0,0,6,1,4
33,quark_up_G1,G,1,1,74,2,9,3,1,4,1,1,product,S,4,0,4,1,1,1,0,0,6,2,4
33,quark_up_G1,G,1,1,75,3,9,3,2,4,1,1,torsion,STAY,9,0,9,3,0,1,0,0,6,2,4
33,quark_up_G1,G,1,1,76,4,9,3,2,4,1,1,sum,E,6,0,6,2,0,1,0,0,6,2,5
33,quark_up_G1,G,1,1,77,5,9,3,2,5,1,1,product,S,10,1,1,0,1,1,0,0,6,3,5
33,quark_up_G1,G,1,1,78,6,9,3,3,5,1,1,torsion,STAY,9,0,9,3,0,1,0,0,6,3,5
33,quark_up_G1,G,1,1,79,7,9,3,3,5,1,1,sum,E,8,0,8,2,2,1,0,0,6,3,6
33,quark_up_G1,G,1,1,80,8,9,3,3,6,1,1,product,S,18,1,9,3,0,1,0,0,6,4,6
33,quark_up_G1,G,1,1,81,9,9,3,4,6,1,1,torsion,STAY,9,0,9,3,0,1,1,0,6,4,6
33,quark_up_G1,G,1,1,82,1,10,4,4,6,-1,-1,sum,W,10,1,1,0,1,-1,0,0,6,4,5
33,quark_up_G1,G,1,1,83,2,10,4,4,5,-1,-1,product,N,20,2,2,0,2,-1,0,0,6,3,5
33,quark_up_G1,G,1,1,84,3,10,4,3,5,-1,-1,torsion,STAY,9,0,9,3,0,-1,0,0,6,3,5
33,quark_up_G1,G,1,1,85,4,10,4,3,5,-1,-1,sum,W,8,0,8,2,2,-1,0,0,6,3,4
33,quark_up_G1,G,1,1,86,5,10,4,3,4,-1,-1,product,N,12,1,3,1,0,-1,0,0,6,2,4
33,quark_up_G1,G,1,1,87,6,10,4,2,4,-1,-1,torsion,STAY,9,0,9,3,0,-1,0,1,6,2,4
33,quark_up_G1,G,1,1,88,7,10,4,2,4,-1,-1,sum,W,6,0,6,2,0,-1,0,0,7,2,3
33,quark_up_G1,G,1,1,89,8,10,4,2,3,-1,-1,product,N,6,0,6,2,0,-1,0,0,6,1,3
33,quark_up_G1,G,1,1,90,9,10,4,1,3,-1,-1,torsion,STAY,9,0,9,3,0,-1,0,0,6,1,3
33,quark_up_G1,G,1,1,91,1,11,4,1,3,-1,-1,sum,W,4,0,4,1,1,-1,0,0,6,1,2
33,quark_up_G1,G,1,1,92,2,11,4,1,2,-1,-1,product,N,2,0,2,0,2,-1,0,0,6,9,2
33,quark_up_G1,G,1,1,93,3,11,4,9,2,-1,-1,torsion,STAY,9,0,9,3,0,-1,0,0,6,9,2
33,quark_up_G1,G,1,1,94,4,11,4,9,2,-1,-1,sum,W,11,1,2,0,2,-1,0,0,6,9,1
33,quark_up_G1,G,1,1,95,5,11,4,9,1,-1,-1,product,N,9,0,9,3,0,-1,0,0,6,8,1
33,quark_up_G1,G,1,1,96,6,11,4,8,1,-1,-1,torsion,STAY,9,0,9,3,0,-1,0,0,6,8,1
33,quark_up_G1,G,1,1,97,7,11,4,8,1,-1,-1,sum,W,9,0,9,3,0,-1,0,0,6,8,9
33,quark_up_G1,G,1,1,98,8,11,4,8,9,-1,-1,product,N,72,7,9,3,0,-1,0,0,6,7,9
33,quark_up_G1,G,1,1,99,9,11,4,7,9,-1,-1,torsion,STAY,9,0,9,3,0,-1,0,0,6,7,9
33,quark_up_G1,G,1,1,100,1,12,4,7,9,-1,-1,sum,W,16,1,7,2,1,-1,0,0,6,7,8
33,quark_up_G1,G,1,1,101,2,12,4,7,8,-1,-1,product,N,56,6,2,0,2,-1,0,0,6,6,8
33,quark_up_G1,G,1,1,102,3,12,4,6,8,-1,-1,torsion,STAY,9,0,9,3,0,-1,0,0,6,6,8
33,quark_up_G1,G,1,1,103,4,12,4,6,8,-1,-1,sum,W,14,1,5,1,2,-1,0,0,6,6,7
33,quark_up_G1,G,1,1,104,5,12,4,6,7,-1,-1,product,N,42,4,6,2,0,-1,0,0,6,5,7
33,quark_up_G1,G,1,1,105,6,12,4,5,7,-1,-1,torsion,STAY,9,0,9,3,0,-1,0,0,6,5,7
33,quark_up_G1,G,1,1,106,7,12,4,5,7,-1,-1,sum,W,12,1,3,1,0,-1,0,0,6,5,6
33,quark_up_G1,G,1,1,107,8,12,4,5,6,-1,-1,product,N,30,3,3,1,0,-1,0,0,6,4,6
33,quark_up_G1,G,1,1,108,9,12,4,4,6,-1,-1,torsion,STAY,9,0,9,3,0,-1,1,0,6,4,6
34,quark_down_G2,R,-1,1,1,1,1,1,4,7,-1,1,sum,W,11,1,2,0,2,1,0,0,7,4,6
34,quark_down_G2,R,-1,1,2,2,1,1,4,6,-1,1,product,S,24,2,6,2,0,1,0,0,6,5,6
34,quark_down_G2,R,-1,1,3,3,1,1,5,6,-1,1,torsion,STAY,9,0,9,3,0,1,0,0,6,5,6
34,quark_down_G2,R,-1,1,4,4,1,1,5,6,-1,1,sum,W,11,1,2,0,2,1,0,0,6,5,5
34,quark_down_G2,R,-1,1,5,5,1,1,5,5,-1,1,product,S,25,2,7,2,1,1,0,0,6,6,5
34,quark_down_G2,R,-1,1,6,6,1,1,6,5,-1,1,torsion,STAY,9,0,9,3,0,1,0,0,6,6,5
34,quark_down_G2,R,-1,1,7,7,1,1,6,5,-1,1,sum,W,11,1,2,0,2,1,0,0,6,6,4
34,quark_down_G2,R,-1,1,8,8,1,1,6,4,-1,1,product,S,24,2,6,2,0,1,0,0,6,7,4
34,quark_down_G2,R,-1,1,9,9,1,1,7,4,-1,1,torsion,STAY,9,0,9,3,0,1,0,0,6,7,4
34,quark_down_G2,R,-1,1,10,1,2,1,7,4,-1,1,sum,W,11,1,2,0,2,1,0,0,6,7,3
34,quark_down_G2,R,-1,1,11,2,2,1,7,3,-1,1,product,S,21,2,3,1,0,1,0,0,6,8,3
34,quark_down_G2,R,-1,1,12,3,2,1,8,3,-1,1,torsion,STAY,9,0,9,3,0,1,0,0,6,8,3
34,quark_down_G2,R,-1,1,13,4,2,1,8,3,-1,1,sum,W,11,1,2,0,2,1,0,0,6,8,2
34,quark_down_G2,R,-1,1,14,5,2,1,8,2,-1,1,product,S,16,1,7,2,1,1,0,0,6,9,2
34,quark_down_G2,R,-1,1,15,6,2,1,9,2,-1,1,torsion,STAY,9,0,9,3,0,1,0,0,6,9,2
34,quark_down_G2,R,-1,1,16,7,2,1,9,2,-1,1,sum,W,11,1,2,0,2,1,0,0,6,9,1
34,quark_down_G2,R,-1,1,17,8,2,1,9,1,-1,1,product,S,9,0,9,3,0,1,0,0,6,1,1
34,quark_down_G2,R,-1,1,18,9,2,1,1,1,-1,1,torsion,STAY,9,0,9,3,0,1,0,0,6,1,1
34,quark_down_G2,R,-1,1,19,1,3,1,1,1,-1,1,sum,W,2,0,2,0,2,1,0,0,6,1,9
34,quark_down_G2,R,-1,1,20,2,3,1,1,9,-1,1,product,S,9,0,9,3,0,1,0,0,6,2,9
34,quark_down_G2,R,-1,1,21,3,3,1,2,9,-1,1,torsion,STAY,9,0,9,3,0,1,0,1,6,2,9
34,quark_down_G2,R,-1,1,22,4,3,1,2,9,-1,1,sum,W,11,1,2,0,2,1,0,0,7,2,8
34,quark_down_G2,R,-1,1,23,5,3,1,2,8,-1,1,product,S,16,1,7,2,1,1,0,0,6,3,8
34,quark_down_G2,R,-1,1,24,6,3,1,3,8,-1,1,torsion,STAY,9,0,9,3,0,1,0,0,6,3,8
34,quark_down_G2,R,-1,1,25,7,3,1,3,8,-1,1,sum,W,11,1,2,0,2,1,0,0,6,3,7
34,quark_down_G2,R,-1,1,26,8,3,1,3,7,-1,1,product,S,21,2,3,1,0,1,0,0,6,4,7
34,quark_down_G2,R,-1,1,27,9,3,1,4,7,-1,1,torsion,STAY,9,0,9,3,0,1,1,0,6,4,7
34,quark_down_G2,R,-1,1,28,1,4,2,4,7,1,-1,sum,E,11,1,2,0,2,-1,0,0,6,4,8
34,quark_down_G2,R,-1,1,29,2,4,2,4,8,1,-1,product,N,32,3,5,1,2,-1,0,0,6,3,8
34,quark_down_G2,R,-1,1,30,3,4,2,3,8,1,-1,torsion,STAY,9,0,9,3,0,-1,0,0,6,3,8
34,quark_down_G2,R,-1,1,31,4,4,2,3,8,1,-1,sum,E,11,1,2,0,2,-1,0,0,6,3,9
34,quark_down_G2,R,-1,1,32,5,4,2,3,9,1,-1,product,N,27,2,9,3,0,-1,0,0,6,2,9
34,quark_down_G2,R,-1,1,33,6,4,2,2,9,1,-1,torsion,STAY,9,0,9,3,0,-1,0,0,6,2,9
34,quark_down_G2,R,-1,1,34,7,4,2,2,9,1,-1,sum,E,11,1,2,0,2,-1,0,0,6,2,1
34,quark_down_G2,R,-1,1,35,8,4,2,2,1,1,-1,product,N,2,0,2,0,2,-1,0,0,6,1,1
34,quark_down_G2,R,-1,1,36,9,4,2,1,1,1,-1,torsion,STAY,9,0,9,3,0,-1,0,0,6,1,1
34,quark_down_G2,R,-1,1,37,1,5,2,1,1,1,-1,sum,E,2,0,2,0,2,-1,0,0,6,1,2
34,quark_down_G2,R,-1,1,38,2,5,2,1,2,1,-1,product,N,2,0,2,0,2,-1,0,0,6,9,2
34,quark_down_G2,R,-1,1,39,3,5,2,9,2,1,-1,torsion,STAY,9,0,9,3,0,-1,0,0,6,9,2
34,quark_down_G2,R,-1,1,40,4,5,2,9,2,1,-1,sum,E,11,1,2,0,2,-1,0,0,6,9,3
34,quark_down_G2,R,-1,1,41,5,5,2,9,3,1,-1,product,N,27,2,9,3,0,-1,0,0,6,8,3
34,quark_down_G2,R,-1,1,42,6,5,2,8,3,1,-1,torsion,STAY,9,0,9,3,0,-1,0,0,6,8,3
34,quark_down_G2,R,-1,1,43,7,5,2,8,3,1,-1,sum,E,11,1,2,0,2,-1,0,1,6,8,4
34,quark_down_G2,R,-1,1,44,8,5,2,8,4,1,-1,product,N,32,3,5,1,2,-1,0,0,7,7,4
34,quark_down_G2,R,-1,1,45,9,5,2,7,4,1,-1,torsion,STAY,9,0,9,3,0,-1,0,0,6,7,4
34,quark_down_G2,R,-1,1,46,1,6,2,7,4,1,-1,sum,E,11,1,2,0,2,-1,0,0,6,7,5
34,quark_down_G2,R,-1,1,47,2,6,2,7,5,1,-1,product,N,35,3,8,2,2,-1,0,0,6,6,5
34,quark_down_G2,R,-1,1,48,3,6,2,6,5,1,-1,torsion,STAY,9,0,9,3,0,-1,0,0,6,6,5
34,quark_down_G2,R,-1,1,49,4,6,2,6,5,1,-1,sum,E,11,1,2,0,2,-1,0,0,6,6,6
34,quark_down_G2,R,-1,1,50,5,6,2,6,6,1,-1,product,N,36,3,9,3,0,-1,0,0,6,5,6
34,quark_down_G2,R,-1,1,51,6,6,2,5,6,1,-1,torsion,STAY,9,0,9,3,0,-1,0,0,6,5,6
34,quark_down_G2,R,-1,1,52,7,6,2,5,6,1,-1,sum,E,11,1,2,0,2,-1,0,0,6,5,7
34,quark_down_G2,R,-1,1,53,8,6,2,5,7,1,-1,product,N,35,3,8,2,2,-1,0,0,6,4,7
34,quark_down_G2,R,-1,1,54,9,6,2,4,7,1,-1,torsion,STAY,9,0,9,3,0,-1,1,0,6,4,7
34,quark_down_G2,R,-1,1,55,1,7,3,4,7,-1,1,sum,W,11,1,2,0,2,1,0,0,6,4,6
34,quark_down_G2,R,-1,1,56,2,7,3,4,6,-1,1,product,S,24,2,6,2,0,1,0,0,6,5,6
34,quark_down_G2,R,-1,1,57,3,7,3,5,6,-1,1,torsion,STAY,9,0,9,3,0,1,0,0,6,5,6
34,quark_down_G2,R,-1,1,58,4,7,3,5,6,-1,1,sum,W,11,1,2,0,2,1,0,0,6,5,5
34,quark_down_G2,R,-1,1,59,5,7,3,5,5,-1,1,product,S,25,2,7,2,1,1,0,0,6,6,5
34,quark_down_G2,R,-1,1,60,6,7,3,6,5,-1,1,torsion,STAY,9,0,9,3,0,1,0,0,6,6,5
34,quark_down_G2,R,-1,1,61,7,7,3,6,5,-1,1,sum,W,11,1,2,0,2,1,0,0,6,6,4
34,quark_down_G2,R,-1,1,62,8,7,3,6,4,-1,1,product,S,24,2,6,2,0,1,0,0,6,7,4
34,quark_down_G2,R,-1,1,63,9,7,3,7,4,-1,1,torsion,STAY,9,0,9,3,0,1,0,0,6,7,4
34,quark_down_G2,R,-1,1,64,1,8,3,7,4,-1,1,sum,W,11,1,2,0,2,1,0,0,6,7,3
34,quark_down_G2,R,-1,1,65,2,8,3,7,3,-1,1,product,S,21,2,3,1,0,1,0,1,6,8,3
34,quark_down_G2,R,-1,1,66,3,8,3,8,3,-1,1,torsion,STAY,9,0,9,3,0,1,0,0,7,8,3
34,quark_down_G2,R,-1,1,67,4,8,3,8,3,-1,1,sum,W,11,1,2,0,2,1,0,0,6,8,2
34,quark_down_G2,R,-1,1,68,5,8,3,8,2,-1,1,product,S,16,1,7,2,1,1,0,0,6,9,2
34,quark_down_G2,R,-1,1,69,6,8,3,9,2,-1,1,torsion,STAY,9,0,9,3,0,1,0,0,6,9,2
34,quark_down_G2,R,-1,1,70,7,8,3,9,2,-1,1,sum,W,11,1,2,0,2,1,0,0,6,9,1
34,quark_down_G2,R,-1,1,71,8,8,3,9,1,-1,1,product,S,9,0,9,3,0,1,0,0,6,1,1
34,quark_down_G2,R,-1,1,72,9,8,3,1,1,-1,1,torsion,STAY,9,0,9,3,0,1,0,0,6,1,1
34,quark_down_G2,R,-1,1,73,1,9,3,1,1,-1,1,sum,W,2,0,2,0,2,1,0,0,6,1,9
34,quark_down_G2,R,-1,1,74,2,9,3,1,9,-1,1,product,S,9,0,9,3,0,1,0,0,6,2,9
34,quark_down_G2,R,-1,1,75,3,9,3,2,9,-1,1,torsion,STAY,9,0,9,3,0,1,0,0,6,2,9
34,quark_down_G2,R,-1,1,76,4,9,3,2,9,-1,1,sum,W,11,1,2,0,2,1,0,0,6,2,8
34,quark_down_G2,R,-1,1,77,5,9,3,2,8,-1,1,product,S,16,1,7,2,1,1,0,0,6,3,8
34,quark_down_G2,R,-1,1,78,6,9,3,3,8,-1,1,torsion,STAY,9,0,9,3,0,1,0,0,6,3,8
34,quark_down_G2,R,-1,1,79,7,9,3,3,8,-1,1,sum,W,11,1,2,0,2,1,0,0,6,3,7
34,quark_down_G2,R,-1,1,80,8,9,3,3,7,-1,1,product,S,21,2,3,1,0,1,0,0,6,4,7
34,quark_down_G2,R,-1,1,81,9,9,3,4,7,-1,1,torsion,STAY,9,0,9,3,0,1,1,0,6,4,7
34,quark_down_G2,R,-1,1,82,1,10,4,4,7,1,-1,sum,E,11,1,2,0,2,-1,0,0,6,4,8
34,quark_down_G2,R,-1,1,83,2,10,4,4,8,1,-1,product,N,32,3,5,1,2,-1,0,0,6,3,8
34,quark_down_G2,R,-1,1,84,3,10,4,3,8,1,-1,torsion,STAY,9,0,9,3,0,-1,0,0,6,3,8
34,quark_down_G2,R,-1,1,85,4,10,4,3,8,1,-1,sum,E,11,1,2,0,2,-1,0,0,6,3,9
34,quark_down_G2,R,-1,1,86,5,10,4,3,9,1,-1,product,N,27,2,9,3,0,-1,0,0,6,2,9
34,quark_down_G2,R,-1,1,87,6,10,4,2,9,1,-1,torsion,STAY,9,0,9,3,0,-1,0,1,6,2,9
34,quark_down_G2,R,-1,1,88,7,10,4,2,9,1,-1,sum,E,11,1,2,0,2,-1,0,0,7,2,1
34,quark_down_G2,R,-1,1,89,8,10,4,2,1,1,-1,product,N,2,0,2,0,2,-1,0,0,6,1,1
34,quark_down_G2,R,-1,1,90,9,10,4,1,1,1,-1,torsion,STAY,9,0,9,3,0,-1,0,0,6,1,1
34,quark_down_G2,R,-1,1,91,1,11,4,1,1,1,-1,sum,E,2,0,2,0,2,-1,0,0,6,1,2
34,quark_down_G2,R,-1,1,92,2,11,4,1,2,1,-1,product,N,2,0,2,0,2,-1,0,0,6,9,2
34,quark_down_G2,R,-1,1,93,3,11,4,9,2,1,-1,torsion,STAY,9,0,9,3,0,-1,0,0,6,9,2
34,quark_down_G2,R,-1,1,94,4,11,4,9,2,1,-1,sum,E,11,1,2,0,2,-1,0,0,6,9,3
34,quark_down_G2,R,-1,1,95,5,11,4,9,3,1,-1,product,N,27,2,9,3,0,-1,0,0,6,8,3
34,quark_down_G2,R,-1,1,96,6,11,4,8,3,1,-1,torsion,STAY,9,0,9,3,0,-1,0,0,6,8,3
34,quark_down_G2,R,-1,1,97,7,11,4,8,3,1,-1,sum,E,11,1,2,0,2,-1,0,0,6,8,4
34,quark_down_G2,R,-1,1,98,8,11,4,8,4,1,-1,product,N,32,3,5,1,2,-1,0,0,6,7,4
34,quark_down_G2,R,-1,1,99,9,11,4,7,4,1,-1,torsion,STAY,9,0,9,3,0,-1,0,0,6,7,4
34,quark_down_G2,R,-1,1,100,1,12,4,7,4,1,-1,sum,E,11,1,2,0,2,-1,0,0,6,7,5
34,quark_down_G2,R,-1,1,101,2,12,4,7,5,1,-1,product,N,35,3,8,2,2,-1,0,0,6,6,5
34,quark_down_G2,R,-1,1,102,3,12,4,6,5,1,-1,torsion,STAY,9,0,9,3,0,-1,0,0,6,6,5
34,quark_down_G2,R,-1,1,103,4,12,4,6,5,1,-1,sum,E,11,1,2,0,2,-1,0,0,6,6,6
34,quark_down_G2,R,-1,1,104,5,12,4,6,6,1,-1,product,N,36,3,9,3,0,-1,0,0,6,5,6
34,quark_down_G2,R,-1,1,105,6,12,4,5,6,1,-1,torsion,STAY,9,0,9,3,0,-1,0,0,6,5,6
34,quark_down_G2,R,-1,1,106,7,12,4,5,6,1,-1,sum,E,11,1,2,0,2,-1,0,0,6,5,7
34,quark_down_G2,R,-1,1,107,8,12,4,5,7,1,-1,product,N,35,3,8,2,2,-1,0,0,6,4,7
34,quark_down_G2,R,-1,1,108,9,12,4,4,7,1,-1,torsion,STAY,9,0,9,3,0,-1,1,0,6,4,7
35,quark_up_G3,B,-1,-1,1,1,1,1,4,8,-1,-1,sum,W,12,1,3,1,0,1,0,0,7,4,7
35,quark_up_G3,B,-1,-1,2,2,1,1,4,7,-1,-1,product,N,28,3,1,0,1,1,0,0,6,3,7
35,quark_up_G3,B,-1,-1,3,3,1,1,3,7,-1,-1,torsion,STAY,9,0,9,3,0,1,0,0,6,3,7
35,quark_up_G3,B,-1,-1,4,4,1,1,3,7,-1,-1,sum,W,10,1,1,0,1,1,0,0,6,3,6
35,quark_up_G3,B,-1,-1,5,5,1,1,3,6,-1,-1,product,N,18,1,9,3,0,1,0,0,6,2,6
35,quark_up_G3,B,-1,-1,6,6,1,1,2,6,-1,-1,torsion,STAY,9,0,9,3,0,1,0,0,6,2,6
35,quark_up_G3,B,-1,-1,7,7,1,1,2,6,-1,-1,sum,W,8,0,8,2,2,1,0,0,6,2,5
35,quark_up_G3,B,-1,-1,8,8,1,1,2,5,-1,-1,product,N,10,1,1,0,1,1,0,0,6,1,5
35,quark_up_G3,B,-1,-1,9,9,1,1,1,5,-1,-1,torsion,STAY,9,0,9,3,0,1,0,0,6,1,5
35,quark_up_G3,B,-1,-1,10,1,2,1,1,5,-1,-1,sum,W,6,0,6,2,0,1,0,0,6,1,4
35,quark_up_G3,B,-1,-1,11,2,2,1,1,4,-1,-1,product,N,4,0,4,1,1,1,0,0,6,9,4
35,quark_up_G3,B,-1,-1,12,3,2,1,9,4,-1,-1,torsion,STAY,9,0,9,3,0,1,0,0,6,9,4
35,quark_up_G3,B,-1,-1,13,4,2,1,9,4,-1,-1,sum,W,13,1,4,1,1,1,0,0,6,9,3
35,quark_up_G3,B,-1,-1,14,5,2,1,9,3,-1,-1,product,N,27,2,9,3,0,1,0,0,6,8,3
35,quark_up_G3,B,-1,-1,15,6,2,1,8,3,-1,-1,torsion,STAY,9,0,9,3,0,1,0,0,6,8,3
35,quark_up_G3,B,-1,-1,16,7,2,1,8,3,-1,-1,sum,W,11,1,2,0,2,1,0,0,6,8,2
35,quark_up_G3,B,-1,-1,17,8,2,1,8,2,-1,-1,product,N,16,1,7,2,1,1,0,0,6,7,2
35,quark_up_G3,B,-1,-1,18,9,2,1,7,2,-1,-1,torsion,STAY,9,0,9,3,0,1,0,0,6,7,2
35,quark_up_G3,B,-1,-1,19,1,3,1,7,2,-1,-1,sum,W,9,0,9,3,0,1,0,0,6,7,1
35,quark_up_G3,B,-1,-1,20,2,3,1,7,1,-1,-1,product,N,7,0,7,2,1,1,0,0,6,6,1
35,quark_up_G3,B,-1,-1,21,3,3,1,6,1,-1,-1,torsion,STAY,9,0,9,3,0,1,0,1,6,6,1
35,quark_up_G3,B,-1,-1,22,4,3,1,6,1,-1,-1,sum,W,7,0,7,2,1,1,0,0,7,6,9
35,quark_up_G3,B,-1,-1,23,5,3,1,6,9,-1,-1,product,N,54,5,9,3,0,1,0,0,6,5,9
35,quark_up_G3,B,-1,-1,24,6,3,1,5,9,-1,-1,torsion,STAY,9,0,9,3,0,1,0,0,6,5,9
35,quark_up_G3,B,-1,-1,25,7,3,1,5,9,-1,-1,sum,W,14,1,5,1,2,1,0,0,6,5,8
35,quark_up_G3,B,-1,-1,26,8,3,1,5,8,-1,-1,product,N,40,4,4,1,1,1,0,0,6,4,8
35,quark_up_G3,B,-1,-1,27,9,3,1,4,8,-1,-1,torsion,STAY,9,0,9,3,0,1,1,0,6,4,8
35,quark_up_G3,B,-1,-1,28,1,4,2,4,8,1,1,sum,E,12,1,3,1,0,-1,0,0,6,4,9
35,quark_up_G3,B,-1,-1,29,2,4,2,4,9,1,1,product,S,36,3,9,3,0,-1,0,0,6,5,9
35,quark_up_G3,B,-1,-1,30,3,4,2,5,9,1,1,torsion,STAY,9,0,9,3,0,-1,0,0,6,5,9
35,quark_up_G3,B,-1,-1,31,4,4,2,5,9,1,1,sum,E,14,1,5,1,2,-1,0,0,6,5,1
35,quark_up_G3,B,-1,-1,32,5,4,2,5,1,1,1,product,S,5,0,5,1,2,-1,0,0,6,6,1
35,quark_up_G3,B,-1,-1,33,6,4,2,6,1,1,1,torsion,STAY,9,0,9,3,0,-1,0,0,6,6,1
35,quark_up_G3,B,-1,-1,34,7,4,2,6,1,1,1,sum,E,7,0,7,2,1,-1,0,0,6,6,2
35,quark_up_G3,B,-1,-1,35,8,4,2,6,2,1,1,product,S,12,1,3,1,0,-1,0,0,6,7,2
35,quark_up_G3,B,-1,-1,36,9,4,2,7,2,1,1,torsion,STAY,9,0,9,3,0,-1,0,0,6,7,2
35,quark_up_G3,B,-1,-1,37,1,5,2,7,2,1,1,sum,E,9,0,9,3,0,-1,0,0,6,7,3
35,quark_up_G3,B,-1,-1,38,2,5,2,7,3,1,1,product,S,21,2,3,1,0,-1,0,0,6,8,3
35,quark_up_G3,B,-1,-1,39,3,5,2,8,3,1,1,torsion,STAY,9,0,9,3,0,-1,0,0,6,8,3
35,quark_up_G3,B,-1,-1,40,4,5,2,8,3,1,1,sum,E,11,1,2,0,2,-1,0,0,6,8,4
35,quark_up_G3,B,-1,-1,41,5,5,2,8,4,1,1,product,S,32,3,5,1,2,-1,0,0,6,9,4
35,quark_up_G3,B,-1,-1,42,6,5,2,9,4,1,1,torsion,STAY,9,0,9,3,0,-1,0,0,6,9,4
35,quark_up_G3,B,-1,-1,43,7,5,2,9,4,1,1,sum,E,13,1,4,1,1,-1,0,1,6,9,5
35,quark_up_G3,B,-1,-1,44,8,5,2,9,5,1,1,product,S,45,4,9,3,0,-1,0,0,7,1,5
35,quark_up_G3,B,-1,-1,45,9,5,2,1,5,1,1,torsion,STAY,9,0,9,3,0,-1,0,0,6,1,5
35,quark_up_G3,B,-1,-1,46,1,6,2,1,5,1,1,sum,E,6,0,6,2,0,-1,0,0,6,1,6
35,quark_up_G3,B,-1,-1,47,2,6,2,1,6,1,1,product,S,6,0,6,2,0,-1,0,0,6,2,6
35,quark_up_G3,B,-1,-1,48,3,6,2,2,6,1,1,torsion,STAY,9,0,9,3,0,-1,0,0,6,2,6
35,quark_up_G3,B,-1,-1,49,4,6,2,2,6,1,1,sum,E,8,0,8,2,2,-1,0,0,6,2,7
35,quark_up_G3,B,-1,-1,50,5,6,2,2,7,1,1,product,S,14,1,5,1,2,-1,0,0,6,3,7
35,quark_up_G3,B,-1,-1,51,6,6,2,3,7,1,1,torsion,STAY,9,0,9,3,0,-1,0,0,6,3,7
35,quark_up_G3,B,-1,-1,52,7,6,2,3,7,1,1,sum,E,10,1,1,0,1,-1,0,0,6,3,8
35,quark_up_G3,B,-1,-1,53,8,6,2,3,8,1,1,product,S,24,2,6,2,0,-1,0,0,6,4,8
35,quark_up_G3,B,-1,-1,54,9,6,2,4,8,1,1,torsion,STAY,9,0,9,3,0,-1,1,0,6,4,8
35,quark_up_G3,B,-1,-1,55,1,7,3,4,8,-1,-1,sum,W,12,1,3,1,0,1,0,0,6,4,7
35,quark_up_G3,B,-1,-1,56,2,7,3,4,7,-1,-1,product,N,28,3,1,0,1,1,0,0,6,3,7
35,quark_up_G3,B,-1,-1,57,3,7,3,3,7,-1,-1,torsion,STAY,9,0,9,3,0,1,0,0,6,3,7
35,quark_up_G3,B,-1,-1,58,4,7,3,3,7,-1,-1,sum,W,10,1,1,0,1,1,0,0,6,3,6
35,quark_up_G3,B,-1,-1,59,5,7,3,3,6,-1,-1,product,N,18,1,9,3,0,1,0,0,6,2,6
35,quark_up_G3,B,-1,-1,60,6,7,3,2,6,-1,-1,torsion,STAY,9,0,9,3,0,1,0,0,6,2,6
35,quark_up_G3,B,-1,-1,61,7,7,3,2,6,-1,-1,sum,W,8,0,8,2,2,1,0,0,6,2,5
35,quark_up_G3,B,-1,-1,62,8,7,3,2,5,-1,-1,product,N,10,1,1,0,1,1,0,0,6,1,5
35,quark_up_G3,B,-1,-1,63,9,7,3,1,5,-1,-1,torsion,STAY,9,0,9,3,0,1,0,0,6,1,5
35,quark_up_G3,B,-1,-1,64,1,8,3,1,5,-1,-1,sum,W,6,0,6,2,0,1,0,0,6,1,4
35,quark_up_G3,B,-1,-1,65,2,8,3,1,4,-1,-1,product,N,4,0,4,1,1,1,0,1,6,9,4
35,quark_up_G3,B,-1,-1,66,3,8,3,9,4,-1,-1,torsion,STAY,9,0,9,3,0,1,0,0,7,9,4
35,quark_up_G3,B,-1,-1,67,4,8,3,9,4,-1,-1,sum,W,13,1,4,1,1,1,0,0,6,9,3
35,quark_up_G3,B,-1,-1,68,5,8,3,9,3,-1,-1,product,N,27,2,9,3,0,1,0,0,6,8,3
35,quark_up_G3,B,-1,-1,69,6,8,3,8,3,-1,-1,torsion,STAY,9,0,9,3,0,1,0,0,6,8,3
35,quark_up_G3,B,-1,-1,70,7,8,3,8,3,-1,-1,sum,W,11,1,2,0,2,1,0,0,6,8,2
35,quark_up_G3,B,-1,-1,71,8,8,3,8,2,-1,-1,product,N,16,1,7,2,1,1,0,0,6,7,2
35,quark_up_G3,B,-1,-1,72,9,8,3,7,2,-1,-1,torsion,STAY,9,0,9,3,0,1,0,0,6,7,2
35,quark_up_G3,B,-1,-1,73,1,9,3,7,2,-1,-1,sum,W,9,0,9,3,0,1,0,0,6,7,1
35,quark_up_G3,B,-1,-1,74,2,9,3,7,1,-1,-1,product,N,7,0,7,2,1,1,0,0,6,6,1
35,quark_up_G3,B,-1,-1,75,3,9,3,6,1,-1,-1,torsion,STAY,9,0,9,3,0,1,0,0,6,6,1
35,quark_up_G3,B,-1,-1,76,4,9,3,6,1,-1,-1,sum,W,7,0,7,2,1,1,0,0,6,6,9
35,quark_up_G3,B,-1,-1,77,5,9,3,6,9,-1,-1,product,N,54,5,9,3,0,1,0,0,6,5,9
35,quark_up_G3,B,-1,-1,78,6,9,3,5,9,-1,-1,torsion,STAY,9,0,9,3,0,1,0,0,6,5,9
35,quark_up_G3,B,-1,-1,79,7,9,3,5,9,-1,-1,sum,W,14,1,5,1,2,1,0,0,6,5,8
35,quark_up_G3,B,-1,-1,80,8,9,3,5,8,-1,-1,product,N,40,4,4,1,1,1,0,0,6,4,8
35,quark_up_G3,B,-1,-1,81,9,9,3,4,8,-1,-1,torsion,STAY,9,0,9,3,0,1,1,0,6,4,8
35,quark_up_G3,B,-1,-1,82,1,10,4,4,8,1,1,sum,E,12,1,3,1,0,-1,0,0,6,4,9
35,quark_up_G3,B,-1,-1,83,2,10,4,4,9,1,1,product,S,36,3,9,3,0,-1,0,0,6,5,9
35,quark_up_G3,B,-1,-1,84,3,10,4,5,9,1,1,torsion,STAY,9,0,9,3,0,-1,0,0,6,5,9
35,quark_up_G3,B,-1,-1,85,4,10,4,5,9,1,1,sum,E,14,1,5,1,2,-1,0,0,6,5,1
35,quark_up_G3,B,-1,-1,86,5,10,4,5,1,1,1,product,S,5,0,5,1,2,-1,0,0,6,6,1
35,quark_up_G3,B,-1,-1,87,6,10,4,6,1,1,1,torsion,STAY,9,0,9,3,0,-1,0,1,6,6,1
35,quark_up_G3,B,-1,-1,88,7,10,4,6,1,1,1,sum,E,7,0,7,2,1,-1,0,0,7,6,2
35,quark_up_G3,B,-1,-1,89,8,10,4,6,2,1,1,product,S,12,1,3,1,0,-1,0,0,6,7,2
35,quark_up_G3,B,-1,-1,90,9,10,4,7,2,1,1,torsion,STAY,9,0,9,3,0,-1,0,0,6,7,2
35,quark_up_G3,B,-1,-1,91,1,11,4,7,2,1,1,sum,E,9,0,9,3,0,-1,0,0,6,7,3
35,quark_up_G3,B,-1,-1,92,2,11,4,7,3,1,1,product,S,21,2,3,1,0,-1,0,0,6,8,3
35,quark_up_G3,B,-1,-1,93,3,11,4,8,3,1,1,torsion,STAY,9,0,9,3,0,-1,0,0,6,8,3
35,quark_up_G3,B,-1,-1,94,4,11,4,8,3,1,1,sum,E,11,1,2,0,2,-1,0,0,6,8,4
35,quark_up_G3,B,-1,-1,95,5,11,4,8,4,1,1,product,S,32,3,5,1,2,-1,0,0,6,9,4
35,quark_up_G3,B,-1,-1,96,6,11,4,9,4,1,1,torsion,STAY,9,0,9,3,0,-1,0,0,6,9,4
35,quark_up_G3,B,-1,-1,97,7,11,4,9,4,1,1,sum,E,13,1,4,1,1,-1,0,0,6,9,5
35,quark_up_G3,B,-1,-1,98,8,11,4,9,5,1,1,product,S,45,4,9,3,0,-1,0,0,6,1,5
35,quark_up_G3,B,-1,-1,99,9,11,4,1,5,1,1,torsion,STAY,9,0,9,3,0,-1,0,0,6,1,5
35,quark_up_G3,B,-1,-1,100,1,12,4,1,5,1,1,sum,E,6,0,6,2,0,-1,0,0,6,1,6
35,quark_up_G3,B,-1,-1,101,2,12,4,1,6,1,1,product,S,6,0,6,2,0,-1,0,0,6,2,6
35,quark_up_G3,B,-1,-1,102,3,12,4,2,6,1,1,torsion,STAY,9,0,9,3,0,-1,0,0,6,2,6
35,quark_up_G3,B,-1,-1,103,4,12,4,2,6,1,1,sum,E,8,0,8,2,2,-1,0,0,6,2,7
35,quark_up_G3,B,-1,-1,104,5,12,4,2,7,1,1,product,S,14,1,5,1,2,-1,0,0,6,3,7
35,quark_up_G3,B,-1,-1,105,6,12,4,3,7,1,1,torsion,STAY,9,0,9,3,0,-1,0,0,6,3,7
35,quark_up_G3,B,-1,-1,106,7,12,4,3,7,1,1,sum,E,10,1,1,0,1,-1,0,0,6,3,8
35,quark_up_G3,B,-1,-1,107,8,12,4,3,8,1,1,product,S,24,2,6,2,0,-1,0,0,6,4,8
35,quark_up_G3,B,-1,-1,108,9,12,4,4,8,1,1,torsion,STAY,9,0,9,3,0,-1,1,0,6,4,8
36,quark_down_G4,G,-1,1,1,1,1,1,4,9,-1,1,sum,W,13,1,4,1,1,1,0,0,7,4,8
36,quark_down_G4,G,-1,1,2,2,1,1,4,8,-1,1,product,S,32,3,5,1,2,1,0,0,6,5,8
36,quark_down_G4,G,-1,1,3,3,1,1,5,8,-1,1,torsion,STAY,9,0,9,3,0,1,0,0,6,5,8
36,quark_down_G4,G,-1,1,4,4,1,1,5,8,-1,1,sum,W,13,1,4,1,1,1,0,0,6,5,7
36,quark_down_G4,G,-1,1,5,5,1,1,5,7,-1,1,product,S,35,3,8,2,2,1,0,0,6,6,7
36,quark_down_G4,G,-1,1,6,6,1,1,6,7,-1,1,torsion,STAY,9,0,9,3,0,1,0,0,6,6,7
36,quark_down_G4,G,-1,1,7,7,1,1,6,7,-1,1,sum,W,13,1,4,1,1,1,0,0,6,6,6
36,quark_down_G4,G,-1,1,8,8,1,1,6,6,-1,1,product,S,36,3,9,3,0,1,0,0,6,7,6
36,quark_down_G4,G,-1,1,9,9,1,1,7,6,-1,1,torsion,STAY,9,0,9,3,0,1,0,0,6,7,6
36,quark_down_G4,G,-1,1,10,1,2,1,7,6,-1,1,sum,W,13,1,4,1,1,1,0,0,6,7,5
36,quark_down_G4,G,-1,1,11,2,2,1,7,5,-1,1,product,S,35,3,8,2,2,1,0,0,6,8,5
36,quark_down_G4,G,-1,1,12,3,2,1,8,5,-1,1,torsion,STAY,9,0,9,3,0,1,0,0,6,8,5
36,quark_down_G4,G,-1,1,13,4,2,1,8,5,-1,1,sum,W,13,1,4,1,1,1,0,0,6,8,4
36,quark_down_G4,G,-1,1,14,5,2,1,8,4,-1,1,product,S,32,3,5,1,2,1,0,0,6,9,4
36,quark_down_G4,G,-1,1,15,6,2,1,9,4,-1,1,torsion,STAY,9,0,9,3,0,1,0,0,6,9,4
36,quark_down_G4,G,-1,1,16,7,2,1,9,4,-1,1,sum,W,13,1,4,1,1,1,0,0,6,9,3
36,quark_down_G4,G,-1,1,17,8,2,1,9,3,-1,1,product,S,27,2,9,3,0,1,0,0,6,1,3
36,quark_down_G4,G,-1,1,18,9,2,1,1,3,-1,1,torsion,STAY,9,0,9,3,0,1,0,0,6,1,3
36,quark_down_G4,G,-1,1,19,1,3,1,1,3,-1,1,sum,W,4,0,4,1,1,1,0,0,6,1,2
36,quark_down_G4,G,-1,1,20,2,3,1,1,2,-1,1,product,S,2,0,2,0,2,1,0,0,6,2,2
36,quark_down_G4,G,-1,1,21,3,3,1,2,2,-1,1,torsion,STAY,9,0,9,3,0,1,0,1,6,2,2
36,quark_down_G4,G,-1,1,22,4,3,1,2,2,-1,1,sum,W,4,0,4,1,1,1,0,0,7,2,1
36,quark_down_G4,G,-1,1,23,5,3,1,2,1,-1,1,product,S,2,0,2,0,2,1,0,0,6,3,1
36,quark_down_G4,G,-1,1,24,6,3,1,3,1,-1,1,torsion,STAY,9,0,9,3,0,1,0,0,6,3,1
36,quark_down_G4,G,-1,1,25,7,3,1,3,1,-1,1,sum,W,4,0,4,1,1,1,0,0,6,3,9
36,quark_down_G4,G,-1,1,26,8,3,1,3,9,-1,1,product,S,27,2,9,3,0,1,0,0,6,4,9
36,quark_down_G4,G,-1,1,27,9,3,1,4,9,-1,1,torsion,STAY,9,0,9,3,0,1,1,0,6,4,9
36,quark_down_G4,G,-1,1,28,1,4,2,4,9,1,-1,sum,E,13,1,4,1,1,-1,0,0,6,4,1
36,quark_down_G4,G,-1,1,29,2,4,2,4,1,1,-1,product,N,4,0,4,1,1,-1,0,0,6,3,1
36,quark_down_G4,G,-1,1,30,3,4,2,3,1,1,-1,torsion,STAY,9,0,9,3,0,-1,0,0,6,3,1
36,quark_down_G4,G,-1,1,31,4,4,2,3,1,1,-1,sum,E,4,0,4,1,1,-1,0,0,6,3,2
36,quark_down_G4,G,-1,1,32,5,4,2,3,2,1,-1,product,N,6,0,6,2,0,-1,0,0,6,2,2
36,quark_down_G4,G,-1,1,33,6,4,2,2,2,1,-1,torsion,STAY,9,0,9,3,0,-1,0,0,6,2,2
36,quark_down_G4,G,-1,1,34,7,4,2,2,2,1,-1,sum,E,4,0,4,1,1,-1,0,0,6,2,3
36,quark_down_G4,G,-1,1,35,8,4,2,2,3,1,-1,product,N,6,0,6,2,0,-1,0,0,6,1,3
36,quark_down_G4,G,-1,1,36,9,4,2,1,3,1,-1,torsion,STAY,9,0,9,3,0,-1,0,0,6,1,3
36,quark_down_G4,G,-1,1,37,1,5,2,1,3,1,-1,sum,E,4,0,4,1,1,-1,0,0,6,1,4
36,quark_down_G4,G,-1,1,38,2,5,2,1,4,1,-1,product,N,4,0,4,1,1,-1,0,0,6,9,4
36,quark_down_G4,G,-1,1,39,3,5,2,9,4,1,-1,torsion,STAY,9,0,9,3,0,-1,0,0,6,9,4
36,quark_down_G4,G,-1,1,40,4,5,2,9,4,1,-1,sum,E,13,1,4,1,1,-1,0,0,6,9,5
36,quark_down_G4,G,-1,1,41,5,5,2,9,5,1,-1,product,N,45,4,9,3,0,-1,0,0,6,8,5
36,quark_down_G4,G,-1,1,42,6,5,2,8,5,1,-1,torsion,STAY,9,0,9,3,0,-1,0,0,6,8,5
36,quark_down_G4,G,-1,1,43,7,5,2,8,5,1,-1,sum,E,13,1,4,1,1,-1,0,1,6,8,6
36,quark_down_G4,G,-1,1,44,8,5,2,8,6,1,-1,product,N,48,5,3,1,0,-1,0,0,7,7,6
36,quark_down_G4,G,-1,1,45,9,5,2,7,6,1,-1,torsion,STAY,9,0,9,3,0,-1,0,0,6,7,6
36,quark_down_G4,G,-1,1,46,1,6,2,7,6,1,-1,sum,E,13,1,4,1,1,-1,0,0,6,7,7
36,quark_down_G4,G,-1,1,47,2,6,2,7,7,1,-1,product,N,49,5,4,1,1,-1,0,0,6,6,7
36,quark_down_G4,G,-1,1,48,3,6,2,6,7,1,-1,torsion,STAY,9,0,9,3,0,-1,0,0,6,6,7
36,quark_down_G4,G,-1,1,49,4,6,2,6,7,1,-1,sum,E,13,1,4,1,1,-1,0,0,6,6,8
36,quark_down_G4,G,-1,1,50,5,6,2,6,8,1,-1,product,N,48,5,3,1,0,-1,0,0,6,5,8
36,quark_down_G4,G,-1,1,51,6,6,2,5,8,1,-1,torsion,STAY,9,0,9,3,0,-1,0,0,6,5,8
36,quark_down_G4,G,-1,1,52,7,6,2,5,8,1,-1,sum,E,13,1,4,1,1,-1,0,0,6,5,9
36,quark_down_G4,G,-1,1,53,8,6,2,5,9,1,-1,product,N,45,4,9,3,0,-1,0,0,6,4,9
36,quark_down_G4,G,-1,1,54,9,6,2,4,9,1,-1,torsion,STAY,9,0,9,3,0,-1,1,0,6,4,9
36,quark_down_G4,G,-1,1,55,1,7,3,4,9,-1,1,sum,W,13,1,4,1,1,1,0,0,6,4,8
36,quark_down_G4,G,-1,1,56,2,7,3,4,8,-1,1,product,S,32,3,5,1,2,1,0,0,6,5,8
36,quark_down_G4,G,-1,1,57,3,7,3,5,8,-1,1,torsion,STAY,9,0,9,3,0,1,0,0,6,5,8
36,quark_down_G4,G,-1,1,58,4,7,3,5,8,-1,1,sum,W,13,1,4,1,1,1,0,0,6,5,7
36,quark_down_G4,G,-1,1,59,5,7,3,5,7,-1,1,product,S,35,3,8,2,2,1,0,0,6,6,7
36,quark_down_G4,G,-1,1,60,6,7,3,6,7,-1,1,torsion,STAY,9,0,9,3,0,1,0,0,6,6,7
36,quark_down_G4,G,-1,1,61,7,7,3,6,7,-1,1,sum,W,13,1,4,1,1,1,0,0,6,6,6
36,quark_down_G4,G,-1,1,62,8,7,3,6,6,-1,1,product,S,36,3,9,3,0,1,0,0,6,7,6
36,quark_down_G4,G,-1,1,63,9,7,3,7,6,-1,1,torsion,STAY,9,0,9,3,0,1,0,0,6,7,6
36,quark_down_G4,G,-1,1,64,1,8,3,7,6,-1,1,sum,W,13,1,4,1,1,1,0,0,6,7,5
36,quark_down_G4,G,-1,1,65,2,8,3,7,5,-1,1,product,S,35,3,8,2,2,1,0,1,6,8,5
36,quark_down_G4,G,-1,1,66,3,8,3,8,5,-1,1,torsion,STAY,9,0,9,3,0,1,0,0,7,8,5
36,quark_down_G4,G,-1,1,67,4,8,3,8,5,-1,1,sum,W,13,1,4,1,1,1,0,0,6,8,4
36,quark_down_G4,G,-1,1,68,5,8,3,8,4,-1,1,product,S,32,3,5,1,2,1,0,0,6,9,4
36,quark_down_G4,G,-1,1,69,6,8,3,9,4,-1,1,torsion,STAY,9,0,9,3,0,1,0,0,6,9,4
36,quark_down_G4,G,-1,1,70,7,8,3,9,4,-1,1,sum,W,13,1,4,1,1,1,0,0,6,9,3
36,quark_down_G4,G,-1,1,71,8,8,3,9,3,-1,1,product,S,27,2,9,3,0,1,0,0,6,1,3
36,quark_down_G4,G,-1,1,72,9,8,3,1,3,-1,1,torsion,STAY,9,0,9,3,0,1,0,0,6,1,3
36,quark_down_G4,G,-1,1,73,1,9,3,1,3,-1,1,sum,W,4,0,4,1,1,1,0,0,6,1,2
36,quark_down_G4,G,-1,1,74,2,9,3,1,2,-1,1,product,S,2,0,2,0,2,1,0,0,6,2,2
36,quark_down_G4,G,-1,1,75,3,9,3,2,2,-1,1,torsion,STAY,9,0,9,3,0,1,0,0,6,2,2
36,quark_down_G4,G,-1,1,76,4,9,3,2,2,-1,1,sum,W,4,0,4,1,1,1,0,0,6,2,1
36,quark_down_G4,G,-1,1,77,5,9,3,2,1,-1,1,product,S,2,0,2,0,2,1,0,0,6,3,1
36,quark_down_G4,G,-1,1,78,6,9,3,3,1,-1,1,torsion,STAY,9,0,9,3,0,1,0,0,6,3,1
36,quark_down_G4,G,-1,1,79,7,9,3,3,1,-1,1,sum,W,4,0,4,1,1,1,0,0,6,3,9
36,quark_down_G4,G,-1,1,80,8,9,3,3,9,-1,1,product,S,27,2,9,3,0,1,0,0,6,4,9
36,quark_down_G4,G,-1,1,81,9,9,3,4,9,-1,1,torsion,STAY,9,0,9,3,0,1,1,0,6,4,9
36,quark_down_G4,G,-1,1,82,1,10,4,4,9,1,-1,sum,E,13,1,4,1,1,-1,0,0,6,4,1
36,quark_down_G4,G,-1,1,83,2,10,4,4,1,1,-1,product,N,4,0,4,1,1,-1,0,0,6,3,1
36,quark_down_G4,G,-1,1,84,3,10,4,3,1,1,-1,torsion,STAY,9,0,9,3,0,-1,0,0,6,3,1
36,quark_down_G4,G,-1,1,85,4,10,4,3,1,1,-1,sum,E,4,0,4,1,1,-1,0,0,6,3,2
36,quark_down_G4,G,-1,1,86,5,10,4,3,2,1,-1,product,N,6,0,6,2,0,-1,0,0,6,2,2
36,quark_down_G4,G,-1,1,87,6,10,4,2,2,1,-1,torsion,STAY,9,0,9,3,0,-1,0,1,6,2,2
36,quark_down_G4,G,-1,1,88,7,10,4,2,2,1,-1,sum,E,4,0,4,1,1,-1,0,0,7,2,3
36,quark_down_G4,G,-1,1,89,8,10,4,2,3,1,-1,product,N,6,0,6,2,0,-1,0,0,6,1,3
36,quark_down_G4,G,-1,1,90,9,10,4,1,3,1,-1,torsion,STAY,9,0,9,3,0,-1,0,0,6,1,3
36,quark_down_G4,G,-1,1,91,1,11,4,1,3,1,-1,sum,E,4,0,4,1,1,-1,0,0,6,1,4
36,quark_down_G4,G,-1,1,92,2,11,4,1,4,1,-1,product,N,4,0,4,1,1,-1,0,0,6,9,4
36,quark_down_G4,G,-1,1,93,3,11,4,9,4,1,-1,torsion,STAY,9,0,9,3,0,-1,0,0,6,9,4
36,quark_down_G4,G,-1,1,94,4,11,4,9,4,1,-1,sum,E,13,1,4,1,1,-1,0,0,6,9,5
36,quark_down_G4,G,-1,1,95,5,11,4,9,5,1,-1,product,N,45,4,9,3,0,-1,0,0,6,8,5
36,quark_down_G4,G,-1,1,96,6,11,4,8,5,1,-1,torsion,STAY,9,0,9,3,0,-1,0,0,6,8,5
36,quark_down_G4,G,-1,1,97,7,11,4,8,5,1,-1,sum,E,13,1,4,1,1,-1,0,0,6,8,6
36,quark_down_G4,G,-1,1,98,8,11,4,8,6,1,-1,product,N,48,5,3,1,0,-1,0,0,6,7,6
36,quark_down_G4,G,-1,1,99,9,11,4,7,6,1,-1,torsion,STAY,9,0,9,3,0,-1,0,0,6,7,6
36,quark_down_G4,G,-1,1,100,1,12,4,7,6,1,-1,sum,E,13,1,4,1,1,-1,0,0,6,7,7
36,quark_down_G4,G,-1,1,101,2,12,4,7,7,1,-1,product,N,49,5,4,1,1,-1,0,0,6,6,7
36,quark_down_G4,G,-1,1,102,3,12,4,6,7,1,-1,torsion,STAY,9,0,9,3,0,-1,0,0,6,6,7
36,quark_down_G4,G,-1,1,103,4,12,4,6,7,1,-1,sum,E,13,1,4,1,1,-1,0,0,6,6,8
36,quark_down_G4,G,-1,1,104,5,12,4,6,8,1,-1,product,N,48,5,3,1,0,-1,0,0,6,5,8
36,quark_down_G4,G,-1,1,105,6,12,4,5,8,1,-1,torsion,STAY,9,0,9,3,0,-1,0,0,6,5,8
36,quark_down_G4,G,-1,1,106,7,12,4,5,8,1,-1,sum,E,13,1,4,1,1,-1,0,0,6,5,9
36,quark_down_G4,G,-1,1,107,8,12,4,5,9,1,-1,product,N,45,4,9,3,0,-1,0,0,6,4,9
36,quark_down_G4,G,-1,1,108,9,12,4,4,9,1,-1,torsion,STAY,9,0,9,3,0,-1,1,0,6,4,9
37,charged_lepton_G4,,1,-1,1,1,1,1,5,1,1,-1,sum,E,6,0,6,2,0,1,0,0,7,5,2
37,charged_lepton_G4,,1,-1,2,2,1,1,5,2,1,-1,product,N,10,1,1,0,1,1,0,0,6,4,2
37,charged_lepton_G4,,1,-1,3,3,1,1,4,2,1,-1,torsion,STAY,9,0,9,3,0,1,0,0,6,4,2
37,charged_lepton_G4,,1,-1,4,4,1,1,4,2,1,-1,sum,E,6,0,6,2,0,1,0,0,6,4,3
37,charged_lepton_G4,,1,-1,5,5,1,1,4,3,1,-1,product,N,12,1,3,1,0,1,0,0,6,3,3
37,charged_lepton_G4,,1,-1,6,6,1,1,3,3,1,-1,torsion,STAY,9,0,9,3,0,1,0,0,6,3,3
37,charged_lepton_G4,,1,-1,7,7,1,1,3,3,1,-1,sum,E,6,0,6,2,0,1,0,0,6,3,4
37,charged_lepton_G4,,1,-1,8,8,1,1,3,4,1,-1,product,N,12,1,3,1,0,1,0,0,6,2,4
37,charged_lepton_G4,,1,-1,9,9,1,1,2,4,1,-1,torsion,STAY,9,0,9,3,0,1,0,0,6,2,4
37,charged_lepton_G4,,1,-1,10,1,2,1,2,4,1,-1,sum,E,6,0,6,2,0,1,0,0,6,2,5
37,charged_lepton_G4,,1,-1,11,2,2,1,2,5,1,-1,product,N,10,1,1,0,1,1,0,0,6,1,5
37,charged_lepton_G4,,1,-1,12,3,2,1,1,5,1,-1,torsion,STAY,9,0,9,3,0,1,0,0,6,1,5
37,charged_lepton_G4,,1,-1,13,4,2,1,1,5,1,-1,sum,E,6,0,6,2,0,1,0,0,6,1,6
37,charged_lepton_G4,,1,-1,14,5,2,1,1,6,1,-1,product,N,6,0,6,2,0,1,0,0,6,9,6
37,charged_lepton_G4,,1,-1,15,6,2,1,9,6,1,-1,torsion,STAY,9,0,9,3,0,1,0,0,6,9,6
37,charged_lepton_G4,,1,-1,16,7,2,1,9,6,1,-1,sum,E,15,1,6,2,0,1,0,0,6,9,7
37,charged_lepton_G4,,1,-1,17,8,2,1,9,7,1,-1,product,N,63,6,9,3,0,1,0,0,6,8,7
37,charged_lepton_G4,,1,-1,18,9,2,1,8,7,1,-1,torsion,STAY,9,0,9,3,0,1,0,0,6,8,7
37,charged_lepton_G4,,1,-1,19,1,3,1,8,7,1,-1,sum,E,15,1,6,2,0,1,0,0,6,8,8
37,charged_lepton_G4,,1,-1,20,2,3,1,8,8,1,-1,product,N,64,7,1,0,1,1,0,0,6,7,8
37,charged_lepton_G4,,1,-1,21,3,3,1,7,8,1,-1,torsion,STAY,9,0,9,3,0,1,0,1,6,7,8
37,charged_lepton_G4,,1,-1,22,4,3,1,7,8,1,-1,sum,E,15,1,6,2,0,1,0,0,7,7,9
37,charged_lepton_G4,,1,-1,23,5,3,1,7,9,1,-1,product,N,63,6,9,3,0,1,0,0,6,6,9
37,charged_lepton_G4,,1,-1,24,6,3,1,6,9,1,-1,torsion,STAY,9,0,9,3,0,1,0,0,6,6,9
37,charged_lepton_G4,,1,-1,25,7,3,1,6,9,1,-1,sum,E,15,1,6,2,0,1,0,0,6,6,1
37,charged_lepton_G4,,1,-1,26,8,3,1,6,1,1,-1,product,N,6,0,6,2,0,1,0,0,6,5,1
37,charged_lepton_G4,,1,-1,27,9,3,1,5,1,1,-1,torsion,STAY,9,0,9,3,0,1,1,0,6,5,1
37,charged_lepton_G4,,1,-1,28,1,4,2,5,1,-1,1,sum,W,6,0,6,2,0,-1,0,0,6,5,9
37,charged_lepton_G4,,1,-1,29,2,4,2,5,9,-1,1,product,S,45,4,9,3,0,-1,0,0,6,6,9
37,charged_lepton_G4,,1,-1,30,3,4,2,6,9,-1,1,torsion,STAY,9,0,9,3,0,-1,0,0,6,6,9
37,charged_lepton_G4,,1,-1,31,4,4,2,6,9,-1,1,sum,W,15,1,6,2,0,-1,0,0,6,6,8
37,charged_lepton_G4,,1,-1,32,5,4,2,6,8,-1,1,product,S,48,5,3,1,0,-1,0,0,6,7,8
37,charged_lepton_G4,,1,-1,33,6,4,2,7,8,-1,1,torsion,STAY,9,0,9,3,0,-1,0,0,6,7,8
37,charged_lepton_G4,,1,-1,34,7,4,2,7,8,-1,1,sum,W,15,1,6,2,0,-1,0,0,6,7,7
37,charged_lepton_G4,,1,-1,35,8,4,2,7,7,-1,1,product,S,49,5,4,1,1,-1,0,0,6,8,7
37,charged_lepton_G4,,1,-1,36,9,4,2,8,7,-1,1,torsion,STAY,9,0,9,3,0,-1,0,0,6,8,7
37,charged_lepton_G4,,1,-1,37,1,5,2,8,7,-1,1,sum,W,15,1,6,2,0,-1,0,0,6,8,6
37,charged_lepton_G4,,1,-1,38,2,5,2,8,6,-1,1,product,S,48,5,3,1,0,-1,0,0,6,9,6
37,charged_lepton_G4,,1,-1,39,3,5,2,9,6,-1,1,torsion,STAY,9,0,9,3,0,-1,0,0,6,9,6
37,charged_lepton_G4,,1,-1,40,4,5,2,9,6,-1,1,sum,W,15,1,6,2,0,-1,0,0,6,9,5
37,charged_lepton_G4,,1,-1,41,5,5,2,9,5,-1,1,product,S,45,4,9,3,0,-1,0,0,6,1,5
37,charged_lepton_G4,,1,-1,42,6,5,2,1,5,-1,1,torsion,STAY,9,0,9,3,0,-1,0,0,6,1,5
37,charged_lepton_G4,,1,-1,43,7,5,2,1,5,-1,1,sum,W,6,0,6,2,0,-1,0,1,6,1,4
37,charged_lepton_G4,,1,-1,44,8,5,2,1,4,-1,1,product,S,4,0,4,1,1,-1,0,0,7,2,4
37,charged_lepton_G4,,1,-1,45,9,5,2,2,4,-1,1,torsion,STAY,9,0,9,3,0,-1,0,0,6,2,4
37,charged_lepton_G4,,1,-1,46,1,6,2,2,4,-1,1,sum,W,6,0,6,2,0,-1,0,0,6,2,3
37,charged_lepton_G4,,1,-1,47,2,6,2,2,3,-1,1,product,S,6,0,6,2,0,-1,0,0,6,3,3
37,charged_lepton_G4,,1,-1,48,3,6,2,3,3,-1,1,torsion,STAY,9,0,9,3,0,-1,0,0,6,3,3
37,charged_lepton_G4,,1,-1,49,4,6,2,3,3,-1,1,sum,W,6,0,6,2,0,-1,0,0,6,3,2
37,charged_lepton_G4,,1,-1,50,5,6,2,3,2,-1,1,product,S,6,0,6,2,0,-1,0,0,6,4,2
37,charged_lepton_G4,,1,-1,51,6,6,2,4,2,-1,1,torsion,STAY,9,0,9,3,0,-1,0,0,6,4,2
37,charged_lepton_G4,,1,-1,52,7,6,2,4,2,-1,1,sum,W,6,0,6,2,0,-1,0,0,6,4,1
37,charged_lepton_G4,,1,-1,53,8,6,2,4,1,-1,1,product,S,4,0,4,1,1,-1,0,0,6,5,1
37,charged_lepton_G4,,1,-1,54,9,6,2,5,1,-1,1,torsion,STAY,9,0,9,3,0,-1,1,0,6,5,1
37,charged_lepton_G4,,1,-1,55,1,7,3,5,1,1,-1,sum,E,6,0,6,2,0,1,0,0,6,5,2
37,charged_lepton_G4,,1,-1,56,2,7,3,5,2,1,-1,product,N,10,1,1,0,1,1,0,0,6,4,2
37,charged_lepton_G4,,1,-1,57,3,7,3,4,2,1,-1,torsion,STAY,9,0,9,3,0,1,0,0,6,4,2
37,charged_lepton_G4,,1,-1,58,4,7,3,4,2,1,-1,sum,E,6,0,6,2,0,1,0,0,6,4,3
37,charged_lepton_G4,,1,-1,59,5,7,3,4,3,1,-1,product,N,12,1,3,1,0,1,0,0,6,3,3
37,charged_lepton_G4,,1,-1,60,6,7,3,3,3,1,-1,torsion,STAY,9,0,9,3,0,1,0,0,6,3,3
37,charged_lepton_G4,,1,-1,61,7,7,3,3,3,1,-1,sum,E,6,0,6,2,0,1,0,0,6,3,4
37,charged_lepton_G4,,1,-1,62,8,7,3,3,4,1,-1,product,N,12,1,3,1,0,1,0,0,6,2,4
37,charged_lepton_G4,,1,-1,63,9,7,3,2,4,1,-1,torsion,STAY,9,0,9,3,0,1,0,0,6,2,4
37,charged_lepton_G4,,1,-1,64,1,8,3,2,4,1,-1,sum,E,6,0,6,2,0,1,0,0,6,2,5
37,charged_lepton_G4,,1,-1,65,2,8,3,2,5,1,-1,product,N,10,1,1,0,1,1,0,1,6,1,5
37,charged_lepton_G4,,1,-1,66,3,8,3,1,5,1,-1,torsion,STAY,9,0,9,3,0,1,0,0,7,1,5
37,charged_lepton_G4,,1,-1,67,4,8,3,1,5,1,-1,sum,E,6,0,6,2,0,1,0,0,6,1,6
37,charged_lepton_G4,,1,-1,68,5,8,3,1,6,1,-1,product,N,6,0,6,2,0,1,0,0,6,9,6
37,charged_lepton_G4,,1,-1,69,6,8,3,9,6,1,-1,torsion,STAY,9,0,9,3,0,1,0,0,6,9,6
37,charged_lepton_G4,,1,-1,70,7,8,3,9,6,1,-1,sum,E,15,1,6,2,0,1,0,0,6,9,7
37,charged_lepton_G4,,1,-1,71,8,8,3,9,7,1,-1,product,N,63,6,9,3,0,1,0,0,6,8,7
37,charged_lepton_G4,,1,-1,72,9,8,3,8,7,1,-1,torsion,STAY,9,0,9,3,0,1,0,0,6,8,7
37,charged_lepton_G4,,1,-1,73,1,9,3,8,7,1,-1,sum,E,15,1,6,2,0,1,0,0,6,8,8
37,charged_lepton_G4,,1,-1,74,2,9,3,8,8,1,-1,product,N,64,7,1,0,1,1,0,0,6,7,8
37,charged_lepton_G4,,1,-1,75,3,9,3,7,8,1,-1,torsion,STAY,9,0,9,3,0,1,0,0,6,7,8
37,charged_lepton_G4,,1,-1,76,4,9,3,7,8,1,-1,sum,E,15,1,6,2,0,1,0,0,6,7,9
37,charged_lepton_G4,,1,-1,77,5,9,3,7,9,1,-1,product,N,63,6,9,3,0,1,0,0,6,6,9
37,charged_lepton_G4,,1,-1,78,6,9,3,6,9,1,-1,torsion,STAY,9,0,9,3,0,1,0,0,6,6,9
37,charged_lepton_G4,,1,-1,79,7,9,3,6,9,1,-1,sum,E,15,1,6,2,0,1,0,0,6,6,1
37,charged_lepton_G4,,1,-1,80,8,9,3,6,1,1,-1,product,N,6,0,6,2,0,1,0,0,6,5,1
37,charged_lepton_G4,,1,-1,81,9,9,3,5,1,1,-1,torsion,STAY,9,0,9,3,0,1,1,0,6,5,1
37,charged_lepton_G4,,1,-1,82,1,10,4,5,1,-1,1,sum,W,6,0,6,2,0,-1,0,0,6,5,9
37,charged_lepton_G4,,1,-1,83,2,10,4,5,9,-1,1,product,S,45,4,9,3,0,-1,0,0,6,6,9
37,charged_lepton_G4,,1,-1,84,3,10,4,6,9,-1,1,torsion,STAY,9,0,9,3,0,-1,0,0,6,6,9
37,charged_lepton_G4,,1,-1,85,4,10,4,6,9,-1,1,sum,W,15,1,6,2,0,-1,0,0,6,6,8
37,charged_lepton_G4,,1,-1,86,5,10,4,6,8,-1,1,product,S,48,5,3,1,0,-1,0,0,6,7,8
37,charged_lepton_G4,,1,-1,87,6,10,4,7,8,-1,1,torsion,STAY,9,0,9,3,0,-1,0,1,6,7,8
37,charged_lepton_G4,,1,-1,88,7,10,4,7,8,-1,1,sum,W,15,1,6,2,0,-1,0,0,7,7,7
37,charged_lepton_G4,,1,-1,89,8,10,4,7,7,-1,1,product,S,49,5,4,1,1,-1,0,0,6,8,7
37,charged_lepton_G4,,1,-1,90,9,10,4,8,7,-1,1,torsion,STAY,9,0,9,3,0,-1,0,0,6,8,7
37,charged_lepton_G4,,1,-1,91,1,11,4,8,7,-1,1,sum,W,15,1,6,2,0,-1,0,0,6,8,6
37,charged_lepton_G4,,1,-1,92,2,11,4,8,6,-1,1,product,S,48,5,3,1,0,-1,0,0,6,9,6
37,charged_lepton_G4,,1,-1,93,3,11,4,9,6,-1,1,torsion,STAY,9,0,9,3,0,-1,0,0,6,9,6
37,charged_lepton_G4,,1,-1,94,4,11,4,9,6,-1,1,sum,W,15,1,6,2,0,-1,0,0,6,9,5
37,charged_lepton_G4,,1,-1,95,5,11,4,9,5,-1,1,product,S,45,4,9,3,0,-1,0,0,6,1,5
37,charged_lepton_G4,,1,-1,96,6,11,4,1,5,-1,1,torsion,STAY,9,0,9,3,0,-1,0,0,6,1,5
37,charged_lepton_G4,,1,-1,97,7,11,4,1,5,-1,1,sum,W,6,0,6,2,0,-1,0,0,6,1,4
37,charged_lepton_G4,,1,-1,98,8,11,4,1,4,-1,1,product,S,4,0,4,1,1,-1,0,0,6,2,4
37,charged_lepton_G4,,1,-1,99,9,11,4,2,4,-1,1,torsion,STAY,9,0,9,3,0,-1,0,0,6,2,4
37,charged_lepton_G4,,1,-1,100,1,12,4,2,4,-1,1,sum,W,6,0,6,2,0,-1,0,0,6,2,3
37,charged_lepton_G4,,1,-1,101,2,12,4,2,3,-1,1,product,S,6,0,6,2,0,-1,0,0,6,3,3
37,charged_lepton_G4,,1,-1,102,3,12,4,3,3,-1,1,torsion,STAY,9,0,9,3,0,-1,0,0,6,3,3
37,charged_lepton_G4,,1,-1,103,4,12,4,3,3,-1,1,sum,W,6,0,6,2,0,-1,0,0,6,3,2
37,charged_lepton_G4,,1,-1,104,5,12,4,3,2,-1,1,product,S,6,0,6,2,0,-1,0,0,6,4,2
37,charged_lepton_G4,,1,-1,105,6,12,4,4,2,-1,1,torsion,STAY,9,0,9,3,0,-1,0,0,6,4,2
37,charged_lepton_G4,,1,-1,106,7,12,4,4,2,-1,1,sum,W,6,0,6,2,0,-1,0,0,6,4,1
37,charged_lepton_G4,,1,-1,107,8,12,4,4,1,-1,1,product,S,4,0,4,1,1,-1,0,0,6,5,1
37,charged_lepton_G4,,1,-1,108,9,12,4,5,1,-1,1,torsion,STAY,9,0,9,3,0,-1,1,0,6,5,1
38,neutrino_G3,,-1,-1,1,1,1,1,5,2,-1,-1,sum,W,7,0,7,2,1,1,0,0,7,5,1
38,neutrino_G3,,-1,-1,2,2,1,1,5,1,-1,-1,product,N,5,0,5,1,2,1,0,0,6,4,1
38,neutrino_G3,,-1,-1,3,3,1,1,4,1,-1,-1,torsion,STAY,9,0,9,3,0,1,0,0,6,4,1
38,neutrino_G3,,-1,-1,4,4,1,1,4,1,-1,-1,sum,W,5,0,5,1,2,1,0,0,6,4,9
38,neutrino_G3,,-1,-1,5,5,1,1,4,9,-1,-1,product,N,36,3,9,3,0,1,0,0,6,3,9
38,neutrino_G3,,-1,-1,6,6,1,1,3,9,-1,-1,torsion,STAY,9,0,9,3,0,1,0,0,6,3,9
38,neutrino_G3,,-1,-1,7,7,1,1,3,9,-1,-1,sum,W,12,1,3,1,0,1,0,0,6,3,8
38,neutrino_G3,,-1,-1,8,8,1,1,3,8,-1,-1,product,N,24,2,6,2,0,1,0,0,6,2,8
38,neutrino_G3,,-1,-1,9,9,1,1,2,8,-1,-1,torsion,STAY,9,0,9,3,0,1,0,0,6,2,8
38,neutrino_G3,,-1,-1,10,1,2,1,2,8,-1,-1,sum,W,10,1,1,0,1,1,0,0,6,2,7
38,neutrino_G3,,-1,-1,11,2,2,1,2,7,-1,-1,product,N,14,1,5,1,2,1,0,0,6,1,7
38,neutrino_G3,,-1,-1,12,3,2,1,1,7,-1,-1,torsion,STAY,9,0,9,3,0,1,0,0,6,1,7
38,neutrino_G3,,-1,-1,13,4,2,1,1,7,-1,-1,sum,W,8,0,8,2,2,1,0,0,6,1,6
38,neutrino_G3,,-1,-1,14,5,2,1,1,6,-1,-1,product,N,6,0,6,2,0,1,0,0,6,9,6
38,neutrino_G3,,-1,-1,15,6,2,1,9,6,-1,-1,torsion,STAY,9,0,9,3,0,1,0,0,6,9,6
38,neutrino_G3,,-1,-1,16,7,2,1,9,6,-1,-1,sum,W,15,1,6,2,0,1,0,0,6,9,5
38,neutrino_G3,,-1,-1,17,8,2,1,9,5,-1,-1,product,N,45,4,9,3,0,1,0,0,6,8,5
38,neutrino_G3,,-1,-1,18,9,2,1,8,5,-1,-1,torsion,STAY,9,0,9,3,0,1,0,0,6,8,5
38,neutrino_G3,,-1,-1,19,1,3,1,8,5,-1,-1,sum,W,13,1,4,1,1,1,0,0,6,8,4
38,neutrino_G3,,-1,-1,20,2,3,1,8,4,-1,-1,product,N,32,3,5,1,2,1,0,0,6,7,4
38,neutrino_G3,,-1,-1,21,3,3,1,7,4,-1,-1,torsion,STAY,9,0,9,3,0,1,0,1,6,7,4
38,neutrino_G3,,-1,-1,22,4,3,1,7,4,-1,-1,sum,W,11,1,2,0,2,1,0,0,7,7,3
38,neutrino_G3,,-1,-1,23,5,3,1,7,3,-1,-1,product,N,21,2,3,1,0,1,0,0,6,6,3
38,neutrino_G3,,-1,-1,24,6,3,1,6,3,-1,-1,torsion,STAY,9,0,9,3,0,1,0,0,6,6,3
38,neutrino_G3,,-1,-1,25,7,3,1,6,3,-1,-1,sum,W,9,0,9,3,0,1,0,0,6,6,2
38,neutrino_G3,,-1,-1,26,8,3,1,6,2,-1,-1,product,N,12,1,3,1,0,1,0,0,6,5,2
38,neutrino_G3,,-1,-1,27,9,3,1,5,2,-1,-1,torsion,STAY,9,0,9,3,0,1,1,0,6,5,2
38,neutrino_G3,,-1,-1,28,1,4,2,5,2,1,1,sum,E,7,0,7,2,1,-1,0,0,6,5,3
38,neutrino_G3,,-1,-1,29,2,4,2,5,3,1,1,product,S,15,1,6,2,0,-1,0,0,6,6,3
38,neutrino_G3,,-1,-1,30,3,4,2,6,3,1,1,torsion,STAY,9,0,9,3,0,-1,0,0,6,6,3
38,neutrino_G3,,-1,-1,31,4,4,2,6,3,1,1,sum,E,9,0,9,3,0,-1,0,0,6,6,4
38,neutrino_G3,,-1,-1,32,5,4,2,6,4,1,1,product,S,24,2,6,2,0,-1,0,0,6,7,4
38,neutrino_G3,,-1,-1,33,6,4,2,7,4,1,1,torsion,STAY,9,0,9,3,0,-1,0,0,6,7,4
38,neutrino_G3,,-1,-1,34,7,4,2,7,4,1,1,sum,E,11,1,2,0,2,-1,0,0,6,7,5
38,neutrino_G3,,-1,-1,35,8,4,2,7,5,1,1,product,S,35,3,8,2,2,-1,0,0,6,8,5
38,neutrino_G3,,-1,-1,36,9,4,2,8,5,1,1,torsion,STAY,9,0,9,3,0,-1,0,0,6,8,5
38,neutrino_G3,,-1,-1,37,1,5,2,8,5,1,1,sum,E,13,1,4,1,1,-1,0,0,6,8,6
38,neutrino_G3,,-1,-1,38,2,5,2,8,6,1,1,product,S,48,5,3,1,0,-1,0,0,6,9,6
38,neutrino_G3,,-1,-1,39,3,5,2,9,6,1,1,torsion,STAY,9,0,9,3,0,-1,0,0,6,9,6
38,neutrino_G3,,-1,-1,40,4,5,2,9,6,1,1,sum,E,15,1,6,2,0,-1,0,0,6,9,7
38,neutrino_G3,,-1,-1,41,5,5,2,9,7,1,1,product,S,63,6,9,3,0,-1,0,0,6,1,7
38,neutrino_G3,,-1,-1,42,6,5,2,1,7,1,1,torsion,STAY,9,0,9,3,0,-1,0,0,6,1,7
38,neutrino_G3,,-1,-1,43,7,5,2,1,7,1,1,sum,E,8,0,8,2,2,-1,0,1,6,1,8
38,neutrino_G3,,-1,-1,44,8,5,2,1,8,1,1,product,S,8,0,8,2,2,-1,0,0,7,2,8
38,neutrino_G3,,-1,-1,45,9,5,2,2,8,1,1,torsion,STAY,9,0,9,3,0,-1,0,0,6,2,8
38,neutrino_G3,,-1,-1,46,1,6,2,2,8,1,1,sum,E,10,1,1,0,1,-1,0,0,6,2,9
38,neutrino_G3,,-1,-1,47,2,6,2,2,9,1,1,product,S,18,1,9,3,0,-1,0,0,6,3,9
38,neutrino_G3,,-1,-1,48,3,6,2,3,9,1,1,torsion,STAY,9,0,9,3,0,-1,0,0,6,3,9
38,neutrino_G3,,-1,-1,49,4,6,2,3,9,1,1,sum,E,12,1,3,1,0,-1,0,0,6,3,1
38,neutrino_G3,,-1,-1,50,5,6,2,3,1,1,1,product,S,3,0,3,1,0,-1,0,0,6,4,1
38,neutrino_G3,,-1,-1,51,6,6,2,4,1,1,1,torsion,STAY,9,0,9,3,0,-1,0,0,6,4,1
38,neutrino_G3,,-1,-1,52,7,6,2,4,1,1,1,sum,E,5,0,5,1,2,-1,0,0,6,4,2
38,neutrino_G3,,-1,-1,53,8,6,2,4,2,1,1,product,S,8,0,8,2,2,-1,0,0,6,5,2
38,neutrino_G3,,-1,-1,54,9,6,2,5,2,1,1,torsion,STAY,9,0,9,3,0,-1,1,0,6,5,2
38,neutrino_G3,,-1,-1,55,1,7,3,5,2,-1,-1,sum,W,7,0,7,2,1,1,0,0,6,5,1
38,neutrino_G3,,-1,-1,56,2,7,3,5,1,-1,-1,product,N,5,0,5,1,2,1,0,0,6,4,1
38,neutrino_G3,,-1,-1,57,3,7,3,4,1,-1,-1,torsion,STAY,9,0,9,3,0,1,0,0,6,4,1
38,neutrino_G3,,-1,-1,58,4,7,3,4,1,-1,-1,sum,W,5,0,5,1,2,1,0,0,6,4,9
38,neutrino_G3,,-1,-1,59,5,7,3,4,9,-1,-1,product,N,36,3,9,3,0,1,0,0,6,3,9
38,neutrino_G3,,-1,-1,60,6,7,3,3,9,-1,-1,torsion,STAY,9,0,9,3,0,1,0,0,6,3,9
38,neutrino_G3,,-1,-1,61,7,7,3,3,9,-1,-1,sum,W,12,1,3,1,0,1,0,0,6,3,8
38,neutrino_G3,,-1,-1,62,8,7,3,3,8,-1,-1,product,N,24,2,6,2,0,1,0,0,6,2,8
38,neutrino_G3,,-1,-1,63,9,7,3,2,8,-1,-1,torsion,STAY,9,0,9,3,0,1,0,0,6,2,8
38,neutrino_G3,,-1,-1,64,1,8,3,2,8,-1,-1,sum,W,10,1,1,0,1,1,0,0,6,2,7
38,neutrino_G3,,-1,-1,65,2,8,3,2,7,-1,-1,product,N,14,1,5,1,2,1,0,1,6,1,7
38,neutrino_G3,,-1,-1,66,3,8,3,1,7,-1,-1,torsion,STAY,9,0,9,3,0,1,0,0,7,1,7
38,neutrino_G3,,-1,-1,67,4,8,3,1,7,-1,-1,sum,W,8,0,8,2,2,1,0,0,6,1,6
38,neutrino_G3,,-1,-1,68,5,8,3,1,6,-1,-1,product,N,6,0,6,2,0,1,0,0,6,9,6
38,neutrino_G3,,-1,-1,69,6,8,3,9,6,-1,-1,torsion,STAY,9,0,9,3,0,1,0,0,6,9,6
38,neutrino_G3,,-1,-1,70,7,8,3,9,6,-1,-1,sum,W,15,1,6,2,0,1,0,0,6,9,5
38,neutrino_G3,,-1,-1,71,8,8,3,9,5,-1,-1,product,N,45,4,9,3,0,1,0,0,6,8,5
38,neutrino_G3,,-1,-1,72,9,8,3,8,5,-1,-1,torsion,STAY,9,0,9,3,0,1,0,0,6,8,5
38,neutrino_G3,,-1,-1,73,1,9,3,8,5,-1,-1,sum,W,13,1,4,1,1,1,0,0,6,8,4
38,neutrino_G3,,-1,-1,74,2,9,3,8,4,-1,-1,product,N,32,3,5,1,2,1,0,0,6,7,4
38,neutrino_G3,,-1,-1,75,3,9,3,7,4,-1,-1,torsion,STAY,9,0,9,3,0,1,0,0,6,7,4
38,neutrino_G3,,-1,-1,76,4,9,3,7,4,-1,-1,sum,W,11,1,2,0,2,1,0,0,6,7,3
38,neutrino_G3,,-1,-1,77,5,9,3,7,3,-1,-1,product,N,21,2,3,1,0,1,0,0,6,6,3
38,neutrino_G3,,-1,-1,78,6,9,3,6,3,-1,-1,torsion,STAY,9,0,9,3,0,1,0,0,6,6,3
38,neutrino_G3,,-1,-1,79,7,9,3,6,3,-1,-1,sum,W,9,0,9,3,0,1,0,0,6,6,2
38,neutrino_G3,,-1,-1,80,8,9,3,6,2,-1,-1,product,N,12,1,3,1,0,1,0,0,6,5,2
38,neutrino_G3,,-1,-1,81,9,9,3,5,2,-1,-1,torsion,STAY,9,0,9,3,0,1,1,0,6,5,2
38,neutrino_G3,,-1,-1,82,1,10,4,5,2,1,1,sum,E,7,0,7,2,1,-1,0,0,6,5,3
38,neutrino_G3,,-1,-1,83,2,10,4,5,3,1,1,product,S,15,1,6,2,0,-1,0,0,6,6,3
38,neutrino_G3,,-1,-1,84,3,10,4,6,3,1,1,torsion,STAY,9,0,9,3,0,-1,0,0,6,6,3
38,neutrino_G3,,-1,-1,85,4,10,4,6,3,1,1,sum,E,9,0,9,3,0,-1,0,0,6,6,4
38,neutrino_G3,,-1,-1,86,5,10,4,6,4,1,1,product,S,24,2,6,2,0,-1,0,0,6,7,4
38,neutrino_G3,,-1,-1,87,6,10,4,7,4,1,1,torsion,STAY,9,0,9,3,0,-1,0,1,6,7,4
38,neutrino_G3,,-1,-1,88,7,10,4,7,4,1,1,sum,E,11,1,2,0,2,-1,0,0,7,7,5
38,neutrino_G3,,-1,-1,89,8,10,4,7,5,1,1,product,S,35,3,8,2,2,-1,0,0,6,8,5
38,neutrino_G3,,-1,-1,90,9,10,4,8,5,1,1,torsion,STAY,9,0,9,3,0,-1,0,0,6,8,5
38,neutrino_G3,,-1,-1,91,1,11,4,8,5,1,1,sum,E,13,1,4,1,1,-1,0,0,6,8,6
38,neutrino_G3,,-1,-1,92,2,11,4,8,6,1,1,product,S,48,5,3,1,0,-1,0,0,6,9,6
38,neutrino_G3,,-1,-1,93,3,11,4,9,6,1,1,torsion,STAY,9,0,9,3,0,-1,0,0,6,9,6
38,neutrino_G3,,-1,-1,94,4,11,4,9,6,1,1,sum,E,15,1,6,2,0,-1,0,0,6,9,7
38,neutrino_G3,,-1,-1,95,5,11,4,9,7,1,1,product,S,63,6,9,3,0,-1,0,0,6,1,7
38,neutrino_G3,,-1,-1,96,6,11,4,1,7,1,1,torsion,STAY,9,0,9,3,0,-1,0,0,6,1,7
38,neutrino_G3,,-1,-1,97,7,11,4,1,7,1,1,sum,E,8,0,8,2,2,-1,0,0,6,1,8
38,neutrino_G3,,-1,-1,98,8,11,4,1,8,1,1,product,S,8,0,8,2,2,-1,0,0,6,2,8
38,neutrino_G3,,-1,-1,99,9,11,4,2,8,1,1,torsion,STAY,9,0,9,3,0,-1,0,0,6,2,8
38,neutrino_G3,,-1,-1,100,1,12,4,2,8,1,1,sum,E,10,1,1,0,1,-1,0,0,6,2,9
38,neutrino_G3,,-1,-1,101,2,12,4,2,9,1,1,product,S,18,1,9,3,0,-1,0,0,6,3,9
38,neutrino_G3,,-1,-1,102,3,12,4,3,9,1,1,torsion,STAY,9,0,9,3,0,-1,0,0,6,3,9
38,neutrino_G3,,-1,-1,103,4,12,4,3,9,1,1,sum,E,12,1,3,1,0,-1,0,0,6,3,1
38,neutrino_G3,,-1,-1,104,5,12,4,3,1,1,1,product,S,3,0,3,1,0,-1,0,0,6,4,1
38,neutrino_G3,,-1,-1,105,6,12,4,4,1,1,1,torsion,STAY,9,0,9,3,0,-1,0,0,6,4,1
38,neutrino_G3,,-1,-1,106,7,12,4,4,1,1,1,sum,E,5,0,5,1,2,-1,0,0,6,4,2
38,neutrino_G3,,-1,-1,107,8,12,4,4,2,1,1,product,S,8,0,8,2,2,-1,0,0,6,5,2
38,neutrino_G3,,-1,-1,108,9,12,4,5,2,1,1,torsion,STAY,9,0,9,3,0,-1,1,0,6,5,2
39,charged_lepton_G2,,-1,1,1,1,1,1,5,3,-1,1,sum,W,8,0,8,2,2,1,0,0,7,5,2
39,charged_lepton_G2,,-1,1,2,2,1,1,5,2,-1,1,product,S,10,1,1,0,1,1,0,0,6,6,2
39,charged_lepton_G2,,-1,1,3,3,1,1,6,2,-1,1,torsion,STAY,9,0,9,3,0,1,0,0,6,6,2
39,charged_lepton_G2,,-1,1,4,4,1,1,6,2,-1,1,sum,W,8,0,8,2,2,1,0,0,6,6,1
39,charged_lepton_G2,,-1,1,5,5,1,1,6,1,-1,1,product,S,6,0,6,2,0,1,0,0,6,7,1
39,charged_lepton_G2,,-1,1,6,6,1,1,7,1,-1,1,torsion,STAY,9,0,9,3,0,1,0,0,6,7,1
39,charged_lepton_G2,,-1,1,7,7,1,1,7,1,-1,1,sum,W,8,0,8,2,2,1,0,0,6,7,9
39,charged_lepton_G2,,-1,1,8,8,1,1,7,9,-1,1,product,S,63,6,9,3,0,1,0,0,6,8,9
39,charged_lepton_G2,,-1,1,9,9,1,1,8,9,-1,1,torsion,STAY,9,0,9,3,0,1,0,0,6,8,9
39,charged_lepton_G2,,-1,1,10,1,2,1,8,9,-1,1,sum,W,17,1,8,2,2,1,0,0,6,8,8
39,charged_lepton_G2,,-1,1,11,2,2,1,8,8,-1,1,product,S,64,7,1,0,1,1,0,0,6,9,8
39,charged_lepton_G2,,-1,1,12,3,2,1,9,8,-1,1,torsion,STAY,9,0,9,3,0,1,0,0,6,9,8
39,charged_lepton_G2,,-1,1,13,4,2,1,9,8,-1,1,sum,W,17,1,8,2,2,1,0,0,6,9,7
39,charged_lepton_G2,,-1,1,14,5,2,1,9,7,-1,1,product,S,63,6,9,3,0,1,0,0,6,1,7
39,charged_lepton_G2,,-1,1,15,6,2,1,1,7,-1,1,torsion,STAY,9,0,9,3,0,1,0,0,6,1,7
39,charged_lepton_G2,,-1,1,16,7,2,1,1,7,-1,1,sum,W,8,0,8,2,2,1,0,0,6,1,6
39,charged_lepton_G2,,-1,1,17,8,2,1,1,6,-1,1,product,S,6,0,6,2,0,1,0,0,6,2,6
39,charged_lepton_G2,,-1,1,18,9,2,1,2,6,-1,1,torsion,STAY,9,0,9,3,0,1,0,0,6,2,6
39,charged_lepton_G2,,-1,1,19,1,3,1,2,6,-1,1,sum,W,8,0,8,2,2,1,0,0,6,2,5
39,charged_lepton_G2,,-1,1,20,2,3,1,2,5,-1,1,product,S,10,1,1,0,1,1,0,0,6,3,5
39,charged_lepton_G2,,-1,1,21,3,3,1,3,5,-1,1,torsion,STAY,9,0,9,3,0,1,0,1,6,3,5
39,charged_lepton_G2,,-1,1,22,4,3,1,3,5,-1,1,sum,W,8,0,8,2,2,1,0,0,7,3,4
39,charged_lepton_G2,,-1,1,23,5,3,1,3,4,-1,1,product,S,12,1,3,1,0,1,0,0,6,4,4
39,charged_lepton_G2,,-1,1,24,6,3,1,4,4,-1,1,torsion,STAY,9,0,9,3,0,1,0,0,6,4,4
39,charged_lepton_G2,,-1,1,25,7,3,1,4,4,-1,1,sum,W,8,0,8,2,2,1,0,0,6,4,3
39,charged_lepton_G2,,-1,1,26,8,3,1,4,3,-1,1,product,S,12,1,3,1,0,1,0,0,6,5,3
39,charged_lepton_G2,,-1,1,27,9,3,1,5,3,-1,1,torsion,STAY,9,0,9,3,0,1,1,0,6,5,3
39,charged_lepton_G2,,-1,1,28,1,4,2,5,3,1,-1,sum,E,8,0,8,2,2,-1,0,0,6,5,4
39,charged_lepton_G2,,-1,1,29,2,4,2,5,4,1,-1,product,N,20,2,2,0,2,-1,0,0,6,4,4
39,charged_lepton_G2,,-1,1,30,3,4,2,4,4,1,-1,torsion,STAY,9,0,9,3,0,-1,0,0,6,4,4
39,charged_lepton_G2,,-1,1,31,4,4,2,4,4,1,-1,sum,E,8,0,8,2,2,-1,0,0,6,4,5
39,charged_lepton_G2,,-1,1,32,5,4,2,4,5,1,-1,product,N,20,2,2,0,2,-1,0,0,6,3,5
39,charged_lepton_G2,,-1,1,33,6,4,2,3,5,1,-1,torsion,STAY,9,0,9,3,0,-1,0,0,6,3,5
39,charged_lepton_G2,,-1,1,34,7,4,2,3,5,1,-1,sum,E,8,0,8,2,2,-1,0,0,6,3,6
39,charged_lepton_G2,,-1,1,35,8,4,2,3,6,1,-1,product,N,18,1,9,3,0,-1,0,0,6,2,6
39,charged_lepton_G2,,-1,1,36,9,4,2,2,6,1,-1,torsion,STAY,9,0,9,3,0,-1,0,0,6,2,6
39,charged_lepton_G2,,-1,1,37,1,5,2,2,6,1,-1,sum,E,8,0,8,2,2,-1,0,0,6,2,7
39,charged_lepton_G2,,-1,1,38,2,5,2,2,7,1,-1,product,N,14,1,5,1,2,-1,0,0,6,1,7
39,charged_lepton_G2,,-1,1,39,3,5,2,1,7,1,-1,torsion,STAY,9,0,9,3,0,-1,0,0,6,1,7
39,charged_lepton_G2,,-1,1,40,4,5,2,1,7,1,-1,sum,E,8,0,8,2,2,-1,0,0,6,1,8
39,charged_lepton_G2,,-1,1,41,5,5,2,1,8,1,-1,product,N,8,0,8,2,2,-1,0,0,6,9,8
39,charged_lepton_G2,,-1,1,42,6,5,2,9,8,1,-1,torsion,STAY,9,0,9,3,0,-1,0,0,6,9,8
39,charged_lepton_G2,,-1,1,43,7,5,2,9,8,1,-1,sum,E,17,1,8,2,2,-1,0,1,6,9,9
39,charged_lepton_G2,,-1,1,44,8,5,2,9,9,1,-1,product,N,81,8,9,3,0,-1,0,0,7,8,9
39,charged_lepton_G2,,-1,1,45,9,5,2,8,9,1,-1,torsion,STAY,9,0,9,3,0,-1,0,0,6,8,9
39,charged_lepton_G2,,-1,1,46,1,6,2,8,9,1,-1,sum,E,17,1,8,2,2,-1,0,0,6,8,1
39,charged_lepton_G2,,-1,1,47,2,6,2,8,1,1,-1,product,N,8,0,8,2,2,-1,0,0,6,7,1
39,charged_lepton_G2,,-1,1,48,3,6,2,7,1,1,-1,torsion,STAY,9,0,9,3,0,-1,0,0,6,7,1
39,charged_lepton_G2,,-1,1,49,4,6,2,7,1,1,-1,sum,E,8,0,8,2,2,-1,0,0,6,7,2
39,charged_lepton_G2,,-1,1,50,5,6,2,7,2,1,-1,product,N,14,1,5,1,2,-1,0,0,6,6,2
39,charged_lepton_G2,,-1,1,51,6,6,2,6,2,1,-1,torsion,STAY,9,0,9,3,0,-1,0,0,6,6,2
39,charged_lepton_G2,,-1,1,52,7,6,2,6,2,1,-1,sum,E,8,0,8,2,2,-1,0,0,6,6,3
39,charged_lepton_G2,,-1,1,53,8,6,2,6,3,1,-1,product,N,18,1,9,3,0,-1,0,0,6,5,3
39,charged_lepton_G2,,-1,1,54,9,6,2,5,3,1,-1,torsion,STAY,9,0,9,3,0,-1,1,0,6,5,3
39,charged_lepton_G2,,-1,1,55,1,7,3,5,3,-1,1,sum,W,8,0,8,2,2,1,0,0,6,5,2
39,charged_lepton_G2,,-1,1,56,2,7,3,5,2,-1,1,product,S,10,1,1,0,1,1,0,0,6,6,2
39,charged_lepton_G2,,-1,1,57,3,7,3,6,2,-1,1,torsion,STAY,9,0,9,3,0,1,0,0,6,6,2
39,charged_lepton_G2,,-1,1,58,4,7,3,6,2,-1,1,sum,W,8,0,8,2,2,1,0,0,6,6,1
39,charged_lepton_G2,,-1,1,59,5,7,3,6,1,-1,1,product,S,6,0,6,2,0,1,0,0,6,7,1
39,charged_lepton_G2,,-1,1,60,6,7,3,7,1,-1,1,torsion,STAY,9,0,9,3,0,1,0,0,6,7,1
39,charged_lepton_G2,,-1,1,61,7,7,3,7,1,-1,1,sum,W,8,0,8,2,2,1,0,0,6,7,9
39,charged_lepton_G2,,-1,1,62,8,7,3,7,9,-1,1,product,S,63,6,9,3,0,1,0,0,6,8,9
39,charged_lepton_G2,,-1,1,63,9,7,3,8,9,-1,1,torsion,STAY,9,0,9,3,0,1,0,0,6,8,9
39,charged_lepton_G2,,-1,1,64,1,8,3,8,9,-1,1,sum,W,17,1,8,2,2,1,0,0,6,8,8
39,charged_lepton_G2,,-1,1,65,2,8,3,8,8,-1,1,product,S,64,7,1,0,1,1,0,1,6,9,8
39,charged_lepton_G2,,-1,1,66,3,8,3,9,8,-1,1,torsion,STAY,9,0,9,3,0,1,0,0,7,9,8
39,charged_lepton_G2,,-1,1,67,4,8,3,9,8,-1,1,sum,W,17,1,8,2,2,1,0,0,6,9,7
39,charged_lepton_G2,,-1,1,68,5,8,3,9,7,-1,1,product,S,63,6,9,3,0,1,0,0,6,1,7
39,charged_lepton_G2,,-1,1,69,6,8,3,1,7,-1,1,torsion,STAY,9,0,9,3,0,1,0,0,6,1,7
39,charged_lepton_G2,,-1,1,70,7,8,3,1,7,-1,1,sum,W,8,0,8,2,2,1,0,0,6,1,6
39,charged_lepton_G2,,-1,1,71,8,8,3,1,6,-1,1,product,S,6,0,6,2,0,1,0,0,6,2,6
39,charged_lepton_G2,,-1,1,72,9,8,3,2,6,-1,1,torsion,STAY,9,0,9,3,0,1,0,0,6,2,6
39,charged_lepton_G2,,-1,1,73,1,9,3,2,6,-1,1,sum,W,8,0,8,2,2,1,0,0,6,2,5
39,charged_lepton_G2,,-1,1,74,2,9,3,2,5,-1,1,product,S,10,1,1,0,1,1,0,0,6,3,5
39,charged_lepton_G2,,-1,1,75,3,9,3,3,5,-1,1,torsion,STAY,9,0,9,3,0,1,0,0,6,3,5
39,charged_lepton_G2,,-1,1,76,4,9,3,3,5,-1,1,sum,W,8,0,8,2,2,1,0,0,6,3,4
39,charged_lepton_G2,,-1,1,77,5,9,3,3,4,-1,1,product,S,12,1,3,1,0,1,0,0,6,4,4
39,charged_lepton_G2,,-1,1,78,6,9,3,4,4,-1,1,torsion,STAY,9,0,9,3,0,1,0,0,6,4,4
39,charged_lepton_G2,,-1,1,79,7,9,3,4,4,-1,1,sum,W,8,0,8,2,2,1,0,0,6,4,3
39,charged_lepton_G2,,-1,1,80,8,9,3,4,3,-1,1,product,S,12,1,3,1,0,1,0,0,6,5,3
39,charged_lepton_G2,,-1,1,81,9,9,3,5,3,-1,1,torsion,STAY,9,0,9,3,0,1,1,0,6,5,3
39,charged_lepton_G2,,-1,1,82,1,10,4,5,3,1,-1,sum,E,8,0,8,2,2,-1,0,0,6,5,4
39,charged_lepton_G2,,-1,1,83,2,10,4,5,4,1,-1,product,N,20,2,2,0,2,-1,0,0,6,4,4
39,charged_lepton_G2,,-1,1,84,3,10,4,4,4,1,-1,torsion,STAY,9,0,9,3,0,-1,0,0,6,4,4
39,charged_lepton_G2,,-1,1,85,4,10,4,4,4,1,-1,sum,E,8,0,8,2,2,-1,0,0,6,4,5
39,charged_lepton_G2,,-1,1,86,5,10,4,4,5,1,-1,product,N,20,2,2,0,2,-1,0,0,6,3,5
39,charged_lepton_G2,,-1,1,87,6,10,4,3,5,1,-1,torsion,STAY,9,0,9,3,0,-1,0,1,6,3,5
39,charged_lepton_G2,,-1,1,88,7,10,4,3,5,1,-1,sum,E,8,0,8,2,2,-1,0,0,7,3,6
39,charged_lepton_G2,,-1,1,89,8,10,4,3,6,1,-1,product,N,18,1,9,3,0,-1,0,0,6,2,6
39,charged_lepton_G2,,-1,1,90,9,10,4,2,6,1,-1,torsion,STAY,9,0,9,3,0,-1,0,0,6,2,6
39,charged_lepton_G2,,-1,1,91,1,11,4,2,6,1,-1,sum,E,8,0,8,2,2,-1,0,0,6,2,7
39,charged_lepton_G2,,-1,1,92,2,11,4,2,7,1,-1,product,N,14,1,5,1,2,-1,0,0,6,1,7
39,charged_lepton_G2,,-1,1,93,3,11,4,1,7,1,-1,torsion,STAY,9,0,9,3,0,-1,0,0,6,1,7
39,charged_lepton_G2,,-1,1,94,4,11,4,1,7,1,-1,sum,E,8,0,8,2,2,-1,0,0,6,1,8
39,charged_lepton_G2,,-1,1,95,5,11,4,1,8,1,-1,product,N,8,0,8,2,2,-1,0,0,6,9,8
39,charged_lepton_G2,,-1,1,96,6,11,4,9,8,1,-1,torsion,STAY,9,0,9,3,0,-1,0,0,6,9,8
39,charged_lepton_G2,,-1,1,97,7,11,4,9,8,1,-1,sum,E,17,1,8,2,2,-1,0,0,6,9,9
39,charged_lepton_G2,,-1,1,98,8,11,4,9,9,1,-1,product,N,81,8,9,3,0,-1,0,0,6,8,9
39,charged_lepton_G2,,-1,1,99,9,11,4,8,9,1,-1,torsion,STAY,9,0,9,3,0,-1,0,0,6,8,9
39,charged_lepton_G2,,-1,1,100,1,12,4,8,9,1,-1,sum,E,17,1,8,2,2,-1,0,0,6,8,1
39,charged_lepton_G2,,-1,1,101,2,12,4,8,1,1,-1,product,N,8,0,8,2,2,-1,0,0,6,7,1
39,charged_lepton_G2,,-1,1,102,3,12,4,7,1,1,-1,torsion,STAY,9,0,9,3,0,-1,0,0,6,7,1
39,charged_lepton_G2,,-1,1,103,4,12,4,7,1,1,-1,sum,E,8,0,8,2,2,-1,0,0,6,7,2
39,charged_lepton_G2,,-1,1,104,5,12,4,7,2,1,-1,product,N,14,1,5,1,2,-1,0,0,6,6,2
39,charged_lepton_G2,,-1,1,105,6,12,4,6,2,1,-1,torsion,STAY,9,0,9,3,0,-1,0,0,6,6,2
39,charged_lepton_G2,,-1,1,106,7,12,4,6,2,1,-1,sum,E,8,0,8,2,2,-1,0,0,6,6,3
39,charged_lepton_G2,,-1,1,107,8,12,4,6,3,1,-1,product,N,18,1,9,3,0,-1,0,0,6,5,3
39,charged_lepton_G2,,-1,1,108,9,12,4,5,3,1,-1,torsion,STAY,9,0,9,3,0,-1,1,0,6,5,3
40,neutrino_G1,,1,-1,1,1,1,1,5,4,1,-1,sum,E,9,0,9,3,0,1,0,0,7,5,5
40,neutrino_G1,,1,-1,2,2,1,1,5,5,1,-1,product,N,25,2,7,2,1,1,0,0,6,4,5
40,neutrino_G1,,1,-1,3,3,1,1,4,5,1,-1,torsion,STAY,9,0,9,3,0,1,0,0,6,4,5
40,neutrino_G1,,1,-1,4,4,1,1,4,5,1,-1,sum,E,9,0,9,3,0,1,0,0,6,4,6
40,neutrino_G1,,1,-1,5,5,1,1,4,6,1,-1,product,N,24,2,6,2,0,1,0,0,6,3,6
40,neutrino_G1,,1,-1,6,6,1,1,3,6,1,-1,torsion,STAY,9,0,9,3,0,1,0,0,6,3,6
40,neutrino_G1,,1,-1,7,7,1,1,3,6,1,-1,sum,E,9,0,9,3,0,1,0,0,6,3,7
40,neutrino_G1,,1,-1,8,8,1,1,3,7,1,-1,product,N,21,2,3,1,0,1,0,0,6,2,7
40,neutrino_G1,,1,-1,9,9,1,1,2,7,1,-1,torsion,STAY,9,0,9,3,0,1,0,0,6,2,7
40,neutrino_G1,,1,-1,10,1,2,1,2,7,1,-1,sum,E,9,0,9,3,0,1,0,0,6,2,8
40,neutrino_G1,,1,-1,11,2,2,1,2,8,1,-1,product,N,16,1,7,2,1,1,0,0,6,1,8
40,neutrino_G1,,1,-1,12,3,2,1,1,8,1,-1,torsion,STAY,9,0,9,3,0,1,0,0,6,1,8
40,neutrino_G1,,1,-1,13,4,2,1,1,8,1,-1,sum,E,9,0,9,3,0,1,0,0,6,1,9
40,neutrino_G1,,1,-1,14,5,2,1,1,9,1,-1,product,N,9,0,9,3,0,1,0,0,6,9,9
40,neutrino_G1,,1,-1,15,6,2,1,9,9,1,-1,torsion,STAY,9,0,9,3,0,1,0,0,6,9,9
40,neutrino_G1,,1,-1,16,7,2,1,9,9,1,-1,sum,E,18,1,9,3,0,1,0,0,6,9,1
40,neutrino_G1,,1,-1,17,8,2,1,9,1,1,-1,product,N,9,0,9,3,0,1,0,0,6,8,1
40,neutrino_G1,,1,-1,18,9,2,1,8,1,1,-1,torsion,STAY,9,0,9,3,0,1,0,0,6,8,1
40,neutrino_G1,,1,-1,19,1,3,1,8,1,1,-1,sum,E,9,0,9,3,0,1,0,0,6,8,2
40,neutrino_G1,,1,-1,20,2,3,1,8,2,1,-1,product,N,16,1,7,2,1,1,0,0,6,7,2
40,neutrino_G1,,1,-1,21,3,3,1,7,2,1,-1,torsion,STAY,9,0,9,3,0,1,0,1,6,7,2
40,neutrino_G1,,1,-1,22,4,3,1,7,2,1,-1,sum,E,9,0,9,3,0,1,0,0,7,7,3
40,neutrino_G1,,1,-1,23,5,3,1,7,3,1,-1,product,N,21,2,3,1,0,1,0,0,6,6,3
40,neutrino_G1,,1,-1,24,6,3,1,6,3,1,-1,torsion,STAY,9,0,9,3,0,1,0,0,6,6,3
40,neutrino_G1,,1,-1,25,7,3,1,6,3,1,-1,sum,E,9,0,9,3,0,1,0,0,6,6,4
40,neutrino_G1,,1,-1,26,8,3,1,6,4,1,-1,product,N,24,2,6,2,0,1,0,0,6,5,4
40,neutrino_G1,,1,-1,27,9,3,1,5,4,1,-1,torsion,STAY,9,0,9,3,0,1,1,0,6,5,4
40,neutrino_G1,,1,-1,28,1,4,2,5,4,-1,1,sum,W,9,0,9,3,0,-1,0,0,6,5,3
40,neutrino_G1,,1,-1,29,2,4,2,5,3,-1,1,product,S,15,1,6,2,0,-1,0,0,6,6,3
40,neutrino_G1,,1,-1,30,3,4,2,6,3,-1,1,torsion,STAY,9,0,9,3,0,-1,0,0,6,6,3
40,neutrino_G1,,1,-1,31,4,4,2,6,3,-1,1,sum,W,9,0,9,3,0,-1,0,0,6,6,2
40,neutrino_G1,,1,-1,32,5,4,2,6,2,-1,1,product,S,12,1,3,1,0,-1,0,0,6,7,2
40,neutrino_G1,,1,-1,33,6,4,2,7,2,-1,1,torsion,STAY,9,0,9,3,0,-1,0,0,6,7,2
40,neutrino_G1,,1,-1,34,7,4,2,7,2,-1,1,sum,W,9,0,9,3,0,-1,0,0,6,7,1
40,neutrino_G1,,1,-1,35,8,4,2,7,1,-1,1,product,S,7,0,7,2,1,-1,0,0,6,8,1
40,neutrino_G1,,1,-1,36,9,4,2,8,1,-1,1,torsion,STAY,9,0,9,3,0,-1,0,0,6,8,1
40,neutrino_G1,,1,-1,37,1,5,2,8,1,-1,1,sum,W,9,0,9,3,0,-1,0,0,6,8,9
40,neutrino_G1,,1,-1,38,2,5,2,8,9,-1,1,product,S,72,7,9,3,0,-1,0,0,6,9,9
40,neutrino_G1,,1,-1,39,3,5,2,9,9,-1,1,torsion,STAY,9,0,9,3,0,-1,0,0,6,9,9
40,neutrino_G1,,1,-1,40,4,5,2,9,9,-1,1,sum,W,18,1,9,3,0,-1,0,0,6,9,8
40,neutrino_G1,,1,-1,41,5,5,2,9,8,-1,1,product,S,72,7,9,3,0,-1,0,0,6,1,8
40,neutrino_G1,,1,-1,42,6,5,2,1,8,-1,1,torsion,STAY,9,0,9,3,0,-1,0,0,6,1,8
40,neutrino_G1,,1,-1,43,7,5,2,1,8,-1,1,sum,W,9,0,9,3,0,-1,0,1,6,1,7
40,neutrino_G1,,1,-1,44,8,5,2,1,7,-1,1,product,S,7,0,7,2,1,-1,0,0,7,2,7
40,neutrino_G1,,1,-1,45,9,5,2,2,7,-1,1,torsion,STAY,9,0,9,3,0,-1,0,0,6,2,7
40,neutrino_G1,,1,-1,46,1,6,2,2,7,-1,1,sum,W,9,0,9,3,0,-1,0,0,6,2,6
40,neutrino_G1,,1,-1,47,2,6,2,2,6,-1,1,product,S,12,1,3,1,0,-1,0,0,6,3,6
40,neutrino_G1,,1,-1,48,3,6,2,3,6,-1,1,torsion,STAY,9,0,9,3,0,-1,0,0,6,3,6
40,neutrino_G1,,1,-1,49,4,6,2,3,6,-1,1,sum,W,9,0,9,3,0,-1,0,0,6,3,5
40,neutrino_G1,,1,-1,50,5,6,2,3,5,-1,1,product,S,15,1,6,2,0,-1,0,0,6,4,5
40,neutrino_G1,,1,-1,51,6,6,2,4,5,-1,1,torsion,STAY,9,0,9,3,0,-1,0,0,6,4,5
40,neutrino_G1,,1,-1,52,7,6,2,4,5,-1,1,sum,W,9,0,9,3,0,-1,0,0,6,4,4
40,neutrino_G1,,1,-1,53,8,6,2,4,4,-1,1,product,S,16,1,7,2,1,-1,0,0,6,5,4
40,neutrino_G1,,1,-1,54,9,6,2,5,4,-1,1,torsion,STAY,9,0,9,3,0,-1,1,0,6,5,4
40,neutrino_G1,,1,-1,55,1,7,3,5,4,1,-1,sum,E,9,0,9,3,0,1,0,0,6,5,5
40,neutrino_G1,,1,-1,56,2,7,3,5,5,1,-1,product,N,25,2,7,2,1,1,0,0,6,4,5
40,neutrino_G1,,1,-1,57,3,7,3,4,5,1,-1,torsion,STAY,9,0,9,3,0,1,0,0,6,4,5
40,neutrino_G1,,1,-1,58,4,7,3,4,5,1,-1,sum,E,9,0,9,3,0,1,0,0,6,4,6
40,neutrino_G1,,1,-1,59,5,7,3,4,6,1,-1,product,N,24,2,6,2,0,1,0,0,6,3,6
40,neutrino_G1,,1,-1,60,6,7,3,3,6,1,-1,torsion,STAY,9,0,9,3,0,1,0,0,6,3,6
40,neutrino_G1,,1,-1,61,7,7,3,3,6,1,-1,sum,E,9,0,9,3,0,1,0,0,6,3,7
40,neutrino_G1,,1,-1,62,8,7,3,3,7,1,-1,product,N,21,2,3,1,0,1,0,0,6,2,7
40,neutrino_G1,,1,-1,63,9,7,3,2,7,1,-1,torsion,STAY,9,0,9,3,0,1,0,0,6,2,7
40,neutrino_G1,,1,-1,64,1,8,3,2,7,1,-1,sum,E,9,0,9,3,0,1,0,0,6,2,8
40,neutrino_G1,,1,-1,65,2,8,3,2,8,1,-1,product,N,16,1,7,2,1,1,0,1,6,1,8
40,neutrino_G1,,1,-1,66,3,8,3,1,8,1,-1,torsion,STAY,9,0,9,3,0,1,0,0,7,1,8
40,neutrino_G1,,1,-1,67,4,8,3,1,8,1,-1,sum,E,9,0,9,3,0,1,0,0,6,1,9
40,neutrino_G1,,1,-1,68,5,8,3,1,9,1,-1,product,N,9,0,9,3,0,1,0,0,6,9,9
40,neutrino_G1,,1,-1,69,6,8,3,9,9,1,-1,torsion,STAY,9,0,9,3,0,1,0,0,6,9,9
40,neutrino_G1,,1,-1,70,7,8,3,9,9,1,-1,sum,E,18,1,9,3,0,1,0,0,6,9,1
40,neutrino_G1,,1,-1,71,8,8,3,9,1,1,-1,product,N,9,0,9,3,0,1,0,0,6,8,1
40,neutrino_G1,,1,-1,72,9,8,3,8,1,1,-1,torsion,STAY,9,0,9,3,0,1,0,0,6,8,1
40,neutrino_G1,,1,-1,73,1,9,3,8,1,1,-1,sum,E,9,0,9,3,0,1,0,0,6,8,2
40,neutrino_G1,,1,-1,74,2,9,3,8,2,1,-1,product,N,16,1,7,2,1,1,0,0,6,7,2
40,neutrino_G1,,1,-1,75,3,9,3,7,2,1,-1,torsion,STAY,9,0,9,3,0,1,0,0,6,7,2
40,neutrino_G1,,1,-1,76,4,9,3,7,2,1,-1,sum,E,9,0,9,3,0,1,0,0,6,7,3
40,neutrino_G1,,1,-1,77,5,9,3,7,3,1,-1,product,N,21,2,3,1,0,1,0,0,6,6,3
40,neutrino_G1,,1,-1,78,6,9,3,6,3,1,-1,torsion,STAY,9,0,9,3,0,1,0,0,6,6,3
40,neutrino_G1,,1,-1,79,7,9,3,6,3,1,-1,sum,E,9,0,9,3,0,1,0,0,6,6,4
40,neutrino_G1,,1,-1,80,8,9,3,6,4,1,-1,product,N,24,2,6,2,0,1,0,0,6,5,4
40,neutrino_G1,,1,-1,81,9,9,3,5,4,1,-1,torsion,STAY,9,0,9,3,0,1,1,0,6,5,4
40,neutrino_G1,,1,-1,82,1,10,4,5,4,-1,1,sum,W,9,0,9,3,0,-1,0,0,6,5,3
40,neutrino_G1,,1,-1,83,2,10,4,5,3,-1,1,product,S,15,1,6,2,0,-1,0,0,6,6,3
40,neutrino_G1,,1,-1,84,3,10,4,6,3,-1,1,torsion,STAY,9,0,9,3,0,-1,0,0,6,6,3
40,neutrino_G1,,1,-1,85,4,10,4,6,3,-1,1,sum,W,9,0,9,3,0,-1,0,0,6,6,2
40,neutrino_G1,,1,-1,86,5,10,4,6,2,-1,1,product,S,12,1,3,1,0,-1,0,0,6,7,2
40,neutrino_G1,,1,-1,87,6,10,4,7,2,-1,1,torsion,STAY,9,0,9,3,0,-1,0,1,6,7,2
40,neutrino_G1,,1,-1,88,7,10,4,7,2,-1,1,sum,W,9,0,9,3,0,-1,0,0,7,7,1
40,neutrino_G1,,1,-1,89,8,10,4,7,1,-1,1,product,S,7,0,7,2,1,-1,0,0,6,8,1
40,neutrino_G1,,1,-1,90,9,10,4,8,1,-1,1,torsion,STAY,9,0,9,3,0,-1,0,0,6,8,1
40,neutrino_G1,,1,-1,91,1,11,4,8,1,-1,1,sum,W,9,0,9,3,0,-1,0,0,6,8,9
40,neutrino_G1,,1,-1,92,2,11,4,8,9,-1,1,product,S,72,7,9,3,0,-1,0,0,6,9,9
40,neutrino_G1,,1,-1,93,3,11,4,9,9,-1,1,torsion,STAY,9,0,9,3,0,-1,0,0,6,9,9
40,neutrino_G1,,1,-1,94,4,11,4,9,9,-1,1,sum,W,18,1,9,3,0,-1,0,0,6,9,8
40,neutrino_G1,,1,-1,95,5,11,4,9,8,-1,1,product,S,72,7,9,3,0,-1,0,0,6,1,8
40,neutrino_G1,,1,-1,96,6,11,4,1,8,-1,1,torsion,STAY,9,0,9,3,0,-1,0,0,6,1,8
40,neutrino_G1,,1,-1,97,7,11,4,1,8,-1,1,sum,W,9,0,9,3,0,-1,0,0,6,1,7
40,neutrino_G1,,1,-1,98,8,11,4,1,7,-1,1,product,S,7,0,7,2,1,-1,0,0,6,2,7
40,neutrino_G1,,1,-1,99,9,11,4,2,7,-1,1,torsion,STAY,9,0,9,3,0,-1,0,0,6,2,7
40,neutrino_G1,,1,-1,100,1,12,4,2,7,-1,1,sum,W,9,0,9,3,0,-1,0,0,6,2,6
40,neutrino_G1,,1,-1,101,2,12,4,2,6,-1,1,product,S,12,1,3,1,0,-1,0,0,6,3,6
40,neutrino_G1,,1,-1,102,3,12,4,3,6,-1,1,torsion,STAY,9,0,9,3,0,-1,0,0,6,3,6
40,neutrino_G1,,1,-1,103,4,12,4,3,6,-1,1,sum,W,9,0,9,3,0,-1,0,0,6,3,5
40,neutrino_G1,,1,-1,104,5,12,4,3,5,-1,1,product,S,15,1,6,2,0,-1,0,0,6,4,5
40,neutrino_G1,,1,-1,105,6,12,4,4,5,-1,1,torsion,STAY,9,0,9,3,0,-1,0,0,6,4,5
40,neutrino_G1,,1,-1,106,7,12,4,4,5,-1,1,sum,W,9,0,9,3,0,-1,0,0,6,4,4
40,neutrino_G1,,1,-1,107,8,12,4,4,4,-1,1,product,S,16,1,7,2,1,-1,0,0,6,5,4
40,neutrino_G1,,1,-1,108,9,12,4,5,4,-1,1,torsion,STAY,9,0,9,3,0,-1,1,0,6,5,4
41,charged_lepton_G0,,1,1,1,1,1,1,5,5,1,1,sum,E,10,1,1,0,1,1,0,0,7,5,6
41,charged_lepton_G0,,1,1,2,2,1,1,5,6,1,1,product,S,30,3,3,1,0,1,0,0,6,6,6
41,charged_lepton_G0,,1,1,3,3,1,1,6,6,1,1,torsion,STAY,9,0,9,3,0,1,0,0,6,6,6
41,charged_lepton_G0,,1,1,4,4,1,1,6,6,1,1,sum,E,12,1,3,1,0,1,0,0,6,6,7
41,charged_lepton_G0,,1,1,5,5,1,1,6,7,1,1,product,S,42,4,6,2,0,1,0,0,6,7,7
41,charged_lepton_G0,,1,1,6,6,1,1,7,7,1,1,torsion,STAY,9,0,9,3,0,1,0,0,6,7,7
41,charged_lepton_G0,,1,1,7,7,1,1,7,7,1,1,sum,E,14,1,5,1,2,1,0,0,6,7,8
41,charged_lepton_G0,,1,1,8,8,1,1,7,8,1,1,product,S,56,6,2,0,2,1,0,0,6,8,8
41,charged_lepton_G0,,1,1,9,9,1,1,8,8,1,1,torsion,STAY,9,0,9,3,0,1,0,0,6,8,8
41,charged_lepton_G0,,1,1,10,1,2,1,8,8,1,1,sum,E,16,1,7,2,1,1,0,0,6,8,9
41,charged_lepton_G0,,1,1,11,2,2,1,8,9,1,1,product,S,72,7,9,3,0,1,0,0,6,9,9
41,charged_lepton_G0,,1,1,12,3,2,1,9,9,1,1,torsion,STAY,9,0,9,3,0,1,0,0,6,9,9
41,charged_lepton_G0,,1,1,13,4,2,1,9,9,1,1,sum,E,18,1,9,3,0,1,0,0,6,9,1
41,charged_lepton_G0,,1,1,14,5,2,1,9,1,1,1,product,S,9,0,9,3,0,1,0,0,6,1,1
41,charged_lepton_G0,,1,1,15,6,2,1,1,1,1,1,torsion,STAY,9,0,9,3,0,1,0,0,6,1,1
41,charged_lepton_G0,,1,1,16,7,2,1,1,1,1,1,sum,E,2,0,2,0,2,1,0,0,6,1,2
41,charged_lepton_G0,,1,1,17,8,2,1,1,2,1,1,product,S,2,0,2,0,2,1,0,0,6,2,2
41,charged_lepton_G0,,1,1,18,9,2,1,2,2,1,1,torsion,STAY,9,0,9,3,0,1,0,0,6,2,2
41,charged_lepton_G0,,1,1,19,1,3,1,2,2,1,1,sum,E,4,0,4,1,1,1,0,0,6,2,3
41,charged_lepton_G0,,1,1,20,2,3,1,2,3,1,1,product,S,6,0,6,2,0,1,0,0,6,3,3
41,charged_lepton_G0,,1,1,21,3,3,1,3,3,1,1,torsion,STAY,9,0,9,3,0,1,0,1,6,3,3
41,charged_lepton_G0,,1,1,22,4,3,1,3,3,1,1,sum,E,6,0,6,2,0,1,0,0,7,3,4
41,charged_lepton_G0,,1,1,23,5,3,1,3,4,1,1,product,S,12,1,3,1,0,1,0,0,6,4,4
41,charged_lepton_G0,,1,1,24,6,3,1,4,4,1,1,torsion,STAY,9,0,9,3,0,1,0,0,6,4,4
41,charged_lepton_G0,,1,1,25,7,3,1,4,4,1,1,sum,E,8,0,8,2,2,1,0,0,6,4,5
41,charged_lepton_G0,,1,1,26,8,3,1,4,5,1,1,product,S,20,2,2,0,2,1,0,0,6,5,5
41,charged_lepton_G0,,1,1,27,9,3,1,5,5,1,1,torsion,STAY,9,0,9,3,0,1,1,0,6,5,5
41,charged_lepton_G0,,1,1,28,1,4,2,5,5,-1,-1,sum,W,10,1,1,0,1,-1,0,0,6,5,4
41,charged_lepton_G0,,1,1,29,2,4,2,5,4,-1,-1,product,N,20,2,2,0,2,-1,0,0,6,4,4
41,charged_lepton_G0,,1,1,30,3,4,2,4,4,-1,-1,torsion,STAY,9,0,9,3,0,-1,0,0,6,4,4
41,charged_lepton_G0,,1,1,31,4,4,2,4,4,-1,-1,sum,W,8,0,8,2,2,-1,0,0,6,4,3
41,charged_lepton_G0,,1,1,32,5,4,2,4,3,-1,-1,product,N,12,1,3,1,0,-1,0,0,6,3,3
41,charged_lepton_G0,,1,1,33,6,4,2,3,3,-1,-1,torsion,STAY,9,0,9,3,0,-1,0,0,6,3,3
41,charged_lepton_G0,,1,1,34,7,4,2,3,3,-1,-1,sum,W,6,0,6,2,0,-1,0,0,6,3,2
41,charged_lepton_G0,,1,1,35,8,4,2,3,2,-1,-1,product,N,6,0,6,2,0,-1,0,0,6,2,2
41,charged_lepton_G0,,1,1,36,9,4,2,2,2,-1,-1,torsion,STAY,9,0,9,3,0,-1,0,0,6,2,2
41,charged_lepton_G0,,1,1,37,1,5,2,2,2,-1,-1,sum,W,4,0,4,1,1,-1,0,0,6,2,1
41,charged_lepton_G0,,1,1,38,2,5,2,2,1,-1,-1,product,N,2,0,2,0,2,-1,0,0,6,1,1
41,charged_lepton_G0,,1,1,39,3,5,2,1,1,-1,-1,torsion,STAY,9,0,9,3,0,-1,0,0,6,1,1
41,charged_lepton_G0,,1,1,40,4,5,2,1,1,-1,-1,sum,W,2,0,2,0,2,-1,0,0,6,1,9
41,charged_lepton_G0,,1,1,41,5,5,2,1,9,-1,-1,product,N,9,0,9,3,0,-1,0,0,6,9,9
41,charged_lepton_G0,,1,1,42,6,5,2,9,9,-1,-1,torsion,STAY,9,0,9,3,0,-1,0,0,6,9,9
41,charged_lepton_G0,,1,1,43,7,5,2,9,9,-1,-1,sum,W,18,1,9,3,0,-1,0,1,6,9,8
41,charged_lepton_G0,,1,1,44,8,5,2,9,8,-1,-1,product,N,72,7,9,3,0,-1,0,0,7,8,8
41,charged_lepton_G0,,1,1,45,9,5,2,8,8,-1,-1,torsion,STAY,9,0,9,3,0,-1,0,0,6,8,8
41,charged_lepton_G0,,1,1,46,1,6,2,8,8,-1,-1,sum,W,16,1,7,2,1,-1,0,0,6,8,7
41,charged_lepton_G0,,1,1,47,2,6,2,8,7,-1,-1,product,N,56,6,2,0,2,-1,0,0,6,7,7
41,charged_lepton_G0,,1,1,48,3,6,2,7,7,-1,-1,torsion,STAY,9,0,9,3,0,-1,0,0,6,7,7
41,charged_lepton_G0,,1,1,49,4,6,2,7,7,-1,-1,sum,W,14,1,5,1,2,-1,0,0,6,7,6
41,charged_lepton_G0,,1,1,50,5,6,2,7,6,-1,-1,product,N,42,4,6,2,0,-1,0,0,6,6,6
41,charged_lepton_G0,,1,1,51,6,6,2,6,6,-1,-1,torsion,STAY,9,0,9,3,0,-1,0,0,6,6,6
41,charged_lepton_G0,,1,1,52,7,6,2,6,6,-1,-1,sum,W,12,1,3,1,0,-1,0,0,6,6,5
41,charged_lepton_G0,,1,1,53,8,6,2,6,5,-1,-1,product,N,30,3,3,1,0,-1,0,0,6,5,5
41,charged_lepton_G0,,1,1,54,9,6,2,5,5,-1,-1,torsion,STAY,9,0,9,3,0,-1,1,0,6,5,5
41,charged_lepton_G0,,1,1,55,1,7,3,5,5,1,1,sum,E,10,1,1,0,1,1,0,0,6,5,6
41,charged_lepton_G0,,1,1,56,2,7,3,5,6,1,1,product,S,30,3,3,1,0,1,0,0,6,6,6
41,charged_lepton_G0,,1,1,57,3,7,3,6,6,1,1,torsion,STAY,9,0,9,3,0,1,0,0,6,6,6
41,charged_lepton_G0,,1,1,58,4,7,3,6,6,1,1,sum,E,12,1,3,1,0,1,0,0,6,6,7
41,charged_lepton_G0,,1,1,59,5,7,3,6,7,1,1,product,S,42,4,6,2,0,1,0,0,6,7,7
41,charged_lepton_G0,,1,1,60,6,7,3,7,7,1,1,torsion,STAY,9,0,9,3,0,1,0,0,6,7,7
41,charged_lepton_G0,,1,1,61,7,7,3,7,7,1,1,sum,E,14,1,5,1,2,1,0,0,6,7,8
41,charged_lepton_G0,,1,1,62,8,7,3,7,8,1,1,product,S,56,6,2,0,2,1,0,0,6,8,8
41,charged_lepton_G0,,1,1,63,9,7,3,8,8,1,1,torsion,STAY,9,0,9,3,0,1,0,0,6,8,8
41,charged_lepton_G0,,1,1,64,1,8,3,8,8,1,1,sum,E,16,1,7,2,1,1,0,0,6,8,9
41,charged_lepton_G0,,1,1,65,2,8,3,8,9,1,1,product,S,72,7,9,3,0,1,0,1,6,9,9
41,charged_lepton_G0,,1,1,66,3,8,3,9,9,1,1,torsion,STAY,9,0,9,3,0,1,0,0,7,9,9
41,charged_lepton_G0,,1,1,67,4,8,3,9,9,1,1,sum,E,18,1,9,3,0,1,0,0,6,9,1
41,charged_lepton_G0,,1,1,68,5,8,3,9,1,1,1,product,S,9,0,9,3,0,1,0,0,6,1,1
41,charged_lepton_G0,,1,1,69,6,8,3,1,1,1,1,torsion,STAY,9,0,9,3,0,1,0,0,6,1,1
41,charged_lepton_G0,,1,1,70,7,8,3,1,1,1,1,sum,E,2,0,2,0,2,1,0,0,6,1,2
41,charged_lepton_G0,,1,1,71,8,8,3,1,2,1,1,product,S,2,0,2,0,2,1,0,0,6,2,2
41,charged_lepton_G0,,1,1,72,9,8,3,2,2,1,1,torsion,STAY,9,0,9,3,0,1,0,0,6,2,2
41,charged_lepton_G0,,1,1,73,1,9,3,2,2,1,1,sum,E,4,0,4,1,1,1,0,0,6,2,3
41,charged_lepton_G0,,1,1,74,2,9,3,2,3,1,1,product,S,6,0,6,2,0,1,0,0,6,3,3
41,charged_lepton_G0,,1,1,75,3,9,3,3,3,1,1,torsion,STAY,9,0,9,3,0,1,0,0,6,3,3
41,charged_lepton_G0,,1,1,76,4,9,3,3,3,1,1,sum,E,6,0,6,2,0,1,0,0,6,3,4
41,charged_lepton_G0,,1,1,77,5,9,3,3,4,1,1,product,S,12,1,3,1,0,1,0,0,6,4,4
41,charged_lepton_G0,,1,1,78,6,9,3,4,4,1,1,torsion,STAY,9,0,9,3,0,1,0,0,6,4,4
41,charged_lepton_G0,,1,1,79,7,9,3,4,4,1,1,sum,E,8,0,8,2,2,1,0,0,6,4,5
41,charged_lepton_G0,,1,1,80,8,9,3,4,5,1,1,product,S,20,2,2,0,2,1,0,0,6,5,5
41,charged_lepton_G0,,1,1,81,9,9,3,5,5,1,1,torsion,STAY,9,0,9,3,0,1,1,0,6,5,5
41,charged_lepton_G0,,1,1,82,1,10,4,5,5,-1,-1,sum,W,10,1,1,0,1,-1,0,0,6,5,4
41,charged_lepton_G0,,1,1,83,2,10,4,5,4,-1,-1,product,N,20,2,2,0,2,-1,0,0,6,4,4
41,charged_lepton_G0,,1,1,84,3,10,4,4,4,-1,-1,torsion,STAY,9,0,9,3,0,-1,0,0,6,4,4
41,charged_lepton_G0,,1,1,85,4,10,4,4,4,-1,-1,sum,W,8,0,8,2,2,-1,0,0,6,4,3
41,charged_lepton_G0,,1,1,86,5,10,4,4,3,-1,-1,product,N,12,1,3,1,0,-1,0,0,6,3,3
41,charged_lepton_G0,,1,1,87,6,10,4,3,3,-1,-1,torsion,STAY,9,0,9,3,0,-1,0,1,6,3,3
41,charged_lepton_G0,,1,1,88,7,10,4,3,3,-1,-1,sum,W,6,0,6,2,0,-1,0,0,7,3,2
41,charged_lepton_G0,,1,1,89,8,10,4,3,2,-1,-1,product,N,6,0,6,2,0,-1,0,0,6,2,2
41,charged_lepton_G0,,1,1,90,9,10,4,2,2,-1,-1,torsion,STAY,9,0,9,3,0,-1,0,0,6,2,2
41,charged_lepton_G0,,1,1,91,1,11,4,2,2,-1,-1,sum,W,4,0,4,1,1,-1,0,0,6,2,1
41,charged_lepton_G0,,1,1,92,2,11,4,2,1,-1,-1,product,N,2,0,2,0,2,-1,0,0,6,1,1
41,charged_lepton_G0,,1,1,93,3,11,4,1,1,-1,-1,torsion,STAY,9,0,9,3,0,-1,0,0,6,1,1
41,charged_lepton_G0,,1,1,94,4,11,4,1,1,-1,-1,sum,W,2,0,2,0,2,-1,0,0,6,1,9
41,charged_lepton_G0,,1,1,95,5,11,4,1,9,-1,-1,product,N,9,0,9,3,0,-1,0,0,6,9,9
41,charged_lepton_G0,,1,1,96,6,11,4,9,9,-1,-1,torsion,STAY,9,0,9,3,0,-1,0,0,6,9,9
41,charged_lepton_G0,,1,1,97,7,11,4,9,9,-1,-1,sum,W,18,1,9,3,0,-1,0,0,6,9,8
41,charged_lepton_G0,,1,1,98,8,11,4,9,8,-1,-1,product,N,72,7,9,3,0,-1,0,0,6,8,8
41,charged_lepton_G0,,1,1,99,9,11,4,8,8,-1,-1,torsion,STAY,9,0,9,3,0,-1,0,0,6,8,8
41,charged_lepton_G0,,1,1,100,1,12,4,8,8,-1,-1,sum,W,16,1,7,2,1,-1,0,0,6,8,7
41,charged_lepton_G0,,1,1,101,2,12,4,8,7,-1,-1,product,N,56,6,2,0,2,-1,0,0,6,7,7
41,charged_lepton_G0,,1,1,102,3,12,4,7,7,-1,-1,torsion,STAY,9,0,9,3,0,-1,0,0,6,7,7
41,charged_lepton_G0,,1,1,103,4,12,4,7,7,-1,-1,sum,W,14,1,5,1,2,-1,0,0,6,7,6
41,charged_lepton_G0,,1,1,104,5,12,4,7,6,-1,-1,product,N,42,4,6,2,0,-1,0,0,6,6,6
41,charged_lepton_G0,,1,1,105,6,12,4,6,6,-1,-1,torsion,STAY,9,0,9,3,0,-1,0,0,6,6,6
41,charged_lepton_G0,,1,1,106,7,12,4,6,6,-1,-1,sum,W,12,1,3,1,0,-1,0,0,6,6,5
41,charged_lepton_G0,,1,1,107,8,12,4,6,5,-1,-1,product,N,30,3,3,1,0,-1,0,0,6,5,5
41,charged_lepton_G0,,1,1,108,9,12,4,5,5,-1,-1,torsion,STAY,9,0,9,3,0,-1,1,0,6,5,5
42,neutrino_G1,,-1,1,1,1,1,1,5,6,-1,1,sum,W,11,1,2,0,2,1,0,0,7,5,5
42,neutrino_G1,,-1,1,2,2,1,1,5,5,-1,1,product,S,25,2,7,2,1,1,0,0,6,6,5
42,neutrino_G1,,-1,1,3,3,1,1,6,5,-1,1,torsion,STAY,9,0,9,3,0,1,0,0,6,6,5
42,neutrino_G1,,-1,1,4,4,1,1,6,5,-1,1,sum,W,11,1,2,0,2,1,0,0,6,6,4
42,neutrino_G1,,-1,1,5,5,1,1,6,4,-1,1,product,S,24,2,6,2,0,1,0,0,6,7,4
42,neutrino_G1,,-1,1,6,6,1,1,7,4,-1,1,torsion,STAY,9,0,9,3,0,1,0,0,6,7,4
42,neutrino_G1,,-1,1,7,7,1,1,7,4,-1,1,sum,W,11,1,2,0,2,1,0,0,6,7,3
42,neutrino_G1,,-1,1,8,8,1,1,7,3,-1,1,product,S,21,2,3,1,0,1,0,0,6,8,3
42,neutrino_G1,,-1,1,9,9,1,1,8,3,-1,1,torsion,STAY,9,0,9,3,0,1,0,0,6,8,3
42,neutrino_G1,,-1,1,10,1,2,1,8,3,-1,1,sum,W,11,1,2,0,2,1,0,0,6,8,2
42,neutrino_G1,,-1,1,11,2,2,1,8,2,-1,1,product,S,16,1,7,2,1,1,0,0,6,9,2
42,neutrino_G1,,-1,1,12,3,2,1,9,2,-1,1,torsion,STAY,9,0,9,3,0,1,0,0,6,9,2
42,neutrino_G1,,-1,1,13,4,2,1,9,2,-1,1,sum,W,11,1,2,0,2,1,0,0,6,9,1
42,neutrino_G1,,-1,1,14,5,2,1,9,1,-1,1,product,S,9,0,9,3,0,1,0,0,6,1,1
42,neutrino_G1,,-1,1,15,6,2,1,1,1,-1,1,torsion,STAY,9,0,9,3,0,1,0,0,6,1,1
42,neutrino_G1,,-1,1,16,7,2,1,1,1,-1,1,sum,W,2,0,2,0,2,1,0,0,6,1,9
42,neutrino_G1,,-1,1,17,8,2,1,1,9,-1,1,product,S,9,0,9,3,0,1,0,0,6,2,9
42,neutrino_G1,,-1,1,18,9,2,1,2,9,-1,1,torsion,STAY,9,0,9,3,0,1,0,0,6,2,9
42,neutrino_G1,,-1,1,19,1,3,1,2,9,-1,1,sum,W,11,1,2,0,2,1,0,0,6,2,8
42,neutrino_G1,,-1,1,20,2,3,1,2,8,-1,1,product,S,16,1,7,2,1,1,0,0,6,3,8
42,neutrino_G1,,-1,1,21,3,3,1,3,8,-1,1,torsion,STAY,9,0,9,3,0,1,0,1,6,3,8
42,neutrino_G1,,-1,1,22,4,3,1,3,8,-1,1,sum,W,11,1,2,0,2,1,0,0,7,3,7
42,neutrino_G1,,-1,1,23,5,3,1,3,7,-1,1,product,S,21,2,3,1,0,1,0,0,6,4,7
42,neutrino_G1,,-1,1,24,6,3,1,4,7,-1,1,torsion,STAY,9,0,9,3,0,1,0,0,6,4,7
42,neutrino_G1,,-1,1,25,7,3,1,4,7,-1,1,sum,W,11,1,2,0,2,1,0,0,6,4,6
42,neutrino_G1,,-1,1,26,8,3,1,4,6,-1,1,product,S,24,2,6,2,0,1,0,0,6,5,6
42,neutrino_G1,,-1,1,27,9,3,1,5,6,-1,1,torsion,STAY,9,0,9,3,0,1,1,0,6,5,6
42,neutrino_G1,,-1,1,28,1,4,2,5,6,1,-1,sum,E,11,1,2,0,2,-1,0,0,6,5,7
42,neutrino_G1,,-1,1,29,2,4,2,5,7,1,-1,product,N,35,3,8,2,2,-1,0,0,6,4,7
42,neutrino_G1,,-1,1,30,3,4,2,4,7,1,-1,torsion,STAY,9,0,9,3,0,-1,0,0,6,4,7
42,neutrino_G1,,-1,1,31,4,4,2,4,7,1,-1,sum,E,11,1,2,0,2,-1,0,0,6,4,8
42,neutrino_G1,,-1,1,32,5,4,2,4,8,1,-1,product,N,32,3,5,1,2,-1,0,0,6,3,8
42,neutrino_G1,,-1,1,33,6,4,2,3,8,1,-1,torsion,STAY,9,0,9,3,0,-1,0,0,6,3,8
42,neutrino_G1,,-1,1,34,7,4,2,3,8,1,-1,sum,E,11,1,2,0,2,-1,0,0,6,3,9
42,neutrino_G1,,-1,1,35,8,4,2,3,9,1,-1,product,N,27,2,9,3,0,-1,0,0,6,2,9
42,neutrino_G1,,-1,1,36,9,4,2,2,9,1,-1,torsion,STAY,9,0,9,3,0,-1,0,0,6,2,9
42,neutrino_G1,,-1,1,37,1,5,2,2,9,1,-1,sum,E,11,1,2,0,2,-1,0,0,6,2,1
42,neutrino_G1,,-1,1,38,2,5,2,2,1,1,-1,product,N,2,0,2,0,2,-1,0,0,6,1,1
42,neutrino_G1,,-1,1,39,3,5,2,1,1,1,-1,torsion,STAY,9,0,9,3,0,-1,0,0,6,1,1
42,neutrino_G1,,-1,1,40,4,5,2,1,1,1,-1,sum,E,2,0,2,0,2,-1,0,0,6,1,2
42,neutrino_G1,,-1,1,41,5,5,2,1,2,1,-1,product,N,2,0,2,0,2,-1,0,0,6,9,2
42,neutrino_G1,,-1,1,42,6,5,2,9,2,1,-1,torsion,STAY,9,0,9,3,0,-1,0,0,6,9,2
42,neutrino_G1,,-1,1,43,7,5,2,9,2,1,-1,sum,E,11,1,2,0,2,-1,0,1,6,9,3
42,neutrino_G1,,-1,1,44,8,5,2,9,3,1,-1,product,N,27,2,9,3,0,-1,0,0,7,8,3
42,neutrino_G1,,-1,1,45,9,5,2,8,3,1,-1,torsion,STAY,9,0,9,3,0,-1,0,0,6,8,3
42,neutrino_G1,,-1,1,46,1,6,2,8,3,1,-1,sum,E,11,1,2,0,2,-1,0,0,6,8,4
42,neutrino_G1,,-1,1,47,2,6,2,8,4,1,-1,product,N,32,3,5,1,2,-1,0,0,6,7,4
42,neutrino_G1,,-1,1,48,3,6,2,7,4,1,-1,torsion,STAY,9,0,9,3,0,-1,0,0,6,7,4
42,neutrino_G1,,-1,1,49,4,6,2,7,4,1,-1,sum,E,11,1,2,0,2,-1,0,0,6,7,5
42,neutrino_G1,,-1,1,50,5,6,2,7,5,1,-1,product,N,35,3,8,2,2,-1,0,0,6,6,5
42,neutrino_G1,,-1,1,51,6,6,2,6,5,1,-1,torsion,STAY,9,0,9,3,0,-1,0,0,6,6,5
42,neutrino_G1,,-1,1,52,7,6,2,6,5,1,-1,sum,E,11,1,2,0,2,-1,0,0,6,6,6
42,neutrino_G1,,-1,1,53,8,6,2,6,6,1,-1,product,N,36,3,9,3,0,-1,0,0,6,5,6
42,neutrino_G1,,-1,1,54,9,6,2,5,6,1,-1,torsion,STAY,9,0,9,3,0,-1,1,0,6,5,6
42,neutrino_G1,,-1,1,55,1,7,3,5,6,-1,1,sum,W,11,1,2,0,2,1,0,0,6,5,5
42,neutrino_G1,,-1,1,56,2,7,3,5,5,-1,1,product,S,25,2,7,2,1,1,0,0,6,6,5
42,neutrino_G1,,-1,1,57,3,7,3,6,5,-1,1,torsion,STAY,9,0,9,3,0,1,0,0,6,6,5
42,neutrino_G1,,-1,1,58,4,7,3,6,5,-1,1,sum,W,11,1,2,0,2,1,0,0,6,6,4
42,neutrino_G1,,-1,1,59,5,7,3,6,4,-1,1,product,S,24,2,6,2,0,1,0,0,6,7,4
42,neutrino_G1,,-1,1,60,6,7,3,7,4,-1,1,torsion,STAY,9,0,9,3,0,1,0,0,6,7,4
42,neutrino_G1,,-1,1,61,7,7,3,7,4,-1,1,sum,W,11,1,2,0,2,1,0,0,6,7,3
42,neutrino_G1,,-1,1,62,8,7,3,7,3,-1,1,product,S,21,2,3,1,0,1,0,0,6,8,3
42,neutrino_G1,,-1,1,63,9,7,3,8,3,-1,1,torsion,STAY,9,0,9,3,0,1,0,0,6,8,3
42,neutrino_G1,,-1,1,64,1,8,3,8,3,-1,1,sum,W,11,1,2,0,2,1,0,0,6,8,2
42,neutrino_G1,,-1,1,65,2,8,3,8,2,-1,1,product,S,16,1,7,2,1,1,0,1,6,9,2
42,neutrino_G1,,-1,1,66,3,8,3,9,2,-1,1,torsion,STAY,9,0,9,3,0,1,0,0,7,9,2
42,neutrino_G1,,-1,1,67,4,8,3,9,2,-1,1,sum,W,11,1,2,0,2,1,0,0,6,9,1
42,neutrino_G1,,-1,1,68,5,8,3,9,1,-1,1,product,S,9,0,9,3,0,1,0,0,6,1,1
42,neutrino_G1,,-1,1,69,6,8,3,1,1,-1,1,torsion,STAY,9,0,9,3,0,1,0,0,6,1,1
42,neutrino_G1,,-1,1,70,7,8,3,1,1,-1,1,sum,W,2,0,2,0,2,1,0,0,6,1,9
42,neutrino_G1,,-1,1,71,8,8,3,1,9,-1,1,product,S,9,0,9,3,0,1,0,0,6,2,9
42,neutrino_G1,,-1,1,72,9,8,3,2,9,-1,1,torsion,STAY,9,0,9,3,0,1,0,0,6,2,9
42,neutrino_G1,,-1,1,73,1,9,3,2,9,-1,1,sum,W,11,1,2,0,2,1,0,0,6,2,8
42,neutrino_G1,,-1,1,74,2,9,3,2,8,-1,1,product,S,16,1,7,2,1,1,0,0,6,3,8
42,neutrino_G1,,-1,1,75,3,9,3,3,8,-1,1,torsion,STAY,9,0,9,3,0,1,0,0,6,3,8
42,neutrino_G1,,-1,1,76,4,9,3,3,8,-1,1,sum,W,11,1,2,0,2,1,0,0,6,3,7
42,neutrino_G1,,-1,1,77,5,9,3,3,7,-1,1,product,S,21,2,3,1,0,1,0,0,6,4,7
42,neutrino_G1,,-1,1,78,6,9,3,4,7,-1,1,torsion,STAY,9,0,9,3,0,1,0,0,6,4,7
42,neutrino_G1,,-1,1,79,7,9,3,4,7,-1,1,sum,W,11,1,2,0,2,1,0,0,6,4,6
42,neutrino_G1,,-1,1,80,8,9,3,4,6,-1,1,product,S,24,2,6,2,0,1,0,0,6,5,6
42,neutrino_G1,,-1,1,81,9,9,3,5,6,-1,1,torsion,STAY,9,0,9,3,0,1,1,0,6,5,6
42,neutrino_G1,,-1,1,82,1,10,4,5,6,1,-1,sum,E,11,1,2,0,2,-1,0,0,6,5,7
42,neutrino_G1,,-1,1,83,2,10,4,5,7,1,-1,product,N,35,3,8,2,2,-1,0,0,6,4,7
42,neutrino_G1,,-1,1,84,3,10,4,4,7,1,-1,torsion,STAY,9,0,9,3,0,-1,0,0,6,4,7
42,neutrino_G1,,-1,1,85,4,10,4,4,7,1,-1,sum,E,11,1,2,0,2,-1,0,0,6,4,8
42,neutrino_G1,,-1,1,86,5,10,4,4,8,1,-1,product,N,32,3,5,1,2,-1,0,0,6,3,8
42,neutrino_G1,,-1,1,87,6,10,4,3,8,1,-1,torsion,STAY,9,0,9,3,0,-1,0,1,6,3,8
42,neutrino_G1,,-1,1,88,7,10,4,3,8,1,-1,sum,E,11,1,2,0,2,-1,0,0,7,3,9
42,neutrino_G1,,-1,1,89,8,10,4,3,9,1,-1,product,N,27,2,9,3,0,-1,0,0,6,2,9
42,neutrino_G1,,-1,1,90,9,10,4,2,9,1,-1,torsion,STAY,9,0,9,3,0,-1,0,0,6,2,9
42,neutrino_G1,,-1,1,91,1,11,4,2,9,1,-1,sum,E,11,1,2,0,2,-1,0,0,6,2,1
42,neutrino_G1,,-1,1,92,2,11,4,2,1,1,-1,product,N,2,0,2,0,2,-1,0,0,6,1,1
42,neutrino_G1,,-1,1,93,3,11,4,1,1,1,-1,torsion,STAY,9,0,9,3,0,-1,0,0,6,1,1
42,neutrino_G1,,-1,1,94,4,11,4,1,1,1,-1,sum,E,2,0,2,0,2,-1,0,0,6,1,2
42,neutrino_G1,,-1,1,95,5,11,4,1,2,1,-1,product,N,2,0,2,0,2,-1,0,0,6,9,2
42,neutrino_G1,,-1,1,96,6,11,4,9,2,1,-1,torsion,STAY,9,0,9,3,0,-1,0,0,6,9,2
42,neutrino_G1,,-1,1,97,7,11,4,9,2,1,-1,sum,E,11,1,2,0,2,-1,0,0,6,9,3
42,neutrino_G1,,-1,1,98,8,11,4,9,3,1,-1,product,N,27,2,9,3,0,-1,0,0,6,8,3
42,neutrino_G1,,-1,1,99,9,11,4,8,3,1,-1,torsion,STAY,9,0,9,3,0,-1,0,0,6,8,3
42,neutrino_G1,,-1,1,100,1,12,4,8,3,1,-1,sum,E,11,1,2,0,2,-1,0,0,6,8,4
42,neutrino_G1,,-1,1,101,2,12,4,8,4,1,-1,product,N,32,3,5,1,2,-1,0,0,6,7,4
42,neutrino_G1,,-1,1,102,3,12,4,7,4,1,-1,torsion,STAY,9,0,9,3,0,-1,0,0,6,7,4
42,neutrino_G1,,-1,1,103,4,12,4,7,4,1,-1,sum,E,11,1,2,0,2,-1,0,0,6,7,5
42,neutrino_G1,,-1,1,104,5,12,4,7,5,1,-1,product,N,35,3,8,2,2,-1,0,0,6,6,5
42,neutrino_G1,,-1,1,105,6,12,4,6,5,1,-1,torsion,STAY,9,0,9,3,0,-1,0,0,6,6,5
42,neutrino_G1,,-1,1,106,7,12,4,6,5,1,-1,sum,E,11,1,2,0,2,-1,0,0,6,6,6
42,neutrino_G1,,-1,1,107,8,12,4,6,6,1,-1,product,N,36,3,9,3,0,-1,0,0,6,5,6
42,neutrino_G1,,-1,1,108,9,12,4,5,6,1,-1,torsion,STAY,9,0,9,3,0,-1,1,0,6,5,6
43,charged_lepton_G2,,1,1,1,1,1,1,5,7,1,1,sum,E,12,1,3,1,0,1,0,0,7,5,8
43,charged_lepton_G2,,1,1,2,2,1,1,5,8,1,1,product,S,40,4,4,1,1,1,0,0,6,6,8
43,charged_lepton_G2,,1,1,3,3,1,1,6,8,1,1,torsion,STAY,9,0,9,3,0,1,0,0,6,6,8
43,charged_lepton_G2,,1,1,4,4,1,1,6,8,1,1,sum,E,14,1,5,1,2,1,0,0,6,6,9
43,charged_lepton_G2,,1,1,5,5,1,1,6,9,1,1,product,S,54,5,9,3,0,1,0,0,6,7,9
43,charged_lepton_G2,,1,1,6,6,1,1,7,9,1,1,torsion,STAY,9,0,9,3,0,1,0,0,6,7,9
43,charged_lepton_G2,,1,1,7,7,1,1,7,9,1,1,sum,E,16,1,7,2,1,1,0,0,6,7,1
43,charged_lepton_G2,,1,1,8,8,1,1,7,1,1,1,product,S,7,0,7,2,1,1,0,0,6,8,1
43,charged_lepton_G2,,1,1,9,9,1,1,8,1,1,1,torsion,STAY,9,0,9,3,0,1,0,0,6,8,1
43,charged_lepton_G2,,1,1,10,1,2,1,8,1,1,1,sum,E,9,0,9,3,0,1,0,0,6,8,2
43,charged_lepton_G2,,1,1,11,2,2,1,8,2,1,1,product,S,16,1,7,2,1,1,0,0,6,9,2
43,charged_lepton_G2,,1,1,12,3,2,1,9,2,1,1,torsion,STAY,9,0,9,3,0,1,0,0,6,9,2
43,charged_lepton_G2,,1,1,13,4,2,1,9,2,1,1,sum,E,11,1,2,0,2,1,0,0,6,9,3
43,charged_lepton_G2,,1,1,14,5,2,1,9,3,1,1,product,S,27,2,9,3,0,1,0,0,6,1,3
43,charged_lepton_G2,,1,1,15,6,2,1,1,3,1,1,torsion,STAY,9,0,9,3,0,1,0,0,6,1,3
43,charged_lepton_G2,,1,1,16,7,2,1,1,3,1,1,sum,E,4,0,4,1,1,1,0,0,6,1,4
43,charged_lepton_G2,,1,1,17,8,2,1,1,4,1,1,product,S,4,0,4,1,1,1,0,0,6,2,4
43,charged_lepton_G2,,1,1,18,9,2,1,2,4,1,1,torsion,STAY,9,0,9,3,0,1,0,0,6,2,4
43,charged_lepton_G2,,1,1,19,1,3,1,2,4,1,1,sum,E,6,0,6,2,0,1,0,0,6,2,5
43,charged_lepton_G2,,1,1,20,2,3,1,2,5,1,1,product,S,10,1,1,0,1,1,0,0,6,3,5
43,charged_lepton_G2,,1,1,21,3,3,1,3,5,1,1,torsion,STAY,9,0,9,3,0,1,0,1,6,3,5
43,charged_lepton_G2,,1,1,22,4,3,1,3,5,1,1,sum,E,8,0,8,2,2,1,0,0,7,3,6
43,charged_lepton_G2,,1,1,23,5,3,1,3,6,1,1,product,S,18,1,9,3,0,1,0,0,6,4,6
43,charged_lepton_G2,,1,1,24,6,3,1,4,6,1,1,torsion,STAY,9,0,9,3,0,1,0,0,6,4,6
43,charged_lepton_G2,,1,1,25,7,3,1,4,6,1,1,sum,E,10,1,1,0,1,1,0,0,6,4,7
43,charged_lepton_G2,,1,1,26,8,3,1,4,7,1,1,product,S,28,3,1,0,1,1,0,0,6,5,7
43,charged_lepton_G2,,1,1,27,9,3,1,5,7,1,1,torsion,STAY,9,0,9,3,0,1,1,0,6,5,7
43,charged_lepton_G2,,1,1,28,1,4,2,5,7,-1,-1,sum,W,12,1,3,1,0,-1,0,0,6,5,6
43,charged_lepton_G2,,1,1,29,2,4,2,5,6,-1,-1,product,N,30,3,3,1,0,-1,0,0,6,4,6
43,charged_lepton_G2,,1,1,30,3,4,2,4,6,-1,-1,torsion,STAY,9,0,9,3,0,-1,0,0,6,4,6
43,charged_lepton_G2,,1,1,31,4,4,2,4,6,-1,-1,sum,W,10,1,1,0,1,-1,0,0,6,4,5
43,charged_lepton_G2,,1,1,32,5,4,2,4,5,-1,-1,product,N,20,2,2,0,2,-1,0,0,6,3,5
43,charged_lepton_G2,,1,1,33,6,4,2,3,5,-1,-1,torsion,STAY,9,0,9,3,0,-1,0,0,6,3,5
43,charged_lepton_G2,,1,1,34,7,4,2,3,5,-1,-1,sum,W,8,0,8,2,2,-1,0,0,6,3,4
43,charged_lepton_G2,,1,1,35,8,4,2,3,4,-1,-1,product,N,12,1,3,1,0,-1,0,0,6,2,4
43,charged_lepton_G2,,1,1,36,9,4,2,2,4,-1,-1,torsion,STAY,9,0,9,3,0,-1,0,0,6,2,4
43,charged_lepton_G2,,1,1,37,1,5,2,2,4,-1,-1,sum,W,6,0,6,2,0,-1,0,0,6,2,3
43,charged_lepton_G2,,1,1,38,2,5,2,2,3,-1,-1,product,N,6,0,6,2,0,-1,0,0,6,1,3
43,charged_lepton_G2,,1,1,39,3,5,2,1,3,-1,-1,torsion,STAY,9,0,9,3,0,-1,0,0,6,1,3
43,charged_lepton_G2,,1,1,40,4,5,2,1,3,-1,-1,sum,W,4,0,4,1,1,-1,0,0,6,1,2
43,charged_lepton_G2,,1,1,41,5,5,2,1,2,-1,-1,product,N,2,0,2,0,2,-1,0,0,6,9,2
43,charged_lepton_G2,,1,1,42,6,5,2,9,2,-1,-1,torsion,STAY,9,0,9,3,0,-1,0,0,6,9,2
43,charged_lepton_G2,,1,1,43,7,5,2,9,2,-1,-1,sum,W,11,1,2,0,2,-1,0,1,6,9,1
43,charged_lepton_G2,,1,1,44,8,5,2,9,1,-1,-1,product,N,9,0,9,3,0,-1,0,0,7,8,1
43,charged_lepton_G2,,1,1,45,9,5,2,8,1,-1,-1,torsion,STAY,9,0,9,3,0,-1,0,0,6,8,1
43,charged_lepton_G2,,1,1,46,1,6,2,8,1,-1,-1,sum,W,9,0,9,3,0,-1,0,0,6,8,9
43,charged_lepton_G2,,1,1,47,2,6,2,8,9,-1,-1,product,N,72,7,9,3,0,-1,0,0,6,7,9
43,charged_lepton_G2,,1,1,48,3,6,2,7,9,-1,-1,torsion,STAY,9,0,9,3,0,-1,0,0,6,7,9
43,charged_lepton_G2,,1,1,49,4,6,2,7,9,-1,-1,sum,W,16,1,7,2,1,-1,0,0,6,7,8
43,charged_lepton_G2,,1,1,50,5,6,2,7,8,-1,-1,product,N,56,6,2,0,2,-1,0,0,6,6,8
43,charged_lepton_G2,,1,1,51,6,6,2,6,8,-1,-1,torsion,STAY,9,0,9,3,0,-1,0,0,6,6,8
43,charged_lepton_G2,,1,1,52,7,6,2,6,8,-1,-1,sum,W,14,1,5,1,2,-1,0,0,6,6,7
43,charged_lepton_G2,,1,1,53,8,6,2,6,7,-1,-1,product,N,42,4,6,2,0,-1,0,0,6,5,7
43,charged_lepton_G2,,1,1,54,9,6,2,5,7,-1,-1,torsion,STAY,9,0,9,3,0,-1,1,0,6,5,7
43,charged_lepton_G2,,1,1,55,1,7,3,5,7,1,1,sum,E,12,1,3,1,0,1,0,0,6,5,8
43,charged_lepton_G2,,1,1,56,2,7,3,5,8,1,1,product,S,40,4,4,1,1,1,0,0,6,6,8
43,charged_lepton_G2,,1,1,57,3,7,3,6,8,1,1,torsion,STAY,9,0,9,3,0,1,0,0,6,6,8
43,charged_lepton_G2,,1,1,58,4,7,3,6,8,1,1,sum,E,14,1,5,1,2,1,0,0,6,6,9
43,charged_lepton_G2,,1,1,59,5,7,3,6,9,1,1,product,S,54,5,9,3,0,1,0,0,6,7,9
43,charged_lepton_G2,,1,1,60,6,7,3,7,9,1,1,torsion,STAY,9,0,9,3,0,1,0,0,6,7,9
43,charged_lepton_G2,,1,1,61,7,7,3,7,9,1,1,sum,E,16,1,7,2,1,1,0,0,6,7,1
43,charged_lepton_G2,,1,1,62,8,7,3,7,1,1,1,product,S,7,0,7,2,1,1,0,0,6,8,1
43,charged_lepton_G2,,1,1,63,9,7,3,8,1,1,1,torsion,STAY,9,0,9,3,0,1,0,0,6,8,1
43,charged_lepton_G2,,1,1,64,1,8,3,8,1,1,1,sum,E,9,0,9,3,0,1,0,0,6,8,2
43,charged_lepton_G2,,1,1,65,2,8,3,8,2,1,1,product,S,16,1,7,2,1,1,0,1,6,9,2
43,charged_lepton_G2,,1,1,66,3,8,3,9,2,1,1,torsion,STAY,9,0,9,3,0,1,0,0,7,9,2
43,charged_lepton_G2,,1,1,67,4,8,3,9,2,1,1,sum,E,11,1,2,0,2,1,0,0,6,9,3
43,charged_lepton_G2,,1,1,68,5,8,3,9,3,1,1,product,S,27,2,9,3,0,1,0,0,6,1,3
43,charged_lepton_G2,,1,1,69,6,8,3,1,3,1,1,torsion,STAY,9,0,9,3,0,1,0,0,6,1,3
43,charged_lepton_G2,,1,1,70,7,8,3,1,3,1,1,sum,E,4,0,4,1,1,1,0,0,6,1,4
43,charged_lepton_G2,,1,1,71,8,8,3,1,4,1,1,product,S,4,0,4,1,1,1,0,0,6,2,4
43,charged_lepton_G2,,1,1,72,9,8,3,2,4,1,1,torsion,STAY,9,0,9,3,0,1,0,0,6,2,4
43,charged_lepton_G2,,1,1,73,1,9,3,2,4,1,1,sum,E,6,0,6,2,0,1,0,0,6,2,5
43,charged_lepton_G2,,1,1,74,2,9,3,2,5,1,1,product,S,10,1,1,0,1,1,0,0,6,3,5
43,charged_lepton_G2,,1,1,75,3,9,3,3,5,1,1,torsion,STAY,9,0,9,3,0,1,0,0,6,3,5
43,charged_lepton_G2,,1,1,76,4,9,3,3,5,1,1,sum,E,8,0,8,2,2,1,0,0,6,3,6
43,charged_lepton_G2,,1,1,77,5,9,3,3,6,1,1,product,S,18,1,9,3,0,1,0,0,6,4,6
43,charged_lepton_G2,,1,1,78,6,9,3,4,6,1,1,torsion,STAY,9,0,9,3,0,1,0,0,6,4,6
43,charged_lepton_G2,,1,1,79,7,9,3,4,6,1,1,sum,E,10,1,1,0,1,1,0,0,6,4,7
43,charged_lepton_G2,,1,1,80,8,9,3,4,7,1,1,product,S,28,3,1,0,1,1,0,0,6,5,7
43,charged_lepton_G2,,1,1,81,9,9,3,5,7,1,1,torsion,STAY,9,0,9,3,0,1,1,0,6,5,7
43,charged_lepton_G2,,1,1,82,1,10,4,5,7,-1,-1,sum,W,12,1,3,1,0,-1,0,0,6,5,6
43,charged_lepton_G2,,1,1,83,2,10,4,5,6,-1,-1,product,N,30,3,3,1,0,-1,0,0,6,4,6
43,charged_lepton_G2,,1,1,84,3,10,4,4,6,-1,-1,torsion,STAY,9,0,9,3,0,-1,0,0,6,4,6
43,charged_lepton_G2,,1,1,85,4,10,4,4,6,-1,-1,sum,W,10,1,1,0,1,-1,0,0,6,4,5
43,charged_lepton_G2,,1,1,86,5,10,4,4,5,-1,-1,product,N,20,2,2,0,2,-1,0,0,6,3,5
43,charged_lepton_G2,,1,1,87,6,10,4,3,5,-1,-1,torsion,STAY,9,0,9,3,0,-1,0,1,6,3,5
43,charged_lepton_G2,,1,1,88,7,10,4,3,5,-1,-1,sum,W,8,0,8,2,2,-1,0,0,7,3,4
43,charged_lepton_G2,,1,1,89,8,10,4,3,4,-1,-1,product,N,12,1,3,1,0,-1,0,0,6,2,4
43,charged_lepton_G2,,1,1,90,9,10,4,2,4,-1,-1,torsion,STAY,9,0,9,3,0,-1,0,0,6,2,4
43,charged_lepton_G2,,1,1,91,1,11,4,2,4,-1,-1,sum,W,6,0,6,2,0,-1,0,0,6,2,3
43,charged_lepton_G2,,1,1,92,2,11,4,2,3,-1,-1,product,N,6,0,6,2,0,-1,0,0,6,1,3
43,charged_lepton_G2,,1,1,93,3,11,4,1,3,-1,-1,torsion,STAY,9,0,9,3,0,-1,0,0,6,1,3
43,charged_lepton_G2,,1,1,94,4,11,4,1,3,-1,-1,sum,W,4,0,4,1,1,-1,0,0,6,1,2
43,charged_lepton_G2,,1,1,95,5,11,4,1,2,-1,-1,product,N,2,0,2,0,2,-1,0,0,6,9,2
43,charged_lepton_G2,,1,1,96,6,11,4,9,2,-1,-1,torsion,STAY,9,0,9,3,0,-1,0,0,6,9,2
43,charged_lepton_G2,,1,1,97,7,11,4,9,2,-1,-1,sum,W,11,1,2,0,2,-1,0,0,6,9,1
43,charged_lepton_G2,,1,1,98,8,11,4,9,1,-1,-1,product,N,9,0,9,3,0,-1,0,0,6,8,1
43,charged_lepton_G2,,1,1,99,9,11,4,8,1,-1,-1,torsion,STAY,9,0,9,3,0,-1,0,0,6,8,1
43,charged_lepton_G2,,1,1,100,1,12,4,8,1,-1,-1,sum,W,9,0,9,3,0,-1,0,0,6,8,9
43,charged_lepton_G2,,1,1,101,2,12,4,8,9,-1,-1,product,N,72,7,9,3,0,-1,0,0,6,7,9
43,charged_lepton_G2,,1,1,102,3,12,4,7,9,-1,-1,torsion,STAY,9,0,9,3,0,-1,0,0,6,7,9
43,charged_lepton_G2,,1,1,103,4,12,4,7,9,-1,-1,sum,W,16,1,7,2,1,-1,0,0,6,7,8
43,charged_lepton_G2,,1,1,104,5,12,4,7,8,-1,-1,product,N,56,6,2,0,2,-1,0,0,6,6,8
43,charged_lepton_G2,,1,1,105,6,12,4,6,8,-1,-1,torsion,STAY,9,0,9,3,0,-1,0,0,6,6,8
43,charged_lepton_G2,,1,1,106,7,12,4,6,8,-1,-1,sum,W,14,1,5,1,2,-1,0,0,6,6,7
43,charged_lepton_G2,,1,1,107,8,12,4,6,7,-1,-1,product,N,42,4,6,2,0,-1,0,0,6,5,7
43,charged_lepton_G2,,1,1,108,9,12,4,5,7,-1,-1,torsion,STAY,9,0,9,3,0,-1,1,0,6,5,7
44,neutrino_G3,,-1,1,1,1,1,1,5,8,-1,1,sum,W,13,1,4,1,1,1,0,0,7,5,7
44,neutrino_G3,,-1,1,2,2,1,1,5,7,-1,1,product,S,35,3,8,2,2,1,0,0,6,6,7
44,neutrino_G3,,-1,1,3,3,1,1,6,7,-1,1,torsion,STAY,9,0,9,3,0,1,0,0,6,6,7
44,neutrino_G3,,-1,1,4,4,1,1,6,7,-1,1,sum,W,13,1,4,1,1,1,0,0,6,6,6
44,neutrino_G3,,-1,1,5,5,1,1,6,6,-1,1,product,S,36,3,9,3,0,1,0,0,6,7,6
44,neutrino_G3,,-1,1,6,6,1,1,7,6,-1,1,torsion,STAY,9,0,9,3,0,1,0,0,6,7,6
44,neutrino_G3,,-1,1,7,7,1,1,7,6,-1,1,sum,W,13,1,4,1,1,1,0,0,6,7,5
44,neutrino_G3,,-1,1,8,8,1,1,7,5,-1,1,product,S,35,3,8,2,2,1,0,0,6,8,5
44,neutrino_G3,,-1,1,9,9,1,1,8,5,-1,1,torsion,STAY,9,0,9,3,0,1,0,0,6,8,5
44,neutrino_G3,,-1,1,10,1,2,1,8,5,-1,1,sum,W,13,1,4,1,1,1,0,0,6,8,4
44,neutrino_G3,,-1,1,11,2,2,1,8,4,-1,1,product,S,32,3,5,1,2,1,0,0,6,9,4
44,neutrino_G3,,-1,1,12,3,2,1,9,4,-1,1,torsion,STAY,9,0,9,3,0,1,0,0,6,9,4
44,neutrino_G3,,-1,1,13,4,2,1,9,4,-1,1,sum,W,13,1,4,1,1,1,0,0,6,9,3
44,neutrino_G3,,-1,1,14,5,2,1,9,3,-1,1,product,S,27,2,9,3,0,1,0,0,6,1,3
44,neutrino_G3,,-1,1,15,6,2,1,1,3,-1,1,torsion,STAY,9,0,9,3,0,1,0,0,6,1,3
44,neutrino_G3,,-1,1,16,7,2,1,1,3,-1,1,sum,W,4,0,4,1,1,1,0,0,6,1,2
44,neutrino_G3,,-1,1,17,8,2,1,1,2,-1,1,product,S,2,0,2,0,2,1,0,0,6,2,2
44,neutrino_G3,,-1,1,18,9,2,1,2,2,-1,1,torsion,STAY,9,0,9,3,0,1,0,0,6,2,2
44,neutrino_G3,,-1,1,19,1,3,1,2,2,-1,1,sum,W,4,0,4,1,1,1,0,0,6,2,1
44,neutrino_G3,,-1,1,20,2,3,1,2,1,-1,1,product,S,2,0,2,0,2,1,0,0,6,3,1
44,neutrino_G3,,-1,1,21,3,3,1,3,1,-1,1,torsion,STAY,9,0,9,3,0,1,0,1,6,3,1
44,neutrino_G3,,-1,1,22,4,3,1,3,1,-1,1,sum,W,4,0,4,1,1,1,0,0,7,3,9
44,neutrino_G3,,-1,1,23,5,3,1,3,9,-1,1,product,S,27,2,9,3,0,1,0,0,6,4,9
44,neutrino_G3,,-1,1,24,6,3,1,4,9,-1,1,torsion,STAY,9,0,9,3,0,1,0,0,6,4,9
44,neutrino_G3,,-1,1,25,7,3,1,4,9,-1,1,sum,W,13,1,4,1,1,1,0,0,6,4,8
44,neutrino_G3,,-1,1,26,8,3,1,4,8,-1,1,product,S,32,3,5,1,2,1,0,0,6,5,8
44,neutrino_G3,,-1,1,27,9,3,1,5,8,-1,1,torsion,STAY,9,0,9,3,0,1,1,0,6,5,8
44,neutrino_G3,,-1,1,28,1,4,2,5,8,1,-1,sum,E,13,1,4,1,1,-1,0,0,6,5,9
44,neutrino_G3,,-1,1,29,2,4,2,5,9,1,-1,product,N,45,4,9,3,0,-1,0,0,6,4,9
44,neutrino_G3,,-1,1,30,3,4,2,4,9,1,-1,torsion,STAY,9,0,9,3,0,-1,0,0,6,4,9
44,neutrino_G3,,-1,1,31,4,4,2,4,9,1,-1,sum,E,13,1,4,1,1,-1,0,0,6,4,1
44,neutrino_G3,,-1,1,32,5,4,2,4,1,1,-1,product,N,4,0,4,1,1,-1,0,0,6,3,1
44,neutrino_G3,,-1,1,33,6,4,2,3,1,1,-1,torsion,STAY,9,0,9,3,0,-1,0,0,6,3,1
44,neutrino_G3,,-1,1,34,7,4,2,3,1,1,-1,sum,E,4,0,4,1,1,-1,0,0,6,3,2
44,neutrino_G3,,-1,1,35,8,4,2,3,2,1,-1,product,N,6,0,6,2,0,-1,0,0,6,2,2
44,neutrino_G3,,-1,1,36,9,4,2,2,2,1,-1,torsion,STAY,9,0,9,3,0,-1,0,0,6,2,2
44,neutrino_G3,,-1,1,37,1,5,2,2,2,1,-1,sum,E,4,0,4,1,1,-1,0,0,6,2,3
44,neutrino_G3,,-1,1,38,2,5,2,2,3,1,-1,product,N,6,0,6,2,0,-1,0,0,6,1,3
44,neutrino_G3,,-1,1,39,3,5,2,1,3,1,-1,torsion,STAY,9,0,9,3,0,-1,0,0,6,1,3
44,neutrino_G3,,-1,1,40,4,5,2,1,3,1,-1,sum,E,4,0,4,1,1,-1,0,0,6,1,4
44,neutrino_G3,,-1,1,41,5,5,2,1,4,1,-1,product,N,4,0,4,1,1,-1,0,0,6,9,4
44,neutrino_G3,,-1,1,42,6,5,2,9,4,1,-1,torsion,STAY,9,0,9,3,0,-1,0,0,6,9,4
44,neutrino_G3,,-1,1,43,7,5,2,9,4,1,-1,sum,E,13,1,4,1,1,-1,0,1,6,9,5
44,neutrino_G3,,-1,1,44,8,5,2,9,5,1,-1,product,N,45,4,9,3,0,-1,0,0,7,8,5
44,neutrino_G3,,-1,1,45,9,5,2,8,5,1,-1,torsion,STAY,9,0,9,3,0,-1,0,0,6,8,5
44,neutrino_G3,,-1,1,46,1,6,2,8,5,1,-1,sum,E,13,1,4,1,1,-1,0,0,6,8,6
44,neutrino_G3,,-1,1,47,2,6,2,8,6,1,-1,product,N,48,5,3,1,0,-1,0,0,6,7,6
44,neutrino_G3,,-1,1,48,3,6,2,7,6,1,-1,torsion,STAY,9,0,9,3,0,-1,0,0,6,7,6
44,neutrino_G3,,-1,1,49,4,6,2,7,6,1,-1,sum,E,13,1,4,1,1,-1,0,0,6,7,7
44,neutrino_G3,,-1,1,50,5,6,2,7,7,1,-1,product,N,49,5,4,1,1,-1,0,0,6,6,7
44,neutrino_G3,,-1,1,51,6,6,2,6,7,1,-1,torsion,STAY,9,0,9,3,0,-1,0,0,6,6,7
44,neutrino_G3,,-1,1,52,7,6,2,6,7,1,-1,sum,E,13,1,4,1,1,-1,0,0,6,6,8
44,neutrino_G3,,-1,1,53,8,6,2,6,8,1,-1,product,N,48,5,3,1,0,-1,0,0,6,5,8
44,neutrino_G3,,-1,1,54,9,6,2,5,8,1,-1,torsion,STAY,9,0,9,3,0,-1,1,0,6,5,8
44,neutrino_G3,,-1,1,55,1,7,3,5,8,-1,1,sum,W,13,1,4,1,1,1,0,0,6,5,7
44,neutrino_G3,,-1,1,56,2,7,3,5,7,-1,1,product,S,35,3,8,2,2,1,0,0,6,6,7
44,neutrino_G3,,-1,1,57,3,7,3,6,7,-1,1,torsion,STAY,9,0,9,3,0,1,0,0,6,6,7
44,neutrino_G3,,-1,1,58,4,7,3,6,7,-1,1,sum,W,13,1,4,1,1,1,0,0,6,6,6
44,neutrino_G3,,-1,1,59,5,7,3,6,6,-1,1,product,S,36,3,9,3,0,1,0,0,6,7,6
44,neutrino_G3,,-1,1,60,6,7,3,7,6,-1,1,torsion,STAY,9,0,9,3,0,1,0,0,6,7,6
44,neutrino_G3,,-1,1,61,7,7,3,7,6,-1,1,sum,W,13,1,4,1,1,1,0,0,6,7,5
44,neutrino_G3,,-1,1,62,8,7,3,7,5,-1,1,product,S,35,3,8,2,2,1,0,0,6,8,5
44,neutrino_G3,,-1,1,63,9,7,3,8,5,-1,1,torsion,STAY,9,0,9,3,0,1,0,0,6,8,5
44,neutrino_G3,,-1,1,64,1,8,3,8,5,-1,1,sum,W,13,1,4,1,1,1,0,0,6,8,4
44,neutrino_G3,,-1,1,65,2,8,3,8,4,-1,1,product,S,32,3,5,1,2,1,0,1,6,9,4
44,neutrino_G3,,-1,1,66,3,8,3,9,4,-1,1,torsion,STAY,9,0,9,3,0,1,0,0,7,9,4
44,neutrino_G3,,-1,1,67,4,8,3,9,4,-1,1,sum,W,13,1,4,1,1,1,0,0,6,9,3
44,neutrino_G3,,-1,1,68,5,8,3,9,3,-1,1,product,S,27,2,9,3,0,1,0,0,6,1,3
44,neutrino_G3,,-1,1,69,6,8,3,1,3,-1,1,torsion,STAY,9,0,9,3,0,1,0,0,6,1,3
44,neutrino_G3,,-1,1,70,7,8,3,1,3,-1,1,sum,W,4,0,4,1,1,1,0,0,6,1,2
44,neutrino_G3,,-1,1,71,8,8,3,1,2,-1,1,product,S,2,0,2,0,2,1,0,0,6,2,2
44,neutrino_G3,,-1,1,72,9,8,3,2,2,-1,1,torsion,STAY,9,0,9,3,0,1,0,0,6,2,2
44,neutrino_G3,,-1,1,73,1,9,3,2,2,-1,1,sum,W,4,0,4,1,1,1,0,0,6,2,1
44,neutrino_G3,,-1,1,74,2,9,3,2,1,-1,1,product,S,2,0,2,0,2,1,0,0,6,3,1
44,neutrino_G3,,-1,1,75,3,9,3,3,1,-1,1,torsion,STAY,9,0,9,3,0,1,0,0,6,3,1
44,neutrino_G3,,-1,1,76,4,9,3,3,1,-1,1,sum,W,4,0,4,1,1,1,0,0,6,3,9
44,neutrino_G3,,-1,1,77,5,9,3,3,9,-1,1,product,S,27,2,9,3,0,1,0,0,6,4,9
44,neutrino_G3,,-1,1,78,6,9,3,4,9,-1,1,torsion,STAY,9,0,9,3,0,1,0,0,6,4,9
44,neutrino_G3,,-1,1,79,7,9,3,4,9,-1,1,sum,W,13,1,4,1,1,1,0,0,6,4,8
44,neutrino_G3,,-1,1,80,8,9,3,4,8,-1,1,product,S,32,3,5,1,2,1,0,0,6,5,8
44,neutrino_G3,,-1,1,81,9,9,3,5,8,-1,1,torsion,STAY,9,0,9,3,0,1,1,0,6,5,8
44,neutrino_G3,,-1,1,82,1,10,4,5,8,1,-1,sum,E,13,1,4,1,1,-1,0,0,6,5,9
44,neutrino_G3,,-1,1,83,2,10,4,5,9,1,-1,product,N,45,4,9,3,0,-1,0,0,6,4,9
44,neutrino_G3,,-1,1,84,3,10,4,4,9,1,-1,torsion,STAY,9,0,9,3,0,-1,0,0,6,4,9
44,neutrino_G3,,-1,1,85,4,10,4,4,9,1,-1,sum,E,13,1,4,1,1,-1,0,0,6,4,1
44,neutrino_G3,,-1,1,86,5,10,4,4,1,1,-1,product,N,4,0,4,1,1,-1,0,0,6,3,1
44,neutrino_G3,,-1,1,87,6,10,4,3,1,1,-1,torsion,STAY,9,0,9,3,0,-1,0,1,6,3,1
44,neutrino_G3,,-1,1,88,7,10,4,3,1,1,-1,sum,E,4,0,4,1,1,-1,0,0,7,3,2
44,neutrino_G3,,-1,1,89,8,10,4,3,2,1,-1,product,N,6,0,6,2,0,-1,0,0,6,2,2
44,neutrino_G3,,-1,1,90,9,10,4,2,2,1,-1,torsion,STAY,9,0,9,3,0,-1,0,0,6,2,2
44,neutrino_G3,,-1,1,91,1,11,4,2,2,1,-1,sum,E,4,0,4,1,1,-1,0,0,6,2,3
44,neutrino_G3,,-1,1,92,2,11,4,2,3,1,-1,product,N,6,0,6,2,0,-1,0,0,6,1,3
44,neutrino_G3,,-1,1,93,3,11,4,1,3,1,-1,torsion,STAY,9,0,9,3,0,-1,0,0,6,1,3
44,neutrino_G3,,-1,1,94,4,11,4,1,3,1,-1,sum,E,4,0,4,1,1,-1,0,0,6,1,4
44,neutrino_G3,,-1,1,95,5,11,4,1,4,1,-1,product,N,4,0,4,1,1,-1,0,0,6,9,4
44,neutrino_G3,,-1,1,96,6,11,4,9,4,1,-1,torsion,STAY,9,0,9,3,0,-1,0,0,6,9,4
44,neutrino_G3,,-1,1,97,7,11,4,9,4,1,-1,sum,E,13,1,4,1,1,-1,0,0,6,9,5
44,neutrino_G3,,-1,1,98,8,11,4,9,5,1,-1,product,N,45,4,9,3,0,-1,0,0,6,8,5
44,neutrino_G3,,-1,1,99,9,11,4,8,5,1,-1,torsion,STAY,9,0,9,3,0,-1,0,0,6,8,5
44,neutrino_G3,,-1,1,100,1,12,4,8,5,1,-1,sum,E,13,1,4,1,1,-1,0,0,6,8,6
44,neutrino_G3,,-1,1,101,2,12,4,8,6,1,-1,product,N,48,5,3,1,0,-1,0,0,6,7,6
44,neutrino_G3,,-1,1,102,3,12,4,7,6,1,-1,torsion,STAY,9,0,9,3,0,-1,0,0,6,7,6
44,neutrino_G3,,-1,1,103,4,12,4,7,6,1,-1,sum,E,13,1,4,1,1,-1,0,0,6,7,7
44,neutrino_G3,,-1,1,104,5,12,4,7,7,1,-1,product,N,49,5,4,1,1,-1,0,0,6,6,7
44,neutrino_G3,,-1,1,105,6,12,4,6,7,1,-1,torsion,STAY,9,0,9,3,0,-1,0,0,6,6,7
44,neutrino_G3,,-1,1,106,7,12,4,6,7,1,-1,sum,E,13,1,4,1,1,-1,0,0,6,6,8
44,neutrino_G3,,-1,1,107,8,12,4,6,8,1,-1,product,N,48,5,3,1,0,-1,0,0,6,5,8
44,neutrino_G3,,-1,1,108,9,12,4,5,8,1,-1,torsion,STAY,9,0,9,3,0,-1,1,0,6,5,8
45,charged_lepton_G4,,-1,-1,1,1,1,1,5,9,-1,-1,sum,W,14,1,5,1,2,1,0,0,7,5,8
45,charged_lepton_G4,,-1,-1,2,2,1,1,5,8,-1,-1,product,N,40,4,4,1,1,1,0,0,6,4,8
45,charged_lepton_G4,,-1,-1,3,3,1,1,4,8,-1,-1,torsion,STAY,9,0,9,3,0,1,0,0,6,4,8
45,charged_lepton_G4,,-1,-1,4,4,1,1,4,8,-1,-1,sum,W,12,1,3,1,0,1,0,0,6,4,7
45,charged_lepton_G4,,-1,-1,5,5,1,1,4,7,-1,-1,product,N,28,3,1,0,1,1,0,0,6,3,7
45,charged_lepton_G4,,-1,-1,6,6,1,1,3,7,-1,-1,torsion,STAY,9,0,9,3,0,1,0,0,6,3,7
45,charged_lepton_G4,,-1,-1,7,7,1,1,3,7,-1,-1,sum,W,10,1,1,0,1,1,0,0,6,3,6
45,charged_lepton_G4,,-1,-1,8,8,1,1,3,6,-1,-1,product,N,18,1,9,3,0,1,0,0,6,2,6
45,charged_lepton_G4,,-1,-1,9,9,1,1,2,6,-1,-1,torsion,STAY,9,0,9,3,0,1,0,0,6,2,6
45,charged_lepton_G4,,-1,-1,10,1,2,1,2,6,-1,-1,sum,W,8,0,8,2,2,1,0,0,6,2,5
45,charged_lepton_G4,,-1,-1,11,2,2,1,2,5,-1,-1,product,N,10,1,1,0,1,1,0,0,6,1,5
45,charged_lepton_G4,,-1,-1,12,3,2,1,1,5,-1,-1,torsion,STAY,9,0,9,3,0,1,0,0,6,1,5
45,charged_lepton_G4,,-1,-1,13,4,2,1,1,5,-1,-1,sum,W,6,0,6,2,0,1,0,0,6,1,4
45,charged_lepton_G4,,-1,-1,14,5,2,1,1,4,-1,-1,product,N,4,0,4,1,1,1,0,0,6,9,4
45,charged_lepton_G4,,-1,-1,15,6,2,1,9,4,-1,-1,torsion,STAY,9,0,9,3,0,1,0,0,6,9,4
45,charged_lepton_G4,,-1,-1,16,7,2,1,9,4,-1,-1,sum,W,13,1,4,1,1,1,0,0,6,9,3
45,charged_lepton_G4,,-1,-1,17,8,2,1,9,3,-1,-1,product,N,27,2,9,3,0,1,0,0,6,8,3
45,charged_lepton_G4,,-1,-1,18,9,2,1,8,3,-1,-1,torsion,STAY,9,0,9,3,0,1,0,0,6,8,3
45,charged_lepton_G4,,-1,-1,19,1,3,1,8,3,-1,-1,sum,W,11,1,2,0,2,1,0,0,6,8,2
45,charged_lepton_G4,,-1,-1,20,2,3,1,8,2,-1,-1,product,N,16,1,7,2,1,1,0,0,6,7,2
45,charged_lepton_G4,,-1,-1,21,3,3,1,7,2,-1,-1,torsion,STAY,9,0,9,3,0,1,0,1,6,7,2
45,charged_lepton_G4,,-1,-1,22,4,3,1,7,2,-1,-1,sum,W,9,0,9,3,0,1,0,0,7,7,1
45,charged_lepton_G4,,-1,-1,23,5,3,1,7,1,-1,-1,product,N,7,0,7,2,1,1,0,0,6,6,1
45,charged_lepton_G4,,-1,-1,24,6,3,1,6,1,-1,-1,torsion,STAY,9,0,9,3,0,1,0,0,6,6,1
45,charged_lepton_G4,,-1,-1,25,7,3,1,6,1,-1,-1,sum,W,7,0,7,2,1,1,0,0,6,6,9
45,charged_lepton_G4,,-1,-1,26,8,3,1,6,9,-1,-1,product,N,54,5,9,3,0,1,0,0,6,5,9
45,charged_lepton_G4,,-1,-1,27,9,3,1,5,9,-1,-1,torsion,STAY,9,0,9,3,0,1,1,0,6,5,9
45,charged_lepton_G4,,-1,-1,28,1,4,2,5,9,1,1,sum,E,14,1,5,1,2,-1,0,0,6,5,1
45,charged_lepton_G4,,-1,-1,29,2,4,2,5,1,1,1,product,S,5,0,5,1,2,-1,0,0,6,6,1
45,charged_lepton_G4,,-1,-1,30,3,4,2,6,1,1,1,torsion,STAY,9,0,9,3,0,-1,0,0,6,6,1
45,charged_lepton_G4,,-1,-1,31,4,4,2,6,1,1,1,sum,E,7,0,7,2,1,-1,0,0,6,6,2
45,charged_lepton_G4,,-1,-1,32,5,4,2,6,2,1,1,product,S,12,1,3,1,0,-1,0,0,6,7,2
45,charged_lepton_G4,,-1,-1,33,6,4,2,7,2,1,1,torsion,STAY,9,0,9,3,0,-1,0,0,6,7,2
45,charged_lepton_G4,,-1,-1,34,7,4,2,7,2,1,1,sum,E,9,0,9,3,0,-1,0,0,6,7,3
45,charged_lepton_G4,,-1,-1,35,8,4,2,7,3,1,1,product,S,21,2,3,1,0,-1,0,0,6,8,3
45,charged_lepton_G4,,-1,-1,36,9,4,2,8,3,1,1,torsion,STAY,9,0,9,3,0,-1,0,0,6,8,3
45,charged_lepton_G4,,-1,-1,37,1,5,2,8,3,1,1,sum,E,11,1,2,0,2,-1,0,0,6,8,4
45,charged_lepton_G4,,-1,-1,38,2,5,2,8,4,1,1,product,S,32,3,5,1,2,-1,0,0,6,9,4
45,charged_lepton_G4,,-1,-1,39,3,5,2,9,4,1,1,torsion,STAY,9,0,9,3,0,-1,0,0,6,9,4
45,charged_lepton_G4,,-1,-1,40,4,5,2,9,4,1,1,sum,E,13,1,4,1,1,-1,0,0,6,9,5
45,charged_lepton_G4,,-1,-1,41,5,5,2,9,5,1,1,product,S,45,4,9,3,0,-1,0,0,6,1,5
45,charged_lepton_G4,,-1,-1,42,6,5,2,1,5,1,1,torsion,STAY,9,0,9,3,0,-1,0,0,6,1,5
45,charged_lepton_G4,,-1,-1,43,7,5,2,1,5,1,1,sum,E,6,0,6,2,0,-1,0,1,6,1,6
45,charged_lepton_G4,,-1,-1,44,8,5,2,1,6,1,1,product,S,6,0,6,2,0,-1,0,0,7,2,6
45,charged_lepton_G4,,-1,-1,45,9,5,2,2,6,1,1,torsion,STAY,9,0,9,3,0,-1,0,0,6,2,6
45,charged_lepton_G4,,-1,-1,46,1,6,2,2,6,1,1,sum,E,8,0,8,2,2,-1,0,0,6,2,7
45,charged_lepton_G4,,-1,-1,47,2,6,2,2,7,1,1,product,S,14,1,5,1,2,-1,0,0,6,3,7
45,charged_lepton_G4,,-1,-1,48,3,6,2,3,7,1,1,torsion,STAY,9,0,9,3,0,-1,0,0,6,3,7
45,charged_lepton_G4,,-1,-1,49,4,6,2,3,7,1,1,sum,E,10,1,1,0,1,-1,0,0,6,3,8
45,charged_lepton_G4,,-1,-1,50,5,6,2,3,8,1,1,product,S,24,2,6,2,0,-1,0,0,6,4,8
45,charged_lepton_G4,,-1,-1,51,6,6,2,4,8,1,1,torsion,STAY,9,0,9,3,0,-1,0,0,6,4,8
45,charged_lepton_G4,,-1,-1,52,7,6,2,4,8,1,1,sum,E,12,1,3,1,0,-1,0,0,6,4,9
45,charged_lepton_G4,,-1,-1,53,8,6,2,4,9,1,1,product,S,36,3,9,3,0,-1,0,0,6,5,9
45,charged_lepton_G4,,-1,-1,54,9,6,2,5,9,1,1,torsion,STAY,9,0,9,3,0,-1,1,0,6,5,9
45,charged_lepton_G4,,-1,-1,55,1,7,3,5,9,-1,-1,sum,W,14,1,5,1,2,1,0,0,6,5,8
45,charged_lepton_G4,,-1,-1,56,2,7,3,5,8,-1,-1,product,N,40,4,4,1,1,1,0,0,6,4,8
45,charged_lepton_G4,,-1,-1,57,3,7,3,4,8,-1,-1,torsion,STAY,9,0,9,3,0,1,0,0,6,4,8
45,charged_lepton_G4,,-1,-1,58,4,7,3,4,8,-1,-1,sum,W,12,1,3,1,0,1,0,0,6,4,7
45,charged_lepton_G4,,-1,-1,59,5,7,3,4,7,-1,-1,product,N,28,3,1,0,1,1,0,0,6,3,7
45,charged_lepton_G4,,-1,-1,60,6,7,3,3,7,-1,-1,torsion,STAY,9,0,9,3,0,1,0,0,6,3,7
45,charged_lepton_G4,,-1,-1,61,7,7,3,3,7,-1,-1,sum,W,10,1,1,0,1,1,0,0,6,3,6
45,charged_lepton_G4,,-1,-1,62,8,7,3,3,6,-1,-1,product,N,18,1,9,3,0,1,0,0,6,2,6
45,charged_lepton_G4,,-1,-1,63,9,7,3,2,6,-1,-1,torsion,STAY,9,0,9,3,0,1,0,0,6,2,6
45,charged_lepton_G4,,-1,-1,64,1,8,3,2,6,-1,-1,sum,W,8,0,8,2,2,1,0,0,6,2,5
45,charged_lepton_G4,,-1,-1,65,2,8,3,2,5,-1,-1,product,N,10,1,1,0,1,1,0,1,6,1,5
45,charged_lepton_G4,,-1,-1,66,3,8,3,1,5,-1,-1,torsion,STAY,9,0,9,3,0,1,0,0,7,1,5
45,charged_lepton_G4,,-1,-1,67,4,8,3,1,5,-1,-1,sum,W,6,0,6,2,0,1,0,0,6,1,4
45,charged_lepton_G4,,-1,-1,68,5,8,3,1,4,-1,-1,product,N,4,0,4,1,1,1,0,0,6,9,4
45,charged_lepton_G4,,-1,-1,69,6,8,3,9,4,-1,-1,torsion,STAY,9,0,9,3,0,1,0,0,6,9,4
45,charged_lepton_G4,,-1,-1,70,7,8,3,9,4,-1,-1,sum,W,13,1,4,1,1,1,0,0,6,9,3
45,charged_lepton_G4,,-1,-1,71,8,8,3,9,3,-1,-1,product,N,27,2,9,3,0,1,0,0,6,8,3
45,charged_lepton_G4,,-1,-1,72,9,8,3,8,3,-1,-1,torsion,STAY,9,0,9,3,0,1,0,0,6,8,3
45,charged_lepton_G4,,-1,-1,73,1,9,3,8,3,-1,-1,sum,W,11,1,2,0,2,1,0,0,6,8,2
45,charged_lepton_G4,,-1,-1,74,2,9,3,8,2,-1,-1,product,N,16,1,7,2,1,1,0,0,6,7,2
45,charged_lepton_G4,,-1,-1,75,3,9,3,7,2,-1,-1,torsion,STAY,9,0,9,3,0,1,0,0,6,7,2
45,charged_lepton_G4,,-1,-1,76,4,9,3,7,2,-1,-1,sum,W,9,0,9,3,0,1,0,0,6,7,1
45,charged_lepton_G4,,-1,-1,77,5,9,3,7,1,-1,-1,product,N,7,0,7,2,1,1,0,0,6,6,1
45,charged_lepton_G4,,-1,-1,78,6,9,3,6,1,-1,-1,torsion,STAY,9,0,9,3,0,1,0,0,6,6,1
45,charged_lepton_G4,,-1,-1,79,7,9,3,6,1,-1,-1,sum,W,7,0,7,2,1,1,0,0,6,6,9
45,charged_lepton_G4,,-1,-1,80,8,9,3,6,9,-1,-1,product,N,54,5,9,3,0,1,0,0,6,5,9
45,charged_lepton_G4,,-1,-1,81,9,9,3,5,9,-1,-1,torsion,STAY,9,0,9,3,0,1,1,0,6,5,9
45,charged_lepton_G4,,-1,-1,82,1,10,4,5,9,1,1,sum,E,14,1,5,1,2,-1,0,0,6,5,1
45,charged_lepton_G4,,-1,-1,83,2,10,4,5,1,1,1,product,S,5,0,5,1,2,-1,0,0,6,6,1
45,charged_lepton_G4,,-1,-1,84,3,10,4,6,1,1,1,torsion,STAY,9,0,9,3,0,-1,0,0,6,6,1
45,charged_lepton_G4,,-1,-1,85,4,10,4,6,1,1,1,sum,E,7,0,7,2,1,-1,0,0,6,6,2
45,charged_lepton_G4,,-1,-1,86,5,10,4,6,2,1,1,product,S,12,1,3,1,0,-1,0,0,6,7,2
45,charged_lepton_G4,,-1,-1,87,6,10,4,7,2,1,1,torsion,STAY,9,0,9,3,0,-1,0,1,6,7,2
45,charged_lepton_G4,,-1,-1,88,7,10,4,7,2,1,1,sum,E,9,0,9,3,0,-1,0,0,7,7,3
45,charged_lepton_G4,,-1,-1,89,8,10,4,7,3,1,1,product,S,21,2,3,1,0,-1,0,0,6,8,3
45,charged_lepton_G4,,-1,-1,90,9,10,4,8,3,1,1,torsion,STAY,9,0,9,3,0,-1,0,0,6,8,3
45,charged_lepton_G4,,-1,-1,91,1,11,4,8,3,1,1,sum,E,11,1,2,0,2,-1,0,0,6,8,4
45,charged_lepton_G4,,-1,-1,92,2,11,4,8,4,1,1,product,S,32,3,5,1,2,-1,0,0,6,9,4
45,charged_lepton_G4,,-1,-1,93,3,11,4,9,4,1,1,torsion,STAY,9,0,9,3,0,-1,0,0,6,9,4
45,charged_lepton_G4,,-1,-1,94,4,11,4,9,4,1,1,sum,E,13,1,4,1,1,-1,0,0,6,9,5
45,charged_lepton_G4,,-1,-1,95,5,11,4,9,5,1,1,product,S,45,4,9,3,0,-1,0,0,6,1,5
45,charged_lepton_G4,,-1,-1,96,6,11,4,1,5,1,1,torsion,STAY,9,0,9,3,0,-1,0,0,6,1,5
45,charged_lepton_G4,,-1,-1,97,7,11,4,1,5,1,1,sum,E,6,0,6,2,0,-1,0,0,6,1,6
45,charged_lepton_G4,,-1,-1,98,8,11,4,1,6,1,1,product,S,6,0,6,2,0,-1,0,0,6,2,6
45,charged_lepton_G4,,-1,-1,99,9,11,4,2,6,1,1,torsion,STAY,9,0,9,3,0,-1,0,0,6,2,6
45,charged_lepton_G4,,-1,-1,100,1,12,4,2,6,1,1,sum,E,8,0,8,2,2,-1,0,0,6,2,7
45,charged_lepton_G4,,-1,-1,101,2,12,4,2,7,1,1,product,S,14,1,5,1,2,-1,0,0,6,3,7
45,charged_lepton_G4,,-1,-1,102,3,12,4,3,7,1,1,torsion,STAY,9,0,9,3,0,-1,0,0,6,3,7
45,charged_lepton_G4,,-1,-1,103,4,12,4,3,7,1,1,sum,E,10,1,1,0,1,-1,0,0,6,3,8
45,charged_lepton_G4,,-1,-1,104,5,12,4,3,8,1,1,product,S,24,2,6,2,0,-1,0,0,6,4,8
45,charged_lepton_G4,,-1,-1,105,6,12,4,4,8,1,1,torsion,STAY,9,0,9,3,0,-1,0,0,6,4,8
45,charged_lepton_G4,,-1,-1,106,7,12,4,4,8,1,1,sum,E,12,1,3,1,0,-1,0,0,6,4,9
45,charged_lepton_G4,,-1,-1,107,8,12,4,4,9,1,1,product,S,36,3,9,3,0,-1,0,0,6,5,9
45,charged_lepton_G4,,-1,-1,108,9,12,4,5,9,1,1,torsion,STAY,9,0,9,3,0,-1,1,0,6,5,9
46,quark_down_G4,B,-1,-1,1,1,1,1,6,1,-1,-1,sum,W,7,0,7,2,1,1,0,0,7,6,9
46,quark_down_G4,B,-1,-1,2,2,1,1,6,9,-1,-1,product,N,54,5,9,3,0,1,0,0,6,5,9
46,quark_down_G4,B,-1,-1,3,3,1,1,5,9,-1,-1,torsion,STAY,9,0,9,3,0,1,0,0,6,5,9
46,quark_down_G4,B,-1,-1,4,4,1,1,5,9,-1,-1,sum,W,14,1,5,1,2,1,0,0,6,5,8
46,quark_down_G4,B,-1,-1,5,5,1,1,5,8,-1,-1,product,N,40,4,4,1,1,1,0,0,6,4,8
46,quark_down_G4,B,-1,-1,6,6,1,1,4,8,-1,-1,torsion,STAY,9,0,9,3,0,1,0,0,6,4,8
46,quark_down_G4,B,-1,-1,7,7,1,1,4,8,-1,-1,sum,W,12,1,3,1,0,1,0,0,6,4,7
46,quark_down_G4,B,-1,-1,8,8,1,1,4,7,-1,-1,product,N,28,3,1,0,1,1,0,0,6,3,7
46,quark_down_G4,B,-1,-1,9,9,1,1,3,7,-1,-1,torsion,STAY,9,0,9,3,0,1,0,0,6,3,7
46,quark_down_G4,B,-1,-1,10,1,2,1,3,7,-1,-1,sum,W,10,1,1,0,1,1,0,0,6,3,6
46,quark_down_G4,B,-1,-1,11,2,2,1,3,6,-1,-1,product,N,18,1,9,3,0,1,0,0,6,2,6
46,quark_down_G4,B,-1,-1,12,3,2,1,2,6,-1,-1,torsion,STAY,9,0,9,3,0,1,0,0,6,2,6
46,quark_down_G4,B,-1,-1,13,4,2,1,2,6,-1,-1,sum,W,8,0,8,2,2,1,0,0,6,2,5
46,quark_down_G4,B,-1,-1,14,5,2,1,2,5,-1,-1,product,N,10,1,1,0,1,1,0,0,6,1,5
46,quark_down_G4,B,-1,-1,15,6,2,1,1,5,-1,-1,torsion,STAY,9,0,9,3,0,1,0,0,6,1,5
46,quark_down_G4,B,-1,-1,16,7,2,1,1,5,-1,-1,sum,W,6,0,6,2,0,1,0,0,6,1,4
46,quark_down_G4,B,-1,-1,17,8,2,1,1,4,-1,-1,product,N,4,0,4,1,1,1,0,0,6,9,4
46,quark_down_G4,B,-1,-1,18,9,2,1,9,4,-1,-1,torsion,STAY,9,0,9,3,0,1,0,0,6,9,4
46,quark_down_G4,B,-1,-1,19,1,3,1,9,4,-1,-1,sum,W,13,1,4,1,1,1,0,0,6,9,3
46,quark_down_G4,B,-1,-1,20,2,3,1,9,3,-1,-1,product,N,27,2,9,3,0,1,0,0,6,8,3
46,quark_down_G4,B,-1,-1,21,3,3,1,8,3,-1,-1,torsion,STAY,9,0,9,3,0,1,0,1,6,8,3
46,quark_down_G4,B,-1,-1,22,4,3,1,8,3,-1,-1,sum,W,11,1,2,0,2,1,0,0,7,8,2
46,quark_down_G4,B,-1,-1,23,5,3,1,8,2,-1,-1,product,N,16,1,7,2,1,1,0,0,6,7,2
46,quark_down_G4,B,-1,-1,24,6,3,1,7,2,-1,-1,torsion,STAY,9,0,9,3,0,1,0,0,6,7,2
46,quark_down_G4,B,-1,-1,25,7,3,1,7,2,-1,-1,sum,W,9,0,9,3,0,1,0,0,6,7,1
46,quark_down_G4,B,-1,-1,26,8,3,1,7,1,-1,-1,product,N,7,0,7,2,1,1,0,0,6,6,1
46,quark_down_G4,B,-1,-1,27,9,3,1,6,1,-1,-1,torsion,STAY,9,0,9,3,0,1,1,0,6,6,1
46,quark_down_G4,B,-1,-1,28,1,4,2,6,1,1,1,sum,E,7,0,7,2,1,-1,0,0,6,6,2
46,quark_down_G4,B,-1,-1,29,2,4,2,6,2,1,1,product,S,12,1,3,1,0,-1,0,0,6,7,2
46,quark_down_G4,B,-1,-1,30,3,4,2,7,2,1,1,torsion,STAY,9,0,9,3,0,-1,0,0,6,7,2
46,quark_down_G4,B,-1,-1,31,4,4,2,7,2,1,1,sum,E,9,0,9,3,0,-1,0,0,6,7,3
46,quark_down_G4,B,-1,-1,32,5,4,2,7,3,1,1,product,S,21,2,3,1,0,-1,0,0,6,8,3
46,quark_down_G4,B,-1,-1,33,6,4,2,8,3,1,1,torsion,STAY,9,0,9,3,0,-1,0,0,6,8,3
46,quark_down_G4,B,-1,-1,34,7,4,2,8,3,1,1,sum,E,11,1,2,0,2,-1,0,0,6,8,4
46,quark_down_G4,B,-1,-1,35,8,4,2,8,4,1,1,product,S,32,3,5,1,2,-1,0,0,6,9,4
46,quark_down_G4,B,-1,-1,36,9,4,2,9,4,1,1,torsion,STAY,9,0,9,3,0,-1,0,0,6,9,4
46,quark_down_G4,B,-1,-1,37,1,5,2,9,4,1,1,sum,E,13,1,4,1,1,-1,0,0,6,9,5
46,quark_down_G4,B,-1,-1,38,2,5,2,9,5,1,1,product,S,45,4,9,3,0,-1,0,0,6,1,5
46,quark_down_G4,B,-1,-1,39,3,5,2,1,5,1,1,torsion,STAY,9,0,9,3,0,-1,0,0,6,1,5
46,quark_down_G4,B,-1,-1,40,4,5,2,1,5,1,1,sum,E,6,0,6,2,0,-1,0,0,6,1,6
46,quark_down_G4,B,-1,-1,41,5,5,2,1,6,1,1,product,S,6,0,6,2,0,-1,0,0,6,2,6
46,quark_down_G4,B,-1,-1,42,6,5,2,2,6,1,1,torsion,STAY,9,0,9,3,0,-1,0,0,6,2,6
46,quark_down_G4,B,-1,-1,43,7,5,2,2,6,1,1,sum,E,8,0,8,2,2,-1,0,1,6,2,7
46,quark_down_G4,B,-1,-1,44,8,5,2,2,7,1,1,product,S,14,1,5,1,2,-1,0,0,7,3,7
46,quark_down_G4,B,-1,-1,45,9,5,2,3,7,1,1,torsion,STAY,9,0,9,3,0,-1,0,0,6,3,7
46,quark_down_G4,B,-1,-1,46,1,6,2,3,7,1,1,sum,E,10,1,1,0,1,-1,0,0,6,3,8
46,quark_down_G4,B,-1,-1,47,2,6,2,3,8,1,1,product,S,24,2,6,2,0,-1,0,0,6,4,8
46,quark_down_G4,B,-1,-1,48,3,6,2,4,8,1,1,torsion,STAY,9,0,9,3,0,-1,0,0,6,4,8
46,quark_down_G4,B,-1,-1,49,4,6,2,4,8,1,1,sum,E,12,1,3,1,0,-1,0,0,6,4,9
46,quark_down_G4,B,-1,-1,50,5,6,2,4,9,1,1,product,S,36,3,9,3,0,-1,0,0,6,5,9
46,quark_down_G4,B,-1,-1,51,6,6,2,5,9,1,1,torsion,STAY,9,0,9,3,0,-1,0,0,6,5,9
46,quark_down_G4,B,-1,-1,52,7,6,2,5,9,1,1,sum,E,14,1,5,1,2,-1,0,0,6,5,1
46,quark_down_G4,B,-1,-1,53,8,6,2,5,1,1,1,product,S,5,0,5,1,2,-1,0,0,6,6,1
46,quark_down_G4,B,-1,-1,54,9,6,2,6,1,1,1,torsion,STAY,9,0,9,3,0,-1,1,0,6,6,1
46,quark_down_G4,B,-1,-1,55,1,7,3,6,1,-1,-1,sum,W,7,0,7,2,1,1,0,0,6,6,9
46,quark_down_G4,B,-1,-1,56,2,7,3,6,9,-1,-1,product,N,54,5,9,3,0,1,0,0,6,5,9
46,quark_down_G4,B,-1,-1,57,3,7,3,5,9,-1,-1,torsion,STAY,9,0,9,3,0,1,0,0,6,5,9
46,quark_down_G4,B,-1,-1,58,4,7,3,5,9,-1,-1,sum,W,14,1,5,1,2,1,0,0,6,5,8
46,quark_down_G4,B,-1,-1,59,5,7,3,5,8,-1,-1,product,N,40,4,4,1,1,1,0,0,6,4,8
46,quark_down_G4,B,-1,-1,60,6,7,3,4,8,-1,-1,torsion,STAY,9,0,9,3,0,1,0,0,6,4,8
46,quark_down_G4,B,-1,-1,61,7,7,3,4,8,-1,-1,sum,W,12,1,3,1,0,1,0,0,6,4,7
46,quark_down_G4,B,-1,-1,62,8,7,3,4,7,-1,-1,product,N,28,3,1,0,1,1,0,0,6,3,7
46,quark_down_G4,B,-1,-1,63,9,7,3,3,7,-1,-1,torsion,STAY,9,0,9,3,0,1,0,0,6,3,7
46,quark_down_G4,B,-1,-1,64,1,8,3,3,7,-1,-1,sum,W,10,1,1,0,1,1,0,0,6,3,6
46,quark_down_G4,B,-1,-1,65,2,8,3,3,6,-1,-1,product,N,18,1,9,3,0,1,0,1,6,2,6
46,quark_down_G4,B,-1,-1,66,3,8,3,2,6,-1,-1,torsion,STAY,9,0,9,3,0,1,0,0,7,2,6
46,quark_down_G4,B,-1,-1,67,4,8,3,2,6,-1,-1,sum,W,8,0,8,2,2,1,0,0,6,2,5
46,quark_down_G4,B,-1,-1,68,5,8,3,2,5,-1,-1,product,N,10,1,1,0,1,1,0,0,6,1,5
46,quark_down_G4,B,-1,-1,69,6,8,3,1,5,-1,-1,torsion,STAY,9,0,9,3,0,1,0,0,6,1,5
46,quark_down_G4,B,-1,-1,70,7,8,3,1,5,-1,-1,sum,W,6,0,6,2,0,1,0,0,6,1,4
46,quark_down_G4,B,-1,-1,71,8,8,3,1,4,-1,-1,product,N,4,0,4,1,1,1,0,0,6,9,4
46,quark_down_G4,B,-1,-1,72,9,8,3,9,4,-1,-1,torsion,STAY,9,0,9,3,0,1,0,0,6,9,4
46,quark_down_G4,B,-1,-1,73,1,9,3,9,4,-1,-1,sum,W,13,1,4,1,1,1,0,0,6,9,3
46,quark_down_G4,B,-1,-1,74,2,9,3,9,3,-1,-1,product,N,27,2,9,3,0,1,0,0,6,8,3
46,quark_down_G4,B,-1,-1,75,3,9,3,8,3,-1,-1,torsion,STAY,9,0,9,3,0,1,0,0,6,8,3
46,quark_down_G4,B,-1,-1,76,4,9,3,8,3,-1,-1,sum,W,11,1,2,0,2,1,0,0,6,8,2
46,quark_down_G4,B,-1,-1,77,5,9,3,8,2,-1,-1,product,N,16,1,7,2,1,1,0,0,6,7,2
46,quark_down_G4,B,-1,-1,78,6,9,3,7,2,-1,-1,torsion,STAY,9,0,9,3,0,1,0,0,6,7,2
46,quark_down_G4,B,-1,-1,79,7,9,3,7,2,-1,-1,sum,W,9,0,9,3,0,1,0,0,6,7,1
46,quark_down_G4,B,-1,-1,80,8,9,3,7,1,-1,-1,product,N,7,0,7,2,1,1,0,0,6,6,1
46,quark_down_G4,B,-1,-1,81,9,9,3,6,1,-1,-1,torsion,STAY,9,0,9,3,0,1,1,0,6,6,1
46,quark_down_G4,B,-1,-1,82,1,10,4,6,1,1,1,sum,E,7,0,7,2,1,-1,0,0,6,6,2
46,quark_down_G4,B,-1,-1,83,2,10,4,6,2,1,1,product,S,12,1,3,1,0,-1,0,0,6,7,2
46,quark_down_G4,B,-1,-1,84,3,10,4,7,2,1,1,torsion,STAY,9,0,9,3,0,-1,0,0,6,7,2
46,quark_down_G4,B,-1,-1,85,4,10,4,7,2,1,1,sum,E,9,0,9,3,0,-1,0,0,6,7,3
46,quark_down_G4,B,-1,-1,86,5,10,4,7,3,1,1,product,S,21,2,3,1,0,-1,0,0,6,8,3
46,quark_down_G4,B,-1,-1,87,6,10,4,8,3,1,1,torsion,STAY,9,0,9,3,0,-1,0,1,6,8,3
46,quark_down_G4,B,-1,-1,88,7,10,4,8,3,1,1,sum,E,11,1,2,0,2,-1,0,0,7,8,4
46,quark_down_G4,B,-1,-1,89,8,10,4,8,4,1,1,product,S,32,3,5,1,2,-1,0,0,6,9,4
46,quark_down_G4,B,-1,-1,90,9,10,4,9,4,1,1,torsion,STAY,9,0,9,3,0,-1,0,0,6,9,4
46,quark_down_G4,B,-1,-1,91,1,11,4,9,4,1,1,sum,E,13,1,4,1,1,-1,0,0,6,9,5
46,quark_down_G4,B,-1,-1,92,2,11,4,9,5,1,1,product,S,45,4,9,3,0,-1,0,0,6,1,5
46,quark_down_G4,B,-1,-1,93,3,11,4,1,5,1,1,torsion,STAY,9,0,9,3,0,-1,0,0,6,1,5
46,quark_down_G4,B,-1,-1,94,4,11,4,1,5,1,1,sum,E,6,0,6,2,0,-1,0,0,6,1,6
46,quark_down_G4,B,-1,-1,95,5,11,4,1,6,1,1,product,S,6,0,6,2,0,-1,0,0,6,2,6
46,quark_down_G4,B,-1,-1,96,6,11,4,2,6,1,1,torsion,STAY,9,0,9,3,0,-1,0,0,6,2,6
46,quark_down_G4,B,-1,-1,97,7,11,4,2,6,1,1,sum,E,8,0,8,2,2,-1,0,0,6,2,7
46,quark_down_G4,B,-1,-1,98,8,11,4,2,7,1,1,product,S,14,1,5,1,2,-1,0,0,6,3,7
46,quark_down_G4,B,-1,-1,99,9,11,4,3,7,1,1,torsion,STAY,9,0,9,3,0,-1,0,0,6,3,7
46,quark_down_G4,B,-1,-1,100,1,12,4,3,7,1,1,sum,E,10,1,1,0,1,-1,0,0,6,3,8
46,quark_down_G4,B,-1,-1,101,2,12,4,3,8,1,1,product,S,24,2,6,2,0,-1,0,0,6,4,8
46,quark_down_G4,B,-1,-1,102,3,12,4,4,8,1,1,torsion,STAY,9,0,9,3,0,-1,0,0,6,4,8
46,quark_down_G4,B,-1,-1,103,4,12,4,4,8,1,1,sum,E,12,1,3,1,0,-1,0,0,6,4,9
46,quark_down_G4,B,-1,-1,104,5,12,4,4,9,1,1,product,S,36,3,9,3,0,-1,0,0,6,5,9
46,quark_down_G4,B,-1,-1,105,6,12,4,5,9,1,1,torsion,STAY,9,0,9,3,0,-1,0,0,6,5,9
46,quark_down_G4,B,-1,-1,106,7,12,4,5,9,1,1,sum,E,14,1,5,1,2,-1,0,0,6,5,1
46,quark_down_G4,B,-1,-1,107,8,12,4,5,1,1,1,product,S,5,0,5,1,2,-1,0,0,6,6,1
46,quark_down_G4,B,-1,-1,108,9,12,4,6,1,1,1,torsion,STAY,9,0,9,3,0,-1,1,0,6,6,1
47,quark_up_G3,G,-1,1,1,1,1,1,6,2,-1,1,sum,W,8,0,8,2,2,1,0,0,7,6,1
47,quark_up_G3,G,-1,1,2,2,1,1,6,1,-1,1,product,S,6,0,6,2,0,1,0,0,6,7,1
47,quark_up_G3,G,-1,1,3,3,1,1,7,1,-1,1,torsion,STAY,9,0,9,3,0,1,0,0,6,7,1
47,quark_up_G3,G,-1,1,4,4,1,1,7,1,-1,1,sum,W,8,0,8,2,2,1,0,0,6,7,9
47,quark_up_G3,G,-1,1,5,5,1,1,7,9,-1,1,product,S,63,6,9,3,0,1,0,0,6,8,9
47,quark_up_G3,G,-1,1,6,6,1,1,8,9,-1,1,torsion,STAY,9,0,9,3,0,1,0,0,6,8,9
47,quark_up_G3,G,-1,1,7,7,1,1,8,9,-1,1,sum,W,17,1,8,2,2,1,0,0,6,8,8
47,quark_up_G3,G,-1,1,8,8,1,1,8,8,-1,1,product,S,64,7,1,0,1,1,0,0,6,9,8
47,quark_up_G3,G,-1,1,9,9,1,1,9,8,-1,1,torsion,STAY,9,0,9,3,0,1,0,0,6,9,8
47,quark_up_G3,G,-1,1,10,1,2,1,9,8,-1,1,sum,W,17,1,8,2,2,1,0,0,6,9,7
47,quark_up_G3,G,-1,1,11,2,2,1,9,7,-1,1,product,S,63,6,9,3,0,1,0,0,6,1,7
47,quark_up_G3,G,-1,1,12,3,2,1,1,7,-1,1,torsion,STAY,9,0,9,3,0,1,0,0,6,1,7
47,quark_up_G3,G,-1,1,13,4,2,1,1,7,-1,1,sum,W,8,0,8,2,2,1,0,0,6,1,6
47,quark_up_G3,G,-1,1,14,5,2,1,1,6,-1,1,product,S,6,0,6,2,0,1,0,0,6,2,6
47,quark_up_G3,G,-1,1,15,6,2,1,2,6,-1,1,torsion,STAY,9,0,9,3,0,1,0,0,6,2,6
47,quark_up_G3,G,-1,1,16,7,2,1,2,6,-1,1,sum,W,8,0,8,2,2,1,0,0,6,2,5
47,quark_up_G3,G,-1,1,17,8,2,1,2,5,-1,1,product,S,10,1,1,0,1,1,0,0,6,3,5
47,quark_up_G3,G,-1,1,18,9,2,1,3,5,-1,1,torsion,STAY,9,0,9,3,0,1,0,0,6,3,5
47,quark_up_G3,G,-1,1,19,1,3,1,3,5,-1,1,sum,W,8,0,8,2,2,1,0,0,6,3,4
47,quark_up_G3,G,-1,1,20,2,3,1,3,4,-1,1,product,S,12,1,3,1,0,1,0,0,6,4,4
47,quark_up_G3,G,-1,1,21,3,3,1,4,4,-1,1,torsion,STAY,9,0,9,3,0,1,0,1,6,4,4
47,quark_up_G3,G,-1,1,22,4,3,1,4,4,-1,1,sum,W,8,0,8,2,2,1,0,0,7,4,3
47,quark_up_G3,G,-1,1,23,5,3,1,4,3,-1,1,product,S,12,1,3,1,0,1,0,0,6,5,3
47,quark_up_G3,G,-1,1,24,6,3,1,5,3,-1,1,torsion,STAY,9,0,9,3,0,1,0,0,6,5,3
47,quark_up_G3,G,-1,1,25,7,3,1,5,3,-1,1,sum,W,8,0,8,2,2,1,0,0,6,5,2
47,quark_up_G3,G,-1,1,26,8,3,1,5,2,-1,1,product,S,10,1,1,0,1,1,0,0,6,6,2
47,quark_up_G3,G,-1,1,27,9,3,1,6,2,-1,1,torsion,STAY,9,0,9,3,0,1,1,0,6,6,2
47,quark_up_G3,G,-1,1,28,1,4,2,6,2,1,-1,sum,E,8,0,8,2,2,-1,0,0,6,6,3
47,quark_up_G3,G,-1,1,29,2,4,2,6,3,1,-1,product,N,18,1,9,3,0,-1,0,0,6,5,3
47,quark_up_G3,G,-1,1,30,3,4,2,5,3,1,-1,torsion,STAY,9,0,9,3,0,-1,0,0,6,5,3
47,quark_up_G3,G,-1,1,31,4,4,2,5,3,1,-1,sum,E,8,0,8,2,2,-1,0,0,6,5,4
47,quark_up_G3,G,-1,1,32,5,4,2,5,4,1,-1,product,N,20,2,2,0,2,-1,0,0,6,4,4
47,quark_up_G3,G,-1,1,33,6,4,2,4,4,1,-1,torsion,STAY,9,0,9,3,0,-1,0,0,6,4,4
47,quark_up_G3,G,-1,1,34,7,4,2,4,4,1,-1,sum,E,8,0,8,2,2,-1,0,0,6,4,5
47,quark_up_G3,G,-1,1,35,8,4,2,4,5,1,-1,product,N,20,2,2,0,2,-1,0,0,6,3,5
47,quark_up_G3,G,-1,1,36,9,4,2,3,5,1,-1,torsion,STAY,9,0,9,3,0,-1,0,0,6,3,5
47,quark_up_G3,G,-1,1,37,1,5,2,3,5,1,-1,sum,E,8,0,8,2,2,-1,0,0,6,3,6
47,quark_up_G3,G,-1,1,38,2,5,2,3,6,1,-1,product,N,18,1,9,3,0,-1,0,0,6,2,6
47,quark_up_G3,G,-1,1,39,3,5,2,2,6,1,-1,torsion,STAY,9,0,9,3,0,-1,0,0,6,2,6
47,quark_up_G3,G,-1,1,40,4,5,2,2,6,1,-1,sum,E,8,0,8,2,2,-1,0,0,6,2,7
47,quark_up_G3,G,-1,1,41,5,5,2,2,7,1,-1,product,N,14,1,5,1,2,-1,0,0,6,1,7
47,quark_up_G3,G,-1,1,42,6,5,2,1,7,1,-1,torsion,STAY,9,0,9,3,0,-1,0,0,6,1,7
47,quark_up_G3,G,-1,1,43,7,5,2,1,7,1,-1,sum,E,8,0,8,2,2,-1,0,1,6,1,8
47,quark_up_G3,G,-1,1,44,8,5,2,1,8,1,-1,product,N,8,0,8,2,2,-1,0,0,7,9,8
47,quark_up_G3,G,-1,1,45,9,5,2,9,8,1,-1,torsion,STAY,9,0,9,3,0,-1,0,0,6,9,8
47,quark_up_G3,G,-1,1,46,1,6,2,9,8,1,-1,sum,E,17,1,8,2,2,-1,0,0,6,9,9
47,quark_up_G3,G,-1,1,47,2,6,2,9,9,1,-1,product,N,81,8,9,3,0,-1,0,0,6,8,9
47,quark_up_G3,G,-1,1,48,3,6,2,8,9,1,-1,torsion,STAY,9,0,9,3,0,-1,0,0,6,8,9
47,quark_up_G3,G,-1,1,49,4,6,2,8,9,1,-1,sum,E,17,1,8,2,2,-1,0,0,6,8,1
47,quark_up_G3,G,-1,1,50,5,6,2,8,1,1,-1,product,N,8,0,8,2,2,-1,0,0,6,7,1
47,quark_up_G3,G,-1,1,51,6,6,2,7,1,1,-1,torsion,STAY,9,0,9,3,0,-1,0,0,6,7,1
47,quark_up_G3,G,-1,1,52,7,6,2,7,1,1,-1,sum,E,8,0,8,2,2,-1,0,0,6,7,2
47,quark_up_G3,G,-1,1,53,8,6,2,7,2,1,-1,product,N,14,1,5,1,2,-1,0,0,6,6,2
47,quark_up_G3,G,-1,1,54,9,6,2,6,2,1,-1,torsion,STAY,9,0,9,3,0,-1,1,0,6,6,2
47,quark_up_G3,G,-1,1,55,1,7,3,6,2,-1,1,sum,W,8,0,8,2,2,1,0,0,6,6,1
47,quark_up_G3,G,-1,1,56,2,7,3,6,1,-1,1,product,S,6,0,6,2,0,1,0,0,6,7,1
47,quark_up_G3,G,-1,1,57,3,7,3,7,1,-1,1,torsion,STAY,9,0,9,3,0,1,0,0,6,7,1
47,quark_up_G3,G,-1,1,58,4,7,3,7,1,-1,1,sum,W,8,0,8,2,2,1,0,0,6,7,9
47,quark_up_G3,G,-1,1,59,5,7,3,7,9,-1,1,product,S,63,6,9,3,0,1,0,0,6,8,9
47,quark_up_G3,G,-1,1,60,6,7,3,8,9,-1,1,torsion,STAY,9,0,9,3,0,1,0,0,6,8,9
47,quark_up_G3,G,-1,1,61,7,7,3,8,9,-1,1,sum,W,17,1,8,2,2,1,0,0,6,8,8
47,quark_up_G3,G,-1,1,62,8,7,3,8,8,-1,1,product,S,64,7,1,0,1,1,0,0,6,9,8
47,quark_up_G3,G,-1,1,63,9,7,3,9,8,-1,1,torsion,STAY,9,0,9,3,0,1,0,0,6,9,8
47,quark_up_G3,G,-1,1,64,1,8,3,9,8,-1,1,sum,W,17,1,8,2,2,1,0,0,6,9,7
47,quark_up_G3,G,-1,1,65,2,8,3,9,7,-1,1,product,S,63,6,9,3,0,1,0,1,6,1,7
47,quark_up_G3,G,-1,1,66,3,8,3,1,7,-1,1,torsion,STAY,9,0,9,3,0,1,0,0,7,1,7
47,quark_up_G3,G,-1,1,67,4,8,3,1,7,-1,1,sum,W,8,0,8,2,2,1,0,0,6,1,6
47,quark_up_G3,G,-1,1,68,5,8,3,1,6,-1,1,product,S,6,0,6,2,0,1,0,0,6,2,6
47,quark_up_G3,G,-1,1,69,6,8,3,2,6,-1,1,torsion,STAY,9,0,9,3,0,1,0,0,6,2,6
47,quark_up_G3,G,-1,1,70,7,8,3,2,6,-1,1,sum,W,8,0,8,2,2,1,0,0,6,2,5
47,quark_up_G3,G,-1,1,71,8,8,3,2,5,-1,1,product,S,10,1,1,0,1,1,0,0,6,3,5
47,quark_up_G3,G,-1,1,72,9,8,3,3,5,-1,1,torsion,STAY,9,0,9,3,0,1,0,0,6,3,5
47,quark_up_G3,G,-1,1,73,1,9,3,3,5,-1,1,sum,W,8,0,8,2,2,1,0,0,6,3,4
47,quark_up_G3,G,-1,1,74,2,9,3,3,4,-1,1,product,S,12,1,3,1,0,1,0,0,6,4,4
47,quark_up_G3,G,-1,1,75,3,9,3,4,4,-1,1,torsion,STAY,9,0,9,3,0,1,0,0,6,4,4
47,quark_up_G3,G,-1,1,76,4,9,3,4,4,-1,1,sum,W,8,0,8,2,2,1,0,0,6,4,3
47,quark_up_G3,G,-1,1,77,5,9,3,4,3,-1,1,product,S,12,1,3,1,0,1,0,0,6,5,3
47,quark_up_G3,G,-1,1,78,6,9,3,5,3,-1,1,torsion,STAY,9,0,9,3,0,1,0,0,6,5,3
47,quark_up_G3,G,-1,1,79,7,9,3,5,3,-1,1,sum,W,8,0,8,2,2,1,0,0,6,5,2
47,quark_up_G3,G,-1,1,80,8,9,3,5,2,-1,1,product,S,10,1,1,0,1,1,0,0,6,6,2
47,quark_up_G3,G,-1,1,81,9,9,3,6,2,-1,1,torsion,STAY,9,0,9,3,0,1,1,0,6,6,2
47,quark_up_G3,G,-1,1,82,1,10,4,6,2,1,-1,sum,E,8,0,8,2,2,-1,0,0,6,6,3
47,quark_up_G3,G,-1,1,83,2,10,4,6,3,1,-1,product,N,18,1,9,3,0,-1,0,0,6,5,3
47,quark_up_G3,G,-1,1,84,3,10,4,5,3,1,-1,torsion,STAY,9,0,9,3,0,-1,0,0,6,5,3
47,quark_up_G3,G,-1,1,85,4,10,4,5,3,1,-1,sum,E,8,0,8,2,2,-1,0,0,6,5,4
47,quark_up_G3,G,-1,1,86,5,10,4,5,4,1,-1,product,N,20,2,2,0,2,-1,0,0,6,4,4
47,quark_up_G3,G,-1,1,87,6,10,4,4,4,1,-1,torsion,STAY,9,0,9,3,0,-1,0,1,6,4,4
47,quark_up_G3,G,-1,1,88,7,10,4,4,4,1,-1,sum,E,8,0,8,2,2,-1,0,0,7,4,5
47,quark_up_G3,G,-1,1,89,8,10,4,4,5,1,-1,product,N,20,2,2,0,2,-1,0,0,6,3,5
47,quark_up_G3,G,-1,1,90,9,10,4,3,5,1,-1,torsion,STAY,9,0,9,3,0,-1,0,0,6,3,5
47,quark_up_G3,G,-1,1,91,1,11,4,3,5,1,-1,sum,E,8,0,8,2,2,-1,0,0,6,3,6
47,quark_up_G3,G,-1,1,92,2,11,4,3,6,1,-1,product,N,18,1,9,3,0,-1,0,0,6,2,6
47,quark_up_G3,G,-1,1,93,3,11,4,2,6,1,-1,torsion,STAY,9,0,9,3,0,-1,0,0,6,2,6
47,quark_up_G3,G,-1,1,94,4,11,4,2,6,1,-1,sum,E,8,0,8,2,2,-1,0,0,6,2,7
47,quark_up_G3,G,-1,1,95,5,11,4,2,7,1,-1,product,N,14,1,5,1,2,-1,0,0,6,1,7
47,quark_up_G3,G,-1,1,96,6,11,4,1,7,1,-1,torsion,STAY,9,0,9,3,0,-1,0,0,6,1,7
47,quark_up_G3,G,-1,1,97,7,11,4,1,7,1,-1,sum,E,8,0,8,2,2,-1,0,0,6,1,8
47,quark_up_G3,G,-1,1,98,8,11,4,1,8,1,-1,product,N,8,0,8,2,2,-1,0,0,6,9,8
47,quark_up_G3,G,-1,1,99,9,11,4,9,8,1,-1,torsion,STAY,9,0,9,3,0,-1,0,0,6,9,8
47,quark_up_G3,G,-1,1,100,1,12,4,9,8,1,-1,sum,E,17,1,8,2,2,-1,0,0,6,9,9
47,quark_up_G3,G,-1,1,101,2,12,4,9,9,1,-1,product,N,81,8,9,3,0,-1,0,0,6,8,9
47,quark_up_G3,G,-1,1,102,3,12,4,8,9,1,-1,torsion,STAY,9,0,9,3,0,-1,0,0,6,8,9
47,quark_up_G3,G,-1,1,103,4,12,4,8,9,1,-1,sum,E,17,1,8,2,2,-1,0,0,6,8,1
47,quark_up_G3,G,-1,1,104,5,12,4,8,1,1,-1,product,N,8,0,8,2,2,-1,0,0,6,7,1
47,quark_up_G3,G,-1,1,105,6,12,4,7,1,1,-1,torsion,STAY,9,0,9,3,0,-1,0,0,6,7,1
47,quark_up_G3,G,-1,1,106,7,12,4,7,1,1,-1,sum,E,8,0,8,2,2,-1,0,0,6,7,2
47,quark_up_G3,G,-1,1,107,8,12,4,7,2,1,-1,product,N,14,1,5,1,2,-1,0,0,6,6,2
47,quark_up_G3,G,-1,1,108,9,12,4,6,2,1,-1,torsion,STAY,9,0,9,3,0,-1,1,0,6,6,2
48,quark_down_G2,R,-1,1,1,1,1,1,6,3,-1,1,sum,W,9,0,9,3,0,1,0,0,7,6,2
48,quark_down_G2,R,-1,1,2,2,1,1,6,2,-1,1,product,S,12,1,3,1,0,1,0,0,6,7,2
48,quark_down_G2,R,-1,1,3,3,1,1,7,2,-1,1,torsion,STAY,9,0,9,3,0,1,0,0,6,7,2
48,quark_down_G2,R,-1,1,4,4,1,1,7,2,-1,1,sum,W,9,0,9,3,0,1,0,0,6,7,1
48,quark_down_G2,R,-1,1,5,5,1,1,7,1,-1,1,product,S,7,0,7,2,1,1,0,0,6,8,1
48,quark_down_G2,R,-1,1,6,6,1,1,8,1,-1,1,torsion,STAY,9,0,9,3,0,1,0,0,6,8,1
48,quark_down_G2,R,-1,1,7,7,1,1,8,1,-1,1,sum,W,9,0,9,3,0,1,0,0,6,8,9
48,quark_down_G2,R,-1,1,8,8,1,1,8,9,-1,1,product,S,72,7,9,3,0,1,0,0,6,9,9
48,quark_down_G2,R,-1,1,9,9,1,1,9,9,-1,1,torsion,STAY,9,0,9,3,0,1,0,0,6,9,9
48,quark_down_G2,R,-1,1,10,1,2,1,9,9,-1,1,sum,W,18,1,9,3,0,1,0,0,6,9,8
48,quark_down_G2,R,-1,1,11,2,2,1,9,8,-1,1,product,S,72,7,9,3,0,1,0,0,6,1,8
48,quark_down_G2,R,-1,1,12,3,2,1,1,8,-1,1,torsion,STAY,9,0,9,3,0,1,0,0,6,1,8
48,quark_down_G2,R,-1,1,13,4,2,1,1,8,-1,1,sum,W,9,0,9,3,0,1,0,0,6,1,7
48,quark_down_G2,R,-1,1,14,5,2,1,1,7,-1,1,product,S,7,0,7,2,1,1,0,0,6,2,7
48,quark_down_G2,R,-1,1,15,6,2,1,2,7,-1,1,torsion,STAY,9,0,9,3,0,1,0,0,6,2,7
48,quark_down_G2,R,-1,1,16,7,2,1,2,7,-1,1,sum,W,9,0,9,3,0,1,0,0,6,2,6
48,quark_down_G2,R,-1,1,17,8,2,1,2,6,-1,1,product,S,12,1,3,1,0,1,0,0,6,3,6
48,quark_down_G2,R,-1,1,18,9,2,1,3,6,-1,1,torsion,STAY,9,0,9,3,0,1,0,0,6,3,6
48,quark_down_G2,R,-1,1,19,1,3,1,3,6,-1,1,sum,W,9,0,9,3,0,1,0,0,6,3,5
48,quark_down_G2,R,-1,1,20,2,3,1,3,5,-1,1,product,S,15,1,6,2,0,1,0,0,6,4,5
48,quark_down_G2,R,-1,1,21,3,3,1,4,5,-1,1,torsion,STAY,9,0,9,3,0,1,0,1,6,4,5
48,quark_down_G2,R,-1,1,22,4,3,1,4,5,-1,1,sum,W,9,0,9,3,0,1,0,0,7,4,4
48,quark_down_G2,R,-1,1,23,5,3,1,4,4,-1,1,product,S,16,1,7,2,1,1,0,0,6,5,4
48,quark_down_G2,R,-1,1,24,6,3,1,5,4,-1,1,torsion,STAY,9,0,9,3,0,1,0,0,6,5,4
48,quark_down_G2,R,-1,1,25,7,3,1,5,4,-1,1,sum,W,9,0,9,3,0,1,0,0,6,5,3
48,quark_down_G2,R,-1,1,26,8,3,1,5,3,-1,1,product,S,15,1,6,2,0,1,0,0,6,6,3
48,quark_down_G2,R,-1,1,27,9,3,1,6,3,-1,1,torsion,STAY,9,0,9,3,0,1,1,0,6,6,3
48,quark_down_G2,R,-1,1,28,1,4,2,6,3,1,-1,sum,E,9,0,9,3,0,-1,0,0,6,6,4
48,quark_down_G2,R,-1,1,29,2,4,2,6,4,1,-1,product,N,24,2,6,2,0,-1,0,0,6,5,4
48,quark_down_G2,R,-1,1,30,3,4,2,5,4,1,-1,torsion,STAY,9,0,9,3,0,-1,0,0,6,5,4
48,quark_down_G2,R,-1,1,31,4,4,2,5,4,1,-1,sum,E,9,0,9,3,0,-1,0,0,6,5,5
48,quark_down_G2,R,-1,1,32,5,4,2,5,5,1,-1,product,N,25,2,7,2,1,-1,0,0,6,4,5
48,quark_down_G2,R,-1,1,33,6,4,2,4,5,1,-1,torsion,STAY,9,0,9,3,0,-1,0,0,6,4,5
48,quark_down_G2,R,-1,1,34,7,4,2,4,5,1,-1,sum,E,9,0,9,3,0,-1,0,0,6,4,6
48,quark_down_G2,R,-1,1,35,8,4,2,4,6,1,-1,product,N,24,2,6,2,0,-1,0,0,6,3,6
48,quark_down_G2,R,-1,1,36,9,4,2,3,6,1,-1,torsion,STAY,9,0,9,3,0,-1,0,0,6,3,6
48,quark_down_G2,R,-1,1,37,1,5,2,3,6,1,-1,sum,E,9,0,9,3,0,-1,0,0,6,3,7
48,quark_down_G2,R,-1,1,38,2,5,2,3,7,1,-1,product,N,21,2,3,1,0,-1,0,0,6,2,7
48,quark_down_G2,R,-1,1,39,3,5,2,2,7,1,-1,torsion,STAY,9,0,9,3,0,-1,0,0,6,2,7
48,quark_down_G2,R,-1,1,40,4,5,2,2,7,1,-1,sum,E,9,0,9,3,0,-1,0,0,6,2,8
48,quark_down_G2,R,-1,1,41,5,5,2,2,8,1,-1,product,N,16,1,7,2,1,-1,0,0,6,1,8
48,quark_down_G2,R,-1,1,42,6,5,2,1,8,1,-1,torsion,STAY,9,0,9,3,0,-1,0,0,6,1,8
48,quark_down_G2,R,-1,1,43,7,5,2,1,8,1,-1,sum,E,9,0,9,3,0,-1,0,1,6,1,9
48,quark_down_G2,R,-1,1,44,8,5,2,1,9,1,-1,product,N,9,0,9,3,0,-1,0,0,7,9,9
48,quark_down_G2,R,-1,1,45,9,5,2,9,9,1,-1,torsion,STAY,9,0,9,3,0,-1,0,0,6,9,9
48,quark_down_G2,R,-1,1,46,1,6,2,9,9,1,-1,sum,E,18,1,9,3,0,-1,0,0,6,9,1
48,quark_down_G2,R,-1,1,47,2,6,2,9,1,1,-1,product,N,9,0,9,3,0,-1,0,0,6,8,1
48,quark_down_G2,R,-1,1,48,3,6,2,8,1,1,-1,torsion,STAY,9,0,9,3,0,-1,0,0,6,8,1
48,quark_down_G2,R,-1,1,49,4,6,2,8,1,1,-1,sum,E,9,0,9,3,0,-1,0,0,6,8,2
48,quark_down_G2,R,-1,1,50,5,6,2,8,2,1,-1,product,N,16,1,7,2,1,-1,0,0,6,7,2
48,quark_down_G2,R,-1,1,51,6,6,2,7,2,1,-1,torsion,STAY,9,0,9,3,0,-1,0,0,6,7,2
48,quark_down_G2,R,-1,1,52,7,6,2,7,2,1,-1,sum,E,9,0,9,3,0,-1,0,0,6,7,3
48,quark_down_G2,R,-1,1,53,8,6,2,7,3,1,-1,product,N,21,2,3,1,0,-1,0,0,6,6,3
48,quark_down_G2,R,-1,1,54,9,6,2,6,3,1,-1,torsion,STAY,9,0,9,3,0,-1,1,0,6,6,3
48,quark_down_G2,R,-1,1,55,1,7,3,6,3,-1,1,sum,W,9,0,9,3,0,1,0,0,6,6,2
48,quark_down_G2,R,-1,1,56,2,7,3,6,2,-1,1,product,S,12,1,3,1,0,1,0,0,6,7,2
48,quark_down_G2,R,-1,1,57,3,7,3,7,2,-1,1,torsion,STAY,9,0,9,3,0,1,0,0,6,7,2
48,quark_down_G2,R,-1,1,58,4,7,3,7,2,-1,1,sum,W,9,0,9,3,0,1,0,0,6,7,1
48,quark_down_G2,R,-1,1,59,5,7,3,7,1,-1,1,product,S,7,0,7,2,1,1,0,0,6,8,1
48,quark_down_G2,R,-1,1,60,6,7,3,8,1,-1,1,torsion,STAY,9,0,9,3,0,1,0,0,6,8,1
48,quark_down_G2,R,-1,1,61,7,7,3,8,1,-1,1,sum,W,9,0,9,3,0,1,0,0,6,8,9
48,quark_down_G2,R,-1,1,62,8,7,3,8,9,-1,1,product,S,72,7,9,3,0,1,0,0,6,9,9
48,quark_down_G2,R,-1,1,63,9,7,3,9,9,-1,1,torsion,STAY,9,0,9,3,0,1,0,0,6,9,9
48,quark_down_G2,R,-1,1,64,1,8,3,9,9,-1,1,sum,W,18,1,9,3,0,1,0,0,6,9,8
48,quark_down_G2,R,-1,1,65,2,8,3,9,8,-1,1,product,S,72,7,9,3,0,1,0,1,6,1,8
48,quark_down_G2,R,-1,1,66,3,8,3,1,8,-1,1,torsion,STAY,9,0,9,3,0,1,0,0,7,1,8
48,quark_down_G2,R,-1,1,67,4,8,3,1,8,-1,1,sum,W,9,0,9,3,0,1,0,0,6,1,7
48,quark_down_G2,R,-1,1,68,5,8,3,1,7,-1,1,product,S,7,0,7,2,1,1,0,0,6,2,7
48,quark_down_G2,R,-1,1,69,6,8,3,2,7,-1,1,torsion,STAY,9,0,9,3,0,1,0,0,6,2,7
48,quark_down_G2,R,-1,1,70,7,8,3,2,7,-1,1,sum,W,9,0,9,3,0,1,0,0,6,2,6
48,quark_down_G2,R,-1,1,71,8,8,3,2,6,-1,1,product,S,12,1,3,1,0,1,0,0,6,3,6
48,quark_down_G2,R,-1,1,72,9,8,3,3,6,-1,1,torsion,STAY,9,0,9,3,0,1,0,0,6,3,6
48,quark_down_G2,R,-1,1,73,1,9,3,3,6,-1,1,sum,W,9,0,9,3,0,1,0,0,6,3,5
48,quark_down_G2,R,-1,1,74,2,9,3,3,5,-1,1,product,S,15,1,6,2,0,1,0,0,6,4,5
48,quark_down_G2,R,-1,1,75,3,9,3,4,5,-1,1,torsion,STAY,9,0,9,3,0,1,0,0,6,4,5
48,quark_down_G2,R,-1,1,76,4,9,3,4,5,-1,1,sum,W,9,0,9,3,0,1,0,0,6,4,4
48,quark_down_G2,R,-1,1,77,5,9,3,4,4,-1,1,product,S,16,1,7,2,1,1,0,0,6,5,4
48,quark_down_G2,R,-1,1,78,6,9,3,5,4,-1,1,torsion,STAY,9,0,9,3,0,1,0,0,6,5,4
48,quark_down_G2,R,-1,1,79,7,9,3,5,4,-1,1,sum,W,9,0,9,3,0,1,0,0,6,5,3
48,quark_down_G2,R,-1,1,80,8,9,3,5,3,-1,1,product,S,15,1,6,2,0,1,0,0,6,6,3
48,quark_down_G2,R,-1,1,81,9,9,3,6,3,-1,1,torsion,STAY,9,0,9,3,0,1,1,0,6,6,3
48,quark_down_G2,R,-1,1,82,1,10,4,6,3,1,-1,sum,E,9,0,9,3,0,-1,0,0,6,6,4
48,quark_down_G2,R,-1,1,83,2,10,4,6,4,1,-1,product,N,24,2,6,2,0,-1,0,0,6,5,4
48,quark_down_G2,R,-1,1,84,3,10,4,5,4,1,-1,torsion,STAY,9,0,9,3,0,-1,0,0,6,5,4
48,quark_down_G2,R,-1,1,85,4,10,4,5,4,1,-1,sum,E,9,0,9,3,0,-1,0,0,6,5,5
48,quark_down_G2,R,-1,1,86,5,10,4,5,5,1,-1,product,N,25,2,7,2,1,-1,0,0,6,4,5
48,quark_down_G2,R,-1,1,87,6,10,4,4,5,1,-1,torsion,STAY,9,0,9,3,0,-1,0,1,6,4,5
48,quark_down_G2,R,-1,1,88,7,10,4,4,5,1,-1,sum,E,9,0,9,3,0,-1,0,0,7,4,6
48,quark_down_G2,R,-1,1,89,8,10,4,4,6,1,-1,product,N,24,2,6,2,0,-1,0,0,6,3,6
48,quark_down_G2,R,-1,1,90,9,10,4,3,6,1,-1,torsion,STAY,9,0,9,3,0,-1,0,0,6,3,6
48,quark_down_G2,R,-1,1,91,1,11,4,3,6,1,-1,sum,E,9,0,9,3,0,-1,0,0,6,3,7
48,quark_down_G2,R,-1,1,92,2,11,4,3,7,1,-1,product,N,21,2,3,1,0,-1,0,0,6,2,7
48,quark_down_G2,R,-1,1,93,3,11,4,2,7,1,-1,torsion,STAY,9,0,9,3,0,-1,0,0,6,2,7
48,quark_down_G2,R,-1,1,94,4,11,4,2,7,1,-1,sum,E,9,0,9,3,0,-1,0,0,6,2,8
48,quark_down_G2,R,-1,1,95,5,11,4,2,8,1,-1,product,N,16,1,7,2,1,-1,0,0,6,1,8
48,quark_down_G2,R,-1,1,96,6,11,4,1,8,1,-1,torsion,STAY,9,0,9,3,0,-1,0,0,6,1,8
48,quark_down_G2,R,-1,1,97,7,11,4,1,8,1,-1,sum,E,9,0,9,3,0,-1,0,0,6,1,9
48,quark_down_G2,R,-1,1,98,8,11,4,1,9,1,-1,product,N,9,0,9,3,0,-1,0,0,6,9,9
48,quark_down_G2,R,-1,1,99,9,11,4,9,9,1,-1,torsion,STAY,9,0,9,3,0,-1,0,0,6,9,9
48,quark_down_G2,R,-1,1,100,1,12,4,9,9,1,-1,sum,E,18,1,9,3,0,-1,0,0,6,9,1
48,quark_down_G2,R,-1,1,101,2,12,4,9,1,1,-1,product,N,9,0,9,3,0,-1,0,0,6,8,1
48,quark_down_G2,R,-1,1,102,3,12,4,8,1,1,-1,torsion,STAY,9,0,9,3,0,-1,0,0,6,8,1
48,quark_down_G2,R,-1,1,103,4,12,4,8,1,1,-1,sum,E,9,0,9,3,0,-1,0,0,6,8,2
48,quark_down_G2,R,-1,1,104,5,12,4,8,2,1,-1,product,N,16,1,7,2,1,-1,0,0,6,7,2
48,quark_down_G2,R,-1,1,105,6,12,4,7,2,1,-1,torsion,STAY,9,0,9,3,0,-1,0,0,6,7,2
48,quark_down_G2,R,-1,1,106,7,12,4,7,2,1,-1,sum,E,9,0,9,3,0,-1,0,0,6,7,3
48,quark_down_G2,R,-1,1,107,8,12,4,7,3,1,-1,product,N,21,2,3,1,0,-1,0,0,6,6,3
48,quark_down_G2,R,-1,1,108,9,12,4,6,3,1,-1,torsion,STAY,9,0,9,3,0,-1,1,0,6,6,3
49,quark_up_G1,B,-1,-1,1,1,1,1,6,4,-1,-1,sum,W,10,1,1,0,1,1,0,0,7,6,3
49,quark_up_G1,B,-1,-1,2,2,1,1,6,3,-1,-1,product,N,18,1,9,3,0,1,0,0,6,5,3
49,quark_up_G1,B,-1,-1,3,3,1,1,5,3,-1,-1,torsion,STAY,9,0,9,3,0,1,0,0,6,5,3
49,quark_up_G1,B,-1,-1,4,4,1,1,5,3,-1,-1,sum,W,8,0,8,2,2,1,0,0,6,5,2
49,quark_up_G1,B,-1,-1,5,5,1,1,5,2,-1,-1,product,N,10,1,1,0,1,1,0,0,6,4,2
49,quark_up_G1,B,-1,-1,6,6,1,1,4,2,-1,-1,torsion,STAY,9,0,9,3,0,1,0,0,6,4,2
49,quark_up_G1,B,-1,-1,7,7,1,1,4,2,-1,-1,sum,W,6,0,6,2,0,1,0,0,6,4,1
49,quark_up_G1,B,-1,-1,8,8,1,1,4,1,-1,-1,product,N,4,0,4,1,1,1,0,0,6,3,1
49,quark_up_G1,B,-1,-1,9,9,1,1,3,1,-1,-1,torsion,STAY,9,0,9,3,0,1,0,0,6,3,1
49,quark_up_G1,B,-1,-1,10,1,2,1,3,1,-1,-1,sum,W,4,0,4,1,1,1,0,0,6,3,9
49,quark_up_G1,B,-1,-1,11,2,2,1,3,9,-1,-1,product,N,27,2,9,3,0,1,0,0,6,2,9
49,quark_up_G1,B,-1,-1,12,3,2,1,2,9,-1,-1,torsion,STAY,9,0,9,3,0,1,0,0,6,2,9
49,quark_up_G1,B,-1,-1,13,4,2,1,2,9,-1,-1,sum,W,11,1,2,0,2,1,0,0,6,2,8
49,quark_up_G1,B,-1,-1,14,5,2,1,2,8,-1,-1,product,N,16,1,7,2,1,1,0,0,6,1,8
49,quark_up_G1,B,-1,-1,15,6,2,1,1,8,-1,-1,torsion,STAY,9,0,9,3,0,1,0,0,6,1,8
49,quark_up_G1,B,-1,-1,16,7,2,1,1,8,-1,-1,sum,W,9,0,9,3,0,1,0,0,6,1,7
49,quark_up_G1,B,-1,-1,17,8,2,1,1,7,-1,-1,product,N,7,0,7,2,1,1,0,0,6,9,7
49,quark_up_G1,B,-1,-1,18,9,2,1,9,7,-1,-1,torsion,STAY,9,0,9,3,0,1,0,0,6,9,7
49,quark_up_G1,B,-1,-1,19,1,3,1,9,7,-1,-1,sum,W,16,1,7,2,1,1,0,0,6,9,6
49,quark_up_G1,B,-1,-1,20,2,3,1,9,6,-1,-1,product,N,54,5,9,3,0,1,0,0,6,8,6
49,quark_up_G1,B,-1,-1,21,3,3,1,8,6,-1,-1,torsion,STAY,9,0,9,3,0,1,0,1,6,8,6
49,quark_up_G1,B,-1,-1,22,4,3,1,8,6,-1,-1,sum,W,14,1,5,1,2,1,0,0,7,8,5
49,quark_up_G1,B,-1,-1,23,5,3,1,8,5,-1,-1,product,N,40,4,4,1,1,1,0,0,6,7,5
49,quark_up_G1,B,-1,-1,24,6,3,1,7,5,-1,-1,torsion,STAY,9,0,9,3,0,1,0,0,6,7,5
49,quark_up_G1,B,-1,-1,25,7,3,1,7,5,-1,-1,sum,W,12,1,3,1,0,1,0,0,6,7,4
49,quark_up_G1,B,-1,-1,26,8,3,1,7,4,-1,-1,product,N,28,3,1,0,1,1,0,0,6,6,4
49,quark_up_G1,B,-1,-1,27,9,3,1,6,4,-1,-1,torsion,STAY,9,0,9,3,0,1,1,0,6,6,4
49,quark_up_G1,B,-1,-1,28,1,4,2,6,4,1,1,sum,E,10,1,1,0,1,-1,0,0,6,6,5
49,quark_up_G1,B,-1,-1,29,2,4,2,6,5,1,1,product,S,30,3,3,1,0,-1,0,0,6,7,5
49,quark_up_G1,B,-1,-1,30,3,4,2,7,5,1,1,torsion,STAY,9,0,9,3,0,-1,0,0,6,7,5
49,quark_up_G1,B,-1,-1,31,4,4,2,7,5,1,1,sum,E,12,1,3,1,0,-1,0,0,6,7,6
49,quark_up_G1,B,-1,-1,32,5,4,2,7,6,1,1,product,S,42,4,6,2,0,-1,0,0,6,8,6
49,quark_up_G1,B,-1,-1,33,6,4,2,8,6,1,1,torsion,STAY,9,0,9,3,0,-1,0,0,6,8,6
49,quark_up_G1,B,-1,-1,34,7,4,2,8,6,1,1,sum,E,14,1,5,1,2,-1,0,0,6,8,7
49,quark_up_G1,B,-1,-1,35,8,4,2,8,7,1,1,product,S,56,6,2,0,2,-1,0,0,6,9,7
49,quark_up_G1,B,-1,-1,36,9,4,2,9,7,1,1,torsion,STAY,9,0,9,3,0,-1,0,0,6,9,7
49,quark_up_G1,B,-1,-1,37,1,5,2,9,7,1,1,sum,E,16,1,7,2,1,-1,0,0,6,9,8
49,quark_up_G1,B,-1,-1,38,2,5,2,9,8,1,1,product,S,72,7,9,3,0,-1,0,0,6,1,8
49,quark_up_G1,B,-1,-1,39,3,5,2,1,8,1,1,torsion,STAY,9,0,9,3,0,-1,0,0,6,1,8
49,quark_up_G1,B,-1,-1,40,4,5,2,1,8,1,1,sum,E,9,0,9,3,0,-1,0,0,6,1,9
49,quark_up_G1,B,-1,-1,41,5,5,2,1,9,1,1,product,S,9,0,9,3,0,-1,0,0,6,2,9
49,quark_up_G1,B,-1,-1,42,6,5,2,2,9,1,1,torsion,STAY,9,0,9,3,0,-1,0,0,6,2,9
49,quark_up_G1,B,-1,-1,43,7,5,2,2,9,1,1,sum,E,11,1,2,0,2,-1,0,1,6,2,1
49,quark_up_G1,B,-1,-1,44,8,5,2,2,1,1,1,product,S,2,0,2,0,2,-1,0,0,7,3,1
49,quark_up_G1,B,-1,-1,45,9,5,2,3,1,1,1,torsion,STAY,9,0,9,3,0,-1,0,0,6,3,1
49,quark_up_G1,B,-1,-1,46,1,6,2,3,1,1,1,sum,E,4,0,4,1,1,-1,0,0,6,3,2
49,quark_up_G1,B,-1,-1,47,2,6,2,3,2,1,1,product,S,6,0,6,2,0,-1,0,0,6,4,2
49,quark_up_G1,B,-1,-1,48,3,6,2,4,2,1,1,torsion,STAY,9,0,9,3,0,-1,0,0,6,4,2
49,quark_up_G1,B,-1,-1,49,4,6,2,4,2,1,1,sum,E,6,0,6,2,0,-1,0,0,6,4,3
49,quark_up_G1,B,-1,-1,50,5,6,2,4,3,1,1,product,S,12,1,3,1,0,-1,0,0,6,5,3
49,quark_up_G1,B,-1,-1,51,6,6,2,5,3,1,1,torsion,STAY,9,0,9,3,0,-1,0,0,6,5,3
49,quark_up_G1,B,-1,-1,52,7,6,2,5,3,1,1,sum,E,8,0,8,2,2,-1,0,0,6,5,4
49,quark_up_G1,B,-1,-1,53,8,6,2,5,4,1,1,product,S,20,2,2,0,2,-1,0,0,6,6,4
49,quark_up_G1,B,-1,-1,54,9,6,2,6,4,1,1,torsion,STAY,9,0,9,3,0,-1,1,0,6,6,4
49,quark_up_G1,B,-1,-1,55,1,7,3,6,4,-1,-1,sum,W,10,1,1,0,1,1,0,0,6,6,3
49,quark_up_G1,B,-1,-1,56,2,7,3,6,3,-1,-1,product,N,18,1,9,3,0,1,0,0,6,5,3
49,quark_up_G1,B,-1,-1,57,3,7,3,5,3,-1,-1,torsion,STAY,9,0,9,3,0,1,0,0,6,5,3
49,quark_up_G1,B,-1,-1,58,4,7,3,5,3,-1,-1,sum,W,8,0,8,2,2,1,0,0,6,5,2
49,quark_up_G1,B,-1,-1,59,5,7,3,5,2,-1,-1,product,N,10,1,1,0,1,1,0,0,6,4,2
49,quark_up_G1,B,-1,-1,60,6,7,3,4,2,-1,-1,torsion,STAY,9,0,9,3,0,1,0,0,6,4,2
49,quark_up_G1,B,-1,-1,61,7,7,3,4,2,-1,-1,sum,W,6,0,6,2,0,1,0,0,6,4,1
49,quark_up_G1,B,-1,-1,62,8,7,3,4,1,-1,-1,product,N,4,0,4,1,1,1,0,0,6,3,1
49,quark_up_G1,B,-1,-1,63,9,7,3,3,1,-1,-1,torsion,STAY,9,0,9,3,0,1,0,0,6,3,1
49,quark_up_G1,B,-1,-1,64,1,8,3,3,1,-1,-1,sum,W,4,0,4,1,1,1,0,0,6,3,9
49,quark_up_G1,B,-1,-1,65,2,8,3,3,9,-1,-1,product,N,27,2,9,3,0,1,0,1,6,2,9
49,quark_up_G1,B,-1,-1,66,3,8,3,2,9,-1,-1,torsion,STAY,9,0,9,3,0,1,0,0,7,2,9
49,quark_up_G1,B,-1,-1,67,4,8,3,2,9,-1,-1,sum,W,11,1,2,0,2,1,0,0,6,2,8
49,quark_up_G1,B,-1,-1,68,5,8,3,2,8,-1,-1,product,N,16,1,7,2,1,1,0,0,6,1,8
49,quark_up_G1,B,-1,-1,69,6,8,3,1,8,-1,-1,torsion,STAY,9,0,9,3,0,1,0,0,6,1,8
49,quark_up_G1,B,-1,-1,70,7,8,3,1,8,-1,-1,sum,W,9,0,9,3,0,1,0,0,6,1,7
49,quark_up_G1,B,-1,-1,71,8,8,3,1,7,-1,-1,product,N,7,0,7,2,1,1,0,0,6,9,7
49,quark_up_G1,B,-1,-1,72,9,8,3,9,7,-1,-1,torsion,STAY,9,0,9,3,0,1,0,0,6,9,7
49,quark_up_G1,B,-1,-1,73,1,9,3,9,7,-1,-1,sum,W,16,1,7,2,1,1,0,0,6,9,6
49,quark_up_G1,B,-1,-1,74,2,9,3,9,6,-1,-1,product,N,54,5,9,3,0,1,0,0,6,8,6
49,quark_up_G1,B,-1,-1,75,3,9,3,8,6,-1,-1,torsion,STAY,9,0,9,3,0,1,0,0,6,8,6
49,quark_up_G1,B,-1,-1,76,4,9,3,8,6,-1,-1,sum,W,14,1,5,1,2,1,0,0,6,8,5
49,quark_up_G1,B,-1,-1,77,5,9,3,8,5,-1,-1,product,N,40,4,4,1,1,1,0,0,6,7,5
49,quark_up_G1,B,-1,-1,78,6,9,3,7,5,-1,-1,torsion,STAY,9,0,9,3,0,1,0,0,6,7,5
49,quark_up_G1,B,-1,-1,79,7,9,3,7,5,-1,-1,sum,W,12,1,3,1,0,1,0,0,6,7,4
49,quark_up_G1,B,-1,-1,80,8,9,3,7,4,-1,-1,product,N,28,3,1,0,1,1,0,0,6,6,4
49,quark_up_G1,B,-1,-1,81,9,9,3,6,4,-1,-1,torsion,STAY,9,0,9,3,0,1,1,0,6,6,4
49,quark_up_G1,B,-1,-1,82,1,10,4,6,4,1,1,sum,E,10,1,1,0,1,-1,0,0,6,6,5
49,quark_up_G1,B,-1,-1,83,2,10,4,6,5,1,1,product,S,30,3,3,1,0,-1,0,0,6,7,5
49,quark_up_G1,B,-1,-1,84,3,10,4,7,5,1,1,torsion,STAY,9,0,9,3,0,-1,0,0,6,7,5
49,quark_up_G1,B,-1,-1,85,4,10,4,7,5,1,1,sum,E,12,1,3,1,0,-1,0,0,6,7,6
49,quark_up_G1,B,-1,-1,86,5,10,4,7,6,1,1,product,S,42,4,6,2,0,-1,0,0,6,8,6
49,quark_up_G1,B,-1,-1,87,6,10,4,8,6,1,1,torsion,STAY,9,0,9,3,0,-1,0,1,6,8,6
49,quark_up_G1,B,-1,-1,88,7,10,4,8,6,1,1,sum,E,14,1,5,1,2,-1,0,0,7,8,7
49,quark_up_G1,B,-1,-1,89,8,10,4,8,7,1,1,product,S,56,6,2,0,2,-1,0,0,6,9,7
49,quark_up_G1,B,-1,-1,90,9,10,4,9,7,1,1,torsion,STAY,9,0,9,3,0,-1,0,0,6,9,7
49,quark_up_G1,B,-1,-1,91,1,11,4,9,7,1,1,sum,E,16,1,7,2,1,-1,0,0,6,9,8
49,quark_up_G1,B,-1,-1,92,2,11,4,9,8,1,1,product,S,72,7,9,3,0,-1,0,0,6,1,8
49,quark_up_G1,B,-1,-1,93,3,11,4,1,8,1,1,torsion,STAY,9,0,9,3,0,-1,0,0,6,1,8
49,quark_up_G1,B,-1,-1,94,4,11,4,1,8,1,1,sum,E,9,0,9,3,0,-1,0,0,6,1,9
49,quark_up_G1,B,-1,-1,95,5,11,4,1,9,1,1,product,S,9,0,9,3,0,-1,0,0,6,2,9
49,quark_up_G1,B,-1,-1,96,6,11,4,2,9,1,1,torsion,STAY,9,0,9,3,0,-1,0,0,6,2,9
49,quark_up_G1,B,-1,-1,97,7,11,4,2,9,1,1,sum,E,11,1,2,0,2,-1,0,0,6,2,1
49,quark_up_G1,B,-1,-1,98,8,11,4,2,1,1,1,product,S,2,0,2,0,2,-1,0,0,6,3,1
49,quark_up_G1,B,-1,-1,99,9,11,4,3,1,1,1,torsion,STAY,9,0,9,3,0,-1,0,0,6,3,1
49,quark_up_G1,B,-1,-1,100,1,12,4,3,1,1,1,sum,E,4,0,4,1,1,-1,0,0,6,3,2
49,quark_up_G1,B,-1,-1,101,2,12,4,3,2,1,1,product,S,6,0,6,2,0,-1,0,0,6,4,2
49,quark_up_G1,B,-1,-1,102,3,12,4,4,2,1,1,torsion,STAY,9,0,9,3,0,-1,0,0,6,4,2
49,quark_up_G1,B,-1,-1,103,4,12,4,4,2,1,1,sum,E,6,0,6,2,0,-1,0,0,6,4,3
49,quark_up_G1,B,-1,-1,104,5,12,4,4,3,1,1,product,S,12,1,3,1,0,-1,0,0,6,5,3
49,quark_up_G1,B,-1,-1,105,6,12,4,5,3,1,1,torsion,STAY,9,0,9,3,0,-1,0,0,6,5,3
49,quark_up_G1,B,-1,-1,106,7,12,4,5,3,1,1,sum,E,8,0,8,2,2,-1,0,0,6,5,4
49,quark_up_G1,B,-1,-1,107,8,12,4,5,4,1,1,product,S,20,2,2,0,2,-1,0,0,6,6,4
49,quark_up_G1,B,-1,-1,108,9,12,4,6,4,1,1,torsion,STAY,9,0,9,3,0,-1,1,0,6,6,4
50,quark_down_G1,G,-1,1,1,1,1,1,6,5,-1,1,sum,W,11,1,2,0,2,1,0,0,7,6,4
50,quark_down_G1,G,-1,1,2,2,1,1,6,4,-1,1,product,S,24,2,6,2,0,1,0,0,6,7,4
50,quark_down_G1,G,-1,1,3,3,1,1,7,4,-1,1,torsion,STAY,9,0,9,3,0,1,0,0,6,7,4
50,quark_down_G1,G,-1,1,4,4,1,1,7,4,-1,1,sum,W,11,1,2,0,2,1,0,0,6,7,3
50,quark_down_G1,G,-1,1,5,5,1,1,7,3,-1,1,product,S,21,2,3,1,0,1,0,0,6,8,3
50,quark_down_G1,G,-1,1,6,6,1,1,8,3,-1,1,torsion,STAY,9,0,9,3,0,1,0,0,6,8,3
50,quark_down_G1,G,-1,1,7,7,1,1,8,3,-1,1,sum,W,11,1,2,0,2,1,0,0,6,8,2
50,quark_down_G1,G,-1,1,8,8,1,1,8,2,-1,1,product,S,16,1,7,2,1,1,0,0,6,9,2
50,quark_down_G1,G,-1,1,9,9,1,1,9,2,-1,1,torsion,STAY,9,0,9,3,0,1,0,0,6,9,2
50,quark_down_G1,G,-1,1,10,1,2,1,9,2,-1,1,sum,W,11,1,2,0,2,1,0,0,6,9,1
50,quark_down_G1,G,-1,1,11,2,2,1,9,1,-1,1,product,S,9,0,9,3,0,1,0,0,6,1,1
50,quark_down_G1,G,-1,1,12,3,2,1,1,1,-1,1,torsion,STAY,9,0,9,3,0,1,0,0,6,1,1
50,quark_down_G1,G,-1,1,13,4,2,1,1,1,-1,1,sum,W,2,0,2,0,2,1,0,0,6,1,9
50,quark_down_G1,G,-1,1,14,5,2,1,1,9,-1,1,product,S,9,0,9,3,0,1,0,0,6,2,9
50,quark_down_G1,G,-1,1,15,6,2,1,2,9,-1,1,torsion,STAY,9,0,9,3,0,1,0,0,6,2,9
50,quark_down_G1,G,-1,1,16,7,2,1,2,9,-1,1,sum,W,11,1,2,0,2,1,0,0,6,2,8
50,quark_down_G1,G,-1,1,17,8,2,1,2,8,-1,1,product,S,16,1,7,2,1,1,0,0,6,3,8
50,quark_down_G1,G,-1,1,18,9,2,1,3,8,-1,1,torsion,STAY,9,0,9,3,0,1,0,0,6,3,8
50,quark_down_G1,G,-1,1,19,1,3,1,3,8,-1,1,sum,W,11,1,2,0,2,1,0,0,6,3,7
50,quark_down_G1,G,-1,1,20,2,3,1,3,7,-1,1,product,S,21,2,3,1,0,1,0,0,6,4,7
50,quark_down_G1,G,-1,1,21,3,3,1,4,7,-1,1,torsion,STAY,9,0,9,3,0,1,0,1,6,4,7
50,quark_down_G1,G,-1,1,22,4,3,1,4,7,-1,1,sum,W,11,1,2,0,2,1,0,0,7,4,6
50,quark_down_G1,G,-1,1,23,5,3,1,4,6,-1,1,product,S,24,2,6,2,0,1,0,0,6,5,6
50,quark_down_G1,G,-1,1,24,6,3,1,5,6,-1,1,torsion,STAY,9,0,9,3,0,1,0,0,6,5,6
50,quark_down_G1,G,-1,1,25,7,3,1,5,6,-1,1,sum,W,11,1,2,0,2,1,0,0,6,5,5
50,quark_down_G1,G,-1,1,26,8,3,1,5,5,-1,1,product,S,25,2,7,2,1,1,0,0,6,6,5
50,quark_down_G1,G,-1,1,27,9,3,1,6,5,-1,1,torsion,STAY,9,0,9,3,0,1,1,0,6,6,5
50,quark_down_G1,G,-1,1,28,1,4,2,6,5,1,-1,sum,E,11,1,2,0,2,-1,0,0,6,6,6
50,quark_down_G1,G,-1,1,29,2,4,2,6,6,1,-1,product,N,36,3,9,3,0,-1,0,0,6,5,6
50,quark_down_G1,G,-1,1,30,3,4,2,5,6,1,-1,torsion,STAY,9,0,9,3,0,-1,0,0,6,5,6
50,quark_down_G1,G,-1,1,31,4,4,2,5,6,1,-1,sum,E,11,1,2,0,2,-1,0,0,6,5,7
50,quark_down_G1,G,-1,1,32,5,4,2,5,7,1,-1,product,N,35,3,8,2,2,-1,0,0,6,4,7
50,quark_down_G1,G,-1,1,33,6,4,2,4,7,1,-1,torsion,STAY,9,0,9,3,0,-1,0,0,6,4,7
50,quark_down_G1,G,-1,1,34,7,4,2,4,7,1,-1,sum,E,11,1,2,0,2,-1,0,0,6,4,8
50,quark_down_G1,G,-1,1,35,8,4,2,4,8,1,-1,product,N,32,3,5,1,2,-1,0,0,6,3,8
50,quark_down_G1,G,-1,1,36,9,4,2,3,8,1,-1,torsion,STAY,9,0,9,3,0,-1,0,0,6,3,8
50,quark_down_G1,G,-1,1,37,1,5,2,3,8,1,-1,sum,E,11,1,2,0,2,-1,0,0,6,3,9
50,quark_down_G1,G,-1,1,38,2,5,2,3,9,1,-1,product,N,27,2,9,3,0,-1,0,0,6,2,9
50,quark_down_G1,G,-1,1,39,3,5,2,2,9,1,-1,torsion,STAY,9,0,9,3,0,-1,0,0,6,2,9
50,quark_down_G1,G,-1,1,40,4,5,2,2,9,1,-1,sum,E,11,1,2,0,2,-1,0,0,6,2,1
50,quark_down_G1,G,-1,1,41,5,5,2,2,1,1,-1,product,N,2,0,2,0,2,-1,0,0,6,1,1
50,quark_down_G1,G,-1,1,42,6,5,2,1,1,1,-1,torsion,STAY,9,0,9,3,0,-1,0,0,6,1,1
50,quark_down_G1,G,-1,1,43,7,5,2,1,1,1,-1,sum,E,2,0,2,0,2,-1,0,1,6,1,2
50,quark_down_G1,G,-1,1,44,8,5,2,1,2,1,-1,product,N,2,0,2,0,2,-1,0,0,7,9,2
50,quark_down_G1,G,-1,1,45,9,5,2,9,2,1,-1,torsion,STAY,9,0,9,3,0,-1,0,0,6,9,2
50,quark_down_G1,G,-1,1,46,1,6,2,9,2,1,-1,sum,E,11,1,2,0,2,-1,0,0,6,9,3
50,quark_down_G1,G,-1,1,47,2,6,2,9,3,1,-1,product,N,27,2,9,3,0,-1,0,0,6,8,3
50,quark_down_G1,G,-1,1,48,3,6,2,8,3,1,-1,torsion,STAY,9,0,9,3,0,-1,0,0,6,8,3
50,quark_down_G1,G,-1,1,49,4,6,2,8,3,1,-1,sum,E,11,1,2,0,2,-1,0,0,6,8,4
50,quark_down_G1,G,-1,1,50,5,6,2,8,4,1,-1,product,N,32,3,5,1,2,-1,0,0,6,7,4
50,quark_down_G1,G,-1,1,51,6,6,2,7,4,1,-1,torsion,STAY,9,0,9,3,0,-1,0,0,6,7,4
50,quark_down_G1,G,-1,1,52,7,6,2,7,4,1,-1,sum,E,11,1,2,0,2,-1,0,0,6,7,5
50,quark_down_G1,G,-1,1,53,8,6,2,7,5,1,-1,product,N,35,3,8,2,2,-1,0,0,6,6,5
50,quark_down_G1,G,-1,1,54,9,6,2,6,5,1,-1,torsion,STAY,9,0,9,3,0,-1,1,0,6,6,5
50,quark_down_G1,G,-1,1,55,1,7,3,6,5,-1,1,sum,W,11,1,2,0,2,1,0,0,6,6,4
50,quark_down_G1,G,-1,1,56,2,7,3,6,4,-1,1,product,S,24,2,6,2,0,1,0,0,6,7,4
50,quark_down_G1,G,-1,1,57,3,7,3,7,4,-1,1,torsion,STAY,9,0,9,3,0,1,0,0,6,7,4
50,quark_down_G1,G,-1,1,58,4,7,3,7,4,-1,1,sum,W,11,1,2,0,2,1,0,0,6,7,3
50,quark_down_G1,G,-1,1,59,5,7,3,7,3,-1,1,product,S,21,2,3,1,0,1,0,0,6,8,3
50,quark_down_G1,G,-1,1,60,6,7,3,8,3,-1,1,torsion,STAY,9,0,9,3,0,1,0,0,6,8,3
50,quark_down_G1,G,-1,1,61,7,7,3,8,3,-1,1,sum,W,11,1,2,0,2,1,0,0,6,8,2
50,quark_down_G1,G,-1,1,62,8,7,3,8,2,-1,1,product,S,16,1,7,2,1,1,0,0,6,9,2
50,quark_down_G1,G,-1,1,63,9,7,3,9,2,-1,1,torsion,STAY,9,0,9,3,0,1,0,0,6,9,2
50,quark_down_G1,G,-1,1,64,1,8,3,9,2,-1,1,sum,W,11,1,2,0,2,1,0,0,6,9,1
50,quark_down_G1,G,-1,1,65,2,8,3,9,1,-1,1,product,S,9,0,9,3,0,1,0,1,6,1,1
50,quark_down_G1,G,-1,1,66,3,8,3,1,1,-1,1,torsion,STAY,9,0,9,3,0,1,0,0,7,1,1
50,quark_down_G1,G,-1,1,67,4,8,3,1,1,-1,1,sum,W,2,0,2,0,2,1,0,0,6,1,9
50,quark_down_G1,G,-1,1,68,5,8,3,1,9,-1,1,product,S,9,0,9,3,0,1,0,0,6,2,9
50,quark_down_G1,G,-1,1,69,6,8,3,2,9,-1,1,torsion,STAY,9,0,9,3,0,1,0,0,6,2,9
50,quark_down_G1,G,-1,1,70,7,8,3,2,9,-1,1,sum,W,11,1,2,0,2,1,0,0,6,2,8
50,quark_down_G1,G,-1,1,71,8,8,3,2,8,-1,1,product,S,16,1,7,2,1,1,0,0,6,3,8
50,quark_down_G1,G,-1,1,72,9,8,3,3,8,-1,1,torsion,STAY,9,0,9,3,0,1,0,0,6,3,8
50,quark_down_G1,G,-1,1,73,1,9,3,3,8,-1,1,sum,W,11,1,2,0,2,1,0,0,6,3,7
50,quark_down_G1,G,-1,1,74,2,9,3,3,7,-1,1,product,S,21,2,3,1,0,1,0,0,6,4,7
50,quark_down_G1,G,-1,1,75,3,9,3,4,7,-1,1,torsion,STAY,9,0,9,3,0,1,0,0,6,4,7
50,quark_down_G1,G,-1,1,76,4,9,3,4,7,-1,1,sum,W,11,1,2,0,2,1,0,0,6,4,6
50,quark_down_G1,G,-1,1,77,5,9,3,4,6,-1,1,product,S,24,2,6,2,0,1,0,0,6,5,6
50,quark_down_G1,G,-1,1,78,6,9,3,5,6,-1,1,torsion,STAY,9,0,9,3,0,1,0,0,6,5,6
50,quark_down_G1,G,-1,1,79,7,9,3,5,6,-1,1,sum,W,11,1,2,0,2,1,0,0,6,5,5
50,quark_down_G1,G,-1,1,80,8,9,3,5,5,-1,1,product,S,25,2,7,2,1,1,0,0,6,6,5
50,quark_down_G1,G,-1,1,81,9,9,3,6,5,-1,1,torsion,STAY,9,0,9,3,0,1,1,0,6,6,5
50,quark_down_G1,G,-1,1,82,1,10,4,6,5,1,-1,sum,E,11,1,2,0,2,-1,0,0,6,6,6
50,quark_down_G1,G,-1,1,83,2,10,4,6,6,1,-1,product,N,36,3,9,3,0,-1,0,0,6,5,6
50,quark_down_G1,G,-1,1,84,3,10,4,5,6,1,-1,torsion,STAY,9,0,9,3,0,-1,0,0,6,5,6
50,quark_down_G1,G,-1,1,85,4,10,4,5,6,1,-1,sum,E,11,1,2,0,2,-1,0,0,6,5,7
50,quark_down_G1,G,-1,1,86,5,10,4,5,7,1,-1,product,N,35,3,8,2,2,-1,0,0,6,4,7
50,quark_down_G1,G,-1,1,87,6,10,4,4,7,1,-1,torsion,STAY,9,0,9,3,0,-1,0,1,6,4,7
50,quark_down_G1,G,-1,1,88,7,10,4,4,7,1,-1,sum,E,11,1,2,0,2,-1,0,0,7,4,8
50,quark_down_G1,G,-1,1,89,8,10,4,4,8,1,-1,product,N,32,3,5,1,2,-1,0,0,6,3,8
50,quark_down_G1,G,-1,1,90,9,10,4,3,8,1,-1,torsion,STAY,9,0,9,3,0,-1,0,0,6,3,8
50,quark_down_G1,G,-1,1,91,1,11,4,3,8,1,-1,sum,E,11,1,2,0,2,-1,0,0,6,3,9
50,quark_down_G1,G,-1,1,92,2,11,4,3,9,1,-1,product,N,27,2,9,3,0,-1,0,0,6,2,9
50,quark_down_G1,G,-1,1,93,3,11,4,2,9,1,-1,torsion,STAY,9,0,9,3,0,-1,0,0,6,2,9
50,quark_down_G1,G,-1,1,94,4,11,4,2,9,1,-1,sum,E,11,1,2,0,2,-1,0,0,6,2,1
50,quark_down_G1,G,-1,1,95,5,11,4,2,1,1,-1,product,N,2,0,2,0,2,-1,0,0,6,1,1
50,quark_down_G1,G,-1,1,96,6,11,4,1,1,1,-1,torsion,STAY,9,0,9,3,0,-1,0,0,6,1,1
50,quark_down_G1,G,-1,1,97,7,11,4,1,1,1,-1,sum,E,2,0,2,0,2,-1,0,0,6,1,2
50,quark_down_G1,G,-1,1,98,8,11,4,1,2,1,-1,product,N,2,0,2,0,2,-1,0,0,6,9,2
50,quark_down_G1,G,-1,1,99,9,11,4,9,2,1,-1,torsion,STAY,9,0,9,3,0,-1,0,0,6,9,2
50,quark_down_G1,G,-1,1,100,1,12,4,9,2,1,-1,sum,E,11,1,2,0,2,-1,0,0,6,9,3
50,quark_down_G1,G,-1,1,101,2,12,4,9,3,1,-1,product,N,27,2,9,3,0,-1,0,0,6,8,3
50,quark_down_G1,G,-1,1,102,3,12,4,8,3,1,-1,torsion,STAY,9,0,9,3,0,-1,0,0,6,8,3
50,quark_down_G1,G,-1,1,103,4,12,4,8,3,1,-1,sum,E,11,1,2,0,2,-1,0,0,6,8,4
50,quark_down_G1,G,-1,1,104,5,12,4,8,4,1,-1,product,N,32,3,5,1,2,-1,0,0,6,7,4
50,quark_down_G1,G,-1,1,105,6,12,4,7,4,1,-1,torsion,STAY,9,0,9,3,0,-1,0,0,6,7,4
50,quark_down_G1,G,-1,1,106,7,12,4,7,4,1,-1,sum,E,11,1,2,0,2,-1,0,0,6,7,5
50,quark_down_G1,G,-1,1,107,8,12,4,7,5,1,-1,product,N,35,3,8,2,2,-1,0,0,6,6,5
50,quark_down_G1,G,-1,1,108,9,12,4,6,5,1,-1,torsion,STAY,9,0,9,3,0,-1,1,0,6,6,5
51,quark_up_G1,R,1,1,1,1,1,1,6,6,1,1,sum,E,12,1,3,1,0,1,0,0,7,6,7
51,quark_up_G1,R,1,1,2,2,1,1,6,7,1,1,product,S,42,4,6,2,0,1,0,0,6,7,7
51,quark_up_G1,R,1,1,3,3,1,1,7,7,1,1,torsion,STAY,9,0,9,3,0,1,0,0,6,7,7
51,quark_up_G1,R,1,1,4,4,1,1,7,7,1,1,sum,E,14,1,5,1,2,1,0,0,6,7,8
51,quark_up_G1,R,1,1,5,5,1,1,7,8,1,1,product,S,56,6,2,0,2,1,0,0,6,8,8
51,quark_up_G1,R,1,1,6,6,1,1,8,8,1,1,torsion,STAY,9,0,9,3,0,1,0,0,6,8,8
51,quark_up_G1,R,1,1,7,7,1,1,8,8,1,1,sum,E,16,1,7,2,1,1,0,0,6,8,9
51,quark_up_G1,R,1,1,8,8,1,1,8,9,1,1,product,S,72,7,9,3,0,1,0,0,6,9,9
51,quark_up_G1,R,1,1,9,9,1,1,9,9,1,1,torsion,STAY,9,0,9,3,0,1,0,0,6,9,9
51,quark_up_G1,R,1,1,10,1,2,1,9,9,1,1,sum,E,18,1,9,3,0,1,0,0,6,9,1
51,quark_up_G1,R,1,1,11,2,2,1,9,1,1,1,product,S,9,0,9,3,0,1,0,0,6,1,1
51,quark_up_G1,R,1,1,12,3,2,1,1,1,1,1,torsion,STAY,9,0,9,3,0,1,0,0,6,1,1
51,quark_up_G1,R,1,1,13,4,2,1,1,1,1,1,sum,E,2,0,2,0,2,1,0,0,6,1,2
51,quark_up_G1,R,1,1,14,5,2,1,1,2,1,1,product,S,2,0,2,0,2,1,0,0,6,2,2
51,quark_up_G1,R,1,1,15,6,2,1,2,2,1,1,torsion,STAY,9,0,9,3,0,1,0,0,6,2,2
51,quark_up_G1,R,1,1,16,7,2,1,2,2,1,1,sum,E,4,0,4,1,1,1,0,0,6,2,3
51,quark_up_G1,R,1,1,17,8,2,1,2,3,1,1,product,S,6,0,6,2,0,1,0,0,6,3,3
51,quark_up_G1,R,1,1,18,9,2,1,3,3,1,1,torsion,STAY,9,0,9,3,0,1,0,0,6,3,3
51,quark_up_G1,R,1,1,19,1,3,1,3,3,1,1,sum,E,6,0,6,2,0,1,0,0,6,3,4
51,quark_up_G1,R,1,1,20,2,3,1,3,4,1,1,product,S,12,1,3,1,0,1,0,0,6,4,4
51,quark_up_G1,R,1,1,21,3,3,1,4,4,1,1,torsion,STAY,9,0,9,3,0,1,0,1,6,4,4
51,quark_up_G1,R,1,1,22,4,3,1,4,4,1,1,sum,E,8,0,8,2,2,1,0,0,7,4,5
51,quark_up_G1,R,1,1,23,5,3,1,4,5,1,1,product,S,20,2,2,0,2,1,0,0,6,5,5
51,quark_up_G1,R,1,1,24,6,3,1,5,5,1,1,torsion,STAY,9,0,9,3,0,1,0,0,6,5,5
51,quark_up_G1,R,1,1,25,7,3,1,5,5,1,1,sum,E,10,1,1,0,1,1,0,0,6,5,6
51,quark_up_G1,R,1,1,26,8,3,1,5,6,1,1,product,S,30,3,3,1,0,1,0,0,6,6,6
51,quark_up_G1,R,1,1,27,9,3,1,6,6,1,1,torsion,STAY,9,0,9,3,0,1,1,0,6,6,6
51,quark_up_G1,R,1,1,28,1,4,2,6,6,-1,-1,sum,W,12,1,3,1,0,-1,0,0,6,6,5
51,quark_up_G1,R,1,1,29,2,4,2,6,5,-1,-1,product,N,30,3,3,1,0,-1,0,0,6,5,5
51,quark_up_G1,R,1,1,30,3,4,2,5,5,-1,-1,torsion,STAY,9,0,9,3,0,-1,0,0,6,5,5
51,quark_up_G1,R,1,1,31,4,4,2,5,5,-1,-1,sum,W,10,1,1,0,1,-1,0,0,6,5,4
51,quark_up_G1,R,1,1,32,5,4,2,5,4,-1,-1,product,N,20,2,2,0,2,-1,0,0,6,4,4
51,quark_up_G1,R,1,1,33,6,4,2,4,4,-1,-1,torsion,STAY,9,0,9,3,0,-1,0,0,6,4,4
51,quark_up_G1,R,1,1,34,7,4,2,4,4,-1,-1,sum,W,8,0,8,2,2,-1,0,0,6,4,3
51,quark_up_G1,R,1,1,35,8,4,2,4,3,-1,-1,product,N,12,1,3,1,0,-1,0,0,6,3,3
51,quark_up_G1,R,1,1,36,9,4,2,3,3,-1,-1,torsion,STAY,9,0,9,3,0,-1,0,0,6,3,3
51,quark_up_G1,R,1,1,37,1,5,2,3,3,-1,-1,sum,W,6,0,6,2,0,-1,0,0,6,3,2
51,quark_up_G1,R,1,1,38,2,5,2,3,2,-1,-1,product,N,6,0,6,2,0,-1,0,0,6,2,2
51,quark_up_G1,R,1,1,39,3,5,2,2,2,-1,-1,torsion,STAY,9,0,9,3,0,-1,0,0,6,2,2
51,quark_up_G1,R,1,1,40,4,5,2,2,2,-1,-1,sum,W,4,0,4,1,1,-1,0,0,6,2,1
51,quark_up_G1,R,1,1,41,5,5,2,2,1,-1,-1,product,N,2,0,2,0,2,-1,0,0,6,1,1
51,quark_up_G1,R,1,1,42,6,5,2,1,1,-1,-1,torsion,STAY,9,0,9,3,0,-1,0,0,6,1,1
51,quark_up_G1,R,1,1,43,7,5,2,1,1,-1,-1,sum,W,2,0,2,0,2,-1,0,1,6,1,9
51,quark_up_G1,R,1,1,44,8,5,2,1,9,-1,-1,product,N,9,0,9,3,0,-1,0,0,7,9,9
51,quark_up_G1,R,1,1,45,9,5,2,9,9,-1,-1,torsion,STAY,9,0,9,3,0,-1,0,0,6,9,9
51,quark_up_G1,R,1,1,46,1,6,2,9,9,-1,-1,sum,W,18,1,9,3,0,-1,0,0,6,9,8
51,quark_up_G1,R,1,1,47,2,6,2,9,8,-1,-1,product,N,72,7,9,3,0,-1,0,0,6,8,8
51,quark_up_G1,R,1,1,48,3,6,2,8,8,-1,-1,torsion,STAY,9,0,9,3,0,-1,0,0,6,8,8
51,quark_up_G1,R,1,1,49,4,6,2,8,8,-1,-1,sum,W,16,1,7,2,1,-1,0,0,6,8,7
51,quark_up_G1,R,1,1,50,5,6,2,8,7,-1,-1,product,N,56,6,2,0,2,-1,0,0,6,7,7
51,quark_up_G1,R,1,1,51,6,6,2,7,7,-1,-1,torsion,STAY,9,0,9,3,0,-1,0,0,6,7,7
51,quark_up_G1,R,1,1,52,7,6,2,7,7,-1,-1,sum,W,14,1,5,1,2,-1,0,0,6,7,6
51,quark_up_G1,R,1,1,53,8,6,2,7,6,-1,-1,product,N,42,4,6,2,0,-1,0,0,6,6,6
51,quark_up_G1,R,1,1,54,9,6,2,6,6,-1,-1,torsion,STAY,9,0,9,3,0,-1,1,0,6,6,6
51,quark_up_G1,R,1,1,55,1,7,3,6,6,1,1,sum,E,12,1,3,1,0,1,0,0,6,6,7
51,quark_up_G1,R,1,1,56,2,7,3,6,7,1,1,product,S,42,4,6,2,0,1,0,0,6,7,7
51,quark_up_G1,R,1,1,57,3,7,3,7,7,1,1,torsion,STAY,9,0,9,3,0,1,0,0,6,7,7
51,quark_up_G1,R,1,1,58,4,7,3,7,7,1,1,sum,E,14,1,5,1,2,1,0,0,6,7,8
51,quark_up_G1,R,1,1,59,5,7,3,7,8,1,1,product,S,56,6,2,0,2,1,0,0,6,8,8
51,quark_up_G1,R,1,1,60,6,7,3,8,8,1,1,torsion,STAY,9,0,9,3,0,1,0,0,6,8,8
51,quark_up_G1,R,1,1,61,7,7,3,8,8,1,1,sum,E,16,1,7,2,1,1,0,0,6,8,9
51,quark_up_G1,R,1,1,62,8,7,3,8,9,1,1,product,S,72,7,9,3,0,1,0,0,6,9,9
51,quark_up_G1,R,1,1,63,9,7,3,9,9,1,1,torsion,STAY,9,0,9,3,0,1,0,0,6,9,9
51,quark_up_G1,R,1,1,64,1,8,3,9,9,1,1,sum,E,18,1,9,3,0,1,0,0,6,9,1
51,quark_up_G1,R,1,1,65,2,8,3,9,1,1,1,product,S,9,0,9,3,0,1,0,1,6,1,1
51,quark_up_G1,R,1,1,66,3,8,3,1,1,1,1,torsion,STAY,9,0,9,3,0,1,0,0,7,1,1
51,quark_up_G1,R,1,1,67,4,8,3,1,1,1,1,sum,E,2,0,2,0,2,1,0,0,6,1,2
51,quark_up_G1,R,1,1,68,5,8,3,1,2,1,1,product,S,2,0,2,0,2,1,0,0,6,2,2
51,quark_up_G1,R,1,1,69,6,8,3,2,2,1,1,torsion,STAY,9,0,9,3,0,1,0,0,6,2,2
51,quark_up_G1,R,1,1,70,7,8,3,2,2,1,1,sum,E,4,0,4,1,1,1,0,0,6,2,3
51,quark_up_G1,R,1,1,71,8,8,3,2,3,1,1,product,S,6,0,6,2,0,1,0,0,6,3,3
51,quark_up_G1,R,1,1,72,9,8,3,3,3,1,1,torsion,STAY,9,0,9,3,0,1,0,0,6,3,3
51,quark_up_G1,R,1,1,73,1,9,3,3,3,1,1,sum,E,6,0,6,2,0,1,0,0,6,3,4
51,quark_up_G1,R,1,1,74,2,9,3,3,4,1,1,product,S,12,1,3,1,0,1,0,0,6,4,4
51,quark_up_G1,R,1,1,75,3,9,3,4,4,1,1,torsion,STAY,9,0,9,3,0,1,0,0,6,4,4
51,quark_up_G1,R,1,1,76,4,9,3,4,4,1,1,sum,E,8,0,8,2,2,1,0,0,6,4,5
51,quark_up_G1,R,1,1,77,5,9,3,4,5,1,1,product,S,20,2,2,0,2,1,0,0,6,5,5
51,quark_up_G1,R,1,1,78,6,9,3,5,5,1,1,torsion,STAY,9,0,9,3,0,1,0,0,6,5,5
51,quark_up_G1,R,1,1,79,7,9,3,5,5,1,1,sum,E,10,1,1,0,1,1,0,0,6,5,6
51,quark_up_G1,R,1,1,80,8,9,3,5,6,1,1,product,S,30,3,3,1,0,1,0,0,6,6,6
51,quark_up_G1,R,1,1,81,9,9,3,6,6,1,1,torsion,STAY,9,0,9,3,0,1,1,0,6,6,6
51,quark_up_G1,R,1,1,82,1,10,4,6,6,-1,-1,sum,W,12,1,3,1,0,-1,0,0,6,6,5
51,quark_up_G1,R,1,1,83,2,10,4,6,5,-1,-1,product,N,30,3,3,1,0,-1,0,0,6,5,5
51,quark_up_G1,R,1,1,84,3,10,4,5,5,-1,-1,torsion,STAY,9,0,9,3,0,-1,0,0,6,5,5
51,quark_up_G1,R,1,1,85,4,10,4,5,5,-1,-1,sum,W,10,1,1,0,1,-1,0,0,6,5,4
51,quark_up_G1,R,1,1,86,5,10,4,5,4,-1,-1,product,N,20,2,2,0,2,-1,0,0,6,4,4
51,quark_up_G1,R,1,1,87,6,10,4,4,4,-1,-1,torsion,STAY,9,0,9,3,0,-1,0,1,6,4,4
51,quark_up_G1,R,1,1,88,7,10,4,4,4,-1,-1,sum,W,8,0,8,2,2,-1,0,0,7,4,3
51,quark_up_G1,R,1,1,89,8,10,4,4,3,-1,-1,product,N,12,1,3,1,0,-1,0,0,6,3,3
51,quark_up_G1,R,1,1,90,9,10,4,3,3,-1,-1,torsion,STAY,9,0,9,3,0,-1,0,0,6,3,3
51,quark_up_G1,R,1,1,91,1,11,4,3,3,-1,-1,sum,W,6,0,6,2,0,-1,0,0,6,3,2
51,quark_up_G1,R,1,1,92,2,11,4,3,2,-1,-1,product,N,6,0,6,2,0,-1,0,0,6,2,2
51,quark_up_G1,R,1,1,93,3,11,4,2,2,-1,-1,torsion,STAY,9,0,9,3,0,-1,0,0,6,2,2
51,quark_up_G1,R,1,1,94,4,11,4,2,2,-1,-1,sum,W,4,0,4,1,1,-1,0,0,6,2,1
51,quark_up_G1,R,1,1,95,5,11,4,2,1,-1,-1,product,N,2,0,2,0,2,-1,0,0,6,1,1
51,quark_up_G1,R,1,1,96,6,11,4,1,1,-1,-1,torsion,STAY,9,0,9,3,0,-1,0,0,6,1,1
51,quark_up_G1,R,1,1,97,7,11,4,1,1,-1,-1,sum,W,2,0,2,0,2,-1,0,0,6,1,9
51,quark_up_G1,R,1,1,98,8,11,4,1,9,-1,-1,product,N,9,0,9,3,0,-1,0,0,6,9,9
51,quark_up_G1,R,1,1,99,9,11,4,9,9,-1,-1,torsion,STAY,9,0,9,3,0,-1,0,0,6,9,9
51,quark_up_G1,R,1,1,100,1,12,4,9,9,-1,-1,sum,W,18,1,9,3,0,-1,0,0,6,9,8
51,quark_up_G1,R,1,1,101,2,12,4,9,8,-1,-1,product,N,72,7,9,3,0,-1,0,0,6,8,8
51,quark_up_G1,R,1,1,102,3,12,4,8,8,-1,-1,torsion,STAY,9,0,9,3,0,-1,0,0,6,8,8
51,quark_up_G1,R,1,1,103,4,12,4,8,8,-1,-1,sum,W,16,1,7,2,1,-1,0,0,6,8,7
51,quark_up_G1,R,1,1,104,5,12,4,8,7,-1,-1,product,N,56,6,2,0,2,-1,0,0,6,7,7
51,quark_up_G1,R,1,1,105,6,12,4,7,7,-1,-1,torsion,STAY,9,0,9,3,0,-1,0,0,6,7,7
51,quark_up_G1,R,1,1,106,7,12,4,7,7,-1,-1,sum,W,14,1,5,1,2,-1,0,0,6,7,6
51,quark_up_G1,R,1,1,107,8,12,4,7,6,-1,-1,product,N,42,4,6,2,0,-1,0,0,6,6,6
51,quark_up_G1,R,1,1,108,9,12,4,6,6,-1,-1,torsion,STAY,9,0,9,3,0,-1,1,0,6,6,6
52,quark_down_G2,B,-1,1,1,1,1,1,6,7,-1,1,sum,W,13,1,4,1,1,1,0,0,7,6,6
52,quark_down_G2,B,-1,1,2,2,1,1,6,6,-1,1,product,S,36,3,9,3,0,1,0,0,6,7,6
52,quark_down_G2,B,-1,1,3,3,1,1,7,6,-1,1,torsion,STAY,9,0,9,3,0,1,0,0,6,7,6
52,quark_down_G2,B,-1,1,4,4,1,1,7,6,-1,1,sum,W,13,1,4,1,1,1,0,0,6,7,5
52,quark_down_G2,B,-1,1,5,5,1,1,7,5,-1,1,product,S,35,3,8,2,2,1,0,0,6,8,5
52,quark_down_G2,B,-1,1,6,6,1,1,8,5,-1,1,torsion,STAY,9,0,9,3,0,1,0,0,6,8,5
52,quark_down_G2,B,-1,1,7,7,1,1,8,5,-1,1,sum,W,13,1,4,1,1,1,0,0,6,8,4
52,quark_down_G2,B,-1,1,8,8,1,1,8,4,-1,1,product,S,32,3,5,1,2,1,0,0,6,9,4
52,quark_down_G2,B,-1,1,9,9,1,1,9,4,-1,1,torsion,STAY,9,0,9,3,0,1,0,0,6,9,4
52,quark_down_G2,B,-1,1,10,1,2,1,9,4,-1,1,sum,W,13,1,4,1,1,1,0,0,6,9,3
52,quark_down_G2,B,-1,1,11,2,2,1,9,3,-1,1,product,S,27,2,9,3,0,1,0,0,6,1,3
52,quark_down_G2,B,-1,1,12,3,2,1,1,3,-1,1,torsion,STAY,9,0,9,3,0,1,0,0,6,1,3
52,quark_down_G2,B,-1,1,13,4,2,1,1,3,-1,1,sum,W,4,0,4,1,1,1,0,0,6,1,2
52,quark_down_G2,B,-1,1,14,5,2,1,1,2,-1,1,product,S,2,0,2,0,2,1,0,0,6,2,2
52,quark_down_G2,B,-1,1,15,6,2,1,2,2,-1,1,torsion,STAY,9,0,9,3,0,1,0,0,6,2,2
52,quark_down_G2,B,-1,1,16,7,2,1,2,2,-1,1,sum,W,4,0,4,1,1,1,0,0,6,2,1
52,quark_down_G2,B,-1,1,17,8,2,1,2,1,-1,1,product,S,2,0,2,0,2,1,0,0,6,3,1
52,quark_down_G2,B,-1,1,18,9,2,1,3,1,-1,1,torsion,STAY,9,0,9,3,0,1,0,0,6,3,1
52,quark_down_G2,B,-1,1,19,1,3,1,3,1,-1,1,sum,W,4,0,4,1,1,1,0,0,6,3,9
52,quark_down_G2,B,-1,1,20,2,3,1,3,9,-1,1,product,S,27,2,9,3,0,1,0,0,6,4,9
52,quark_down_G2,B,-1,1,21,3,3,1,4,9,-1,1,torsion,STAY,9,0,9,3,0,1,0,1,6,4,9
52,quark_down_G2,B,-1,1,22,4,3,1,4,9,-1,1,sum,W,13,1,4,1,1,1,0,0,7,4,8
52,quark_down_G2,B,-1,1,23,5,3,1,4,8,-1,1,product,S,32,3,5,1,2,1,0,0,6,5,8
52,quark_down_G2,B,-1,1,24,6,3,1,5,8,-1,1,torsion,STAY,9,0,9,3,0,1,0,0,6,5,8
52,quark_down_G2,B,-1,1,25,7,3,1,5,8,-1,1,sum,W,13,1,4,1,1,1,0,0,6,5,7
52,quark_down_G2,B,-1,1,26,8,3,1,5,7,-1,1,product,S,35,3,8,2,2,1,0,0,6,6,7
52,quark_down_G2,B,-1,1,27,9,3,1,6,7,-1,1,torsion,STAY,9,0,9,3,0,1,1,0,6,6,7
52,quark_down_G2,B,-1,1,28,1,4,2,6,7,1,-1,sum,E,13,1,4,1,1,-1,0,0,6,6,8
52,quark_down_G2,B,-1,1,29,2,4,2,6,8,1,-1,product,N,48,5,3,1,0,-1,0,0,6,5,8
52,quark_down_G2,B,-1,1,30,3,4,2,5,8,1,-1,torsion,STAY,9,0,9,3,0,-1,0,0,6,5,8
52,quark_down_G2,B,-1,1,31,4,4,2,5,8,1,-1,sum,E,13,1,4,1,1,-1,0,0,6,5,9
52,quark_down_G2,B,-1,1,32,5,4,2,5,9,1,-1,product,N,45,4,9,3,0,-1,0,0,6,4,9
52,quark_down_G2,B,-1,1,33,6,4,2,4,9,1,-1,torsion,STAY,9,0,9,3,0,-1,0,0,6,4,9
52,quark_down_G2,B,-1,1,34,7,4,2,4,9,1,-1,sum,E,13,1,4,1,1,-1,0,0,6,4,1
52,quark_down_G2,B,-1,1,35,8,4,2,4,1,1,-1,product,N,4,0,4,1,1,-1,0,0,6,3,1
52,quark_down_G2,B,-1,1,36,9,4,2,3,1,1,-1,torsion,STAY,9,0,9,3,0,-1,0,0,6,3,1
52,quark_down_G2,B,-1,1,37,1,5,2,3,1,1,-1,sum,E,4,0,4,1,1,-1,0,0,6,3,2
52,quark_down_G2,B,-1,1,38,2,5,2,3,2,1,-1,product,N,6,0,6,2,0,-1,0,0,6,2,2
52,quark_down_G2,B,-1,1,39,3,5,2,2,2,1,-1,torsion,STAY,9,0,9,3,0,-1,0,0,6,2,2
52,quark_down_G2,B,-1,1,40,4,5,2,2,2,1,-1,sum,E,4,0,4,1,1,-1,0,0,6,2,3
52,quark_down_G2,B,-1,1,41,5,5,2,2,3,1,-1,product,N,6,0,6,2,0,-1,0,0,6,1,3
52,quark_down_G2,B,-1,1,42,6,5,2,1,3,1,-1,torsion,STAY,9,0,9,3,0,-1,0,0,6,1,3
52,quark_down_G2,B,-1,1,43,7,5,2,1,3,1,-1,sum,E,4,0,4,1,1,-1,0,1,6,1,4
52,quark_down_G2,B,-1,1,44,8,5,2,1,4,1,-1,product,N,4,0,4,1,1,-1,0,0,7,9,4
52,quark_down_G2,B,-1,1,45,9,5,2,9,4,1,-1,torsion,STAY,9,0,9,3,0,-1,0,0,6,9,4
52,quark_down_G2,B,-1,1,46,1,6,2,9,4,1,-1,sum,E,13,1,4,1,1,-1,0,0,6,9,5
52,quark_down_G2,B,-1,1,47,2,6,2,9,5,1,-1,product,N,45,4,9,3,0,-1,0,0,6,8,5
52,quark_down_G2,B,-1,1,48,3,6,2,8,5,1,-1,torsion,STAY,9,0,9,3,0,-1,0,0,6,8,5
52,quark_down_G2,B,-1,1,49,4,6,2,8,5,1,-1,sum,E,13,1,4,1,1,-1,0,0,6,8,6
52,quark_down_G2,B,-1,1,50,5,6,2,8,6,1,-1,product,N,48,5,3,1,0,-1,0,0,6,7,6
52,quark_down_G2,B,-1,1,51,6,6,2,7,6,1,-1,torsion,STAY,9,0,9,3,0,-1,0,0,6,7,6
52,quark_down_G2,B,-1,1,52,7,6,2,7,6,1,-1,sum,E,13,1,4,1,1,-1,0,0,6,7,7
52,quark_down_G2,B,-1,1,53,8,6,2,7,7,1,-1,product,N,49,5,4,1,1,-1,0,0,6,6,7
52,quark_down_G2,B,-1,1,54,9,6,2,6,7,1,-1,torsion,STAY,9,0,9,3,0,-1,1,0,6,6,7
52,quark_down_G2,B,-1,1,55,1,7,3,6,7,-1,1,sum,W,13,1,4,1,1,1,0,0,6,6,6
52,quark_down_G2,B,-1,1,56,2,7,3,6,6,-1,1,product,S,36,3,9,3,0,1,0,0,6,7,6
52,quark_down_G2,B,-1,1,57,3,7,3,7,6,-1,1,torsion,STAY,9,0,9,3,0,1,0,0,6,7,6
52,quark_down_G2,B,-1,1,58,4,7,3,7,6,-1,1,sum,W,13,1,4,1,1,1,0,0,6,7,5
52,quark_down_G2,B,-1,1,59,5,7,3,7,5,-1,1,product,S,35,3,8,2,2,1,0,0,6,8,5
52,quark_down_G2,B,-1,1,60,6,7,3,8,5,-1,1,torsion,STAY,9,0,9,3,0,1,0,0,6,8,5
52,quark_down_G2,B,-1,1,61,7,7,3,8,5,-1,1,sum,W,13,1,4,1,1,1,0,0,6,8,4
52,quark_down_G2,B,-1,1,62,8,7,3,8,4,-1,1,product,S,32,3,5,1,2,1,0,0,6,9,4
52,quark_down_G2,B,-1,1,63,9,7,3,9,4,-1,1,torsion,STAY,9,0,9,3,0,1,0,0,6,9,4
52,quark_down_G2,B,-1,1,64,1,8,3,9,4,-1,1,sum,W,13,1,4,1,1,1,0,0,6,9,3
52,quark_down_G2,B,-1,1,65,2,8,3,9,3,-1,1,product,S,27,2,9,3,0,1,0,1,6,1,3
52,quark_down_G2,B,-1,1,66,3,8,3,1,3,-1,1,torsion,STAY,9,0,9,3,0,1,0,0,7,1,3
52,quark_down_G2,B,-1,1,67,4,8,3,1,3,-1,1,sum,W,4,0,4,1,1,1,0,0,6,1,2
52,quark_down_G2,B,-1,1,68,5,8,3,1,2,-1,1,product,S,2,0,2,0,2,1,0,0,6,2,2
52,quark_down_G2,B,-1,1,69,6,8,3,2,2,-1,1,torsion,STAY,9,0,9,3,0,1,0,0,6,2,2
52,quark_down_G2,B,-1,1,70,7,8,3,2,2,-1,1,sum,W,4,0,4,1,1,1,0,0,6,2,1
52,quark_down_G2,B,-1,1,71,8,8,3,2,1,-1,1,product,S,2,0,2,0,2,1,0,0,6,3,1
52,quark_down_G2,B,-1,1,72,9,8,3,3,1,-1,1,torsion,STAY,9,0,9,3,0,1,0,0,6,3,1
52,quark_down_G2,B,-1,1,73,1,9,3,3,1,-1,1,sum,W,4,0,4,1,1,1,0,0,6,3,9
52,quark_down_G2,B,-1,1,74,2,9,3,3,9,-1,1,product,S,27,2,9,3,0,1,0,0,6,4,9
52,quark_down_G2,B,-1,1,75,3,9,3,4,9,-1,1,torsion,STAY,9,0,9,3,0,1,0,0,6,4,9
52,quark_down_G2,B,-1,1,76,4,9,3,4,9,-1,1,sum,W,13,1,4,1,1,1,0,0,6,4,8
52,quark_down_G2,B,-1,1,77,5,9,3,4,8,-1,1,product,S,32,3,5,1,2,1,0,0,6,5,8
52,quark_down_G2,B,-1,1,78,6,9,3,5,8,-1,1,torsion,STAY,9,0,9,3,0,1,0,0,6,5,8
52,quark_down_G2,B,-1,1,79,7,9,3,5,8,-1,1,sum,W,13,1,4,1,1,1,0,0,6,5,7
52,quark_down_G2,B,-1,1,80,8,9,3,5,7,-1,1,product,S,35,3,8,2,2,1,0,0,6,6,7
52,quark_down_G2,B,-1,1,81,9,9,3,6,7,-1,1,torsion,STAY,9,0,9,3,0,1,1,0,6,6,7
52,quark_down_G2,B,-1,1,82,1,10,4,6,7,1,-1,sum,E,13,1,4,1,1,-1,0,0,6,6,8
52,quark_down_G2,B,-1,1,83,2,10,4,6,8,1,-1,product,N,48,5,3,1,0,-1,0,0,6,5,8
52,quark_down_G2,B,-1,1,84,3,10,4,5,8,1,-1,torsion,STAY,9,0,9,3,0,-1,0,0,6,5,8
52,quark_down_G2,B,-1,1,85,4,10,4,5,8,1,-1,sum,E,13,1,4,1,1,-1,0,0,6,5,9
52,quark_down_G2,B,-1,1,86,5,10,4,5,9,1,-1,product,N,45,4,9,3,0,-1,0,0,6,4,9
52,quark_down_G2,B,-1,1,87,6,10,4,4,9,1,-1,torsion,STAY,9,0,9,3,0,-1,0,1,6,4,9
52,quark_down_G2,B,-1,1,88,7,10,4,4,9,1,-1,sum,E,13,1,4,1,1,-1,0,0,7,4,1
52,quark_down_G2,B,-1,1,89,8,10,4,4,1,1,-1,product,N,4,0,4,1,1,-1,0,0,6,3,1
52,quark_down_G2,B,-1,1,90,9,10,4,3,1,1,-1,torsion,STAY,9,0,9,3,0,-1,0,0,6,3,1
52,quark_down_G2,B,-1,1,91,1,11,4,3,1,1,-1,sum,E,4,0,4,1,1,-1,0,0,6,3,2
52,quark_down_G2,B,-1,1,92,2,11,4,3,2,1,-1,product,N,6,0,6,2,0,-1,0,0,6,2,2
52,quark_down_G2,B,-1,1,93,3,11,4,2,2,1,-1,torsion,STAY,9,0,9,3,0,-1,0,0,6,2,2
52,quark_down_G2,B,-1,1,94,4,11,4,2,2,1,-1,sum,E,4,0,4,1,1,-1,0,0,6,2,3
52,quark_down_G2,B,-1,1,95,5,11,4,2,3,1,-1,product,N,6,0,6,2,0,-1,0,0,6,1,3
52,quark_down_G2,B,-1,1,96,6,11,4,1,3,1,-1,torsion,STAY,9,0,9,3,0,-1,0,0,6,1,3
52,quark_down_G2,B,-1,1,97,7,11,4,1,3,1,-1,sum,E,4,0,4,1,1,-1,0,0,6,1,4
52,quark_down_G2,B,-1,1,98,8,11,4,1,4,1,-1,product,N,4,0,4,1,1,-1,0,0,6,9,4
52,quark_down_G2,B,-1,1,99,9,11,4,9,4,1,-1,torsion,STAY,9,0,9,3,0,-1,0,0,6,9,4
52,quark_down_G2,B,-1,1,100,1,12,4,9,4,1,-1,sum,E,13,1,4,1,1,-1,0,0,6,9,5
52,quark_down_G2,B,-1,1,101,2,12,4,9,5,1,-1,product,N,45,4,9,3,0,-1,0,0,6,8,5
52,quark_down_G2,B,-1,1,102,3,12,4,8,5,1,-1,torsion,STAY,9,0,9,3,0,-1,0,0,6,8,5
52,quark_down_G2,B,-1,1,103,4,12,4,8,5,1,-1,sum,E,13,1,4,1,1,-1,0,0,6,8,6
52,quark_down_G2,B,-1,1,104,5,12,4,8,6,1,-1,product,N,48,5,3,1,0,-1,0,0,6,7,6
52,quark_down_G2,B,-1,1,105,6,12,4,7,6,1,-1,torsion,STAY,9,0,9,3,0,-1,0,0,6,7,6
52,quark_down_G2,B,-1,1,106,7,12,4,7,6,1,-1,sum,E,13,1,4,1,1,-1,0,0,6,7,7
52,quark_down_G2,B,-1,1,107,8,12,4,7,7,1,-1,product,N,49,5,4,1,1,-1,0,0,6,6,7
52,quark_down_G2,B,-1,1,108,9,12,4,6,7,1,-1,torsion,STAY,9,0,9,3,0,-1,1,0,6,6,7
53,quark_up_G3,G,1,1,1,1,1,1,6,8,1,1,sum,E,14,1,5,1,2,1,0,0,7,6,9
53,quark_up_G3,G,1,1,2,2,1,1,6,9,1,1,product,S,54,5,9,3,0,1,0,0,6,7,9
53,quark_up_G3,G,1,1,3,3,1,1,7,9,1,1,torsion,STAY,9,0,9,3,0,1,0,0,6,7,9
53,quark_up_G3,G,1,1,4,4,1,1,7,9,1,1,sum,E,16,1,7,2,1,1,0,0,6,7,1
53,quark_up_G3,G,1,1,5,5,1,1,7,1,1,1,product,S,7,0,7,2,1,1,0,0,6,8,1
53,quark_up_G3,G,1,1,6,6,1,1,8,1,1,1,torsion,STAY,9,0,9,3,0,1,0,0,6,8,1
53,quark_up_G3,G,1,1,7,7,1,1,8,1,1,1,sum,E,9,0,9,3,0,1,0,0,6,8,2
53,quark_up_G3,G,1,1,8,8,1,1,8,2,1,1,product,S,16,1,7,2,1,1,0,0,6,9,2
53,quark_up_G3,G,1,1,9,9,1,1,9,2,1,1,torsion,STAY,9,0,9,3,0,1,0,0,6,9,2
53,quark_up_G3,G,1,1,10,1,2,1,9,2,1,1,sum,E,11,1,2,0,2,1,0,0,6,9,3
53,quark_up_G3,G,1,1,11,2,2,1,9,3,1,1,product,S,27,2,9,3,0,1,0,0,6,1,3
53,quark_up_G3,G,1,1,12,3,2,1,1,3,1,1,torsion,STAY,9,0,9,3,0,1,0,0,6,1,3
53,quark_up_G3,G,1,1,13,4,2,1,1,3,1,1,sum,E,4,0,4,1,1,1,0,0,6,1,4
53,quark_up_G3,G,1,1,14,5,2,1,1,4,1,1,product,S,4,0,4,1,1,1,0,0,6,2,4
53,quark_up_G3,G,1,1,15,6,2,1,2,4,1,1,torsion,STAY,9,0,9,3,0,1,0,0,6,2,4
53,quark_up_G3,G,1,1,16,7,2,1,2,4,1,1,sum,E,6,0,6,2,0,1,0,0,6,2,5
53,quark_up_G3,G,1,1,17,8,2,1,2,5,1,1,product,S,10,1,1,0,1,1,0,0,6,3,5
53,quark_up_G3,G,1,1,18,9,2,1,3,5,1,1,torsion,STAY,9,0,9,3,0,1,0,0,6,3,5
53,quark_up_G3,G,1,1,19,1,3,1,3,5,1,1,sum,E,8,0,8,2,2,1,0,0,6,3,6
53,quark_up_G3,G,1,1,20,2,3,1,3,6,1,1,product,S,18,1,9,3,0,1,0,0,6,4,6
53,quark_up_G3,G,1,1,21,3,3,1,4,6,1,1,torsion,STAY,9,0,9,3,0,1,0,1,6,4,6
53,quark_up_G3,G,1,1,22,4,3,1,4,6,1,1,sum,E,10,1,1,0,1,1,0,0,7,4,7
53,quark_up_G3,G,1,1,23,5,3,1,4,7,1,1,product,S,28,3,1,0,1,1,0,0,6,5,7
53,quark_up_G3,G,1,1,24,6,3,1,5,7,1,1,torsion,STAY,9,0,9,3,0,1,0,0,6,5,7
53,quark_up_G3,G,1,1,25,7,3,1,5,7,1,1,sum,E,12,1,3,1,0,1,0,0,6,5,8
53,quark_up_G3,G,1,1,26,8,3,1,5,8,1,1,product,S,40,4,4,1,1,1,0,0,6,6,8
53,quark_up_G3,G,1,1,27,9,3,1,6,8,1,1,torsion,STAY,9,0,9,3,0,1,1,0,6,6,8
53,quark_up_G3,G,1,1,28,1,4,2,6,8,-1,-1,sum,W,14,1,5,1,2,-1,0,0,6,6,7
53,quark_up_G3,G,1,1,29,2,4,2,6,7,-1,-1,product,N,42,4,6,2,0,-1,0,0,6,5,7
53,quark_up_G3,G,1,1,30,3,4,2,5,7,-1,-1,torsion,STAY,9,0,9,3,0,-1,0,0,6,5,7
53,quark_up_G3,G,1,1,31,4,4,2,5,7,-1,-1,sum,W,12,1,3,1,0,-1,0,0,6,5,6
53,quark_up_G3,G,1,1,32,5,4,2,5,6,-1,-1,product,N,30,3,3,1,0,-1,0,0,6,4,6
53,quark_up_G3,G,1,1,33,6,4,2,4,6,-1,-1,torsion,STAY,9,0,9,3,0,-1,0,0,6,4,6
53,quark_up_G3,G,1,1,34,7,4,2,4,6,-1,-1,sum,W,10,1,1,0,1,-1,0,0,6,4,5
53,quark_up_G3,G,1,1,35,8,4,2,4,5,-1,-1,product,N,20,2,2,0,2,-1,0,0,6,3,5
53,quark_up_G3,G,1,1,36,9,4,2,3,5,-1,-1,torsion,STAY,9,0,9,3,0,-1,0,0,6,3,5
53,quark_up_G3,G,1,1,37,1,5,2,3,5,-1,-1,sum,W,8,0,8,2,2,-1,0,0,6,3,4
53,quark_up_G3,G,1,1,38,2,5,2,3,4,-1,-1,product,N,12,1,3,1,0,-1,0,0,6,2,4
53,quark_up_G3,G,1,1,39,3,5,2,2,4,-1,-1,torsion,STAY,9,0,9,3,0,-1,0,0,6,2,4
53,quark_up_G3,G,1,1,40,4,5,2,2,4,-1,-1,sum,W,6,0,6,2,0,-1,0,0,6,2,3
53,quark_up_G3,G,1,1,41,5,5,2,2,3,-1,-1,product,N,6,0,6,2,0,-1,0,0,6,1,3
53,quark_up_G3,G,1,1,42,6,5,2,1,3,-1,-1,torsion,STAY,9,0,9,3,0,-1,0,0,6,1,3
53,quark_up_G3,G,1,1,43,7,5,2,1,3,-1,-1,sum,W,4,0,4,1,1,-1,0,1,6,1,2
53,quark_up_G3,G,1,1,44,8,5,2,1,2,-1,-1,product,N,2,0,2,0,2,-1,0,0,7,9,2
53,quark_up_G3,G,1,1,45,9,5,2,9,2,-1,-1,torsion,STAY,9,0,9,3,0,-1,0,0,6,9,2
53,quark_up_G3,G,1,1,46,1,6,2,9,2,-1,-1,sum,W,11,1,2,0,2,-1,0,0,6,9,1
53,quark_up_G3,G,1,1,47,2,6,2,9,1,-1,-1,product,N,9,0,9,3,0,-1,0,0,6,8,1
53,quark_up_G3,G,1,1,48,3,6,2,8,1,-1,-1,torsion,STAY,9,0,9,3,0,-1,0,0,6,8,1
53,quark_up_G3,G,1,1,49,4,6,2,8,1,-1,-1,sum,W,9,0,9,3,0,-1,0,0,6,8,9
53,quark_up_G3,G,1,1,50,5,6,2,8,9,-1,-1,product,N,72,7,9,3,0,-1,0,0,6,7,9
53,quark_up_G3,G,1,1,51,6,6,2,7,9,-1,-1,torsion,STAY,9,0,9,3,0,-1,0,0,6,7,9
53,quark_up_G3,G,1,1,52,7,6,2,7,9,-1,-1,sum,W,16,1,7,2,1,-1,0,0,6,7,8
53,quark_up_G3,G,1,1,53,8,6,2,7,8,-1,-1,product,N,56,6,2,0,2,-1,0,0,6,6,8
53,quark_up_G3,G,1,1,54,9,6,2,6,8,-1,-1,torsion,STAY,9,0,9,3,0,-1,1,0,6,6,8
53,quark_up_G3,G,1,1,55,1,7,3,6,8,1,1,sum,E,14,1,5,1,2,1,0,0,6,6,9
53,quark_up_G3,G,1,1,56,2,7,3,6,9,1,1,product,S,54,5,9,3,0,1,0,0,6,7,9
53,quark_up_G3,G,1,1,57,3,7,3,7,9,1,1,torsion,STAY,9,0,9,3,0,1,0,0,6,7,9
53,quark_up_G3,G,1,1,58,4,7,3,7,9,1,1,sum,E,16,1,7,2,1,1,0,0,6,7,1
53,quark_up_G3,G,1,1,59,5,7,3,7,1,1,1,product,S,7,0,7,2,1,1,0,0,6,8,1
53,quark_up_G3,G,1,1,60,6,7,3,8,1,1,1,torsion,STAY,9,0,9,3,0,1,0,0,6,8,1
53,quark_up_G3,G,1,1,61,7,7,3,8,1,1,1,sum,E,9,0,9,3,0,1,0,0,6,8,2
53,quark_up_G3,G,1,1,62,8,7,3,8,2,1,1,product,S,16,1,7,2,1,1,0,0,6,9,2
53,quark_up_G3,G,1,1,63,9,7,3,9,2,1,1,torsion,STAY,9,0,9,3,0,1,0,0,6,9,2
53,quark_up_G3,G,1,1,64,1,8,3,9,2,1,1,sum,E,11,1,2,0,2,1,0,0,6,9,3
53,quark_up_G3,G,1,1,65,2,8,3,9,3,1,1,product,S,27,2,9,3,0,1,0,1,6,1,3
53,quark_up_G3,G,1,1,66,3,8,3,1,3,1,1,torsion,STAY,9,0,9,3,0,1,0,0,7,1,3
53,quark_up_G3,G,1,1,67,4,8,3,1,3,1,1,sum,E,4,0,4,1,1,1,0,0,6,1,4
53,quark_up_G3,G,1,1,68,5,8,3,1,4,1,1,product,S,4,0,4,1,1,1,0,0,6,2,4
53,quark_up_G3,G,1,1,69,6,8,3,2,4,1,1,torsion,STAY,9,0,9,3,0,1,0,0,6,2,4
53,quark_up_G3,G,1,1,70,7,8,3,2,4,1,1,sum,E,6,0,6,2,0,1,0,0,6,2,5
53,quark_up_G3,G,1,1,71,8,8,3,2,5,1,1,product,S,10,1,1,0,1,1,0,0,6,3,5
53,quark_up_G3,G,1,1,72,9,8,3,3,5,1,1,torsion,STAY,9,0,9,3,0,1,0,0,6,3,5
53,quark_up_G3,G,1,1,73,1,9,3,3,5,1,1,sum,E,8,0,8,2,2,1,0,0,6,3,6
53,quark_up_G3,G,1,1,74,2,9,3,3,6,1,1,product,S,18,1,9,3,0,1,0,0,6,4,6
53,quark_up_G3,G,1,1,75,3,9,3,4,6,1,1,torsion,STAY,9,0,9,3,0,1,0,0,6,4,6
53,quark_up_G3,G,1,1,76,4,9,3,4,6,1,1,sum,E,10,1,1,0,1,1,0,0,6,4,7
53,quark_up_G3,G,1,1,77,5,9,3,4,7,1,1,product,S,28,3,1,0,1,1,0,0,6,5,7
53,quark_up_G3,G,1,1,78,6,9,3,5,7,1,1,torsion,STAY,9,0,9,3,0,1,0,0,6,5,7
53,quark_up_G3,G,1,1,79,7,9,3,5,7,1,1,sum,E,12,1,3,1,0,1,0,0,6,5,8
53,quark_up_G3,G,1,1,80,8,9,3,5,8,1,1,product,S,40,4,4,1,1,1,0,0,6,6,8
53,quark_up_G3,G,1,1,81,9,9,3,6,8,1,1,torsion,STAY,9,0,9,3,0,1,1,0,6,6,8
53,quark_up_G3,G,1,1,82,1,10,4,6,8,-1,-1,sum,W,14,1,5,1,2,-1,0,0,6,6,7
53,quark_up_G3,G,1,1,83,2,10,4,6,7,-1,-1,product,N,42,4,6,2,0,-1,0,0,6,5,7
53,quark_up_G3,G,1,1,84,3,10,4,5,7,-1,-1,torsion,STAY,9,0,9,3,0,-1,0,0,6,5,7
53,quark_up_G3,G,1,1,85,4,10,4,5,7,-1,-1,sum,W,12,1,3,1,0,-1,0,0,6,5,6
53,quark_up_G3,G,1,1,86,5,10,4,5,6,-1,-1,product,N,30,3,3,1,0,-1,0,0,6,4,6
53,quark_up_G3,G,1,1,87,6,10,4,4,6,-1,-1,torsion,STAY,9,0,9,3,0,-1,0,1,6,4,6
53,quark_up_G3,G,1,1,88,7,10,4,4,6,-1,-1,sum,W,10,1,1,0,1,-1,0,0,7,4,5
53,quark_up_G3,G,1,1,89,8,10,4,4,5,-1,-1,product,N,20,2,2,0,2,-1,0,0,6,3,5
53,quark_up_G3,G,1,1,90,9,10,4,3,5,-1,-1,torsion,STAY,9,0,9,3,0,-1,0,0,6,3,5
53,quark_up_G3,G,1,1,91,1,11,4,3,5,-1,-1,sum,W,8,0,8,2,2,-1,0,0,6,3,4
53,quark_up_G3,G,1,1,92,2,11,4,3,4,-1,-1,product,N,12,1,3,1,0,-1,0,0,6,2,4
53,quark_up_G3,G,1,1,93,3,11,4,2,4,-1,-1,torsion,STAY,9,0,9,3,0,-1,0,0,6,2,4
53,quark_up_G3,G,1,1,94,4,11,4,2,4,-1,-1,sum,W,6,0,6,2,0,-1,0,0,6,2,3
53,quark_up_G3,G,1,1,95,5,11,4,2,3,-1,-1,product,N,6,0,6,2,0,-1,0,0,6,1,3
53,quark_up_G3,G,1,1,96,6,11,4,1,3,-1,-1,torsion,STAY,9,0,9,3,0,-1,0,0,6,1,3
53,quark_up_G3,G,1,1,97,7,11,4,1,3,-1,-1,sum,W,4,0,4,1,1,-1,0,0,6,1,2
53,quark_up_G3,G,1,1,98,8,11,4,1,2,-1,-1,product,N,2,0,2,0,2,-1,0,0,6,9,2
53,quark_up_G3,G,1,1,99,9,11,4,9,2,-1,-1,torsion,STAY,9,0,9,3,0,-1,0,0,6,9,2
53,quark_up_G3,G,1,1,100,1,12,4,9,2,-1,-1,sum,W,11,1,2,0,2,-1,0,0,6,9,1
53,quark_up_G3,G,1,1,101,2,12,4,9,1,-1,-1,product,N,9,0,9,3,0,-1,0,0,6,8,1
53,quark_up_G3,G,1,1,102,3,12,4,8,1,-1,-1,torsion,STAY,9,0,9,3,0,-1,0,0,6,8,1
53,quark_up_G3,G,1,1,103,4,12,4,8,1,-1,-1,sum,W,9,0,9,3,0,-1,0,0,6,8,9
53,quark_up_G3,G,1,1,104,5,12,4,8,9,-1,-1,product,N,72,7,9,3,0,-1,0,0,6,7,9
53,quark_up_G3,G,1,1,105,6,12,4,7,9,-1,-1,torsion,STAY,9,0,9,3,0,-1,0,0,6,7,9
53,quark_up_G3,G,1,1,106,7,12,4,7,9,-1,-1,sum,W,16,1,7,2,1,-1,0,0,6,7,8
53,quark_up_G3,G,1,1,107,8,12,4,7,8,-1,-1,product,N,56,6,2,0,2,-1,0,0,6,6,8
53,quark_up_G3,G,1,1,108,9,12,4,6,8,-1,-1,torsion,STAY,9,0,9,3,0,-1,1,0,6,6,8
54,quark_down_G4,R,1,-1,1,1,1,1,6,9,1,-1,sum,E,15,1,6,2,0,1,0,0,7,6,1
54,quark_down_G4,R,1,-1,2,2,1,1,6,1,1,-1,product,N,6,0,6,2,0,1,0,0,6,5,1
54,quark_down_G4,R,1,-1,3,3,1,1,5,1,1,-1,torsion,STAY,9,0,9,3,0,1,0,0,6,5,1
54,quark_down_G4,R,1,-1,4,4,1,1,5,1,1,-1,sum,E,6,0,6,2,0,1,0,0,6,5,2
54,quark_down_G4,R,1,-1,5,5,1,1,5,2,1,-1,product,N,10,1,1,0,1,1,0,0,6,4,2
54,quark_down_G4,R,1,-1,6,6,1,1,4,2,1,-1,torsion,STAY,9,0,9,3,0,1,0,0,6,4,2
54,quark_down_G4,R,1,-1,7,7,1,1,4,2,1,-1,sum,E,6,0,6,2,0,1,0,0,6,4,3
54,quark_down_G4,R,1,-1,8,8,1,1,4,3,1,-1,product,N,12,1,3,1,0,1,0,0,6,3,3
54,quark_down_G4,R,1,-1,9,9,1,1,3,3,1,-1,torsion,STAY,9,0,9,3,0,1,0,0,6,3,3
54,quark_down_G4,R,1,-1,10,1,2,1,3,3,1,-1,sum,E,6,0,6,2,0,1,0,0,6,3,4
54,quark_down_G4,R,1,-1,11,2,2,1,3,4,1,-1,product,N,12,1,3,1,0,1,0,0,6,2,4
54,quark_down_G4,R,1,-1,12,3,2,1,2,4,1,-1,torsion,STAY,9,0,9,3,0,1,0,0,6,2,4
54,quark_down_G4,R,1,-1,13,4,2,1,2,4,1,-1,sum,E,6,0,6,2,0,1,0,0,6,2,5
54,quark_down_G4,R,1,-1,14,5,2,1,2,5,1,-1,product,N,10,1,1,0,1,1,0,0,6,1,5
54,quark_down_G4,R,1,-1,15,6,2,1,1,5,1,-1,torsion,STAY,9,0,9,3,0,1,0,0,6,1,5
54,quark_down_G4,R,1,-1,16,7,2,1,1,5,1,-1,sum,E,6,0,6,2,0,1,0,0,6,1,6
54,quark_down_G4,R,1,-1,17,8,2,1,1,6,1,-1,product,N,6,0,6,2,0,1,0,0,6,9,6
54,quark_down_G4,R,1,-1,18,9,2,1,9,6,1,-1,torsion,STAY,9,0,9,3,0,1,0,0,6,9,6
54,quark_down_G4,R,1,-1,19,1,3,1,9,6,1,-1,sum,E,15,1,6,2,0,1,0,0,6,9,7
54,quark_down_G4,R,1,-1,20,2,3,1,9,7,1,-1,product,N,63,6,9,3,0,1,0,0,6,8,7
54,quark_down_G4,R,1,-1,21,3,3,1,8,7,1,-1,torsion,STAY,9,0,9,3,0,1,0,1,6,8,7
54,quark_down_G4,R,1,-1,22,4,3,1,8,7,1,-1,sum,E,15,1,6,2,0,1,0,0,7,8,8
54,quark_down_G4,R,1,-1,23,5,3,1,8,8,1,-1,product,N,64,7,1,0,1,1,0,0,6,7,8
54,quark_down_G4,R,1,-1,24,6,3,1,7,8,1,-1,torsion,STAY,9,0,9,3,0,1,0,0,6,7,8
54,quark_down_G4,R,1,-1,25,7,3,1,7,8,1,-1,sum,E,15,1,6,2,0,1,0,0,6,7,9
54,quark_down_G4,R,1,-1,26,8,3,1,7,9,1,-1,product,N,63,6,9,3,0,1,0,0,6,6,9
54,quark_down_G4,R,1,-1,27,9,3,1,6,9,1,-1,torsion,STAY,9,0,9,3,0,1,1,0,6,6,9
54,quark_down_G4,R,1,-1,28,1,4,2,6,9,-1,1,sum,W,15,1,6,2,0,-1,0,0,6,6,8
54,quark_down_G4,R,1,-1,29,2,4,2,6,8,-1,1,product,S,48,5,3,1,0,-1,0,0,6,7,8
54,quark_down_G4,R,1,-1,30,3,4,2,7,8,-1,1,torsion,STAY,9,0,9,3,0,-1,0,0,6,7,8
54,quark_down_G4,R,1,-1,31,4,4,2,7,8,-1,1,sum,W,15,1,6,2,0,-1,0,0,6,7,7
54,quark_down_G4,R,1,-1,32,5,4,2,7,7,-1,1,product,S,49,5,4,1,1,-1,0,0,6,8,7
54,quark_down_G4,R,1,-1,33,6,4,2,8,7,-1,1,torsion,STAY,9,0,9,3,0,-1,0,0,6,8,7
54,quark_down_G4,R,1,-1,34,7,4,2,8,7,-1,1,sum,W,15,1,6,2,0,-1,0,0,6,8,6
54,quark_down_G4,R,1,-1,35,8,4,2,8,6,-1,1,product,S,48,5,3,1,0,-1,0,0,6,9,6
54,quark_down_G4,R,1,-1,36,9,4,2,9,6,-1,1,torsion,STAY,9,0,9,3,0,-1,0,0,6,9,6
54,quark_down_G4,R,1,-1,37,1,5,2,9,6,-1,1,sum,W,15,1,6,2,0,-1,0,0,6,9,5
54,quark_down_G4,R,1,-1,38,2,5,2,9,5,-1,1,product,S,45,4,9,3,0,-1,0,0,6,1,5
54,quark_down_G4,R,1,-1,39,3,5,2,1,5,-1,1,torsion,STAY,9,0,9,3,0,-1,0,0,6,1,5
54,quark_down_G4,R,1,-1,40,4,5,2,1,5,-1,1,sum,W,6,0,6,2,0,-1,0,0,6,1,4
54,quark_down_G4,R,1,-1,41,5,5,2,1,4,-1,1,product,S,4,0,4,1,1,-1,0,0,6,2,4
54,quark_down_G4,R,1,-1,42,6,5,2,2,4,-1,1,torsion,STAY,9,0,9,3,0,-1,0,0,6,2,4
54,quark_down_G4,R,1,-1,43,7,5,2,2,4,-1,1,sum,W,6,0,6,2,0,-1,0,1,6,2,3
54,quark_down_G4,R,1,-1,44,8,5,2,2,3,-1,1,product,S,6,0,6,2,0,-1,0,0,7,3,3
54,quark_down_G4,R,1,-1,45,9,5,2,3,3,-1,1,torsion,STAY,9,0,9,3,0,-1,0,0,6,3,3
54,quark_down_G4,R,1,-1,46,1,6,2,3,3,-1,1,sum,W,6,0,6,2,0,-1,0,0,6,3,2
54,quark_down_G4,R,1,-1,47,2,6,2,3,2,-1,1,product,S,6,0,6,2,0,-1,0,0,6,4,2
54,quark_down_G4,R,1,-1,48,3,6,2,4,2,-1,1,torsion,STAY,9,0,9,3,0,-1,0,0,6,4,2
54,quark_down_G4,R,1,-1,49,4,6,2,4,2,-1,1,sum,W,6,0,6,2,0,-1,0,0,6,4,1
54,quark_down_G4,R,1,-1,50,5,6,2,4,1,-1,1,product,S,4,0,4,1,1,-1,0,0,6,5,1
54,quark_down_G4,R,1,-1,51,6,6,2,5,1,-1,1,torsion,STAY,9,0,9,3,0,-1,0,0,6,5,1
54,quark_down_G4,R,1,-1,52,7,6,2,5,1,-1,1,sum,W,6,0,6,2,0,-1,0,0,6,5,9
54,quark_down_G4,R,1,-1,53,8,6,2,5,9,-1,1,product,S,45,4,9,3,0,-1,0,0,6,6,9
54,quark_down_G4,R,1,-1,54,9,6,2,6,9,-1,1,torsion,STAY,9,0,9,3,0,-1,1,0,6,6,9
54,quark_down_G4,R,1,-1,55,1,7,3,6,9,1,-1,sum,E,15,1,6,2,0,1,0,0,6,6,1
54,quark_down_G4,R,1,-1,56,2,7,3,6,1,1,-1,product,N,6,0,6,2,0,1,0,0,6,5,1
54,quark_down_G4,R,1,-1,57,3,7,3,5,1,1,-1,torsion,STAY,9,0,9,3,0,1,0,0,6,5,1
54,quark_down_G4,R,1,-1,58,4,7,3,5,1,1,-1,sum,E,6,0,6,2,0,1,0,0,6,5,2
54,quark_down_G4,R,1,-1,59,5,7,3,5,2,1,-1,product,N,10,1,1,0,1,1,0,0,6,4,2
54,quark_down_G4,R,1,-1,60,6,7,3,4,2,1,-1,torsion,STAY,9,0,9,3,0,1,0,0,6,4,2
54,quark_down_G4,R,1,-1,61,7,7,3,4,2,1,-1,sum,E,6,0,6,2,0,1,0,0,6,4,3
54,quark_down_G4,R,1,-1,62,8,7,3,4,3,1,-1,product,N,12,1,3,1,0,1,0,0,6,3,3
54,quark_down_G4,R,1,-1,63,9,7,3,3,3,1,-1,torsion,STAY,9,0,9,3,0,1,0,0,6,3,3
54,quark_down_G4,R,1,-1,64,1,8,3,3,3,1,-1,sum,E,6,0,6,2,0,1,0,0,6,3,4
54,quark_down_G4,R,1,-1,65,2,8,3,3,4,1,-1,product,N,12,1,3,1,0,1,0,1,6,2,4
54,quark_down_G4,R,1,-1,66,3,8,3,2,4,1,-1,torsion,STAY,9,0,9,3,0,1,0,0,7,2,4
54,quark_down_G4,R,1,-1,67,4,8,3,2,4,1,-1,sum,E,6,0,6,2,0,1,0,0,6,2,5
54,quark_down_G4,R,1,-1,68,5,8,3,2,5,1,-1,product,N,10,1,1,0,1,1,0,0,6,1,5
54,quark_down_G4,R,1,-1,69,6,8,3,1,5,1,-1,torsion,STAY,9,0,9,3,0,1,0,0,6,1,5
54,quark_down_G4,R,1,-1,70,7,8,3,1,5,1,-1,sum,E,6,0,6,2,0,1,0,0,6,1,6
54,quark_down_G4,R,1,-1,71,8,8,3,1,6,1,-1,product,N,6,0,6,2,0,1,0,0,6,9,6
54,quark_down_G4,R,1,-1,72,9,8,3,9,6,1,-1,torsion,STAY,9,0,9,3,0,1,0,0,6,9,6
54,quark_down_G4,R,1,-1,73,1,9,3,9,6,1,-1,sum,E,15,1,6,2,0,1,0,0,6,9,7
54,quark_down_G4,R,1,-1,74,2,9,3,9,7,1,-1,product,N,63,6,9,3,0,1,0,0,6,8,7
54,quark_down_G4,R,1,-1,75,3,9,3,8,7,1,-1,torsion,STAY,9,0,9,3,0,1,0,0,6,8,7
54,quark_down_G4,R,1,-1,76,4,9,3,8,7,1,-1,sum,E,15,1,6,2,0,1,0,0,6,8,8
54,quark_down_G4,R,1,-1,77,5,9,3,8,8,1,-1,product,N,64,7,1,0,1,1,0,0,6,7,8
54,quark_down_G4,R,1,-1,78,6,9,3,7,8,1,-1,torsion,STAY,9,0,9,3,0,1,0,0,6,7,8
54,quark_down_G4,R,1,-1,79,7,9,3,7,8,1,-1,sum,E,15,1,6,2,0,1,0,0,6,7,9
54,quark_down_G4,R,1,-1,80,8,9,3,7,9,1,-1,product,N,63,6,9,3,0,1,0,0,6,6,9
54,quark_down_G4,R,1,-1,81,9,9,3,6,9,1,-1,torsion,STAY,9,0,9,3,0,1,1,0,6,6,9
54,quark_down_G4,R,1,-1,82,1,10,4,6,9,-1,1,sum,W,15,1,6,2,0,-1,0,0,6,6,8
54,quark_down_G4,R,1,-1,83,2,10,4,6,8,-1,1,product,S,48,5,3,1,0,-1,0,0,6,7,8
54,quark_down_G4,R,1,-1,84,3,10,4,7,8,-1,1,torsion,STAY,9,0,9,3,0,-1,0,0,6,7,8
54,quark_down_G4,R,1,-1,85,4,10,4,7,8,-1,1,sum,W,15,1,6,2,0,-1,0,0,6,7,7
54,quark_down_G4,R,1,-1,86,5,10,4,7,7,-1,1,product,S,49,5,4,1,1,-1,0,0,6,8,7
54,quark_down_G4,R,1,-1,87,6,10,4,8,7,-1,1,torsion,STAY,9,0,9,3,0,-1,0,1,6,8,7
54,quark_down_G4,R,1,-1,88,7,10,4,8,7,-1,1,sum,W,15,1,6,2,0,-1,0,0,7,8,6
54,quark_down_G4,R,1,-1,89,8,10,4,8,6,-1,1,product,S,48,5,3,1,0,-1,0,0,6,9,6
54,quark_down_G4,R,1,-1,90,9,10,4,9,6,-1,1,torsion,STAY,9,0,9,3,0,-1,0,0,6,9,6
54,quark_down_G4,R,1,-1,91,1,11,4,9,6,-1,1,sum,W,15,1,6,2,0,-1,0,0,6,9,5
54,quark_down_G4,R,1,-1,92,2,11,4,9,5,-1,1,product,S,45,4,9,3,0,-1,0,0,6,1,5
54,quark_down_G4,R,1,-1,93,3,11,4,1,5,-1,1,torsion,STAY,9,0,9,3,0,-1,0,0,6,1,5
54,quark_down_G4,R,1,-1,94,4,11,4,1,5,-1,1,sum,W,6,0,6,2,0,-1,0,0,6,1,4
54,quark_down_G4,R,1,-1,95,5,11,4,1,4,-1,1,product,S,4,0,4,1,1,-1,0,0,6,2,4
54,quark_down_G4,R,1,-1,96,6,11,4,2,4,-1,1,torsion,STAY,9,0,9,3,0,-1,0,0,6,2,4
54,quark_down_G4,R,1,-1,97,7,11,4,2,4,-1,1,sum,W,6,0,6,2,0,-1,0,0,6,2,3
54,quark_down_G4,R,1,-1,98,8,11,4,2,3,-1,1,product,S,6,0,6,2,0,-1,0,0,6,3,3
54,quark_down_G4,R,1,-1,99,9,11,4,3,3,-1,1,torsion,STAY,9,0,9,3,0,-1,0,0,6,3,3
54,quark_down_G4,R,1,-1,100,1,12,4,3,3,-1,1,sum,W,6,0,6,2,0,-1,0,0,6,3,2
54,quark_down_G4,R,1,-1,101,2,12,4,3,2,-1,1,product,S,6,0,6,2,0,-1,0,0,6,4,2
54,quark_down_G4,R,1,-1,102,3,12,4,4,2,-1,1,torsion,STAY,9,0,9,3,0,-1,0,0,6,4,2
54,quark_down_G4,R,1,-1,103,4,12,4,4,2,-1,1,sum,W,6,0,6,2,0,-1,0,0,6,4,1
54,quark_down_G4,R,1,-1,104,5,12,4,4,1,-1,1,product,S,4,0,4,1,1,-1,0,0,6,5,1
54,quark_down_G4,R,1,-1,105,6,12,4,5,1,-1,1,torsion,STAY,9,0,9,3,0,-1,0,0,6,5,1
54,quark_down_G4,R,1,-1,106,7,12,4,5,1,-1,1,sum,W,6,0,6,2,0,-1,0,0,6,5,9
54,quark_down_G4,R,1,-1,107,8,12,4,5,9,-1,1,product,S,45,4,9,3,0,-1,0,0,6,6,9
54,quark_down_G4,R,1,-1,108,9,12,4,6,9,-1,1,torsion,STAY,9,0,9,3,0,-1,1,0,6,6,9
55,charged_lepton_G4,,-1,1,1,1,1,1,7,1,-1,1,sum,W,8,0,8,2,2,1,0,0,7,7,9
55,charged_lepton_G4,,-1,1,2,2,1,1,7,9,-1,1,product,S,63,6,9,3,0,1,0,0,6,8,9
55,charged_lepton_G4,,-1,1,3,3,1,1,8,9,-1,1,torsion,STAY,9,0,9,3,0,1,0,0,6,8,9
55,charged_lepton_G4,,-1,1,4,4,1,1,8,9,-1,1,sum,W,17,1,8,2,2,1,0,0,6,8,8
55,charged_lepton_G4,,-1,1,5,5,1,1,8,8,-1,1,product,S,64,7,1,0,1,1,0,0,6,9,8
55,charged_lepton_G4,,-1,1,6,6,1,1,9,8,-1,1,torsion,STAY,9,0,9,3,0,1,0,0,6,9,8
55,charged_lepton_G4,,-1,1,7,7,1,1,9,8,-1,1,sum,W,17,1,8,2,2,1,0,0,6,9,7
55,charged_lepton_G4,,-1,1,8,8,1,1,9,7,-1,1,product,S,63,6,9,3,0,1,0,0,6,1,7
55,charged_lepton_G4,,-1,1,9,9,1,1,1,7,-1,1,torsion,STAY,9,0,9,3,0,1,0,0,6,1,7
55,charged_lepton_G4,,-1,1,10,1,2,1,1,7,-1,1,sum,W,8,0,8,2,2,1,0,0,6,1,6
55,charged_lepton_G4,,-1,1,11,2,2,1,1,6,-1,1,product,S,6,0,6,2,0,1,0,0,6,2,6
55,charged_lepton_G4,,-1,1,12,3,2,1,2,6,-1,1,torsion,STAY,9,0,9,3,0,1,0,0,6,2,6
55,charged_lepton_G4,,-1,1,13,4,2,1,2,6,-1,1,sum,W,8,0,8,2,2,1,0,0,6,2,5
55,charged_lepton_G4,,-1,1,14,5,2,1,2,5,-1,1,product,S,10,1,1,0,1,1,0,0,6,3,5
55,charged_lepton_G4,,-1,1,15,6,2,1,3,5,-1,1,torsion,STAY,9,0,9,3,0,1,0,0,6,3,5
55,charged_lepton_G4,,-1,1,16,7,2,1,3,5,-1,1,sum,W,8,0,8,2,2,1,0,0,6,3,4
55,charged_lepton_G4,,-1,1,17,8,2,1,3,4,-1,1,product,S,12,1,3,1,0,1,0,0,6,4,4
55,charged_lepton_G4,,-1,1,18,9,2,1,4,4,-1,1,torsion,STAY,9,0,9,3,0,1,0,0,6,4,4
55,charged_lepton_G4,,-1,1,19,1,3,1,4,4,-1,1,sum,W,8,0,8,2,2,1,0,0,6,4,3
55,charged_lepton_G4,,-1,1,20,2,3,1,4,3,-1,1,product,S,12,1,3,1,0,1,0,0,6,5,3
55,charged_lepton_G4,,-1,1,21,3,3,1,5,3,-1,1,torsion,STAY,9,0,9,3,0,1,0,1,6,5,3
55,charged_lepton_G4,,-1,1,22,4,3,1,5,3,-1,1,sum,W,8,0,8,2,2,1,0,0,7,5,2
55,charged_lepton_G4,,-1,1,23,5,3,1,5,2,-1,1,product,S,10,1,1,0,1,1,0,0,6,6,2
55,charged_lepton_G4,,-1,1,24,6,3,1,6,2,-1,1,torsion,STAY,9,0,9,3,0,1,0,0,6,6,2
55,charged_lepton_G4,,-1,1,25,7,3,1,6,2,-1,1,sum,W,8,0,8,2,2,1,0,0,6,6,1
55,charged_lepton_G4,,-1,1,26,8,3,1,6,1,-1,1,product,S,6,0,6,2,0,1,0,0,6,7,1
55,charged_lepton_G4,,-1,1,27,9,3,1,7,1,-1,1,torsion,STAY,9,0,9,3,0,1,1,0,6,7,1
55,charged_lepton_G4,,-1,1,28,1,4,2,7,1,1,-1,sum,E,8,0,8,2,2,-1,0,0,6,7,2
55,charged_lepton_G4,,-1,1,29,2,4,2,7,2,1,-1,product,N,14,1,5,1,2,-1,0,0,6,6,2
55,charged_lepton_G4,,-1,1,30,3,4,2,6,2,1,-1,torsion,STAY,9,0,9,3,0,-1,0,0,6,6,2
55,charged_lepton_G4,,-1,1,31,4,4,2,6,2,1,-1,sum,E,8,0,8,2,2,-1,0,0,6,6,3
55,charged_lepton_G4,,-1,1,32,5,4,2,6,3,1,-1,product,N,18,1,9,3,0,-1,0,0,6,5,3
55,charged_lepton_G4,,-1,1,33,6,4,2,5,3,1,-1,torsion,STAY,9,0,9,3,0,-1,0,0,6,5,3
55,charged_lepton_G4,,-1,1,34,7,4,2,5,3,1,-1,sum,E,8,0,8,2,2,-1,0,0,6,5,4
55,charged_lepton_G4,,-1,1,35,8,4,2,5,4,1,-1,product,N,20,2,2,0,2,-1,0,0,6,4,4
55,charged_lepton_G4,,-1,1,36,9,4,2,4,4,1,-1,torsion,STAY,9,0,9,3,0,-1,0,0,6,4,4
55,charged_lepton_G4,,-1,1,37,1,5,2,4,4,1,-1,sum,E,8,0,8,2,2,-1,0,0,6,4,5
55,charged_lepton_G4,,-1,1,38,2,5,2,4,5,1,-1,product,N,20,2,2,0,2,-1,0,0,6,3,5
55,charged_lepton_G4,,-1,1,39,3,5,2,3,5,1,-1,torsion,STAY,9,0,9,3,0,-1,0,0,6,3,5
55,charged_lepton_G4,,-1,1,40,4,5,2,3,5,1,-1,sum,E,8,0,8,2,2,-1,0,0,6,3,6
55,charged_lepton_G4,,-1,1,41,5,5,2,3,6,1,-1,product,N,18,1,9,3,0,-1,0,0,6,2,6
55,charged_lepton_G4,,-1,1,42,6,5,2,2,6,1,-1,torsion,STAY,9,0,9,3,0,-1,0,0,6,2,6
55,charged_lepton_G4,,-1,1,43,7,5,2,2,6,1,-1,sum,E,8,0,8,2,2,-1,0,1,6,2,7
55,charged_lepton_G4,,-1,1,44,8,5,2,2,7,1,-1,product,N,14,1,5,1,2,-1,0,0,7,1,7
55,charged_lepton_G4,,-1,1,45,9,5,2,1,7,1,-1,torsion,STAY,9,0,9,3,0,-1,0,0,6,1,7
55,charged_lepton_G4,,-1,1,46,1,6,2,1,7,1,-1,sum,E,8,0,8,2,2,-1,0,0,6,1,8
55,charged_lepton_G4,,-1,1,47,2,6,2,1,8,1,-1,product,N,8,0,8,2,2,-1,0,0,6,9,8
55,charged_lepton_G4,,-1,1,48,3,6,2,9,8,1,-1,torsion,STAY,9,0,9,3,0,-1,0,0,6,9,8
55,charged_lepton_G4,,-1,1,49,4,6,2,9,8,1,-1,sum,E,17,1,8,2,2,-1,0,0,6,9,9
55,charged_lepton_G4,,-1,1,50,5,6,2,9,9,1,-1,product,N,81,8,9,3,0,-1,0,0,6,8,9
55,charged_lepton_G4,,-1,1,51,6,6,2,8,9,1,-1,torsion,STAY,9,0,9,3,0,-1,0,0,6,8,9
55,charged_lepton_G4,,-1,1,52,7,6,2,8,9,1,-1,sum,E,17,1,8,2,2,-1,0,0,6,8,1
55,charged_lepton_G4,,-1,1,53,8,6,2,8,1,1,-1,product,N,8,0,8,2,2,-1,0,0,6,7,1
55,charged_lepton_G4,,-1,1,54,9,6,2,7,1,1,-1,torsion,STAY,9,0,9,3,0,-1,1,0,6,7,1
55,charged_lepton_G4,,-1,1,55,1,7,3,7,1,-1,1,sum,W,8,0,8,2,2,1,0,0,6,7,9
55,charged_lepton_G4,,-1,1,56,2,7,3,7,9,-1,1,product,S,63,6,9,3,0,1,0,0,6,8,9
55,charged_lepton_G4,,-1,1,57,3,7,3,8,9,-1,1,torsion,STAY,9,0,9,3,0,1,0,0,6,8,9
55,charged_lepton_G4,,-1,1,58,4,7,3,8,9,-1,1,sum,W,17,1,8,2,2,1,0,0,6,8,8
55,charged_lepton_G4,,-1,1,59,5,7,3,8,8,-1,1,product,S,64,7,1,0,1,1,0,0,6,9,8
55,charged_lepton_G4,,-1,1,60,6,7,3,9,8,-1,1,torsion,STAY,9,0,9,3,0,1,0,0,6,9,8
55,charged_lepton_G4,,-1,1,61,7,7,3,9,8,-1,1,sum,W,17,1,8,2,2,1,0,0,6,9,7
55,charged_lepton_G4,,-1,1,62,8,7,3,9,7,-1,1,product,S,63,6,9,3,0,1,0,0,6,1,7
55,charged_lepton_G4,,-1,1,63,9,7,3,1,7,-1,1,torsion,STAY,9,0,9,3,0,1,0,0,6,1,7
55,charged_lepton_G4,,-1,1,64,1,8,3,1,7,-1,1,sum,W,8,0,8,2,2,1,0,0,6,1,6
55,charged_lepton_G4,,-1,1,65,2,8,3,1,6,-1,1,product,S,6,0,6,2,0,1,0,1,6,2,6
55,charged_lepton_G4,,-1,1,66,3,8,3,2,6,-1,1,torsion,STAY,9,0,9,3,0,1,0,0,7,2,6
55,charged_lepton_G4,,-1,1,67,4,8,3,2,6,-1,1,sum,W,8,0,8,2,2,1,0,0,6,2,5
55,charged_lepton_G4,,-1,1,68,5,8,3,2,5,-1,1,product,S,10,1,1,0,1,1,0,0,6,3,5
55,charged_lepton_G4,,-1,1,69,6,8,3,3,5,-1,1,torsion,STAY,9,0,9,3,0,1,0,0,6,3,5
55,charged_lepton_G4,,-1,1,70,7,8,3,3,5,-1,1,sum,W,8,0,8,2,2,1,0,0,6,3,4
55,charged_lepton_G4,,-1,1,71,8,8,3,3,4,-1,1,product,S,12,1,3,1,0,1,0,0,6,4,4
55,charged_lepton_G4,,-1,1,72,9,8,3,4,4,-1,1,torsion,STAY,9,0,9,3,0,1,0,0,6,4,4
55,charged_lepton_G4,,-1,1,73,1,9,3,4,4,-1,1,sum,W,8,0,8,2,2,1,0,0,6,4,3
55,charged_lepton_G4,,-1,1,74,2,9,3,4,3,-1,1,product,S,12,1,3,1,0,1,0,0,6,5,3
55,charged_lepton_G4,,-1,1,75,3,9,3,5,3,-1,1,torsion,STAY,9,0,9,3,0,1,0,0,6,5,3
55,charged_lepton_G4,,-1,1,76,4,9,3,5,3,-1,1,sum,W,8,0,8,2,2,1,0,0,6,5,2
55,charged_lepton_G4,,-1,1,77,5,9,3,5,2,-1,1,product,S,10,1,1,0,1,1,0,0,6,6,2
55,charged_lepton_G4,,-1,1,78,6,9,3,6,2,-1,1,torsion,STAY,9,0,9,3,0,1,0,0,6,6,2
55,charged_lepton_G4,,-1,1,79,7,9,3,6,2,-1,1,sum,W,8,0,8,2,2,1,0,0,6,6,1
55,charged_lepton_G4,,-1,1,80,8,9,3,6,1,-1,1,product,S,6,0,6,2,0,1,0,0,6,7,1
55,charged_lepton_G4,,-1,1,81,9,9,3,7,1,-1,1,torsion,STAY,9,0,9,3,0,1,1,0,6,7,1
55,charged_lepton_G4,,-1,1,82,1,10,4,7,1,1,-1,sum,E,8,0,8,2,2,-1,0,0,6,7,2
55,charged_lepton_G4,,-1,1,83,2,10,4,7,2,1,-1,product,N,14,1,5,1,2,-1,0,0,6,6,2
55,charged_lepton_G4,,-1,1,84,3,10,4,6,2,1,-1,torsion,STAY,9,0,9,3,0,-1,0,0,6,6,2
55,charged_lepton_G4,,-1,1,85,4,10,4,6,2,1,-1,sum,E,8,0,8,2,2,-1,0,0,6,6,3
55,charged_lepton_G4,,-1,1,86,5,10,4,6,3,1,-1,product,N,18,1,9,3,0,-1,0,0,6,5,3
55,charged_lepton_G4,,-1,1,87,6,10,4,5,3,1,-1,torsion,STAY,9,0,9,3,0,-1,0,1,6,5,3
55,charged_lepton_G4,,-1,1,88,7,10,4,5,3,1,-1,sum,E,8,0,8,2,2,-1,0,0,7,5,4
55,charged_lepton_G4,,-1,1,89,8,10,4,5,4,1,-1,product,N,20,2,2,0,2,-1,0,0,6,4,4
55,charged_lepton_G4,,-1,1,90,9,10,4,4,4,1,-1,torsion,STAY,9,0,9,3,0,-1,0,0,6,4,4
55,charged_lepton_G4,,-1,1,91,1,11,4,4,4,1,-1,sum,E,8,0,8,2,2,-1,0,0,6,4,5
55,charged_lepton_G4,,-1,1,92,2,11,4,4,5,1,-1,product,N,20,2,2,0,2,-1,0,0,6,3,5
55,charged_lepton_G4,,-1,1,93,3,11,4,3,5,1,-1,torsion,STAY,9,0,9,3,0,-1,0,0,6,3,5
55,charged_lepton_G4,,-1,1,94,4,11,4,3,5,1,-1,sum,E,8,0,8,2,2,-1,0,0,6,3,6
55,charged_lepton_G4,,-1,1,95,5,11,4,3,6,1,-1,product,N,18,1,9,3,0,-1,0,0,6,2,6
55,charged_lepton_G4,,-1,1,96,6,11,4,2,6,1,-1,torsion,STAY,9,0,9,3,0,-1,0,0,6,2,6
55,charged_lepton_G4,,-1,1,97,7,11,4,2,6,1,-1,sum,E,8,0,8,2,2,-1,0,0,6,2,7
55,charged_lepton_G4,,-1,1,98,8,11,4,2,7,1,-1,product,N,14,1,5,1,2,-1,0,0,6,1,7
55,charged_lepton_G4,,-1,1,99,9,11,4,1,7,1,-1,torsion,STAY,9,0,9,3,0,-1,0,0,6,1,7
55,charged_lepton_G4,,-1,1,100,1,12,4,1,7,1,-1,sum,E,8,0,8,2,2,-1,0,0,6,1,8
55,charged_lepton_G4,,-1,1,101,2,12,4,1,8,1,-1,product,N,8,0,8,2,2,-1,0,0,6,9,8
55,charged_lepton_G4,,-1,1,102,3,12,4,9,8,1,-1,torsion,STAY,9,0,9,3,0,-1,0,0,6,9,8
55,charged_lepton_G4,,-1,1,103,4,12,4,9,8,1,-1,sum,E,17,1,8,2,2,-1,0,0,6,9,9
55,charged_lepton_G4,,-1,1,104,5,12,4,9,9,1,-1,product,N,81,8,9,3,0,-1,0,0,6,8,9
55,charged_lepton_G4,,-1,1,105,6,12,4,8,9,1,-1,torsion,STAY,9,0,9,3,0,-1,0,0,6,8,9
55,charged_lepton_G4,,-1,1,106,7,12,4,8,9,1,-1,sum,E,17,1,8,2,2,-1,0,0,6,8,1
55,charged_lepton_G4,,-1,1,107,8,12,4,8,1,1,-1,product,N,8,0,8,2,2,-1,0,0,6,7,1
55,charged_lepton_G4,,-1,1,108,9,12,4,7,1,1,-1,torsion,STAY,9,0,9,3,0,-1,1,0,6,7,1
56,neutrino_G3,,-1,1,1,1,1,1,7,2,-1,1,sum,W,9,0,9,3,0,1,0,0,7,7,1
56,neutrino_G3,,-1,1,2,2,1,1,7,1,-1,1,product,S,7,0,7,2,1,1,0,0,6,8,1
56,neutrino_G3,,-1,1,3,3,1,1,8,1,-1,1,torsion,STAY,9,0,9,3,0,1,0,0,6,8,1
56,neutrino_G3,,-1,1,4,4,1,1,8,1,-1,1,sum,W,9,0,9,3,0,1,0,0,6,8,9
56,neutrino_G3,,-1,1,5,5,1,1,8,9,-1,1,product,S,72,7,9,3,0,1,0,0,6,9,9
56,neutrino_G3,,-1,1,6,6,1,1,9,9,-1,1,torsion,STAY,9,0,9,3,0,1,0,0,6,9,9
56,neutrino_G3,,-1,1,7,7,1,1,9,9,-1,1,sum,W,18,1,9,3,0,1,0,0,6,9,8
56,neutrino_G3,,-1,1,8,8,1,1,9,8,-1,1,product,S,72,7,9,3,0,1,0,0,6,1,8
56,neutrino_G3,,-1,1,9,9,1,1,1,8,-1,1,torsion,STAY,9,0,9,3,0,1,0,0,6,1,8
56,neutrino_G3,,-1,1,10,1,2,1,1,8,-1,1,sum,W,9,0,9,3,0,1,0,0,6,1,7
56,neutrino_G3,,-1,1,11,2,2,1,1,7,-1,1,product,S,7,0,7,2,1,1,0,0,6,2,7
56,neutrino_G3,,-1,1,12,3,2,1,2,7,-1,1,torsion,STAY,9,0,9,3,0,1,0,0,6,2,7
56,neutrino_G3,,-1,1,13,4,2,1,2,7,-1,1,sum,W,9,0,9,3,0,1,0,0,6,2,6
56,neutrino_G3,,-1,1,14,5,2,1,2,6,-1,1,product,S,12,1,3,1,0,1,0,0,6,3,6
56,neutrino_G3,,-1,1,15,6,2,1,3,6,-1,1,torsion,STAY,9,0,9,3,0,1,0,0,6,3,6
56,neutrino_G3,,-1,1,16,7,2,1,3,6,-1,1,sum,W,9,0,9,3,0,1,0,0,6,3,5
56,neutrino_G3,,-1,1,17,8,2,1,3,5,-1,1,product,S,15,1,6,2,0,1,0,0,6,4,5
56,neutrino_G3,,-1,1,18,9,2,1,4,5,-1,1,torsion,STAY,9,0,9,3,0,1,0,0,6,4,5
56,neutrino_G3,,-1,1,19,1,3,1,4,5,-1,1,sum,W,9,0,9,3,0,1,0,0,6,4,4
56,neutrino_G3,,-1,1,20,2,3,1,4,4,-1,1,product,S,16,1,7,2,1,1,0,0,6,5,4
56,neutrino_G3,,-1,1,21,3,3,1,5,4,-1,1,torsion,STAY,9,0,9,3,0,1,0,1,6,5,4
56,neutrino_G3,,-1,1,22,4,3,1,5,4,-1,1,sum,W,9,0,9,3,0,1,0,0,7,5,3
56,neutrino_G3,,-1,1,23,5,3,1,5,3,-1,1,product,S,15,1,6,2,0,1,0,0,6,6,3
56,neutrino_G3,,-1,1,24,6,3,1,6,3,-1,1,torsion,STAY,9,0,9,3,0,1,0,0,6,6,3
56,neutrino_G3,,-1,1,25,7,3,1,6,3,-1,1,sum,W,9,0,9,3,0,1,0,0,6,6,2
56,neutrino_G3,,-1,1,26,8,3,1,6,2,-1,1,product,S,12,1,3,1,0,1,0,0,6,7,2
56,neutrino_G3,,-1,1,27,9,3,1,7,2,-1,1,torsion,STAY,9,0,9,3,0,1,1,0,6,7,2
56,neutrino_G3,,-1,1,28,1,4,2,7,2,1,-1,sum,E,9,0,9,3,0,-1,0,0,6,7,3
56,neutrino_G3,,-1,1,29,2,4,2,7,3,1,-1,product,N,21,2,3,1,0,-1,0,0,6,6,3
56,neutrino_G3,,-1,1,30,3,4,2,6,3,1,-1,torsion,STAY,9,0,9,3,0,-1,0,0,6,6,3
56,neutrino_G3,,-1,1,31,4,4,2,6,3,1,-1,sum,E,9,0,9,3,0,-1,0,0,6,6,4
56,neutrino_G3,,-1,1,32,5,4,2,6,4,1,-1,product,N,24,2,6,2,0,-1,0,0,6,5,4
56,neutrino_G3,,-1,1,33,6,4,2,5,4,1,-1,torsion,STAY,9,0,9,3,0,-1,0,0,6,5,4
56,neutrino_G3,,-1,1,34,7,4,2,5,4,1,-1,sum,E,9,0,9,3,0,-1,0,0,6,5,5
56,neutrino_G3,,-1,1,35,8,4,2,5,5,1,-1,product,N,25,2,7,2,1,-1,0,0,6,4,5
56,neutrino_G3,,-1,1,36,9,4,2,4,5,1,-1,torsion,STAY,9,0,9,3,0,-1,0,0,6,4,5
56,neutrino_G3,,-1,1,37,1,5,2,4,5,1,-1,sum,E,9,0,9,3,0,-1,0,0,6,4,6
56,neutrino_G3,,-1,1,38,2,5,2,4,6,1,-1,product,N,24,2,6,2,0,-1,0,0,6,3,6
56,neutrino_G3,,-1,1,39,3,5,2,3,6,1,-1,torsion,STAY,9,0,9,3,0,-1,0,0,6,3,6
56,neutrino_G3,,-1,1,40,4,5,2,3,6,1,-1,sum,E,9,0,9,3,0,-1,0,0,6,3,7
56,neutrino_G3,,-1,1,41,5,5,2,3,7,1,-1,product,N,21,2,3,1,0,-1,0,0,6,2,7
56,neutrino_G3,,-1,1,42,6,5,2,2,7,1,-1,torsion,STAY,9,0,9,3,0,-1,0,0,6,2,7
56,neutrino_G3,,-1,1,43,7,5,2,2,7,1,-1,sum,E,9,0,9,3,0,-1,0,1,6,2,8
56,neutrino_G3,,-1,1,44,8,5,2,2,8,1,-1,product,N,16,1,7,2,1,-1,0,0,7,1,8
56,neutrino_G3,,-1,1,45,9,5,2,1,8,1,-1,torsion,STAY,9,0,9,3,0,-1,0,0,6,1,8
56,neutrino_G3,,-1,1,46,1,6,2,1,8,1,-1,sum,E,9,0,9,3,0,-1,0,0,6,1,9
56,neutrino_G3,,-1,1,47,2,6,2,1,9,1,-1,product,N,9,0,9,3,0,-1,0,0,6,9,9
56,neutrino_G3,,-1,1,48,3,6,2,9,9,1,-1,torsion,STAY,9,0,9,3,0,-1,0,0,6,9,9
56,neutrino_G3,,-1,1,49,4,6,2,9,9,1,-1,sum,E,18,1,9,3,0,-1,0,0,6,9,1
56,neutrino_G3,,-1,1,50,5,6,2,9,1,1,-1,product,N,9,0,9,3,0,-1,0,0,6,8,1
56,neutrino_G3,,-1,1,51,6,6,2,8,1,1,-1,torsion,STAY,9,0,9,3,0,-1,0,0,6,8,1
56,neutrino_G3,,-1,1,52,7,6,2,8,1,1,-1,sum,E,9,0,9,3,0,-1,0,0,6,8,2
56,neutrino_G3,,-1,1,53,8,6,2,8,2,1,-1,product,N,16,1,7,2,1,-1,0,0,6,7,2
56,neutrino_G3,,-1,1,54,9,6,2,7,2,1,-1,torsion,STAY,9,0,9,3,0,-1,1,0,6,7,2
56,neutrino_G3,,-1,1,55,1,7,3,7,2,-1,1,sum,W,9,0,9,3,0,1,0,0,6,7,1
56,neutrino_G3,,-1,1,56,2,7,3,7,1,-1,1,product,S,7,0,7,2,1,1,0,0,6,8,1
56,neutrino_G3,,-1,1,57,3,7,3,8,1,-1,1,torsion,STAY,9,0,9,3,0,1,0,0,6,8,1
56,neutrino_G3,,-1,1,58,4,7,3,8,1,-1,1,sum,W,9,0,9,3,0,1,0,0,6,8,9
56,neutrino_G3,,-1,1,59,5,7,3,8,9,-1,1,product,S,72,7,9,3,0,1,0,0,6,9,9
56,neutrino_G3,,-1,1,60,6,7,3,9,9,-1,1,torsion,STAY,9,0,9,3,0,1,0,0,6,9,9
56,neutrino_G3,,-1,1,61,7,7,3,9,9,-1,1,sum,W,18,1,9,3,0,1,0,0,6,9,8
56,neutrino_G3,,-1,1,62,8,7,3,9,8,-1,1,product,S,72,7,9,3,0,1,0,0,6,1,8
56,neutrino_G3,,-1,1,63,9,7,3,1,8,-1,1,torsion,STAY,9,0,9,3,0,1,0,0,6,1,8
56,neutrino_G3,,-1,1,64,1,8,3,1,8,-1,1,sum,W,9,0,9,3,0,1,0,0,6,1,7
56,neutrino_G3,,-1,1,65,2,8,3,1,7,-1,1,product,S,7,0,7,2,1,1,0,1,6,2,7
56,neutrino_G3,,-1,1,66,3,8,3,2,7,-1,1,torsion,STAY,9,0,9,3,0,1,0,0,7,2,7
56,neutrino_G3,,-1,1,67,4,8,3,2,7,-1,1,sum,W,9,0,9,3,0,1,0,0,6,2,6
56,neutrino_G3,,-1,1,68,5,8,3,2,6,-1,1,product,S,12,1,3,1,0,1,0,0,6,3,6
56,neutrino_G3,,-1,1,69,6,8,3,3,6,-1,1,torsion,STAY,9,0,9,3,0,1,0,0,6,3,6
56,neutrino_G3,,-1,1,70,7,8,3,3,6,-1,1,sum,W,9,0,9,3,0,1,0,0,6,3,5
56,neutrino_G3,,-1,1,71,8,8,3,3,5,-1,1,product,S,15,1,6,2,0,1,0,0,6,4,5
56,neutrino_G3,,-1,1,72,9,8,3,4,5,-1,1,torsion,STAY,9,0,9,3,0,1,0,0,6,4,5
56,neutrino_G3,,-1,1,73,1,9,3,4,5,-1,1,sum,W,9,0,9,3,0,1,0,0,6,4,4
56,neutrino_G3,,-1,1,74,2,9,3,4,4,-1,1,product,S,16,1,7,2,1,1,0,0,6,5,4
56,neutrino_G3,,-1,1,75,3,9,3,5,4,-1,1,torsion,STAY,9,0,9,3,0,1,0,0,6,5,4
56,neutrino_G3,,-1,1,76,4,9,3,5,4,-1,1,sum,W,9,0,9,3,0,1,0,0,6,5,3
56,neutrino_G3,,-1,1,77,5,9,3,5,3,-1,1,product,S,15,1,6,2,0,1,0,0,6,6,3
56,neutrino_G3,,-1,1,78,6,9,3,6,3,-1,1,torsion,STAY,9,0,9,3,0,1,0,0,6,6,3
56,neutrino_G3,,-1,1,79,7,9,3,6,3,-1,1,sum,W,9,0,9,3,0,1,0,0,6,6,2
56,neutrino_G3,,-1,1,80,8,9,3,6,2,-1,1,product,S,12,1,3,1,0,1,0,0,6,7,2
56,neutrino_G3,,-1,1,81,9,9,3,7,2,-1,1,torsion,STAY,9,0,9,3,0,1,1,0,6,7,2
56,neutrino_G3,,-1,1,82,1,10,4,7,2,1,-1,sum,E,9,0,9,3,0,-1,0,0,6,7,3
56,neutrino_G3,,-1,1,83,2,10,4,7,3,1,-1,product,N,21,2,3,1,0,-1,0,0,6,6,3
56,neutrino_G3,,-1,1,84,3,10,4,6,3,1,-1,torsion,STAY,9,0,9,3,0,-1,0,0,6,6,3
56,neutrino_G3,,-1,1,85,4,10,4,6,3,1,-1,sum,E,9,0,9,3,0,-1,0,0,6,6,4
56,neutrino_G3,,-1,1,86,5,10,4,6,4,1,-1,product,N,24,2,6,2,0,-1,0,0,6,5,4
56,neutrino_G3,,-1,1,87,6,10,4,5,4,1,-1,torsion,STAY,9,0,9,3,0,-1,0,1,6,5,4
56,neutrino_G3,,-1,1,88,7,10,4,5,4,1,-1,sum,E,9,0,9,3,0,-1,0,0,7,5,5
56,neutrino_G3,,-1,1,89,8,10,4,5,5,1,-1,product,N,25,2,7,2,1,-1,0,0,6,4,5
56,neutrino_G3,,-1,1,90,9,10,4,4,5,1,-1,torsion,STAY,9,0,9,3,0,-1,0,0,6,4,5
56,neutrino_G3,,-1,1,91,1,11,4,4,5,1,-1,sum,E,9,0,9,3,0,-1,0,0,6,4,6
56,neutrino_G3,,-1,1,92,2,11,4,4,6,1,-1,product,N,24,2,6,2,0,-1,0,0,6,3,6
56,neutrino_G3,,-1,1,93,3,11,4,3,6,1,-1,torsion,STAY,9,0,9,3,0,-1,0,0,6,3,6
56,neutrino_G3,,-1,1,94,4,11,4,3,6,1,-1,sum,E,9,0,9,3,0,-1,0,0,6,3,7
56,neutrino_G3,,-1,1,95,5,11,4,3,7,1,-1,product,N,21,2,3,1,0,-1,0,0,6,2,7
56,neutrino_G3,,-1,1,96,6,11,4,2,7,1,-1,torsion,STAY,9,0,9,3,0,-1,0,0,6,2,7
56,neutrino_G3,,-1,1,97,7,11,4,2,7,1,-1,sum,E,9,0,9,3,0,-1,0,0,6,2,8
56,neutrino_G3,,-1,1,98,8,11,4,2,8,1,-1,product,N,16,1,7,2,1,-1,0,0,6,1,8
56,neutrino_G3,,-1,1,99,9,11,4,1,8,1,-1,torsion,STAY,9,0,9,3,0,-1,0,0,6,1,8
56,neutrino_G3,,-1,1,100,1,12,4,1,8,1,-1,sum,E,9,0,9,3,0,-1,0,0,6,1,9
56,neutrino_G3,,-1,1,101,2,12,4,1,9,1,-1,product,N,9,0,9,3,0,-1,0,0,6,9,9
56,neutrino_G3,,-1,1,102,3,12,4,9,9,1,-1,torsion,STAY,9,0,9,3,0,-1,0,0,6,9,9
56,neutrino_G3,,-1,1,103,4,12,4,9,9,1,-1,sum,E,18,1,9,3,0,-1,0,0,6,9,1
56,neutrino_G3,,-1,1,104,5,12,4,9,1,1,-1,product,N,9,0,9,3,0,-1,0,0,6,8,1
56,neutrino_G3,,-1,1,105,6,12,4,8,1,1,-1,torsion,STAY,9,0,9,3,0,-1,0,0,6,8,1
56,neutrino_G3,,-1,1,106,7,12,4,8,1,1,-1,sum,E,9,0,9,3,0,-1,0,0,6,8,2
56,neutrino_G3,,-1,1,107,8,12,4,8,2,1,-1,product,N,16,1,7,2,1,-1,0,0,6,7,2
56,neutrino_G3,,-1,1,108,9,12,4,7,2,1,-1,torsion,STAY,9,0,9,3,0,-1,1,0,6,7,2
57,charged_lepton_G2,,1,1,1,1,1,1,7,3,1,1,sum,E,10,1,1,0,1,1,0,0,7,7,4
57,charged_lepton_G2,,1,1,2,2,1,1,7,4,1,1,product,S,28,3,1,0,1,1,0,0,6,8,4
57,charged_lepton_G2,,1,1,3,3,1,1,8,4,1,1,torsion,STAY,9,0,9,3,0,1,0,0,6,8,4
57,charged_lepton_G2,,1,1,4,4,1,1,8,4,1,1,sum,E,12,1,3,1,0,1,0,0,6,8,5
57,charged_lepton_G2,,1,1,5,5,1,1,8,5,1,1,product,S,40,4,4,1,1,1,0,0,6,9,5
57,charged_lepton_G2,,1,1,6,6,1,1,9,5,1,1,torsion,STAY,9,0,9,3,0,1,0,0,6,9,5
57,charged_lepton_G2,,1,1,7,7,1,1,9,5,1,1,sum,E,14,1,5,1,2,1,0,0,6,9,6
57,charged_lepton_G2,,1,1,8,8,1,1,9,6,1,1,product,S,54,5,9,3,0,1,0,0,6,1,6
57,charged_lepton_G2,,1,1,9,9,1,1,1,6,1,1,torsion,STAY,9,0,9,3,0,1,0,0,6,1,6
57,charged_lepton_G2,,1,1,10,1,2,1,1,6,1,1,sum,E,7,0,7,2,1,1,0,0,6,1,7
57,charged_lepton_G2,,1,1,11,2,2,1,1,7,1,1,product,S,7,0,7,2,1,1,0,0,6,2,7
57,charged_lepton_G2,,1,1,12,3,2,1,2,7,1,1,torsion,STAY,9,0,9,3,0,1,0,0,6,2,7
57,charged_lepton_G2,,1,1,13,4,2,1,2,7,1,1,sum,E,9,0,9,3,0,1,0,0,6,2,8
57,charged_lepton_G2,,1,1,14,5,2,1,2,8,1,1,product,S,16,1,7,2,1,1,0,0,6,3,8
57,charged_lepton_G2,,1,1,15,6,2,1,3,8,1,1,torsion,STAY,9,0,9,3,0,1,0,0,6,3,8
57,charged_lepton_G2,,1,1,16,7,2,1,3,8,1,1,sum,E,11,1,2,0,2,1,0,0,6,3,9
57,charged_lepton_G2,,1,1,17,8,2,1,3,9,1,1,product,S,27,2,9,3,0,1,0,0,6,4,9
57,charged_lepton_G2,,1,1,18,9,2,1,4,9,1,1,torsion,STAY,9,0,9,3,0,1,0,0,6,4,9
57,charged_lepton_G2,,1,1,19,1,3,1,4,9,1,1,sum,E,13,1,4,1,1,1,0,0,6,4,1
57,charged_lepton_G2,,1,1,20,2,3,1,4,1,1,1,product,S,4,0,4,1,1,1,0,0,6,5,1
57,charged_lepton_G2,,1,1,21,3,3,1,5,1,1,1,torsion,STAY,9,0,9,3,0,1,0,1,6,5,1
57,charged_lepton_G2,,1,1,22,4,3,1,5,1,1,1,sum,E,6,0,6,2,0,1,0,0,7,5,2
57,charged_lepton_G2,,1,1,23,5,3,1,5,2,1,1,product,S,10,1,1,0,1,1,0,0,6,6,2
57,charged_lepton_G2,,1,1,24,6,3,1,6,2,1,1,torsion,STAY,9,0,9,3,0,1,0,0,6,6,2
57,charged_lepton_G2,,1,1,25,7,3,1,6,2,1,1,sum,E,8,0,8,2,2,1,0,0,6,6,3
57,charged_lepton_G2,,1,1,26,8,3,1,6,3,1,1,product,S,18,1,9,3,0,1,0,0,6,7,3
57,charged_lepton_G2,,1,1,27,9,3,1,7,3,1,1,torsion,STAY,9,0,9,3,0,1,1,0,6,7,3
57,charged_lepton_G2,,1,1,28,1,4,2,7,3,-1,-1,sum,W,10,1,1,0,1,-1,0,0,6,7,2
57,charged_lepton_G2,,1,1,29,2,4,2,7,2,-1,-1,product,N,14,1,5,1,2,-1,0,0,6,6,2
57,charged_lepton_G2,,1,1,30,3,4,2,6,2,-1,-1,torsion,STAY,9,0,9,3,0,-1,0,0,6,6,2
57,charged_lepton_G2,,1,1,31,4,4,2,6,2,-1,-1,sum,W,8,0,8,2,2,-1,0,0,6,6,1
57,charged_lepton_G2,,1,1,32,5,4,2,6,1,-1,-1,product,N,6,0,6,2,0,-1,0,0,6,5,1
57,charged_lepton_G2,,1,1,33,6,4,2,5,1,-1,-1,torsion,STAY,9,0,9,3,0,-1,0,0,6,5,1
57,charged_lepton_G2,,1,1,34,7,4,2,5,1,-1,-1,sum,W,6,0,6,2,0,-1,0,0,6,5,9
57,charged_lepton_G2,,1,1,35,8,4,2,5,9,-1,-1,product,N,45,4,9,3,0,-1,0,0,6,4,9
57,charged_lepton_G2,,1,1,36,9,4,2,4,9,-1,-1,torsion,STAY,9,0,9,3,0,-1,0,0,6,4,9
57,charged_lepton_G2,,1,1,37,1,5,2,4,9,-1,-1,sum,W,13,1,4,1,1,-1,0,0,6,4,8
57,charged_lepton_G2,,1,1,38,2,5,2,4,8,-1,-1,product,N,32,3,5,1,2,-1,0,0,6,3,8
57,charged_lepton_G2,,1,1,39,3,5,2,3,8,-1,-1,torsion,STAY,9,0,9,3,0,-1,0,0,6,3,8
57,charged_lepton_G2,,1,1,40,4,5,2,3,8,-1,-1,sum,W,11,1,2,0,2,-1,0,0,6,3,7
57,charged_lepton_G2,,1,1,41,5,5,2,3,7,-1,-1,product,N,21,2,3,1,0,-1,0,0,6,2,7
57,charged_lepton_G2,,1,1,42,6,5,2,2,7,-1,-1,torsion,STAY,9,0,9,3,0,-1,0,0,6,2,7
57,charged_lepton_G2,,1,1,43,7,5,2,2,7,-1,-1,sum,W,9,0,9,3,0,-1,0,1,6,2,6
57,charged_lepton_G2,,1,1,44,8,5,2,2,6,-1,-1,product,N,12,1,3,1,0,-1,0,0,7,1,6
57,charged_lepton_G2,,1,1,45,9,5,2,1,6,-1,-1,torsion,STAY,9,0,9,3,0,-1,0,0,6,1,6
57,charged_lepton_G2,,1,1,46,1,6,2,1,6,-1,-1,sum,W,7,0,7,2,1,-1,0,0,6,1,5
57,charged_lepton_G2,,1,1,47,2,6,2,1,5,-1,-1,product,N,5,0,5,1,2,-1,0,0,6,9,5
57,charged_lepton_G2,,1,1,48,3,6,2,9,5,-1,-1,torsion,STAY,9,0,9,3,0,-1,0,0,6,9,5
57,charged_lepton_G2,,1,1,49,4,6,2,9,5,-1,-1,sum,W,14,1,5,1,2,-1,0,0,6,9,4
57,charged_lepton_G2,,1,1,50,5,6,2,9,4,-1,-1,product,N,36,3,9,3,0,-1,0,0,6,8,4
57,charged_lepton_G2,,1,1,51,6,6,2,8,4,-1,-1,torsion,STAY,9,0,9,3,0,-1,0,0,6,8,4
57,charged_lepton_G2,,1,1,52,7,6,2,8,4,-1,-1,sum,W,12,1,3,1,0,-1,0,0,6,8,3
57,charged_lepton_G2,,1,1,53,8,6,2,8,3,-1,-1,product,N,24,2,6,2,0,-1,0,0,6,7,3
57,charged_lepton_G2,,1,1,54,9,6,2,7,3,-1,-1,torsion,STAY,9,0,9,3,0,-1,1,0,6,7,3
57,charged_lepton_G2,,1,1,55,1,7,3,7,3,1,1,sum,E,10,1,1,0,1,1,0,0,6,7,4
57,charged_lepton_G2,,1,1,56,2,7,3,7,4,1,1,product,S,28,3,1,0,1,1,0,0,6,8,4
57,charged_lepton_G2,,1,1,57,3,7,3,8,4,1,1,torsion,STAY,9,0,9,3,0,1,0,0,6,8,4
57,charged_lepton_G2,,1,1,58,4,7,3,8,4,1,1,sum,E,12,1,3,1,0,1,0,0,6,8,5
57,charged_lepton_G2,,1,1,59,5,7,3,8,5,1,1,product,S,40,4,4,1,1,1,0,0,6,9,5
57,charged_lepton_G2,,1,1,60,6,7,3,9,5,1,1,torsion,STAY,9,0,9,3,0,1,0,0,6,9,5
57,charged_lepton_G2,,1,1,61,7,7,3,9,5,1,1,sum,E,14,1,5,1,2,1,0,0,6,9,6
57,charged_lepton_G2,,1,1,62,8,7,3,9,6,1,1,product,S,54,5,9,3,0,1,0,0,6,1,6
57,charged_lepton_G2,,1,1,63,9,7,3,1,6,1,1,torsion,STAY,9,0,9,3,0,1,0,0,6,1,6
57,charged_lepton_G2,,1,1,64,1,8,3,1,6,1,1,sum,E,7,0,7,2,1,1,0,0,6,1,7
57,charged_lepton_G2,,1,1,65,2,8,3,1,7,1,1,product,S,7,0,7,2,1,1,0,1,6,2,7
57,charged_lepton_G2,,1,1,66,3,8,3,2,7,1,1,torsion,STAY,9,0,9,3,0,1,0,0,7,2,7
57,charged_lepton_G2,,1,1,67,4,8,3,2,7,1,1,sum,E,9,0,9,3,0,1,0,0,6,2,8
57,charged_lepton_G2,,1,1,68,5,8,3,2,8,1,1,product,S,16,1,7,2,1,1,0,0,6,3,8
57,charged_lepton_G2,,1,1,69,6,8,3,3,8,1,1,torsion,STAY,9,0,9,3,0,1,0,0,6,3,8
57,charged_lepton_G2,,1,1,70,7,8,3,3,8,1,1,sum,E,11,1,2,0,2,1,0,0,6,3,9
57,charged_lepton_G2,,1,1,71,8,8,3,3,9,1,1,product,S,27,2,9,3,0,1,0,0,6,4,9
57,charged_lepton_G2,,1,1,72,9,8,3,4,9,1,1,torsion,STAY,9,0,9,3,0,1,0,0,6,4,9
57,charged_lepton_G2,,1,1,73,1,9,3,4,9,1,1,sum,E,13,1,4,1,1,1,0,0,6,4,1
57,charged_lepton_G2,,1,1,74,2,9,3,4,1,1,1,product,S,4,0,4,1,1,1,0,0,6,5,1
57,charged_lepton_G2,,1,1,75,3,9,3,5,1,1,1,torsion,STAY,9,0,9,3,0,1,0,0,6,5,1
57,charged_lepton_G2,,1,1,76,4,9,3,5,1,1,1,sum,E,6,0,6,2,0,1,0,0,6,5,2
57,charged_lepton_G2,,1,1,77,5,9,3,5,2,1,1,product,S,10,1,1,0,1,1,0,0,6,6,2
57,charged_lepton_G2,,1,1,78,6,9,3,6,2,1,1,torsion,STAY,9,0,9,3,0,1,0,0,6,6,2
57,charged_lepton_G2,,1,1,79,7,9,3,6,2,1,1,sum,E,8,0,8,2,2,1,0,0,6,6,3
57,charged_lepton_G2,,1,1,80,8,9,3,6,3,1,1,product,S,18,1,9,3,0,1,0,0,6,7,3
57,charged_lepton_G2,,1,1,81,9,9,3,7,3,1,1,torsion,STAY,9,0,9,3,0,1,1,0,6,7,3
57,charged_lepton_G2,,1,1,82,1,10,4,7,3,-1,-1,sum,W,10,1,1,0,1,-1,0,0,6,7,2
57,charged_lepton_G2,,1,1,83,2,10,4,7,2,-1,-1,product,N,14,1,5,1,2,-1,0,0,6,6,2
57,charged_lepton_G2,,1,1,84,3,10,4,6,2,-1,-1,torsion,STAY,9,0,9,3,0,-1,0,0,6,6,2
57,charged_lepton_G2,,1,1,85,4,10,4,6,2,-1,-1,sum,W,8,0,8,2,2,-1,0,0,6,6,1
57,charged_lepton_G2,,1,1,86,5,10,4,6,1,-1,-1,product,N,6,0,6,2,0,-1,0,0,6,5,1
57,charged_lepton_G2,,1,1,87,6,10,4,5,1,-1,-1,torsion,STAY,9,0,9,3,0,-1,0,1,6,5,1
57,charged_lepton_G2,,1,1,88,7,10,4,5,1,-1,-1,sum,W,6,0,6,2,0,-1,0,0,7,5,9
57,charged_lepton_G2,,1,1,89,8,10,4,5,9,-1,-1,product,N,45,4,9,3,0,-1,0,0,6,4,9
57,charged_lepton_G2,,1,1,90,9,10,4,4,9,-1,-1,torsion,STAY,9,0,9,3,0,-1,0,0,6,4,9
57,charged_lepton_G2,,1,1,91,1,11,4,4,9,-1,-1,sum,W,13,1,4,1,1,-1,0,0,6,4,8
57,charged_lepton_G2,,1,1,92,2,11,4,4,8,-1,-1,product,N,32,3,5,1,2,-1,0,0,6,3,8
57,charged_lepton_G2,,1,1,93,3,11,4,3,8,-1,-1,torsion,STAY,9,0,9,3,0,-1,0,0,6,3,8
57,charged_lepton_G2,,1,1,94,4,11,4,3,8,-1,-1,sum,W,11,1,2,0,2,-1,0,0,6,3,7
57,charged_lepton_G2,,1,1,95,5,11,4,3,7,-1,-1,product,N,21,2,3,1,0,-1,0,0,6,2,7
57,charged_lepton_G2,,1,1,96,6,11,4,2,7,-1,-1,torsion,STAY,9,0,9,3,0,-1,0,0,6,2,7
57,charged_lepton_G2,,1,1,97,7,11,4,2,7,-1,-1,sum,W,9,0,9,3,0,-1,0,0,6,2,6
57,charged_lepton_G2,,1,1,98,8,11,4,2,6,-1,-1,product,N,12,1,3,1,0,-1,0,0,6,1,6
57,charged_lepton_G2,,1,1,99,9,11,4,1,6,-1,-1,torsion,STAY,9,0,9,3,0,-1,0,0,6,1,6
57,charged_lepton_G2,,1,1,100,1,12,4,1,6,-1,-1,sum,W,7,0,7,2,1,-1,0,0,6,1,5
57,charged_lepton_G2,,1,1,101,2,12,4,1,5,-1,-1,product,N,5,0,5,1,2,-1,0,0,6,9,5
57,charged_lepton_G2,,1,1,102,3,12,4,9,5,-1,-1,torsion,STAY,9,0,9,3,0,-1,0,0,6,9,5
57,charged_lepton_G2,,1,1,103,4,12,4,9,5,-1,-1,sum,W,14,1,5,1,2,-1,0,0,6,9,4
57,charged_lepton_G2,,1,1,104,5,12,4,9,4,-1,-1,product,N,36,3,9,3,0,-1,0,0,6,8,4
57,charged_lepton_G2,,1,1,105,6,12,4,8,4,-1,-1,torsion,STAY,9,0,9,3,0,-1,0,0,6,8,4
57,charged_lepton_G2,,1,1,106,7,12,4,8,4,-1,-1,sum,W,12,1,3,1,0,-1,0,0,6,8,3
57,charged_lepton_G2,,1,1,107,8,12,4,8,3,-1,-1,product,N,24,2,6,2,0,-1,0,0,6,7,3
57,charged_lepton_G2,,1,1,108,9,12,4,7,3,-1,-1,torsion,STAY,9,0,9,3,0,-1,1,0,6,7,3
58,neutrino_G2,,-1,1,1,1,1,1,7,4,-1,1,sum,W,11,1,2,0,2,1,0,0,7,7,3
58,neutrino_G2,,-1,1,2,2,1,1,7,3,-1,1,product,S,21,2,3,1,0,1,0,0,6,8,3
58,neutrino_G2,,-1,1,3,3,1,1,8,3,-1,1,torsion,STAY,9,0,9,3,0,1,0,0,6,8,3
58,neutrino_G2,,-1,1,4,4,1,1,8,3,-1,1,sum,W,11,1,2,0,2,1,0,0,6,8,2
58,neutrino_G2,,-1,1,5,5,1,1,8,2,-1,1,product,S,16,1,7,2,1,1,0,0,6,9,2
58,neutrino_G2,,-1,1,6,6,1,1,9,2,-1,1,torsion,STAY,9,0,9,3,0,1,0,0,6,9,2
58,neutrino_G2,,-1,1,7,7,1,1,9,2,-1,1,sum,W,11,1,2,0,2,1,0,0,6,9,1
58,neutrino_G2,,-1,1,8,8,1,1,9,1,-1,1,product,S,9,0,9,3,0,1,0,0,6,1,1
58,neutrino_G2,,-1,1,9,9,1,1,1,1,-1,1,torsion,STAY,9,0,9,3,0,1,0,0,6,1,1
58,neutrino_G2,,-1,1,10,1,2,1,1,1,-1,1,sum,W,2,0,2,0,2,1,0,0,6,1,9
58,neutrino_G2,,-1,1,11,2,2,1,1,9,-1,1,product,S,9,0,9,3,0,1,0,0,6,2,9
58,neutrino_G2,,-1,1,12,3,2,1,2,9,-1,1,torsion,STAY,9,0,9,3,0,1,0,0,6,2,9
58,neutrino_G2,,-1,1,13,4,2,1,2,9,-1,1,sum,W,11,1,2,0,2,1,0,0,6,2,8
58,neutrino_G2,,-1,1,14,5,2,1,2,8,-1,1,product,S,16,1,7,2,1,1,0,0,6,3,8
58,neutrino_G2,,-1,1,15,6,2,1,3,8,-1,1,torsion,STAY,9,0,9,3,0,1,0,0,6,3,8
58,neutrino_G2,,-1,1,16,7,2,1,3,8,-1,1,sum,W,11,1,2,0,2,1,0,0,6,3,7
58,neutrino_G2,,-1,1,17,8,2,1,3,7,-1,1,product,S,21,2,3,1,0,1,0,0,6,4,7
58,neutrino_G2,,-1,1,18,9,2,1,4,7,-1,1,torsion,STAY,9,0,9,3,0,1,0,0,6,4,7
58,neutrino_G2,,-1,1,19,1,3,1,4,7,-1,1,sum,W,11,1,2,0,2,1,0,0,6,4,6
58,neutrino_G2,,-1,1,20,2,3,1,4,6,-1,1,product,S,24,2,6,2,0,1,0,0,6,5,6
58,neutrino_G2,,-1,1,21,3,3,1,5,6,-1,1,torsion,STAY,9,0,9,3,0,1,0,1,6,5,6
58,neutrino_G2,,-1,1,22,4,3,1,5,6,-1,1,sum,W,11,1,2,0,2,1,0,0,7,5,5
58,neutrino_G2,,-1,1,23,5,3,1,5,5,-1,1,product,S,25,2,7,2,1,1,0,0,6,6,5
58,neutrino_G2,,-1,1,24,6,3,1,6,5,-1,1,torsion,STAY,9,0,9,3,0,1,0,0,6,6,5
58,neutrino_G2,,-1,1,25,7,3,1,6,5,-1,1,sum,W,11,1,2,0,2,1,0,0,6,6,4
58,neutrino_G2,,-1,1,26,8,3,1,6,4,-1,1,product,S,24,2,6,2,0,1,0,0,6,7,4
58,neutrino_G2,,-1,1,27,9,3,1,7,4,-1,1,torsion,STAY,9,0,9,3,0,1,1,0,6,7,4
58,neutrino_G2,,-1,1,28,1,4,2,7,4,1,-1,sum,E,11,1,2,0,2,-1,0,0,6,7,5
58,neutrino_G2,,-1,1,29,2,4,2,7,5,1,-1,product,N,35,3,8,2,2,-1,0,0,6,6,5
58,neutrino_G2,,-1,1,30,3,4,2,6,5,1,-1,torsion,STAY,9,0,9,3,0,-1,0,0,6,6,5
58,neutrino_G2,,-1,1,31,4,4,2,6,5,1,-1,sum,E,11,1,2,0,2,-1,0,0,6,6,6
58,neutrino_G2,,-1,1,32,5,4,2,6,6,1,-1,product,N,36,3,9,3,0,-1,0,0,6,5,6
58,neutrino_G2,,-1,1,33,6,4,2,5,6,1,-1,torsion,STAY,9,0,9,3,0,-1,0,0,6,5,6
58,neutrino_G2,,-1,1,34,7,4,2,5,6,1,-1,sum,E,11,1,2,0,2,-1,0,0,6,5,7
58,neutrino_G2,,-1,1,35,8,4,2,5,7,1,-1,product,N,35,3,8,2,2,-1,0,0,6,4,7
58,neutrino_G2,,-1,1,36,9,4,2,4,7,1,-1,torsion,STAY,9,0,9,3,0,-1,0,0,6,4,7
58,neutrino_G2,,-1,1,37,1,5,2,4,7,1,-1,sum,E,11,1,2,0,2,-1,0,0,6,4,8
58,neutrino_G2,,-1,1,38,2,5,2,4,8,1,-1,product,N,32,3,5,1,2,-1,0,0,6,3,8
58,neutrino_G2,,-1,1,39,3,5,2,3,8,1,-1,torsion,STAY,9,0,9,3,0,-1,0,0,6,3,8
58,neutrino_G2,,-1,1,40,4,5,2,3,8,1,-1,sum,E,11,1,2,0,2,-1,0,0,6,3,9
58,neutrino_G2,,-1,1,41,5,5,2,3,9,1,-1,product,N,27,2,9,3,0,-1,0,0,6,2,9
58,neutrino_G2,,-1,1,42,6,5,2,2,9,1,-1,torsion,STAY,9,0,9,3,0,-1,0,0,6,2,9
58,neutrino_G2,,-1,1,43,7,5,2,2,9,1,-1,sum,E,11,1,2,0,2,-1,0,1,6,2,1
58,neutrino_G2,,-1,1,44,8,5,2,2,1,1,-1,product,N,2,0,2,0,2,-1,0,0,7,1,1
58,neutrino_G2,,-1,1,45,9,5,2,1,1,1,-1,torsion,STAY,9,0,9,3,0,-1,0,0,6,1,1
58,neutrino_G2,,-1,1,46,1,6,2,1,1,1,-1,sum,E,2,0,2,0,2,-1,0,0,6,1,2
58,neutrino_G2,,-1,1,47,2,6,2,1,2,1,-1,product,N,2,0,2,0,2,-1,0,0,6,9,2
58,neutrino_G2,,-1,1,48,3,6,2,9,2,1,-1,torsion,STAY,9,0,9,3,0,-1,0,0,6,9,2
58,neutrino_G2,,-1,1,49,4,6,2,9,2,1,-1,sum,E,11,1,2,0,2,-1,0,0,6,9,3
58,neutrino_G2,,-1,1,50,5,6,2,9,3,1,-1,product,N,27,2,9,3,0,-1,0,0,6,8,3
58,neutrino_G2,,-1,1,51,6,6,2,8,3,1,-1,torsion,STAY,9,0,9,3,0,-1,0,0,6,8,3
58,neutrino_G2,,-1,1,52,7,6,2,8,3,1,-1,sum,E,11,1,2,0,2,-1,0,0,6,8,4
58,neutrino_G2,,-1,1,53,8,6,2,8,4,1,-1,product,N,32,3,5,1,2,-1,0,0,6,7,4
58,neutrino_G2,,-1,1,54,9,6,2,7,4,1,-1,torsion,STAY,9,0,9,3,0,-1,1,0,6,7,4
58,neutrino_G2,,-1,1,55,1,7,3,7,4,-1,1,sum,W,11,1,2,0,2,1,0,0,6,7,3
58,neutrino_G2,,-1,1,56,2,7,3,7,3,-1,1,product,S,21,2,3,1,0,1,0,0,6,8,3
58,neutrino_G2,,-1,1,57,3,7,3,8,3,-1,1,torsion,STAY,9,0,9,3,0,1,0,0,6,8,3
58,neutrino_G2,,-1,1,58,4,7,3,8,3,-1,1,sum,W,11,1,2,0,2,1,0,0,6,8,2
58,neutrino_G2,,-1,1,59,5,7,3,8,2,-1,1,product,S,16,1,7,2,1,1,0,0,6,9,2
58,neutrino_G2,,-1,1,60,6,7,3,9,2,-1,1,torsion,STAY,9,0,9,3,0,1,0,0,6,9,2
58,neutrino_G2,,-1,1,61,7,7,3,9,2,-1,1,sum,W,11,1,2,0,2,1,0,0,6,9,1
58,neutrino_G2,,-1,1,62,8,7,3,9,1,-1,1,product,S,9,0,9,3,0,1,0,0,6,1,1
58,neutrino_G2,,-1,1,63,9,7,3,1,1,-1,1,torsion,STAY,9,0,9,3,0,1,0,0,6,1,1
58,neutrino_G2,,-1,1,64,1,8,3,1,1,-1,1,sum,W,2,0,2,0,2,1,0,0,6,1,9
58,neutrino_G2,,-1,1,65,2,8,3,1,9,-1,1,product,S,9,0,9,3,0,1,0,1,6,2,9
58,neutrino_G2,,-1,1,66,3,8,3,2,9,-1,1,torsion,STAY,9,0,9,3,0,1,0,0,7,2,9
58,neutrino_G2,,-1,1,67,4,8,3,2,9,-1,1,sum,W,11,1,2,0,2,1,0,0,6,2,8
58,neutrino_G2,,-1,1,68,5,8,3,2,8,-1,1,product,S,16,1,7,2,1,1,0,0,6,3,8
58,neutrino_G2,,-1,1,69,6,8,3,3,8,-1,1,torsion,STAY,9,0,9,3,0,1,0,0,6,3,8
58,neutrino_G2,,-1,1,70,7,8,3,3,8,-1,1,sum,W,11,1,2,0,2,1,0,0,6,3,7
58,neutrino_G2,,-1,1,71,8,8,3,3,7,-1,1,product,S,21,2,3,1,0,1,0,0,6,4,7
58,neutrino_G2,,-1,1,72,9,8,3,4,7,-1,1,torsion,STAY,9,0,9,3,0,1,0,0,6,4,7
58,neutrino_G2,,-1,1,73,1,9,3,4,7,-1,1,sum,W,11,1,2,0,2,1,0,0,6,4,6
58,neutrino_G2,,-1,1,74,2,9,3,4,6,-1,1,product,S,24,2,6,2,0,1,0,0,6,5,6
58,neutrino_G2,,-1,1,75,3,9,3,5,6,-1,1,torsion,STAY,9,0,9,3,0,1,0,0,6,5,6
58,neutrino_G2,,-1,1,76,4,9,3,5,6,-1,1,sum,W,11,1,2,0,2,1,0,0,6,5,5
58,neutrino_G2,,-1,1,77,5,9,3,5,5,-1,1,product,S,25,2,7,2,1,1,0,0,6,6,5
58,neutrino_G2,,-1,1,78,6,9,3,6,5,-1,1,torsion,STAY,9,0,9,3,0,1,0,0,6,6,5
58,neutrino_G2,,-1,1,79,7,9,3,6,5,-1,1,sum,W,11,1,2,0,2,1,0,0,6,6,4
58,neutrino_G2,,-1,1,80,8,9,3,6,4,-1,1,product,S,24,2,6,2,0,1,0,0,6,7,4
58,neutrino_G2,,-1,1,81,9,9,3,7,4,-1,1,torsion,STAY,9,0,9,3,0,1,1,0,6,7,4
58,neutrino_G2,,-1,1,82,1,10,4,7,4,1,-1,sum,E,11,1,2,0,2,-1,0,0,6,7,5
58,neutrino_G2,,-1,1,83,2,10,4,7,5,1,-1,product,N,35,3,8,2,2,-1,0,0,6,6,5
58,neutrino_G2,,-1,1,84,3,10,4,6,5,1,-1,torsion,STAY,9,0,9,3,0,-1,0,0,6,6,5
58,neutrino_G2,,-1,1,85,4,10,4,6,5,1,-1,sum,E,11,1,2,0,2,-1,0,0,6,6,6
58,neutrino_G2,,-1,1,86,5,10,4,6,6,1,-1,product,N,36,3,9,3,0,-1,0,0,6,5,6
58,neutrino_G2,,-1,1,87,6,10,4,5,6,1,-1,torsion,STAY,9,0,9,3,0,-1,0,1,6,5,6
58,neutrino_G2,,-1,1,88,7,10,4,5,6,1,-1,sum,E,11,1,2,0,2,-1,0,0,7,5,7
58,neutrino_G2,,-1,1,89,8,10,4,5,7,1,-1,product,N,35,3,8,2,2,-1,0,0,6,4,7
58,neutrino_G2,,-1,1,90,9,10,4,4,7,1,-1,torsion,STAY,9,0,9,3,0,-1,0,0,6,4,7
58,neutrino_G2,,-1,1,91,1,11,4,4,7,1,-1,sum,E,11,1,2,0,2,-1,0,0,6,4,8
58,neutrino_G2,,-1,1,92,2,11,4,4,8,1,-1,product,N,32,3,5,1,2,-1,0,0,6,3,8
58,neutrino_G2,,-1,1,93,3,11,4,3,8,1,-1,torsion,STAY,9,0,9,3,0,-1,0,0,6,3,8
58,neutrino_G2,,-1,1,94,4,11,4,3,8,1,-1,sum,E,11,1,2,0,2,-1,0,0,6,3,9
58,neutrino_G2,,-1,1,95,5,11,4,3,9,1,-1,product,N,27,2,9,3,0,-1,0,0,6,2,9
58,neutrino_G2,,-1,1,96,6,11,4,2,9,1,-1,torsion,STAY,9,0,9,3,0,-1,0,0,6,2,9
58,neutrino_G2,,-1,1,97,7,11,4,2,9,1,-1,sum,E,11,1,2,0,2,-1,0,0,6,2,1
58,neutrino_G2,,-1,1,98,8,11,4,2,1,1,-1,product,N,2,0,2,0,2,-1,0,0,6,1,1
58,neutrino_G2,,-1,1,99,9,11,4,1,1,1,-1,torsion,STAY,9,0,9,3,0,-1,0,0,6,1,1
58,neutrino_G2,,-1,1,100,1,12,4,1,1,1,-1,sum,E,2,0,2,0,2,-1,0,0,6,1,2
58,neutrino_G2,,-1,1,101,2,12,4,1,2,1,-1,product,N,2,0,2,0,2,-1,0,0,6,9,2
58,neutrino_G2,,-1,1,102,3,12,4,9,2,1,-1,torsion,STAY,9,0,9,3,0,-1,0,0,6,9,2
58,neutrino_G2,,-1,1,103,4,12,4,9,2,1,-1,sum,E,11,1,2,0,2,-1,0,0,6,9,3
58,neutrino_G2,,-1,1,104,5,12,4,9,3,1,-1,product,N,27,2,9,3,0,-1,0,0,6,8,3
58,neutrino_G2,,-1,1,105,6,12,4,8,3,1,-1,torsion,STAY,9,0,9,3,0,-1,0,0,6,8,3
58,neutrino_G2,,-1,1,106,7,12,4,8,3,1,-1,sum,E,11,1,2,0,2,-1,0,0,6,8,4
58,neutrino_G2,,-1,1,107,8,12,4,8,4,1,-1,product,N,32,3,5,1,2,-1,0,0,6,7,4
58,neutrino_G2,,-1,1,108,9,12,4,7,4,1,-1,torsion,STAY,9,0,9,3,0,-1,1,0,6,7,4
59,charged_lepton_G2,,-1,-1,1,1,1,1,7,5,-1,-1,sum,W,12,1,3,1,0,1,0,0,7,7,4
59,charged_lepton_G2,,-1,-1,2,2,1,1,7,4,-1,-1,product,N,28,3,1,0,1,1,0,0,6,6,4
59,charged_lepton_G2,,-1,-1,3,3,1,1,6,4,-1,-1,torsion,STAY,9,0,9,3,0,1,0,0,6,6,4
59,charged_lepton_G2,,-1,-1,4,4,1,1,6,4,-1,-1,sum,W,10,1,1,0,1,1,0,0,6,6,3
59,charged_lepton_G2,,-1,-1,5,5,1,1,6,3,-1,-1,product,N,18,1,9,3,0,1,0,0,6,5,3
59,charged_lepton_G2,,-1,-1,6,6,1,1,5,3,-1,-1,torsion,STAY,9,0,9,3,0,1,0,0,6,5,3
59,charged_lepton_G2,,-1,-1,7,7,1,1,5,3,-1,-1,sum,W,8,0,8,2,2,1,0,0,6,5,2
59,charged_lepton_G2,,-1,-1,8,8,1,1,5,2,-1,-1,product,N,10,1,1,0,1,1,0,0,6,4,2
59,charged_lepton_G2,,-1,-1,9,9,1,1,4,2,-1,-1,torsion,STAY,9,0,9,3,0,1,0,0,6,4,2
59,charged_lepton_G2,,-1,-1,10,1,2,1,4,2,-1,-1,sum,W,6,0,6,2,0,1,0,0,6,4,1
59,charged_lepton_G2,,-1,-1,11,2,2,1,4,1,-1,-1,product,N,4,0,4,1,1,1,0,0,6,3,1
59,charged_lepton_G2,,-1,-1,12,3,2,1,3,1,-1,-1,torsion,STAY,9,0,9,3,0,1,0,0,6,3,1
59,charged_lepton_G2,,-1,-1,13,4,2,1,3,1,-1,-1,sum,W,4,0,4,1,1,1,0,0,6,3,9
59,charged_lepton_G2,,-1,-1,14,5,2,1,3,9,-1,-1,product,N,27,2,9,3,0,1,0,0,6,2,9
59,charged_lepton_G2,,-1,-1,15,6,2,1,2,9,-1,-1,torsion,STAY,9,0,9,3,0,1,0,0,6,2,9
59,charged_lepton_G2,,-1,-1,16,7,2,1,2,9,-1,-1,sum,W,11,1,2,0,2,1,0,0,6,2,8
59,charged_lepton_G2,,-1,-1,17,8,2,1,2,8,-1,-1,product,N,16,1,7,2,1,1,0,0,6,1,8
59,charged_lepton_G2,,-1,-1,18,9,2,1,1,8,-1,-1,torsion,STAY,9,0,9,3,0,1,0,0,6,1,8
59,charged_lepton_G2,,-1,-1,19,1,3,1,1,8,-1,-1,sum,W,9,0,9,3,0,1,0,0,6,1,7
59,charged_lepton_G2,,-1,-1,20,2,3,1,1,7,-1,-1,product,N,7,0,7,2,1,1,0,0,6,9,7
59,charged_lepton_G2,,-1,-1,21,3,3,1,9,7,-1,-1,torsion,STAY,9,0,9,3,0,1,0,1,6,9,7
59,charged_lepton_G2,,-1,-1,22,4,3,1,9,7,-1,-1,sum,W,16,1,7,2,1,1,0,0,7,9,6
59,charged_lepton_G2,,-1,-1,23,5,3,1,9,6,-1,-1,product,N,54,5,9,3,0,1,0,0,6,8,6
59,charged_lepton_G2,,-1,-1,24,6,3,1,8,6,-1,-1,torsion,STAY,9,0,9,3,0,1,0,0,6,8,6
59,charged_lepton_G2,,-1,-1,25,7,3,1,8,6,-1,-1,sum,W,14,1,5,1,2,1,0,0,6,8,5
59,charged_lepton_G2,,-1,-1,26,8,3,1,8,5,-1,-1,product,N,40,4,4,1,1,1,0,0,6,7,5
59,charged_lepton_G2,,-1,-1,27,9,3,1,7,5,-1,-1,torsion,STAY,9,0,9,3,0,1,1,0,6,7,5
59,charged_lepton_G2,,-1,-1,28,1,4,2,7,5,1,1,sum,E,12,1,3,1,0,-1,0,0,6,7,6
59,charged_lepton_G2,,-1,-1,29,2,4,2,7,6,1,1,product,S,42,4,6,2,0,-1,0,0,6,8,6
59,charged_lepton_G2,,-1,-1,30,3,4,2,8,6,1,1,torsion,STAY,9,0,9,3,0,-1,0,0,6,8,6
59,charged_lepton_G2,,-1,-1,31,4,4,2,8,6,1,1,sum,E,14,1,5,1,2,-1,0,0,6,8,7
59,charged_lepton_G2,,-1,-1,32,5,4,2,8,7,1,1,product,S,56,6,2,0,2,-1,0,0,6,9,7
59,charged_lepton_G2,,-1,-1,33,6,4,2,9,7,1,1,torsion,STAY,9,0,9,3,0,-1,0,0,6,9,7
59,charged_lepton_G2,,-1,-1,34,7,4,2,9,7,1,1,sum,E,16,1,7,2,1,-1,0,0,6,9,8
59,charged_lepton_G2,,-1,-1,35,8,4,2,9,8,1,1,product,S,72,7,9,3,0,-1,0,0,6,1,8
59,charged_lepton_G2,,-1,-1,36,9,4,2,1,8,1,1,torsion,STAY,9,0,9,3,0,-1,0,0,6,1,8
59,charged_lepton_G2,,-1,-1,37,1,5,2,1,8,1,1,sum,E,9,0,9,3,0,-1,0,0,6,1,9
59,charged_lepton_G2,,-1,-1,38,2,5,2,1,9,1,1,product,S,9,0,9,3,0,-1,0,0,6,2,9
59,charged_lepton_G2,,-1,-1,39,3,5,2,2,9,1,1,torsion,STAY,9,0,9,3,0,-1,0,0,6,2,9
59,charged_lepton_G2,,-1,-1,40,4,5,2,2,9,1,1,sum,E,11,1,2,0,2,-1,0,0,6,2,1
59,charged_lepton_G2,,-1,-1,41,5,5,2,2,1,1,1,product,S,2,0,2,0,2,-1,0,0,6,3,1
59,charged_lepton_G2,,-1,-1,42,6,5,2,3,1,1,1,torsion,STAY,9,0,9,3,0,-1,0,0,6,3,1
59,charged_lepton_G2,,-1,-1,43,7,5,2,3,1,1,1,sum,E,4,0,4,1,1,-1,0,1,6,3,2
59,charged_lepton_G2,,-1,-1,44,8,5,2,3,2,1,1,product,S,6,0,6,2,0,-1,0,0,7,4,2
59,charged_lepton_G2,,-1,-1,45,9,5,2,4,2,1,1,torsion,STAY,9,0,9,3,0,-1,0,0,6,4,2
59,charged_lepton_G2,,-1,-1,46,1,6,2,4,2,1,1,sum,E,6,0,6,2,0,-1,0,0,6,4,3
59,charged_lepton_G2,,-1,-1,47,2,6,2,4,3,1,1,product,S,12,1,3,1,0,-1,0,0,6,5,3
59,charged_lepton_G2,,-1,-1,48,3,6,2,5,3,1,1,torsion,STAY,9,0,9,3,0,-1,0,0,6,5,3
59,charged_lepton_G2,,-1,-1,49,4,6,2,5,3,1,1,sum,E,8,0,8,2,2,-1,0,0,6,5,4
59,charged_lepton_G2,,-1,-1,50,5,6,2,5,4,1,1,product,S,20,2,2,0,2,-1,0,0,6,6,4
59,charged_lepton_G2,,-1,-1,51,6,6,2,6,4,1,1,torsion,STAY,9,0,9,3,0,-1,0,0,6,6,4
59,charged_lepton_G2,,-1,-1,52,7,6,2,6,4,1,1,sum,E,10,1,1,0,1,-1,0,0,6,6,5
59,charged_lepton_G2,,-1,-1,53,8,6,2,6,5,1,1,product,S,30,3,3,1,0,-1,0,0,6,7,5
59,charged_lepton_G2,,-1,-1,54,9,6,2,7,5,1,1,torsion,STAY,9,0,9,3,0,-1,1,0,6,7,5
59,charged_lepton_G2,,-1,-1,55,1,7,3,7,5,-1,-1,sum,W,12,1,3,1,0,1,0,0,6,7,4
59,charged_lepton_G2,,-1,-1,56,2,7,3,7,4,-1,-1,product,N,28,3,1,0,1,1,0,0,6,6,4
59,charged_lepton_G2,,-1,-1,57,3,7,3,6,4,-1,-1,torsion,STAY,9,0,9,3,0,1,0,0,6,6,4
59,charged_lepton_G2,,-1,-1,58,4,7,3,6,4,-1,-1,sum,W,10,1,1,0,1,1,0,0,6,6,3
59,charged_lepton_G2,,-1,-1,59,5,7,3,6,3,-1,-1,product,N,18,1,9,3,0,1,0,0,6,5,3
59,charged_lepton_G2,,-1,-1,60,6,7,3,5,3,-1,-1,torsion,STAY,9,0,9,3,0,1,0,0,6,5,3
59,charged_lepton_G2,,-1,-1,61,7,7,3,5,3,-1,-1,sum,W,8,0,8,2,2,1,0,0,6,5,2
59,charged_lepton_G2,,-1,-1,62,8,7,3,5,2,-1,-1,product,N,10,1,1,0,1,1,0,0,6,4,2
59,charged_lepton_G2,,-1,-1,63,9,7,3,4,2,-1,-1,torsion,STAY,9,0,9,3,0,1,0,0,6,4,2
59,charged_lepton_G2,,-1,-1,64,1,8,3,4,2,-1,-1,sum,W,6,0,6,2,0,1,0,0,6,4,1
59,charged_lepton_G2,,-1,-1,65,2,8,3,4,1,-1,-1,product,N,4,0,4,1,1,1,0,1,6,3,1
59,charged_lepton_G2,,-1,-1,66,3,8,3,3,1,-1,-1,torsion,STAY,9,0,9,3,0,1,0,0,7,3,1
59,charged_lepton_G2,,-1,-1,67,4,8,3,3,1,-1,-1,sum,W,4,0,4,1,1,1,0,0,6,3,9
59,charged_lepton_G2,,-1,-1,68,5,8,3,3,9,-1,-1,product,N,27,2,9,3,0,1,0,0,6,2,9
59,charged_lepton_G2,,-1,-1,69,6,8,3,2,9,-1,-1,torsion,STAY,9,0,9,3,0,1,0,0,6,2,9
59,charged_lepton_G2,,-1,-1,70,7,8,3,2,9,-1,-1,sum,W,11,1,2,0,2,1,0,0,6,2,8
59,charged_lepton_G2,,-1,-1,71,8,8,3,2,8,-1,-1,product,N,16,1,7,2,1,1,0,0,6,1,8
59,charged_lepton_G2,,-1,-1,72,9,8,3,1,8,-1,-1,torsion,STAY,9,0,9,3,0,1,0,0,6,1,8
59,charged_lepton_G2,,-1,-1,73,1,9,3,1,8,-1,-1,sum,W,9,0,9,3,0,1,0,0,6,1,7
59,charged_lepton_G2,,-1,-1,74,2,9,3,1,7,-1,-1,product,N,7,0,7,2,1,1,0,0,6,9,7
59,charged_lepton_G2,,-1,-1,75,3,9,3,9,7,-1,-1,torsion,STAY,9,0,9,3,0,1,0,0,6,9,7
59,charged_lepton_G2,,-1,-1,76,4,9,3,9,7,-1,-1,sum,W,16,1,7,2,1,1,0,0,6,9,6
59,charged_lepton_G2,,-1,-1,77,5,9,3,9,6,-1,-1,product,N,54,5,9,3,0,1,0,0,6,8,6
59,charged_lepton_G2,,-1,-1,78,6,9,3,8,6,-1,-1,torsion,STAY,9,0,9,3,0,1,0,0,6,8,6
59,charged_lepton_G2,,-1,-1,79,7,9,3,8,6,-1,-1,sum,W,14,1,5,1,2,1,0,0,6,8,5
59,charged_lepton_G2,,-1,-1,80,8,9,3,8,5,-1,-1,product,N,40,4,4,1,1,1,0,0,6,7,5
59,charged_lepton_G2,,-1,-1,81,9,9,3,7,5,-1,-1,torsion,STAY,9,0,9,3,0,1,1,0,6,7,5
59,charged_lepton_G2,,-1,-1,82,1,10,4,7,5,1,1,sum,E,12,1,3,1,0,-1,0,0,6,7,6
59,charged_lepton_G2,,-1,-1,83,2,10,4,7,6,1,1,product,S,42,4,6,2,0,-1,0,0,6,8,6
59,charged_lepton_G2,,-1,-1,84,3,10,4,8,6,1,1,torsion,STAY,9,0,9,3,0,-1,0,0,6,8,6
59,charged_lepton_G2,,-1,-1,85,4,10,4,8,6,1,1,sum,E,14,1,5,1,2,-1,0,0,6,8,7
59,charged_lepton_G2,,-1,-1,86,5,10,4,8,7,1,1,product,S,56,6,2,0,2,-1,0,0,6,9,7
59,charged_lepton_G2,,-1,-1,87,6,10,4,9,7,1,1,torsion,STAY,9,0,9,3,0,-1,0,1,6,9,7
59,charged_lepton_G2,,-1,-1,88,7,10,4,9,7,1,1,sum,E,16,1,7,2,1,-1,0,0,7,9,8
59,charged_lepton_G2,,-1,-1,89,8,10,4,9,8,1,1,product,S,72,7,9,3,0,-1,0,0,6,1,8
59,charged_lepton_G2,,-1,-1,90,9,10,4,1,8,1,1,torsion,STAY,9,0,9,3,0,-1,0,0,6,1,8
59,charged_lepton_G2,,-1,-1,91,1,11,4,1,8,1,1,sum,E,9,0,9,3,0,-1,0,0,6,1,9
59,charged_lepton_G2,,-1,-1,92,2,11,4,1,9,1,1,product,S,9,0,9,3,0,-1,0,0,6,2,9
59,charged_lepton_G2,,-1,-1,93,3,11,4,2,9,1,1,torsion,STAY,9,0,9,3,0,-1,0,0,6,2,9
59,charged_lepton_G2,,-1,-1,94,4,11,4,2,9,1,1,sum,E,11,1,2,0,2,-1,0,0,6,2,1
59,charged_lepton_G2,,-1,-1,95,5,11,4,2,1,1,1,product,S,2,0,2,0,2,-1,0,0,6,3,1
59,charged_lepton_G2,,-1,-1,96,6,11,4,3,1,1,1,torsion,STAY,9,0,9,3,0,-1,0,0,6,3,1
59,charged_lepton_G2,,-1,-1,97,7,11,4,3,1,1,1,sum,E,4,0,4,1,1,-1,0,0,6,3,2
59,charged_lepton_G2,,-1,-1,98,8,11,4,3,2,1,1,product,S,6,0,6,2,0,-1,0,0,6,4,2
59,charged_lepton_G2,,-1,-1,99,9,11,4,4,2,1,1,torsion,STAY,9,0,9,3,0,-1,0,0,6,4,2
59,charged_lepton_G2,,-1,-1,100,1,12,4,4,2,1,1,sum,E,6,0,6,2,0,-1,0,0,6,4,3
59,charged_lepton_G2,,-1,-1,101,2,12,4,4,3,1,1,product,S,12,1,3,1,0,-1,0,0,6,5,3
59,charged_lepton_G2,,-1,-1,102,3,12,4,5,3,1,1,torsion,STAY,9,0,9,3,0,-1,0,0,6,5,3
59,charged_lepton_G2,,-1,-1,103,4,12,4,5,3,1,1,sum,E,8,0,8,2,2,-1,0,0,6,5,4
59,charged_lepton_G2,,-1,-1,104,5,12,4,5,4,1,1,product,S,20,2,2,0,2,-1,0,0,6,6,4
59,charged_lepton_G2,,-1,-1,105,6,12,4,6,4,1,1,torsion,STAY,9,0,9,3,0,-1,0,0,6,6,4
59,charged_lepton_G2,,-1,-1,106,7,12,4,6,4,1,1,sum,E,10,1,1,0,1,-1,0,0,6,6,5
59,charged_lepton_G2,,-1,-1,107,8,12,4,6,5,1,1,product,S,30,3,3,1,0,-1,0,0,6,7,5
59,charged_lepton_G2,,-1,-1,108,9,12,4,7,5,1,1,torsion,STAY,9,0,9,3,0,-1,1,0,6,7,5
60,neutrino_G2,,-1,1,1,1,1,1,7,6,-1,1,sum,W,13,1,4,1,1,1,0,0,7,7,5
60,neutrino_G2,,-1,1,2,2,1,1,7,5,-1,1,product,S,35,3,8,2,2,1,0,0,6,8,5
60,neutrino_G2,,-1,1,3,3,1,1,8,5,-1,1,torsion,STAY,9,0,9,3,0,1,0,0,6,8,5
60,neutrino_G2,,-1,1,4,4,1,1,8,5,-1,1,sum,W,13,1,4,1,1,1,0,0,6,8,4
60,neutrino_G2,,-1,1,5,5,1,1,8,4,-1,1,product,S,32,3,5,1,2,1,0,0,6,9,4
60,neutrino_G2,,-1,1,6,6,1,1,9,4,-1,1,torsion,STAY,9,0,9,3,0,1,0,0,6,9,4
60,neutrino_G2,,-1,1,7,7,1,1,9,4,-1,1,sum,W,13,1,4,1,1,1,0,0,6,9,3
60,neutrino_G2,,-1,1,8,8,1,1,9,3,-1,1,product,S,27,2,9,3,0,1,0,0,6,1,3
60,neutrino_G2,,-1,1,9,9,1,1,1,3,-1,1,torsion,STAY,9,0,9,3,0,1,0,0,6,1,3
60,neutrino_G2,,-1,1,10,1,2,1,1,3,-1,1,sum,W,4,0,4,1,1,1,0,0,6,1,2
60,neutrino_G2,,-1,1,11,2,2,1,1,2,-1,1,product,S,2,0,2,0,2,1,0,0,6,2,2
60,neutrino_G2,,-1,1,12,3,2,1,2,2,-1,1,torsion,STAY,9,0,9,3,0,1,0,0,6,2,2
60,neutrino_G2,,-1,1,13,4,2,1,2,2,-1,1,sum,W,4,0,4,1,1,1,0,0,6,2,1
60,neutrino_G2,,-1,1,14,5,2,1,2,1,-1,1,product,S,2,0,2,0,2,1,0,0,6,3,1
60,neutrino_G2,,-1,1,15,6,2,1,3,1,-1,1,torsion,STAY,9,0,9,3,0,1,0,0,6,3,1
60,neutrino_G2,,-1,1,16,7,2,1,3,1,-1,1,sum,W,4,0,4,1,1,1,0,0,6,3,9
60,neutrino_G2,,-1,1,17,8,2,1,3,9,-1,1,product,S,27,2,9,3,0,1,0,0,6,4,9
60,neutrino_G2,,-1,1,18,9,2,1,4,9,-1,1,torsion,STAY,9,0,9,3,0,1,0,0,6,4,9
60,neutrino_G2,,-1,1,19,1,3,1,4,9,-1,1,sum,W,13,1,4,1,1,1,0,0,6,4,8
60,neutrino_G2,,-1,1,20,2,3,1,4,8,-1,1,product,S,32,3,5,1,2,1,0,0,6,5,8
60,neutrino_G2,,-1,1,21,3,3,1,5,8,-1,1,torsion,STAY,9,0,9,3,0,1,0,1,6,5,8
60,neutrino_G2,,-1,1,22,4,3,1,5,8,-1,1,sum,W,13,1,4,1,1,1,0,0,7,5,7
60,neutrino_G2,,-1,1,23,5,3,1,5,7,-1,1,product,S,35,3,8,2,2,1,0,0,6,6,7
60,neutrino_G2,,-1,1,24,6,3,1,6,7,-1,1,torsion,STAY,9,0,9,3,0,1,0,0,6,6,7
60,neutrino_G2,,-1,1,25,7,3,1,6,7,-1,1,sum,W,13,1,4,1,1,1,0,0,6,6,6
60,neutrino_G2,,-1,1,26,8,3,1,6,6,-1,1,product,S,36,3,9,3,0,1,0,0,6,7,6
60,neutrino_G2,,-1,1,27,9,3,1,7,6,-1,1,torsion,STAY,9,0,9,3,0,1,1,0,6,7,6
60,neutrino_G2,,-1,1,28,1,4,2,7,6,1,-1,sum,E,13,1,4,1,1,-1,0,0,6,7,7
60,neutrino_G2,,-1,1,29,2,4,2,7,7,1,-1,product,N,49,5,4,1,1,-1,0,0,6,6,7
60,neutrino_G2,,-1,1,30,3,4,2,6,7,1,-1,torsion,STAY,9,0,9,3,0,-1,0,0,6,6,7
60,neutrino_G2,,-1,1,31,4,4,2,6,7,1,-1,sum,E,13,1,4,1,1,-1,0,0,6,6,8
60,neutrino_G2,,-1,1,32,5,4,2,6,8,1,-1,product,N,48,5,3,1,0,-1,0,0,6,5,8
60,neutrino_G2,,-1,1,33,6,4,2,5,8,1,-1,torsion,STAY,9,0,9,3,0,-1,0,0,6,5,8
60,neutrino_G2,,-1,1,34,7,4,2,5,8,1,-1,sum,E,13,1,4,1,1,-1,0,0,6,5,9
60,neutrino_G2,,-1,1,35,8,4,2,5,9,1,-1,product,N,45,4,9,3,0,-1,0,0,6,4,9
60,neutrino_G2,,-1,1,36,9,4,2,4,9,1,-1,torsion,STAY,9,0,9,3,0,-1,0,0,6,4,9
60,neutrino_G2,,-1,1,37,1,5,2,4,9,1,-1,sum,E,13,1,4,1,1,-1,0,0,6,4,1
60,neutrino_G2,,-1,1,38,2,5,2,4,1,1,-1,product,N,4,0,4,1,1,-1,0,0,6,3,1
60,neutrino_G2,,-1,1,39,3,5,2,3,1,1,-1,torsion,STAY,9,0,9,3,0,-1,0,0,6,3,1
60,neutrino_G2,,-1,1,40,4,5,2,3,1,1,-1,sum,E,4,0,4,1,1,-1,0,0,6,3,2
60,neutrino_G2,,-1,1,41,5,5,2,3,2,1,-1,product,N,6,0,6,2,0,-1,0,0,6,2,2
60,neutrino_G2,,-1,1,42,6,5,2,2,2,1,-1,torsion,STAY,9,0,9,3,0,-1,0,0,6,2,2
60,neutrino_G2,,-1,1,43,7,5,2,2,2,1,-1,sum,E,4,0,4,1,1,-1,0,1,6,2,3
60,neutrino_G2,,-1,1,44,8,5,2,2,3,1,-1,product,N,6,0,6,2,0,-1,0,0,7,1,3
60,neutrino_G2,,-1,1,45,9,5,2,1,3,1,-1,torsion,STAY,9,0,9,3,0,-1,0,0,6,1,3
60,neutrino_G2,,-1,1,46,1,6,2,1,3,1,-1,sum,E,4,0,4,1,1,-1,0,0,6,1,4
60,neutrino_G2,,-1,1,47,2,6,2,1,4,1,-1,product,N,4,0,4,1,1,-1,0,0,6,9,4
60,neutrino_G2,,-1,1,48,3,6,2,9,4,1,-1,torsion,STAY,9,0,9,3,0,-1,0,0,6,9,4
60,neutrino_G2,,-1,1,49,4,6,2,9,4,1,-1,sum,E,13,1,4,1,1,-1,0,0,6,9,5
60,neutrino_G2,,-1,1,50,5,6,2,9,5,1,-1,product,N,45,4,9,3,0,-1,0,0,6,8,5
60,neutrino_G2,,-1,1,51,6,6,2,8,5,1,-1,torsion,STAY,9,0,9,3,0,-1,0,0,6,8,5
60,neutrino_G2,,-1,1,52,7,6,2,8,5,1,-1,sum,E,13,1,4,1,1,-1,0,0,6,8,6
60,neutrino_G2,,-1,1,53,8,6,2,8,6,1,-1,product,N,48,5,3,1,0,-1,0,0,6,7,6
60,neutrino_G2,,-1,1,54,9,6,2,7,6,1,-1,torsion,STAY,9,0,9,3,0,-1,1,0,6,7,6
60,neutrino_G2,,-1,1,55,1,7,3,7,6,-1,1,sum,W,13,1,4,1,1,1,0,0,6,7,5
60,neutrino_G2,,-1,1,56,2,7,3,7,5,-1,1,product,S,35,3,8,2,2,1,0,0,6,8,5
60,neutrino_G2,,-1,1,57,3,7,3,8,5,-1,1,torsion,STAY,9,0,9,3,0,1,0,0,6,8,5
60,neutrino_G2,,-1,1,58,4,7,3,8,5,-1,1,sum,W,13,1,4,1,1,1,0,0,6,8,4
60,neutrino_G2,,-1,1,59,5,7,3,8,4,-1,1,product,S,32,3,5,1,2,1,0,0,6,9,4
60,neutrino_G2,,-1,1,60,6,7,3,9,4,-1,1,torsion,STAY,9,0,9,3,0,1,0,0,6,9,4
60,neutrino_G2,,-1,1,61,7,7,3,9,4,-1,1,sum,W,13,1,4,1,1,1,0,0,6,9,3
60,neutrino_G2,,-1,1,62,8,7,3,9,3,-1,1,product,S,27,2,9,3,0,1,0,0,6,1,3
60,neutrino_G2,,-1,1,63,9,7,3,1,3,-1,1,torsion,STAY,9,0,9,3,0,1,0,0,6,1,3
60,neutrino_G2,,-1,1,64,1,8,3,1,3,-1,1,sum,W,4,0,4,1,1,1,0,0,6,1,2
60,neutrino_G2,,-1,1,65,2,8,3,1,2,-1,1,product,S,2,0,2,0,2,1,0,1,6,2,2
60,neutrino_G2,,-1,1,66,3,8,3,2,2,-1,1,torsion,STAY,9,0,9,3,0,1,0,0,7,2,2
60,neutrino_G2,,-1,1,67,4,8,3,2,2,-1,1,sum,W,4,0,4,1,1,1,0,0,6,2,1
60,neutrino_G2,,-1,1,68,5,8,3,2,1,-1,1,product,S,2,0,2,0,2,1,0,0,6,3,1
60,neutrino_G2,,-1,1,69,6,8,3,3,1,-1,1,torsion,STAY,9,0,9,3,0,1,0,0,6,3,1
60,neutrino_G2,,-1,1,70,7,8,3,3,1,-1,1,sum,W,4,0,4,1,1,1,0,0,6,3,9
60,neutrino_G2,,-1,1,71,8,8,3,3,9,-1,1,product,S,27,2,9,3,0,1,0,0,6,4,9
60,neutrino_G2,,-1,1,72,9,8,3,4,9,-1,1,torsion,STAY,9,0,9,3,0,1,0,0,6,4,9
60,neutrino_G2,,-1,1,73,1,9,3,4,9,-1,1,sum,W,13,1,4,1,1,1,0,0,6,4,8
60,neutrino_G2,,-1,1,74,2,9,3,4,8,-1,1,product,S,32,3,5,1,2,1,0,0,6,5,8
60,neutrino_G2,,-1,1,75,3,9,3,5,8,-1,1,torsion,STAY,9,0,9,3,0,1,0,0,6,5,8
60,neutrino_G2,,-1,1,76,4,9,3,5,8,-1,1,sum,W,13,1,4,1,1,1,0,0,6,5,7
60,neutrino_G2,,-1,1,77,5,9,3,5,7,-1,1,product,S,35,3,8,2,2,1,0,0,6,6,7
60,neutrino_G2,,-1,1,78,6,9,3,6,7,-1,1,torsion,STAY,9,0,9,3,0,1,0,0,6,6,7
60,neutrino_G2,,-1,1,79,7,9,3,6,7,-1,1,sum,W,13,1,4,1,1,1,0,0,6,6,6
60,neutrino_G2,,-1,1,80,8,9,3,6,6,-1,1,product,S,36,3,9,3,0,1,0,0,6,7,6
60,neutrino_G2,,-1,1,81,9,9,3,7,6,-1,1,torsion,STAY,9,0,9,3,0,1,1,0,6,7,6
60,neutrino_G2,,-1,1,82,1,10,4,7,6,1,-1,sum,E,13,1,4,1,1,-1,0,0,6,7,7
60,neutrino_G2,,-1,1,83,2,10,4,7,7,1,-1,product,N,49,5,4,1,1,-1,0,0,6,6,7
60,neutrino_G2,,-1,1,84,3,10,4,6,7,1,-1,torsion,STAY,9,0,9,3,0,-1,0,0,6,6,7
60,neutrino_G2,,-1,1,85,4,10,4,6,7,1,-1,sum,E,13,1,4,1,1,-1,0,0,6,6,8
60,neutrino_G2,,-1,1,86,5,10,4,6,8,1,-1,product,N,48,5,3,1,0,-1,0,0,6,5,8
60,neutrino_G2,,-1,1,87,6,10,4,5,8,1,-1,torsion,STAY,9,0,9,3,0,-1,0,1,6,5,8
60,neutrino_G2,,-1,1,88,7,10,4,5,8,1,-1,sum,E,13,1,4,1,1,-1,0,0,7,5,9
60,neutrino_G2,,-1,1,89,8,10,4,5,9,1,-1,product,N,45,4,9,3,0,-1,0,0,6,4,9
60,neutrino_G2,,-1,1,90,9,10,4,4,9,1,-1,torsion,STAY,9,0,9,3,0,-1,0,0,6,4,9
60,neutrino_G2,,-1,1,91,1,11,4,4,9,1,-1,sum,E,13,1,4,1,1,-1,0,0,6,4,1
60,neutrino_G2,,-1,1,92,2,11,4,4,1,1,-1,product,N,4,0,4,1,1,-1,0,0,6,3,1
60,neutrino_G2,,-1,1,93,3,11,4,3,1,1,-1,torsion,STAY,9,0,9,3,0,-1,0,0,6,3,1
60,neutrino_G2,,-1,1,94,4,11,4,3,1,1,-1,sum,E,4,0,4,1,1,-1,0,0,6,3,2
60,neutrino_G2,,-1,1,95,5,11,4,3,2,1,-1,product,N,6,0,6,2,0,-1,0,0,6,2,2
60,neutrino_G2,,-1,1,96,6,11,4,2,2,1,-1,torsion,STAY,9,0,9,3,0,-1,0,0,6,2,2
60,neutrino_G2,,-1,1,97,7,11,4,2,2,1,-1,sum,E,4,0,4,1,1,-1,0,0,6,2,3
60,neutrino_G2,,-1,1,98,8,11,4,2,3,1,-1,product,N,6,0,6,2,0,-1,0,0,6,1,3
60,neutrino_G2,,-1,1,99,9,11,4,1,3,1,-1,torsion,STAY,9,0,9,3,0,-1,0,0,6,1,3
60,neutrino_G2,,-1,1,100,1,12,4,1,3,1,-1,sum,E,4,0,4,1,1,-1,0,0,6,1,4
60,neutrino_G2,,-1,1,101,2,12,4,1,4,1,-1,product,N,4,0,4,1,1,-1,0,0,6,9,4
60,neutrino_G2,,-1,1,102,3,12,4,9,4,1,-1,torsion,STAY,9,0,9,3,0,-1,0,0,6,9,4
60,neutrino_G2,,-1,1,103,4,12,4,9,4,1,-1,sum,E,13,1,4,1,1,-1,0,0,6,9,5
60,neutrino_G2,,-1,1,104,5,12,4,9,5,1,-1,product,N,45,4,9,3,0,-1,0,0,6,8,5
60,neutrino_G2,,-1,1,105,6,12,4,8,5,1,-1,torsion,STAY,9,0,9,3,0,-1,0,0,6,8,5
60,neutrino_G2,,-1,1,106,7,12,4,8,5,1,-1,sum,E,13,1,4,1,1,-1,0,0,6,8,6
60,neutrino_G2,,-1,1,107,8,12,4,8,6,1,-1,product,N,48,5,3,1,0,-1,0,0,6,7,6
60,neutrino_G2,,-1,1,108,9,12,4,7,6,1,-1,torsion,STAY,9,0,9,3,0,-1,1,0,6,7,6
61,charged_lepton_G2,,-1,-1,1,1,1,1,7,7,-1,-1,sum,W,14,1,5,1,2,1,0,0,7,7,6
61,charged_lepton_G2,,-1,-1,2,2,1,1,7,6,-1,-1,product,N,42,4,6,2,0,1,0,0,6,6,6
61,charged_lepton_G2,,-1,-1,3,3,1,1,6,6,-1,-1,torsion,STAY,9,0,9,3,0,1,0,0,6,6,6
61,charged_lepton_G2,,-1,-1,4,4,1,1,6,6,-1,-1,sum,W,12,1,3,1,0,1,0,0,6,6,5
61,charged_lepton_G2,,-1,-1,5,5,1,1,6,5,-1,-1,product,N,30,3,3,1,0,1,0,0,6,5,5
61,charged_lepton_G2,,-1,-1,6,6,1,1,5,5,-1,-1,torsion,STAY,9,0,9,3,0,1,0,0,6,5,5
61,charged_lepton_G2,,-1,-1,7,7,1,1,5,5,-1,-1,sum,W,10,1,1,0,1,1,0,0,6,5,4
61,charged_lepton_G2,,-1,-1,8,8,1,1,5,4,-1,-1,product,N,20,2,2,0,2,1,0,0,6,4,4
61,charged_lepton_G2,,-1,-1,9,9,1,1,4,4,-1,-1,torsion,STAY,9,0,9,3,0,1,0,0,6,4,4
61,charged_lepton_G2,,-1,-1,10,1,2,1,4,4,-1,-1,sum,W,8,0,8,2,2,1,0,0,6,4,3
61,charged_lepton_G2,,-1,-1,11,2,2,1,4,3,-1,-1,product,N,12,1,3,1,0,1,0,0,6,3,3
61,charged_lepton_G2,,-1,-1,12,3,2,1,3,3,-1,-1,torsion,STAY,9,0,9,3,0,1,0,0,6,3,3
61,charged_lepton_G2,,-1,-1,13,4,2,1,3,3,-1,-1,sum,W,6,0,6,2,0,1,0,0,6,3,2
61,charged_lepton_G2,,-1,-1,14,5,2,1,3,2,-1,-1,product,N,6,0,6,2,0,1,0,0,6,2,2
61,charged_lepton_G2,,-1,-1,15,6,2,1,2,2,-1,-1,torsion,STAY,9,0,9,3,0,1,0,0,6,2,2
61,charged_lepton_G2,,-1,-1,16,7,2,1,2,2,-1,-1,sum,W,4,0,4,1,1,1,0,0,6,2,1
61,charged_lepton_G2,,-1,-1,17,8,2,1,2,1,-1,-1,product,N,2,0,2,0,2,1,0,0,6,1,1
61,charged_lepton_G2,,-1,-1,18,9,2,1,1,1,-1,-1,torsion,STAY,9,0,9,3,0,1,0,0,6,1,1
61,charged_lepton_G2,,-1,-1,19,1,3,1,1,1,-1,-1,sum,W,2,0,2,0,2,1,0,0,6,1,9
61,charged_lepton_G2,,-1,-1,20,2,3,1,1,9,-1,-1,product,N,9,0,9,3,0,1,0,0,6,9,9
61,charged_lepton_G2,,-1,-1,21,3,3,1,9,9,-1,-1,torsion,STAY,9,0,9,3,0,1,0,1,6,9,9
61,charged_lepton_G2,,-1,-1,22,4,3,1,9,9,-1,-1,sum,W,18,1,9,3,0,1,0,0,7,9,8
61,charged_lepton_G2,,-1,-1,23,5,3,1,9,8,-1,-1,product,N,72,7,9,3,0,1,0,0,6,8,8
61,charged_lepton_G2,,-1,-1,24,6,3,1,8,8,-1,-1,torsion,STAY,9,0,9,3,0,1,0,0,6,8,8
61,charged_lepton_G2,,-1,-1,25,7,3,1,8,8,-1,-1,sum,W,16,1,7,2,1,1,0,0,6,8,7
61,charged_lepton_G2,,-1,-1,26,8,3,1,8,7,-1,-1,product,N,56,6,2,0,2,1,0,0,6,7,7
61,charged_lepton_G2,,-1,-1,27,9,3,1,7,7,-1,-1,torsion,STAY,9,0,9,3,0,1,1,0,6,7,7
61,charged_lepton_G2,,-1,-1,28,1,4,2,7,7,1,1,sum,E,14,1,5,1,2,-1,0,0,6,7,8
61,charged_lepton_G2,,-1,-1,29,2,4,2,7,8,1,1,product,S,56,6,2,0,2,-1,0,0,6,8,8
61,charged_lepton_G2,,-1,-1,30,3,4,2,8,8,1,1,torsion,STAY,9,0,9,3,0,-1,0,0,6,8,8
61,charged_lepton_G2,,-1,-1,31,4,4,2,8,8,1,1,sum,E,16,1,7,2,1,-1,0,0,6,8,9
61,charged_lepton_G2,,-1,-1,32,5,4,2,8,9,1,1,product,S,72,7,9,3,0,-1,0,0,6,9,9
61,charged_lepton_G2,,-1,-1,33,6,4,2,9,9,1,1,torsion,STAY,9,0,9,3,0,-1,0,0,6,9,9
61,charged_lepton_G2,,-1,-1,34,7,4,2,9,9,1,1,sum,E,18,1,9,3,0,-1,0,0,6,9,1
61,charged_lepton_G2,,-1,-1,35,8,4,2,9,1,1,1,product,S,9,0,9,3,0,-1,0,0,6,1,1
61,charged_lepton_G2,,-1,-1,36,9,4,2,1,1,1,1,torsion,STAY,9,0,9,3,0,-1,0,0,6,1,1
61,charged_lepton_G2,,-1,-1,37,1,5,2,1,1,1,1,sum,E,2,0,2,0,2,-1,0,0,6,1,2
61,charged_lepton_G2,,-1,-1,38,2,5,2,1,2,1,1,product,S,2,0,2,0,2,-1,0,0,6,2,2
61,charged_lepton_G2,,-1,-1,39,3,5,2,2,2,1,1,torsion,STAY,9,0,9,3,0,-1,0,0,6,2,2
61,charged_lepton_G2,,-1,-1,40,4,5,2,2,2,1,1,sum,E,4,0,4,1,1,-1,0,0,6,2,3
61,charged_lepton_G2,,-1,-1,41,5,5,2,2,3,1,1,product,S,6,0,6,2,0,-1,0,0,6,3,3
61,charged_lepton_G2,,-1,-1,42,6,5,2,3,3,1,1,torsion,STAY,9,0,9,3,0,-1,0,0,6,3,3
61,charged_lepton_G2,,-1,-1,43,7,5,2,3,3,1,1,sum,E,6,0,6,2,0,-1,0,1,6,3,4
61,charged_lepton_G2,,-1,-1,44,8,5,2,3,4,1,1,product,S,12,1,3,1,0,-1,0,0,7,4,4
61,charged_lepton_G2,,-1,-1,45,9,5,2,4,4,1,1,torsion,STAY,9,0,9,3,0,-1,0,0,6,4,4
61,charged_lepton_G2,,-1,-1,46,1,6,2,4,4,1,1,sum,E,8,0,8,2,2,-1,0,0,6,4,5
61,charged_lepton_G2,,-1,-1,47,2,6,2,4,5,1,1,product,S,20,2,2,0,2,-1,0,0,6,5,5
61,charged_lepton_G2,,-1,-1,48,3,6,2,5,5,1,1,torsion,STAY,9,0,9,3,0,-1,0,0,6,5,5
61,charged_lepton_G2,,-1,-1,49,4,6,2,5,5,1,1,sum,E,10,1,1,0,1,-1,0,0,6,5,6
61,charged_lepton_G2,,-1,-1,50,5,6,2,5,6,1,1,product,S,30,3,3,1,0,-1,0,0,6,6,6
61,charged_lepton_G2,,-1,-1,51,6,6,2,6,6,1,1,torsion,STAY,9,0,9,3,0,-1,0,0,6,6,6
61,charged_lepton_G2,,-1,-1,52,7,6,2,6,6,1,1,sum,E,12,1,3,1,0,-1,0,0,6,6,7
61,charged_lepton_G2,,-1,-1,53,8,6,2,6,7,1,1,product,S,42,4,6,2,0,-1,0,0,6,7,7
61,charged_lepton_G2,,-1,-1,54,9,6,2,7,7,1,1,torsion,STAY,9,0,9,3,0,-1,1,0,6,7,7
61,charged_lepton_G2,,-1,-1,55,1,7,3,7,7,-1,-1,sum,W,14,1,5,1,2,1,0,0,6,7,6
61,charged_lepton_G2,,-1,-1,56,2,7,3,7,6,-1,-1,product,N,42,4,6,2,0,1,0,0,6,6,6
61,charged_lepton_G2,,-1,-1,57,3,7,3,6,6,-1,-1,torsion,STAY,9,0,9,3,0,1,0,0,6,6,6
61,charged_lepton_G2,,-1,-1,58,4,7,3,6,6,-1,-1,sum,W,12,1,3,1,0,1,0,0,6,6,5
61,charged_lepton_G2,,-1,-1,59,5,7,3,6,5,-1,-1,product,N,30,3,3,1,0,1,0,0,6,5,5
61,charged_lepton_G2,,-1,-1,60,6,7,3,5,5,-1,-1,torsion,STAY,9,0,9,3,0,1,0,0,6,5,5
61,charged_lepton_G2,,-1,-1,61,7,7,3,5,5,-1,-1,sum,W,10,1,1,0,1,1,0,0,6,5,4
61,charged_lepton_G2,,-1,-1,62,8,7,3,5,4,-1,-1,product,N,20,2,2,0,2,1,0,0,6,4,4
61,charged_lepton_G2,,-1,-1,63,9,7,3,4,4,-1,-1,torsion,STAY,9,0,9,3,0,1,0,0,6,4,4
61,charged_lepton_G2,,-1,-1,64,1,8,3,4,4,-1,-1,sum,W,8,0,8,2,2,1,0,0,6,4,3
61,charged_lepton_G2,,-1,-1,65,2,8,3,4,3,-1,-1,product,N,12,1,3,1,0,1,0,1,6,3,3
61,charged_lepton_G2,,-1,-1,66,3,8,3,3,3,-1,-1,torsion,STAY,9,0,9,3,0,1,0,0,7,3,3
61,charged_lepton_G2,,-1,-1,67,4,8,3,3,3,-1,-1,sum,W,6,0,6,2,0,1,0,0,6,3,2
61,charged_lepton_G2,,-1,-1,68,5,8,3,3,2,-1,-1,product,N,6,0,6,2,0,1,0,0,6,2,2
61,charged_lepton_G2,,-1,-1,69,6,8,3,2,2,-1,-1,torsion,STAY,9,0,9,3,0,1,0,0,6,2,2
61,charged_lepton_G2,,-1,-1,70,7,8,3,2,2,-1,-1,sum,W,4,0,4,1,1,1,0,0,6,2,1
61,charged_lepton_G2,,-1,-1,71,8,8,3,2,1,-1,-1,product,N,2,0,2,0,2,1,0,0,6,1,1
61,charged_lepton_G2,,-1,-1,72,9,8,3,1,1,-1,-1,torsion,STAY,9,0,9,3,0,1,0,0,6,1,1
61,charged_lepton_G2,,-1,-1,73,1,9,3,1,1,-1,-1,sum,W,2,0,2,0,2,1,0,0,6,1,9
61,charged_lepton_G2,,-1,-1,74,2,9,3,1,9,-1,-1,product,N,9,0,9,3,0,1,0,0,6,9,9
61,charged_lepton_G2,,-1,-1,75,3,9,3,9,9,-1,-1,torsion,STAY,9,0,9,3,0,1,0,0,6,9,9
61,charged_lepton_G2,,-1,-1,76,4,9,3,9,9,-1,-1,sum,W,18,1,9,3,0,1,0,0,6,9,8
61,charged_lepton_G2,,-1,-1,77,5,9,3,9,8,-1,-1,product,N,72,7,9,3,0,1,0,0,6,8,8
61,charged_lepton_G2,,-1,-1,78,6,9,3,8,8,-1,-1,torsion,STAY,9,0,9,3,0,1,0,0,6,8,8
61,charged_lepton_G2,,-1,-1,79,7,9,3,8,8,-1,-1,sum,W,16,1,7,2,1,1,0,0,6,8,7
61,charged_lepton_G2,,-1,-1,80,8,9,3,8,7,-1,-1,product,N,56,6,2,0,2,1,0,0,6,7,7
61,charged_lepton_G2,,-1,-1,81,9,9,3,7,7,-1,-1,torsion,STAY,9,0,9,3,0,1,1,0,6,7,7
61,charged_lepton_G2,,-1,-1,82,1,10,4,7,7,1,1,sum,E,14,1,5,1,2,-1,0,0,6,7,8
61,charged_lepton_G2,,-1,-1,83,2,10,4,7,8,1,1,product,S,56,6,2,0,2,-1,0,0,6,8,8
61,charged_lepton_G2,,-1,-1,84,3,10,4,8,8,1,1,torsion,STAY,9,0,9,3,0,-1,0,0,6,8,8
61,charged_lepton_G2,,-1,-1,85,4,10,4,8,8,1,1,sum,E,16,1,7,2,1,-1,0,0,6,8,9
61,charged_lepton_G2,,-1,-1,86,5,10,4,8,9,1,1,product,S,72,7,9,3,0,-1,0,0,6,9,9
61,charged_lepton_G2,,-1,-1,87,6,10,4,9,9,1,1,torsion,STAY,9,0,9,3,0,-1,0,1,6,9,9
61,charged_lepton_G2,,-1,-1,88,7,10,4,9,9,1,1,sum,E,18,1,9,3,0,-1,0,0,7,9,1
61,charged_lepton_G2,,-1,-1,89,8,10,4,9,1,1,1,product,S,9,0,9,3,0,-1,0,0,6,1,1
61,charged_lepton_G2,,-1,-1,90,9,10,4,1,1,1,1,torsion,STAY,9,0,9,3,0,-1,0,0,6,1,1
61,charged_lepton_G2,,-1,-1,91,1,11,4,1,1,1,1,sum,E,2,0,2,0,2,-1,0,0,6,1,2
61,charged_lepton_G2,,-1,-1,92,2,11,4,1,2,1,1,product,S,2,0,2,0,2,-1,0,0,6,2,2
61,charged_lepton_G2,,-1,-1,93,3,11,4,2,2,1,1,torsion,STAY,9,0,9,3,0,-1,0,0,6,2,2
61,charged_lepton_G2,,-1,-1,94,4,11,4,2,2,1,1,sum,E,4,0,4,1,1,-1,0,0,6,2,3
61,charged_lepton_G2,,-1,-1,95,5,11,4,2,3,1,1,product,S,6,0,6,2,0,-1,0,0,6,3,3
61,charged_lepton_G2,,-1,-1,96,6,11,4,3,3,1,1,torsion,STAY,9,0,9,3,0,-1,0,0,6,3,3
61,charged_lepton_G2,,-1,-1,97,7,11,4,3,3,1,1,sum,E,6,0,6,2,0,-1,0,0,6,3,4
61,charged_lepton_G2,,-1,-1,98,8,11,4,3,4,1,1,product,S,12,1,3,1,0,-1,0,0,6,4,4
61,charged_lepton_G2,,-1,-1,99,9,11,4,4,4,1,1,torsion,STAY,9,0,9,3,0,-1,0,0,6,4,4
61,charged_lepton_G2,,-1,-1,100,1,12,4,4,4,1,1,sum,E,8,0,8,2,2,-1,0,0,6,4,5
61,charged_lepton_G2,,-1,-1,101,2,12,4,4,5,1,1,product,S,20,2,2,0,2,-1,0,0,6,5,5
61,charged_lepton_G2,,-1,-1,102,3,12,4,5,5,1,1,torsion,STAY,9,0,9,3,0,-1,0,0,6,5,5
61,charged_lepton_G2,,-1,-1,103,4,12,4,5,5,1,1,sum,E,10,1,1,0,1,-1,0,0,6,5,6
61,charged_lepton_G2,,-1,-1,104,5,12,4,5,6,1,1,product,S,30,3,3,1,0,-1,0,0,6,6,6
61,charged_lepton_G2,,-1,-1,105,6,12,4,6,6,1,1,torsion,STAY,9,0,9,3,0,-1,0,0,6,6,6
61,charged_lepton_G2,,-1,-1,106,7,12,4,6,6,1,1,sum,E,12,1,3,1,0,-1,0,0,6,6,7
61,charged_lepton_G2,,-1,-1,107,8,12,4,6,7,1,1,product,S,42,4,6,2,0,-1,0,0,6,7,7
61,charged_lepton_G2,,-1,-1,108,9,12,4,7,7,1,1,torsion,STAY,9,0,9,3,0,-1,1,0,6,7,7
62,neutrino_G3,,1,-1,1,1,1,1,7,8,1,-1,sum,E,15,1,6,2,0,1,0,0,7,7,9
62,neutrino_G3,,1,-1,2,2,1,1,7,9,1,-1,product,N,63,6,9,3,0,1,0,0,6,6,9
62,neutrino_G3,,1,-1,3,3,1,1,6,9,1,-1,torsion,STAY,9,0,9,3,0,1,0,0,6,6,9
62,neutrino_G3,,1,-1,4,4,1,1,6,9,1,-1,sum,E,15,1,6,2,0,1,0,0,6,6,1
62,neutrino_G3,,1,-1,5,5,1,1,6,1,1,-1,product,N,6,0,6,2,0,1,0,0,6,5,1
62,neutrino_G3,,1,-1,6,6,1,1,5,1,1,-1,torsion,STAY,9,0,9,3,0,1,0,0,6,5,1
62,neutrino_G3,,1,-1,7,7,1,1,5,1,1,-1,sum,E,6,0,6,2,0,1,0,0,6,5,2
62,neutrino_G3,,1,-1,8,8,1,1,5,2,1,-1,product,N,10,1,1,0,1,1,0,0,6,4,2
62,neutrino_G3,,1,-1,9,9,1,1,4,2,1,-1,torsion,STAY,9,0,9,3,0,1,0,0,6,4,2
62,neutrino_G3,,1,-1,10,1,2,1,4,2,1,-1,sum,E,6,0,6,2,0,1,0,0,6,4,3
62,neutrino_G3,,1,-1,11,2,2,1,4,3,1,-1,product,N,12,1,3,1,0,1,0,0,6,3,3
62,neutrino_G3,,1,-1,12,3,2,1,3,3,1,-1,torsion,STAY,9,0,9,3,0,1,0,0,6,3,3
62,neutrino_G3,,1,-1,13,4,2,1,3,3,1,-1,sum,E,6,0,6,2,0,1,0,0,6,3,4
62,neutrino_G3,,1,-1,14,5,2,1,3,4,1,-1,product,N,12,1,3,1,0,1,0,0,6,2,4
62,neutrino_G3,,1,-1,15,6,2,1,2,4,1,-1,torsion,STAY,9,0,9,3,0,1,0,0,6,2,4
62,neutrino_G3,,1,-1,16,7,2,1,2,4,1,-1,sum,E,6,0,6,2,0,1,0,0,6,2,5
62,neutrino_G3,,1,-1,17,8,2,1,2,5,1,-1,product,N,10,1,1,0,1,1,0,0,6,1,5
62,neutrino_G3,,1,-1,18,9,2,1,1,5,1,-1,torsion,STAY,9,0,9,3,0,1,0,0,6,1,5
62,neutrino_G3,,1,-1,19,1,3,1,1,5,1,-1,sum,E,6,0,6,2,0,1,0,0,6,1,6
62,neutrino_G3,,1,-1,20,2,3,1,1,6,1,-1,product,N,6,0,6,2,0,1,0,0,6,9,6
62,neutrino_G3,,1,-1,21,3,3,1,9,6,1,-1,torsion,STAY,9,0,9,3,0,1,0,1,6,9,6
62,neutrino_G3,,1,-1,22,4,3,1,9,6,1,-1,sum,E,15,1,6,2,0,1,0,0,7,9,7
62,neutrino_G3,,1,-1,23,5,3,1,9,7,1,-1,product,N,63,6,9,3,0,1,0,0,6,8,7
62,neutrino_G3,,1,-1,24,6,3,1,8,7,1,-1,torsion,STAY,9,0,9,3,0,1,0,0,6,8,7
62,neutrino_G3,,1,-1,25,7,3,1,8,7,1,-1,sum,E,15,1,6,2,0,1,0,0,6,8,8
62,neutrino_G3,,1,-1,26,8,3,1,8,8,1,-1,product,N,64,7,1,0,1,1,0,0,6,7,8
62,neutrino_G3,,1,-1,27,9,3,1,7,8,1,-1,torsion,STAY,9,0,9,3,0,1,1,0,6,7,8
62,neutrino_G3,,1,-1,28,1,4,2,7,8,-1,1,sum,W,15,1,6,2,0,-1,0,0,6,7,7
62,neutrino_G3,,1,-1,29,2,4,2,7,7,-1,1,product,S,49,5,4,1,1,-1,0,0,6,8,7
62,neutrino_G3,,1,-1,30,3,4,2,8,7,-1,1,torsion,STAY,9,0,9,3,0,-1,0,0,6,8,7
62,neutrino_G3,,1,-1,31,4,4,2,8,7,-1,1,sum,W,15,1,6,2,0,-1,0,0,6,8,6
62,neutrino_G3,,1,-1,32,5,4,2,8,6,-1,1,product,S,48,5,3,1,0,-1,0,0,6,9,6
62,neutrino_G3,,1,-1,33,6,4,2,9,6,-1,1,torsion,STAY,9,0,9,3,0,-1,0,0,6,9,6
62,neutrino_G3,,1,-1,34,7,4,2,9,6,-1,1,sum,W,15,1,6,2,0,-1,0,0,6,9,5
62,neutrino_G3,,1,-1,35,8,4,2,9,5,-1,1,product,S,45,4,9,3,0,-1,0,0,6,1,5
62,neutrino_G3,,1,-1,36,9,4,2,1,5,-1,1,torsion,STAY,9,0,9,3,0,-1,0,0,6,1,5
62,neutrino_G3,,1,-1,37,1,5,2,1,5,-1,1,sum,W,6,0,6,2,0,-1,0,0,6,1,4
62,neutrino_G3,,1,-1,38,2,5,2,1,4,-1,1,product,S,4,0,4,1,1,-1,0,0,6,2,4
62,neutrino_G3,,1,-1,39,3,5,2,2,4,-1,1,torsion,STAY,9,0,9,3,0,-1,0,0,6,2,4
62,neutrino_G3,,1,-1,40,4,5,2,2,4,-1,1,sum,W,6,0,6,2,0,-1,0,0,6,2,3
62,neutrino_G3,,1,-1,41,5,5,2,2,3,-1,1,product,S,6,0,6,2,0,-1,0,0,6,3,3
62,neutrino_G3,,1,-1,42,6,5,2,3,3,-1,1,torsion,STAY,9,0,9,3,0,-1,0,0,6,3,3
62,neutrino_G3,,1,-1,43,7,5,2,3,3,-1,1,sum,W,6,0,6,2,0,-1,0,1,6,3,2
62,neutrino_G3,,1,-1,44,8,5,2,3,2,-1,1,product,S,6,0,6,2,0,-1,0,0,7,4,2
62,neutrino_G3,,1,-1,45,9,5,2,4,2,-1,1,torsion,STAY,9,0,9,3,0,-1,0,0,6,4,2
62,neutrino_G3,,1,-1,46,1,6,2,4,2,-1,1,sum,W,6,0,6,2,0,-1,0,0,6,4,1
62,neutrino_G3,,1,-1,47,2,6,2,4,1,-1,1,product,S,4,0,4,1,1,-1,0,0,6,5,1
62,neutrino_G3,,1,-1,48,3,6,2,5,1,-1,1,torsion,STAY,9,0,9,3,0,-1,0,0,6,5,1
62,neutrino_G3,,1,-1,49,4,6,2,5,1,-1,1,sum,W,6,0,6,2,0,-1,0,0,6,5,9
62,neutrino_G3,,1,-1,50,5,6,2,5,9,-1,1,product,S,45,4,9,3,0,-1,0,0,6,6,9
62,neutrino_G3,,1,-1,51,6,6,2,6,9,-1,1,torsion,STAY,9,0,9,3,0,-1,0,0,6,6,9
62,neutrino_G3,,1,-1,52,7,6,2,6,9,-1,1,sum,W,15,1,6,2,0,-1,0,0,6,6,8
62,neutrino_G3,,1,-1,53,8,6,2,6,8,-1,1,product,S,48,5,3,1,0,-1,0,0,6,7,8
62,neutrino_G3,,1,-1,54,9,6,2,7,8,-1,1,torsion,STAY,9,0,9,3,0,-1,1,0,6,7,8
62,neutrino_G3,,1,-1,55,1,7,3,7,8,1,-1,sum,E,15,1,6,2,0,1,0,0,6,7,9
62,neutrino_G3,,1,-1,56,2,7,3,7,9,1,-1,product,N,63,6,9,3,0,1,0,0,6,6,9
62,neutrino_G3,,1,-1,57,3,7,3,6,9,1,-1,torsion,STAY,9,0,9,3,0,1,0,0,6,6,9
62,neutrino_G3,,1,-1,58,4,7,3,6,9,1,-1,sum,E,15,1,6,2,0,1,0,0,6,6,1
62,neutrino_G3,,1,-1,59,5,7,3,6,1,1,-1,product,N,6,0,6,2,0,1,0,0,6,5,1
62,neutrino_G3,,1,-1,60,6,7,3,5,1,1,-1,torsion,STAY,9,0,9,3,0,1,0,0,6,5,1
62,neutrino_G3,,1,-1,61,7,7,3,5,1,1,-1,sum,E,6,0,6,2,0,1,0,0,6,5,2
62,neutrino_G3,,1,-1,62,8,7,3,5,2,1,-1,product,N,10,1,1,0,1,1,0,0,6,4,2
62,neutrino_G3,,1,-1,63,9,7,3,4,2,1,-1,torsion,STAY,9,0,9,3,0,1,0,0,6,4,2
62,neutrino_G3,,1,-1,64,1,8,3,4,2,1,-1,sum,E,6,0,6,2,0,1,0,0,6,4,3
62,neutrino_G3,,1,-1,65,2,8,3,4,3,1,-1,product,N,12,1,3,1,0,1,0,1,6,3,3
62,neutrino_G3,,1,-1,66,3,8,3,3,3,1,-1,torsion,STAY,9,0,9,3,0,1,0,0,7,3,3
62,neutrino_G3,,1,-1,67,4,8,3,3,3,1,-1,sum,E,6,0,6,2,0,1,0,0,6,3,4
62,neutrino_G3,,1,-1,68,5,8,3,3,4,1,-1,product,N,12,1,3,1,0,1,0,0,6,2,4
62,neutrino_G3,,1,-1,69,6,8,3,2,4,1,-1,torsion,STAY,9,0,9,3,0,1,0,0,6,2,4
62,neutrino_G3,,1,-1,70,7,8,3,2,4,1,-1,sum,E,6,0,6,2,0,1,0,0,6,2,5
62,neutrino_G3,,1,-1,71,8,8,3,2,5,1,-1,product,N,10,1,1,0,1,1,0,0,6,1,5
62,neutrino_G3,,1,-1,72,9,8,3,1,5,1,-1,torsion,STAY,9,0,9,3,0,1,0,0,6,1,5
62,neutrino_G3,,1,-1,73,1,9,3,1,5,1,-1,sum,E,6,0,6,2,0,1,0,0,6,1,6
62,neutrino_G3,,1,-1,74,2,9,3,1,6,1,-1,product,N,6,0,6,2,0,1,0,0,6,9,6
62,neutrino_G3,,1,-1,75,3,9,3,9,6,1,-1,torsion,STAY,9,0,9,3,0,1,0,0,6,9,6
62,neutrino_G3,,1,-1,76,4,9,3,9,6,1,-1,sum,E,15,1,6,2,0,1,0,0,6,9,7
62,neutrino_G3,,1,-1,77,5,9,3,9,7,1,-1,product,N,63,6,9,3,0,1,0,0,6,8,7
62,neutrino_G3,,1,-1,78,6,9,3,8,7,1,-1,torsion,STAY,9,0,9,3,0,1,0,0,6,8,7
62,neutrino_G3,,1,-1,79,7,9,3,8,7,1,-1,sum,E,15,1,6,2,0,1,0,0,6,8,8
62,neutrino_G3,,1,-1,80,8,9,3,8,8,1,-1,product,N,64,7,1,0,1,1,0,0,6,7,8
62,neutrino_G3,,1,-1,81,9,9,3,7,8,1,-1,torsion,STAY,9,0,9,3,0,1,1,0,6,7,8
62,neutrino_G3,,1,-1,82,1,10,4,7,8,-1,1,sum,W,15,1,6,2,0,-1,0,0,6,7,7
62,neutrino_G3,,1,-1,83,2,10,4,7,7,-1,1,product,S,49,5,4,1,1,-1,0,0,6,8,7
62,neutrino_G3,,1,-1,84,3,10,4,8,7,-1,1,torsion,STAY,9,0,9,3,0,-1,0,0,6,8,7
62,neutrino_G3,,1,-1,85,4,10,4,8,7,-1,1,sum,W,15,1,6,2,0,-1,0,0,6,8,6
62,neutrino_G3,,1,-1,86,5,10,4,8,6,-1,1,product,S,48,5,3,1,0,-1,0,0,6,9,6
62,neutrino_G3,,1,-1,87,6,10,4,9,6,-1,1,torsion,STAY,9,0,9,3,0,-1,0,1,6,9,6
62,neutrino_G3,,1,-1,88,7,10,4,9,6,-1,1,sum,W,15,1,6,2,0,-1,0,0,7,9,5
62,neutrino_G3,,1,-1,89,8,10,4,9,5,-1,1,product,S,45,4,9,3,0,-1,0,0,6,1,5
62,neutrino_G3,,1,-1,90,9,10,4,1,5,-1,1,torsion,STAY,9,0,9,3,0,-1,0,0,6,1,5
62,neutrino_G3,,1,-1,91,1,11,4,1,5,-1,1,sum,W,6,0,6,2,0,-1,0,0,6,1,4
62,neutrino_G3,,1,-1,92,2,11,4,1,4,-1,1,product,S,4,0,4,1,1,-1,0,0,6,2,4
62,neutrino_G3,,1,-1,93,3,11,4,2,4,-1,1,torsion,STAY,9,0,9,3,0,-1,0,0,6,2,4
62,neutrino_G3,,1,-1,94,4,11,4,2,4,-1,1,sum,W,6,0,6,2,0,-1,0,0,6,2,3
62,neutrino_G3,,1,-1,95,5,11,4,2,3,-1,1,product,S,6,0,6,2,0,-1,0,0,6,3,3
62,neutrino_G3,,1,-1,96,6,11,4,3,3,-1,1,torsion,STAY,9,0,9,3,0,-1,0,0,6,3,3
62,neutrino_G3,,1,-1,97,7,11,4,3,3,-1,1,sum,W,6,0,6,2,0,-1,0,0,6,3,2
62,neutrino_G3,,1,-1,98,8,11,4,3,2,-1,1,product,S,6,0,6,2,0,-1,0,0,6,4,2
62,neutrino_G3,,1,-1,99,9,11,4,4,2,-1,1,torsion,STAY,9,0,9,3,0,-1,0,0,6,4,2
62,neutrino_G3,,1,-1,100,1,12,4,4,2,-1,1,sum,W,6,0,6,2,0,-1,0,0,6,4,1
62,neutrino_G3,,1,-1,101,2,12,4,4,1,-1,1,product,S,4,0,4,1,1,-1,0,0,6,5,1
62,neutrino_G3,,1,-1,102,3,12,4,5,1,-1,1,torsion,STAY,9,0,9,3,0,-1,0,0,6,5,1
62,neutrino_G3,,1,-1,103,4,12,4,5,1,-1,1,sum,W,6,0,6,2,0,-1,0,0,6,5,9
62,neutrino_G3,,1,-1,104,5,12,4,5,9,-1,1,product,S,45,4,9,3,0,-1,0,0,6,6,9
62,neutrino_G3,,1,-1,105,6,12,4,6,9,-1,1,torsion,STAY,9,0,9,3,0,-1,0,0,6,6,9
62,neutrino_G3,,1,-1,106,7,12,4,6,9,-1,1,sum,W,15,1,6,2,0,-1,0,0,6,6,8
62,neutrino_G3,,1,-1,107,8,12,4,6,8,-1,1,product,S,48,5,3,1,0,-1,0,0,6,7,8
62,neutrino_G3,,1,-1,108,9,12,4,7,8,-1,1,torsion,STAY,9,0,9,3,0,-1,1,0,6,7,8
63,charged_lepton_G4,,1,1,1,1,1,1,7,9,1,1,sum,E,16,1,7,2,1,1,0,0,7,7,1
63,charged_lepton_G4,,1,1,2,2,1,1,7,1,1,1,product,S,7,0,7,2,1,1,0,0,6,8,1
63,charged_lepton_G4,,1,1,3,3,1,1,8,1,1,1,torsion,STAY,9,0,9,3,0,1,0,0,6,8,1
63,charged_lepton_G4,,1,1,4,4,1,1,8,1,1,1,sum,E,9,0,9,3,0,1,0,0,6,8,2
63,charged_lepton_G4,,1,1,5,5,1,1,8,2,1,1,product,S,16,1,7,2,1,1,0,0,6,9,2
63,charged_lepton_G4,,1,1,6,6,1,1,9,2,1,1,torsion,STAY,9,0,9,3,0,1,0,0,6,9,2
63,charged_lepton_G4,,1,1,7,7,1,1,9,2,1,1,sum,E,11,1,2,0,2,1,0,0,6,9,3
63,charged_lepton_G4,,1,1,8,8,1,1,9,3,1,1,product,S,27,2,9,3,0,1,0,0,6,1,3
63,charged_lepton_G4,,1,1,9,9,1,1,1,3,1,1,torsion,STAY,9,0,9,3,0,1,0,0,6,1,3
63,charged_lepton_G4,,1,1,10,1,2,1,1,3,1,1,sum,E,4,0,4,1,1,1,0,0,6,1,4
63,charged_lepton_G4,,1,1,11,2,2,1,1,4,1,1,product,S,4,0,4,1,1,1,0,0,6,2,4
63,charged_lepton_G4,,1,1,12,3,2,1,2,4,1,1,torsion,STAY,9,0,9,3,0,1,0,0,6,2,4
63,charged_lepton_G4,,1,1,13,4,2,1,2,4,1,1,sum,E,6,0,6,2,0,1,0,0,6,2,5
63,charged_lepton_G4,,1,1,14,5,2,1,2,5,1,1,product,S,10,1,1,0,1,1,0,0,6,3,5
63,charged_lepton_G4,,1,1,15,6,2,1,3,5,1,1,torsion,STAY,9,0,9,3,0,1,0,0,6,3,5
63,charged_lepton_G4,,1,1,16,7,2,1,3,5,1,1,sum,E,8,0,8,2,2,1,0,0,6,3,6
63,charged_lepton_G4,,1,1,17,8,2,1,3,6,1,1,product,S,18,1,9,3,0,1,0,0,6,4,6
63,charged_lepton_G4,,1,1,18,9,2,1,4,6,1,1,torsion,STAY,9,0,9,3,0,1,0,0,6,4,6
63,charged_lepton_G4,,1,1,19,1,3,1,4,6,1,1,sum,E,10,1,1,0,1,1,0,0,6,4,7
63,charged_lepton_G4,,1,1,20,2,3,1,4,7,1,1,product,S,28,3,1,0,1,1,0,0,6,5,7
63,charged_lepton_G4,,1,1,21,3,3,1,5,7,1,1,torsion,STAY,9,0,9,3,0,1,0,1,6,5,7
63,charged_lepton_G4,,1,1,22,4,3,1,5,7,1,1,sum,E,12,1,3,1,0,1,0,0,7,5,8
63,charged_lepton_G4,,1,1,23,5,3,1,5,8,1,1,product,S,40,4,4,1,1,1,0,0,6,6,8
63,charged_lepton_G4,,1,1,24,6,3,1,6,8,1,1,torsion,STAY,9,0,9,3,0,1,0,0,6,6,8
63,charged_lepton_G4,,1,1,25,7,3,1,6,8,1,1,sum,E,14,1,5,1,2,1,0,0,6,6,9
63,charged_lepton_G4,,1,1,26,8,3,1,6,9,1,1,product,S,54,5,9,3,0,1,0,0,6,7,9
63,charged_lepton_G4,,1,1,27,9,3,1,7,9,1,1,torsion,STAY,9,0,9,3,0,1,1,0,6,7,9
63,charged_lepton_G4,,1,1,28,1,4,2,7,9,-1,-1,sum,W,16,1,7,2,1,-1,0,0,6,7,8
63,charged_lepton_G4,,1,1,29,2,4,2,7,8,-1,-1,product,N,56,6,2,0,2,-1,0,0,6,6,8
63,charged_lepton_G4,,1,1,30,3,4,2,6,8,-1,-1,torsion,STAY,9,0,9,3,0,-1,0,0,6,6,8
63,charged_lepton_G4,,1,1,31,4,4,2,6,8,-1,-1,sum,W,14,1,5,1,2,-1,0,0,6,6,7
63,charged_lepton_G4,,1,1,32,5,4,2,6,7,-1,-1,product,N,42,4,6,2,0,-1,0,0,6,5,7
63,charged_lepton_G4,,1,1,33,6,4,2,5,7,-1,-1,torsion,STAY,9,0,9,3,0,-1,0,0,6,5,7
63,charged_lepton_G4,,1,1,34,7,4,2,5,7,-1,-1,sum,W,12,1,3,1,0,-1,0,0,6,5,6
63,charged_lepton_G4,,1,1,35,8,4,2,5,6,-1,-1,product,N,30,3,3,1,0,-1,0,0,6,4,6
63,charged_lepton_G4,,1,1,36,9,4,2,4,6,-1,-1,torsion,STAY,9,0,9,3,0,-1,0,0,6,4,6
63,charged_lepton_G4,,1,1,37,1,5,2,4,6,-1,-1,sum,W,10,1,1,0,1,-1,0,0,6,4,5
63,charged_lepton_G4,,1,1,38,2,5,2,4,5,-1,-1,product,N,20,2,2,0,2,-1,0,0,6,3,5
63,charged_lepton_G4,,1,1,39,3,5,2,3,5,-1,-1,torsion,STAY,9,0,9,3,0,-1,0,0,6,3,5
63,charged_lepton_G4,,1,1,40,4,5,2,3,5,-1,-1,sum,W,8,0,8,2,2,-1,0,0,6,3,4
63,charged_lepton_G4,,1,1,41,5,5,2,3,4,-1,-1,product,N,12,1,3,1,0,-1,0,0,6,2,4
63,charged_lepton_G4,,1,1,42,6,5,2,2,4,-1,-1,torsion,STAY,9,0,9,3,0,-1,0,0,6,2,4
63,charged_lepton_G4,,1,1,43,7,5,2,2,4,-1,-1,sum,W,6,0,6,2,0,-1,0,1,6,2,3
63,charged_lepton_G4,,1,1,44,8,5,2,2,3,-1,-1,product,N,6,0,6,2,0,-1,0,0,7,1,3
63,charged_lepton_G4,,1,1,45,9,5,2,1,3,-1,-1,torsion,STAY,9,0,9,3,0,-1,0,0,6,1,3
63,charged_lepton_G4,,1,1,46,1,6,2,1,3,-1,-1,sum,W,4,0,4,1,1,-1,0,0,6,1,2
63,charged_lepton_G4,,1,1,47,2,6,2,1,2,-1,-1,product,N,2,0,2,0,2,-1,0,0,6,9,2
63,charged_lepton_G4,,1,1,48,3,6,2,9,2,-1,-1,torsion,STAY,9,0,9,3,0,-1,0,0,6,9,2
63,charged_lepton_G4,,1,1,49,4,6,2,9,2,-1,-1,sum,W,11,1,2,0,2,-1,0,0,6,9,1
63,charged_lepton_G4,,1,1,50,5,6,2,9,1,-1,-1,product,N,9,0,9,3,0,-1,0,0,6,8,1
63,charged_lepton_G4,,1,1,51,6,6,2,8,1,-1,-1,torsion,STAY,9,0,9,3,0,-1,0,0,6,8,1
63,charged_lepton_G4,,1,1,52,7,6,2,8,1,-1,-1,sum,W,9,0,9,3,0,-1,0,0,6,8,9
63,charged_lepton_G4,,1,1,53,8,6,2,8,9,-1,-1,product,N,72,7,9,3,0,-1,0,0,6,7,9
63,charged_lepton_G4,,1,1,54,9,6,2,7,9,-1,-1,torsion,STAY,9,0,9,3,0,-1,1,0,6,7,9
63,charged_lepton_G4,,1,1,55,1,7,3,7,9,1,1,sum,E,16,1,7,2,1,1,0,0,6,7,1
63,charged_lepton_G4,,1,1,56,2,7,3,7,1,1,1,product,S,7,0,7,2,1,1,0,0,6,8,1
63,charged_lepton_G4,,1,1,57,3,7,3,8,1,1,1,torsion,STAY,9,0,9,3,0,1,0,0,6,8,1
63,charged_lepton_G4,,1,1,58,4,7,3,8,1,1,1,sum,E,9,0,9,3,0,1,0,0,6,8,2
63,charged_lepton_G4,,1,1,59,5,7,3,8,2,1,1,product,S,16,1,7,2,1,1,0,0,6,9,2
63,charged_lepton_G4,,1,1,60,6,7,3,9,2,1,1,torsion,STAY,9,0,9,3,0,1,0,0,6,9,2
63,charged_lepton_G4,,1,1,61,7,7,3,9,2,1,1,sum,E,11,1,2,0,2,1,0,0,6,9,3
63,charged_lepton_G4,,1,1,62,8,7,3,9,3,1,1,product,S,27,2,9,3,0,1,0,0,6,1,3
63,charged_lepton_G4,,1,1,63,9,7,3,1,3,1,1,torsion,STAY,9,0,9,3,0,1,0,0,6,1,3
63,charged_lepton_G4,,1,1,64,1,8,3,1,3,1,1,sum,E,4,0,4,1,1,1,0,0,6,1,4
63,charged_lepton_G4,,1,1,65,2,8,3,1,4,1,1,product,S,4,0,4,1,1,1,0,1,6,2,4
63,charged_lepton_G4,,1,1,66,3,8,3,2,4,1,1,torsion,STAY,9,0,9,3,0,1,0,0,7,2,4
63,charged_lepton_G4,,1,1,67,4,8,3,2,4,1,1,sum,E,6,0,6,2,0,1,0,0,6,2,5
63,charged_lepton_G4,,1,1,68,5,8,3,2,5,1,1,product,S,10,1,1,0,1,1,0,0,6,3,5
63,charged_lepton_G4,,1,1,69,6,8,3,3,5,1,1,torsion,STAY,9,0,9,3,0,1,0,0,6,3,5
63,charged_lepton_G4,,1,1,70,7,8,3,3,5,1,1,sum,E,8,0,8,2,2,1,0,0,6,3,6
63,charged_lepton_G4,,1,1,71,8,8,3,3,6,1,1,product,S,18,1,9,3,0,1,0,0,6,4,6
63,charged_lepton_G4,,1,1,72,9,8,3,4,6,1,1,torsion,STAY,9,0,9,3,0,1,0,0,6,4,6
63,charged_lepton_G4,,1,1,73,1,9,3,4,6,1,1,sum,E,10,1,1,0,1,1,0,0,6,4,7
63,charged_lepton_G4,,1,1,74,2,9,3,4,7,1,1,product,S,28,3,1,0,1,1,0,0,6,5,7
63,charged_lepton_G4,,1,1,75,3,9,3,5,7,1,1,torsion,STAY,9,0,9,3,0,1,0,0,6,5,7
63,charged_lepton_G4,,1,1,76,4,9,3,5,7,1,1,sum,E,12,1,3,1,0,1,0,0,6,5,8
63,charged_lepton_G4,,1,1,77,5,9,3,5,8,1,1,product,S,40,4,4,1,1,1,0,0,6,6,8
63,charged_lepton_G4,,1,1,78,6,9,3,6,8,1,1,torsion,STAY,9,0,9,3,0,1,0,0,6,6,8
63,charged_lepton_G4,,1,1,79,7,9,3,6,8,1,1,sum,E,14,1,5,1,2,1,0,0,6,6,9
63,charged_lepton_G4,,1,1,80,8,9,3,6,9,1,1,product,S,54,5,9,3,0,1,0,0,6,7,9
63,charged_lepton_G4,,1,1,81,9,9,3,7,9,1,1,torsion,STAY,9,0,9,3,0,1,1,0,6,7,9
63,charged_lepton_G4,,1,1,82,1,10,4,7,9,-1,-1,sum,W,16,1,7,2,1,-1,0,0,6,7,8
63,charged_lepton_G4,,1,1,83,2,10,4,7,8,-1,-1,product,N,56,6,2,0,2,-1,0,0,6,6,8
63,charged_lepton_G4,,1,1,84,3,10,4,6,8,-1,-1,torsion,STAY,9,0,9,3,0,-1,0,0,6,6,8
63,charged_lepton_G4,,1,1,85,4,10,4,6,8,-1,-1,sum,W,14,1,5,1,2,-1,0,0,6,6,7
63,charged_lepton_G4,,1,1,86,5,10,4,6,7,-1,-1,product,N,42,4,6,2,0,-1,0,0,6,5,7
63,charged_lepton_G4,,1,1,87,6,10,4,5,7,-1,-1,torsion,STAY,9,0,9,3,0,-1,0,1,6,5,7
63,charged_lepton_G4,,1,1,88,7,10,4,5,7,-1,-1,sum,W,12,1,3,1,0,-1,0,0,7,5,6
63,charged_lepton_G4,,1,1,89,8,10,4,5,6,-1,-1,product,N,30,3,3,1,0,-1,0,0,6,4,6
63,charged_lepton_G4,,1,1,90,9,10,4,4,6,-1,-1,torsion,STAY,9,0,9,3,0,-1,0,0,6,4,6
63,charged_lepton_G4,,1,1,91,1,11,4,4,6,-1,-1,sum,W,10,1,1,0,1,-1,0,0,6,4,5
63,charged_lepton_G4,,1,1,92,2,11,4,4,5,-1,-1,product,N,20,2,2,0,2,-1,0,0,6,3,5
63,charged_lepton_G4,,1,1,93,3,11,4,3,5,-1,-1,torsion,STAY,9,0,9,3,0,-1,0,0,6,3,5
63,charged_lepton_G4,,1,1,94,4,11,4,3,5,-1,-1,sum,W,8,0,8,2,2,-1,0,0,6,3,4
63,charged_lepton_G4,,1,1,95,5,11,4,3,4,-1,-1,product,N,12,1,3,1,0,-1,0,0,6,2,4
63,charged_lepton_G4,,1,1,96,6,11,4,2,4,-1,-1,torsion,STAY,9,0,9,3,0,-1,0,0,6,2,4
63,charged_lepton_G4,,1,1,97,7,11,4,2,4,-1,-1,sum,W,6,0,6,2,0,-1,0,0,6,2,3
63,charged_lepton_G4,,1,1,98,8,11,4,2,3,-1,-1,product,N,6,0,6,2,0,-1,0,0,6,1,3
63,charged_lepton_G4,,1,1,99,9,11,4,1,3,-1,-1,torsion,STAY,9,0,9,3,0,-1,0,0,6,1,3
63,charged_lepton_G4,,1,1,100,1,12,4,1,3,-1,-1,sum,W,4,0,4,1,1,-1,0,0,6,1,2
63,charged_lepton_G4,,1,1,101,2,12,4,1,2,-1,-1,product,N,2,0,2,0,2,-1,0,0,6,9,2
63,charged_lepton_G4,,1,1,102,3,12,4,9,2,-1,-1,torsion,STAY,9,0,9,3,0,-1,0,0,6,9,2
63,charged_lepton_G4,,1,1,103,4,12,4,9,2,-1,-1,sum,W,11,1,2,0,2,-1,0,0,6,9,1
63,charged_lepton_G4,,1,1,104,5,12,4,9,1,-1,-1,product,N,9,0,9,3,0,-1,0,0,6,8,1
63,charged_lepton_G4,,1,1,105,6,12,4,8,1,-1,-1,torsion,STAY,9,0,9,3,0,-1,0,0,6,8,1
63,charged_lepton_G4,,1,1,106,7,12,4,8,1,-1,-1,sum,W,9,0,9,3,0,-1,0,0,6,8,9
63,charged_lepton_G4,,1,1,107,8,12,4,8,9,-1,-1,product,N,72,7,9,3,0,-1,0,0,6,7,9
63,charged_lepton_G4,,1,1,108,9,12,4,7,9,-1,-1,torsion,STAY,9,0,9,3,0,-1,1,0,6,7,9
64,quark_down_G4,G,1,-1,1,1,1,1,8,1,1,-1,sum,E,9,0,9,3,0,1,0,0,7,8,2
64,quark_down_G4,G,1,-1,2,2,1,1,8,2,1,-1,product,N,16,1,7,2,1,1,0,0,6,7,2
64,quark_down_G4,G,1,-1,3,3,1,1,7,2,1,-1,torsion,STAY,9,0,9,3,0,1,0,0,6,7,2
64,quark_down_G4,G,1,-1,4,4,1,1,7,2,1,-1,sum,E,9,0,9,3,0,1,0,0,6,7,3
64,quark_down_G4,G,1,-1,5,5,1,1,7,3,1,-1,product,N,21,2,3,1,0,1,0,0,6,6,3
64,quark_down_G4,G,1,-1,6,6,1,1,6,3,1,-1,torsion,STAY,9,0,9,3,0,1,0,0,6,6,3
64,quark_down_G4,G,1,-1,7,7,1,1,6,3,1,-1,sum,E,9,0,9,3,0,1,0,0,6,6,4
64,quark_down_G4,G,1,-1,8,8,1,1,6,4,1,-1,product,N,24,2,6,2,0,1,0,0,6,5,4
64,quark_down_G4,G,1,-1,9,9,1,1,5,4,1,-1,torsion,STAY,9,0,9,3,0,1,0,0,6,5,4
64,quark_down_G4,G,1,-1,10,1,2,1,5,4,1,-1,sum,E,9,0,9,3,0,1,0,0,6,5,5
64,quark_down_G4,G,1,-1,11,2,2,1,5,5,1,-1,product,N,25,2,7,2,1,1,0,0,6,4,5
64,quark_down_G4,G,1,-1,12,3,2,1,4,5,1,-1,torsion,STAY,9,0,9,3,0,1,0,0,6,4,5
64,quark_down_G4,G,1,-1,13,4,2,1,4,5,1,-1,sum,E,9,0,9,3,0,1,0,0,6,4,6
64,quark_down_G4,G,1,-1,14,5,2,1,4,6,1,-1,product,N,24,2,6,2,0,1,0,0,6,3,6
64,quark_down_G4,G,1,-1,15,6,2,1,3,6,1,-1,torsion,STAY,9,0,9,3,0,1,0,0,6,3,6
64,quark_down_G4,G,1,-1,16,7,2,1,3,6,1,-1,sum,E,9,0,9,3,0,1,0,0,6,3,7
64,quark_down_G4,G,1,-1,17,8,2,1,3,7,1,-1,product,N,21,2,3,1,0,1,0,0,6,2,7
64,quark_down_G4,G,1,-1,18,9,2,1,2,7,1,-1,torsion,STAY,9,0,9,3,0,1,0,0,6,2,7
64,quark_down_G4,G,1,-1,19,1,3,1,2,7,1,-1,sum,E,9,0,9,3,0,1,0,0,6,2,8
64,quark_down_G4,G,1,-1,20,2,3,1,2,8,1,-1,product,N,16,1,7,2,1,1,0,0,6,1,8
64,quark_down_G4,G,1,-1,21,3,3,1,1,8,1,-1,torsion,STAY,9,0,9,3,0,1,0,1,6,1,8
64,quark_down_G4,G,1,-1,22,4,3,1,1,8,1,-1,sum,E,9,0,9,3,0,1,0,0,7,1,9
64,quark_down_G4,G,1,-1,23,5,3,1,1,9,1,-1,product,N,9,0,9,3,0,1,0,0,6,9,9
64,quark_down_G4,G,1,-1,24,6,3,1,9,9,1,-1,torsion,STAY,9,0,9,3,0,1,0,0,6,9,9
64,quark_down_G4,G,1,-1,25,7,3,1,9,9,1,-1,sum,E,18,1,9,3,0,1,0,0,6,9,1
64,quark_down_G4,G,1,-1,26,8,3,1,9,1,1,-1,product,N,9,0,9,3,0,1,0,0,6,8,1
64,quark_down_G4,G,1,-1,27,9,3,1,8,1,1,-1,torsion,STAY,9,0,9,3,0,1,1,0,6,8,1
64,quark_down_G4,G,1,-1,28,1,4,2,8,1,-1,1,sum,W,9,0,9,3,0,-1,0,0,6,8,9
64,quark_down_G4,G,1,-1,29,2,4,2,8,9,-1,1,product,S,72,7,9,3,0,-1,0,0,6,9,9
64,quark_down_G4,G,1,-1,30,3,4,2,9,9,-1,1,torsion,STAY,9,0,9,3,0,-1,0,0,6,9,9
64,quark_down_G4,G,1,-1,31,4,4,2,9,9,-1,1,sum,W,18,1,9,3,0,-1,0,0,6,9,8
64,quark_down_G4,G,1,-1,32,5,4,2,9,8,-1,1,product,S,72,7,9,3,0,-1,0,0,6,1,8
64,quark_down_G4,G,1,-1,33,6,4,2,1,8,-1,1,torsion,STAY,9,0,9,3,0,-1,0,0,6,1,8
64,quark_down_G4,G,1,-1,34,7,4,2,1,8,-1,1,sum,W,9,0,9,3,0,-1,0,0,6,1,7
64,quark_down_G4,G,1,-1,35,8,4,2,1,7,-1,1,product,S,7,0,7,2,1,-1,0,0,6,2,7
64,quark_down_G4,G,1,-1,36,9,4,2,2,7,-1,1,torsion,STAY,9,0,9,3,0,-1,0,0,6,2,7
64,quark_down_G4,G,1,-1,37,1,5,2,2,7,-1,1,sum,W,9,0,9,3,0,-1,0,0,6,2,6
64,quark_down_G4,G,1,-1,38,2,5,2,2,6,-1,1,product,S,12,1,3,1,0,-1,0,0,6,3,6
64,quark_down_G4,G,1,-1,39,3,5,2,3,6,-1,1,torsion,STAY,9,0,9,3,0,-1,0,0,6,3,6
64,quark_down_G4,G,1,-1,40,4,5,2,3,6,-1,1,sum,W,9,0,9,3,0,-1,0,0,6,3,5
64,quark_down_G4,G,1,-1,41,5,5,2,3,5,-1,1,product,S,15,1,6,2,0,-1,0,0,6,4,5
64,quark_down_G4,G,1,-1,42,6,5,2,4,5,-1,1,torsion,STAY,9,0,9,3,0,-1,0,0,6,4,5
64,quark_down_G4,G,1,-1,43,7,5,2,4,5,-1,1,sum,W,9,0,9,3,0,-1,0,1,6,4,4
64,quark_down_G4,G,1,-1,44,8,5,2,4,4,-1,1,product,S,16,1,7,2,1,-1,0,0,7,5,4
64,quark_down_G4,G,1,-1,45,9,5,2,5,4,-1,1,torsion,STAY,9,0,9,3,0,-1,0,0,6,5,4
64,quark_down_G4,G,1,-1,46,1,6,2,5,4,-1,1,sum,W,9,0,9,3,0,-1,0,0,6,5,3
64,quark_down_G4,G,1,-1,47,2,6,2,5,3,-1,1,product,S,15,1,6,2,0,-1,0,0,6,6,3
64,quark_down_G4,G,1,-1,48,3,6,2,6,3,-1,1,torsion,STAY,9,0,9,3,0,-1,0,0,6,6,3
64,quark_down_G4,G,1,-1,49,4,6,2,6,3,-1,1,sum,W,9,0,9,3,0,-1,0,0,6,6,2
64,quark_down_G4,G,1,-1,50,5,6,2,6,2,-1,1,product,S,12,1,3,1,0,-1,0,0,6,7,2
64,quark_down_G4,G,1,-1,51,6,6,2,7,2,-1,1,torsion,STAY,9,0,9,3,0,-1,0,0,6,7,2
64,quark_down_G4,G,1,-1,52,7,6,2,7,2,-1,1,sum,W,9,0,9,3,0,-1,0,0,6,7,1
64,quark_down_G4,G,1,-1,53,8,6,2,7,1,-1,1,product,S,7,0,7,2,1,-1,0,0,6,8,1
64,quark_down_G4,G,1,-1,54,9,6,2,8,1,-1,1,torsion,STAY,9,0,9,3,0,-1,1,0,6,8,1
64,quark_down_G4,G,1,-1,55,1,7,3,8,1,1,-1,sum,E,9,0,9,3,0,1,0,0,6,8,2
64,quark_down_G4,G,1,-1,56,2,7,3,8,2,1,-1,product,N,16,1,7,2,1,1,0,0,6,7,2
64,quark_down_G4,G,1,-1,57,3,7,3,7,2,1,-1,torsion,STAY,9,0,9,3,0,1,0,0,6,7,2
64,quark_down_G4,G,1,-1,58,4,7,3,7,2,1,-1,sum,E,9,0,9,3,0,1,0,0,6,7,3
64,quark_down_G4,G,1,-1,59,5,7,3,7,3,1,-1,product,N,21,2,3,1,0,1,0,0,6,6,3
64,quark_down_G4,G,1,-1,60,6,7,3,6,3,1,-1,torsion,STAY,9,0,9,3,0,1,0,0,6,6,3
64,quark_down_G4,G,1,-1,61,7,7,3,6,3,1,-1,sum,E,9,0,9,3,0,1,0,0,6,6,4
64,quark_down_G4,G,1,-1,62,8,7,3,6,4,1,-1,product,N,24,2,6,2,0,1,0,0,6,5,4
64,quark_down_G4,G,1,-1,63,9,7,3,5,4,1,-1,torsion,STAY,9,0,9,3,0,1,0,0,6,5,4
64,quark_down_G4,G,1,-1,64,1,8,3,5,4,1,-1,sum,E,9,0,9,3,0,1,0,0,6,5,5
64,quark_down_G4,G,1,-1,65,2,8,3,5,5,1,-1,product,N,25,2,7,2,1,1,0,1,6,4,5
64,quark_down_G4,G,1,-1,66,3,8,3,4,5,1,-1,torsion,STAY,9,0,9,3,0,1,0,0,7,4,5
64,quark_down_G4,G,1,-1,67,4,8,3,4,5,1,-1,sum,E,9,0,9,3,0,1,0,0,6,4,6
64,quark_down_G4,G,1,-1,68,5,8,3,4,6,1,-1,product,N,24,2,6,2,0,1,0,0,6,3,6
64,quark_down_G4,G,1,-1,69,6,8,3,3,6,1,-1,torsion,STAY,9,0,9,3,0,1,0,0,6,3,6
64,quark_down_G4,G,1,-1,70,7,8,3,3,6,1,-1,sum,E,9,0,9,3,0,1,0,0,6,3,7
64,quark_down_G4,G,1,-1,71,8,8,3,3,7,1,-1,product,N,21,2,3,1,0,1,0,0,6,2,7
64,quark_down_G4,G,1,-1,72,9,8,3,2,7,1,-1,torsion,STAY,9,0,9,3,0,1,0,0,6,2,7
64,quark_down_G4,G,1,-1,73,1,9,3,2,7,1,-1,sum,E,9,0,9,3,0,1,0,0,6,2,8
64,quark_down_G4,G,1,-1,74,2,9,3,2,8,1,-1,product,N,16,1,7,2,1,1,0,0,6,1,8
64,quark_down_G4,G,1,-1,75,3,9,3,1,8,1,-1,torsion,STAY,9,0,9,3,0,1,0,0,6,1,8
64,quark_down_G4,G,1,-1,76,4,9,3,1,8,1,-1,sum,E,9,0,9,3,0,1,0,0,6,1,9
64,quark_down_G4,G,1,-1,77,5,9,3,1,9,1,-1,product,N,9,0,9,3,0,1,0,0,6,9,9
64,quark_down_G4,G,1,-1,78,6,9,3,9,9,1,-1,torsion,STAY,9,0,9,3,0,1,0,0,6,9,9
64,quark_down_G4,G,1,-1,79,7,9,3,9,9,1,-1,sum,E,18,1,9,3,0,1,0,0,6,9,1
64,quark_down_G4,G,1,-1,80,8,9,3,9,1,1,-1,product,N,9,0,9,3,0,1,0,0,6,8,1
64,quark_down_G4,G,1,-1,81,9,9,3,8,1,1,-1,torsion,STAY,9,0,9,3,0,1,1,0,6,8,1
64,quark_down_G4,G,1,-1,82,1,10,4,8,1,-1,1,sum,W,9,0,9,3,0,-1,0,0,6,8,9
64,quark_down_G4,G,1,-1,83,2,10,4,8,9,-1,1,product,S,72,7,9,3,0,-1,0,0,6,9,9
64,quark_down_G4,G,1,-1,84,3,10,4,9,9,-1,1,torsion,STAY,9,0,9,3,0,-1,0,0,6,9,9
64,quark_down_G4,G,1,-1,85,4,10,4,9,9,-1,1,sum,W,18,1,9,3,0,-1,0,0,6,9,8
64,quark_down_G4,G,1,-1,86,5,10,4,9,8,-1,1,product,S,72,7,9,3,0,-1,0,0,6,1,8
64,quark_down_G4,G,1,-1,87,6,10,4,1,8,-1,1,torsion,STAY,9,0,9,3,0,-1,0,1,6,1,8
64,quark_down_G4,G,1,-1,88,7,10,4,1,8,-1,1,sum,W,9,0,9,3,0,-1,0,0,7,1,7
64,quark_down_G4,G,1,-1,89,8,10,4,1,7,-1,1,product,S,7,0,7,2,1,-1,0,0,6,2,7
64,quark_down_G4,G,1,-1,90,9,10,4,2,7,-1,1,torsion,STAY,9,0,9,3,0,-1,0,0,6,2,7
64,quark_down_G4,G,1,-1,91,1,11,4,2,7,-1,1,sum,W,9,0,9,3,0,-1,0,0,6,2,6
64,quark_down_G4,G,1,-1,92,2,11,4,2,6,-1,1,product,S,12,1,3,1,0,-1,0,0,6,3,6
64,quark_down_G4,G,1,-1,93,3,11,4,3,6,-1,1,torsion,STAY,9,0,9,3,0,-1,0,0,6,3,6
64,quark_down_G4,G,1,-1,94,4,11,4,3,6,-1,1,sum,W,9,0,9,3,0,-1,0,0,6,3,5
64,quark_down_G4,G,1,-1,95,5,11,4,3,5,-1,1,product,S,15,1,6,2,0,-1,0,0,6,4,5
64,quark_down_G4,G,1,-1,96,6,11,4,4,5,-1,1,torsion,STAY,9,0,9,3,0,-1,0,0,6,4,5
64,quark_down_G4,G,1,-1,97,7,11,4,4,5,-1,1,sum,W,9,0,9,3,0,-1,0,0,6,4,4
64,quark_down_G4,G,1,-1,98,8,11,4,4,4,-1,1,product,S,16,1,7,2,1,-1,0,0,6,5,4
64,quark_down_G4,G,1,-1,99,9,11,4,5,4,-1,1,torsion,STAY,9,0,9,3,0,-1,0,0,6,5,4
64,quark_down_G4,G,1,-1,100,1,12,4,5,4,-1,1,sum,W,9,0,9,3,0,-1,0,0,6,5,3
64,quark_down_G4,G,1,-1,101,2,12,4,5,3,-1,1,product,S,15,1,6,2,0,-1,0,0,6,6,3
64,quark_down_G4,G,1,-1,102,3,12,4,6,3,-1,1,torsion,STAY,9,0,9,3,0,-1,0,0,6,6,3
64,quark_down_G4,G,1,-1,103,4,12,4,6,3,-1,1,sum,W,9,0,9,3,0,-1,0,0,6,6,2
64,quark_down_G4,G,1,-1,104,5,12,4,6,2,-1,1,product,S,12,1,3,1,0,-1,0,0,6,7,2
64,quark_down_G4,G,1,-1,105,6,12,4,7,2,-1,1,torsion,STAY,9,0,9,3,0,-1,0,0,6,7,2
64,quark_down_G4,G,1,-1,106,7,12,4,7,2,-1,1,sum,W,9,0,9,3,0,-1,0,0,6,7,1
64,quark_down_G4,G,1,-1,107,8,12,4,7,1,-1,1,product,S,7,0,7,2,1,-1,0,0,6,8,1
64,quark_down_G4,G,1,-1,108,9,12,4,8,1,-1,1,torsion,STAY,9,0,9,3,0,-1,1,0,6,8,1
65,quark_up_G3,R,1,1,1,1,1,1,8,2,1,1,sum,E,10,1,1,0,1,1,0,0,7,8,3
65,quark_up_G3,R,1,1,2,2,1,1,8,3,1,1,product,S,24,2,6,2,0,1,0,0,6,9,3
65,quark_up_G3,R,1,1,3,3,1,1,9,3,1,1,torsion,STAY,9,0,9,3,0,1,0,0,6,9,3
65,quark_up_G3,R,1,1,4,4,1,1,9,3,1,1,sum,E,12,1,3,1,0,1,0,0,6,9,4
65,quark_up_G3,R,1,1,5,5,1,1,9,4,1,1,product,S,36,3,9,3,0,1,0,0,6,1,4
65,quark_up_G3,R,1,1,6,6,1,1,1,4,1,1,torsion,STAY,9,0,9,3,0,1,0,0,6,1,4
65,quark_up_G3,R,1,1,7,7,1,1,1,4,1,1,sum,E,5,0,5,1,2,1,0,0,6,1,5
65,quark_up_G3,R,1,1,8,8,1,1,1,5,1,1,product,S,5,0,5,1,2,1,0,0,6,2,5
65,quark_up_G3,R,1,1,9,9,1,1,2,5,1,1,torsion,STAY,9,0,9,3,0,1,0,0,6,2,5
65,quark_up_G3,R,1,1,10,1,2,1,2,5,1,1,sum,E,7,0,7,2,1,1,0,0,6,2,6
65,quark_up_G3,R,1,1,11,2,2,1,2,6,1,1,product,S,12,1,3,1,0,1,0,0,6,3,6
65,quark_up_G3,R,1,1,12,3,2,1,3,6,1,1,torsion,STAY,9,0,9,3,0,1,0,0,6,3,6
65,quark_up_G3,R,1,1,13,4,2,1,3,6,1,1,sum,E,9,0,9,3,0,1,0,0,6,3,7
65,quark_up_G3,R,1,1,14,5,2,1,3,7,1,1,product,S,21,2,3,1,0,1,0,0,6,4,7
65,quark_up_G3,R,1,1,15,6,2,1,4,7,1,1,torsion,STAY,9,0,9,3,0,1,0,0,6,4,7
65,quark_up_G3,R,1,1,16,7,2,1,4,7,1,1,sum,E,11,1,2,0,2,1,0,0,6,4,8
65,quark_up_G3,R,1,1,17,8,2,1,4,8,1,1,product,S,32,3,5,1,2,1,0,0,6,5,8
65,quark_up_G3,R,1,1,18,9,2,1,5,8,1,1,torsion,STAY,9,0,9,3,0,1,0,0,6,5,8
65,quark_up_G3,R,1,1,19,1,3,1,5,8,1,1,sum,E,13,1,4,1,1,1,0,0,6,5,9
65,quark_up_G3,R,1,1,20,2,3,1,5,9,1,1,product,S,45,4,9,3,0,1,0,0,6,6,9
65,quark_up_G3,R,1,1,21,3,3,1,6,9,1,1,torsion,STAY,9,0,9,3,0,1,0,1,6,6,9
65,quark_up_G3,R,1,1,22,4,3,1,6,9,1,1,sum,E,15,1,6,2,0,1,0,0,7,6,1
65,quark_up_G3,R,1,1,23,5,3,1,6,1,1,1,product,S,6,0,6,2,0,1,0,0,6,7,1
65,quark_up_G3,R,1,1,24,6,3,1,7,1,1,1,torsion,STAY,9,0,9,3,0,1,0,0,6,7,1
65,quark_up_G3,R,1,1,25,7,3,1,7,1,1,1,sum,E,8,0,8,2,2,1,0,0,6,7,2
65,quark_up_G3,R,1,1,26,8,3,1,7,2,1,1,product,S,14,1,5,1,2,1,0,0,6,8,2
65,quark_up_G3,R,1,1,27,9,3,1,8,2,1,1,torsion,STAY,9,0,9,3,0,1,1,0,6,8,2
65,quark_up_G3,R,1,1,28,1,4,2,8,2,-1,-1,sum,W,10,1,1,0,1,-1,0,0,6,8,1
65,quark_up_G3,R,1,1,29,2,4,2,8,1,-1,-1,product,N,8,0,8,2,2,-1,0,0,6,7,1
65,quark_up_G3,R,1,1,30,3,4,2,7,1,-1,-1,torsion,STAY,9,0,9,3,0,-1,0,0,6,7,1
65,quark_up_G3,R,1,1,31,4,4,2,7,1,-1,-1,sum,W,8,0,8,2,2,-1,0,0,6,7,9
65,quark_up_G3,R,1,1,32,5,4,2,7,9,-1,-1,product,N,63,6,9,3,0,-1,0,0,6,6,9
65,quark_up_G3,R,1,1,33,6,4,2,6,9,-1,-1,torsion,STAY,9,0,9,3,0,-1,0,0,6,6,9
65,quark_up_G3,R,1,1,34,7,4,2,6,9,-1,-1,sum,W,15,1,6,2,0,-1,0,0,6,6,8
65,quark_up_G3,R,1,1,35,8,4,2,6,8,-1,-1,product,N,48,5,3,1,0,-1,0,0,6,5,8
65,quark_up_G3,R,1,1,36,9,4,2,5,8,-1,-1,torsion,STAY,9,0,9,3,0,-1,0,0,6,5,8
65,quark_up_G3,R,1,1,37,1,5,2,5,8,-1,-1,sum,W,13,1,4,1,1,-1,0,0,6,5,7
65,quark_up_G3,R,1,1,38,2,5,2,5,7,-1,-1,product,N,35,3,8,2,2,-1,0,0,6,4,7
65,quark_up_G3,R,1,1,39,3,5,2,4,7,-1,-1,torsion,STAY,9,0,9,3,0,-1,0,0,6,4,7
65,quark_up_G3,R,1,1,40,4,5,2,4,7,-1,-1,sum,W,11,1,2,0,2,-1,0,0,6,4,6
65,quark_up_G3,R,1,1,41,5,5,2,4,6,-1,-1,product,N,24,2,6,2,0,-1,0,0,6,3,6
65,quark_up_G3,R,1,1,42,6,5,2,3,6,-1,-1,torsion,STAY,9,0,9,3,0,-1,0,0,6,3,6
65,quark_up_G3,R,1,1,43,7,5,2,3,6,-1,-1,sum,W,9,0,9,3,0,-1,0,1,6,3,5
65,quark_up_G3,R,1,1,44,8,5,2,3,5,-1,-1,product,N,15,1,6,2,0,-1,0,0,7,2,5
65,quark_up_G3,R,1,1,45,9,5,2,2,5,-1,-1,torsion,STAY,9,0,9,3,0,-1,0,0,6,2,5
65,quark_up_G3,R,1,1,46,1,6,2,2,5,-1,-1,sum,W,7,0,7,2,1,-1,0,0,6,2,4
65,quark_up_G3,R,1,1,47,2,6,2,2,4,-1,-1,product,N,8,0,8,2,2,-1,0,0,6,1,4
65,quark_up_G3,R,1,1,48,3,6,2,1,4,-1,-1,torsion,STAY,9,0,9,3,0,-1,0,0,6,1,4
65,quark_up_G3,R,1,1,49,4,6,2,1,4,-1,-1,sum,W,5,0,5,1,2,-1,0,0,6,1,3
65,quark_up_G3,R,1,1,50,5,6,2,1,3,-1,-1,product,N,3,0,3,1,0,-1,0,0,6,9,3
65,quark_up_G3,R,1,1,51,6,6,2,9,3,-1,-1,torsion,STAY,9,0,9,3,0,-1,0,0,6,9,3
65,quark_up_G3,R,1,1,52,7,6,2,9,3,-1,-1,sum,W,12,1,3,1,0,-1,0,0,6,9,2
65,quark_up_G3,R,1,1,53,8,6,2,9,2,-1,-1,product,N,18,1,9,3,0,-1,0,0,6,8,2
65,quark_up_G3,R,1,1,54,9,6,2,8,2,-1,-1,torsion,STAY,9,0,9,3,0,-1,1,0,6,8,2
65,quark_up_G3,R,1,1,55,1,7,3,8,2,1,1,sum,E,10,1,1,0,1,1,0,0,6,8,3
65,quark_up_G3,R,1,1,56,2,7,3,8,3,1,1,product,S,24,2,6,2,0,1,0,0,6,9,3
65,quark_up_G3,R,1,1,57,3,7,3,9,3,1,1,torsion,STAY,9,0,9,3,0,1,0,0,6,9,3
65,quark_up_G3,R,1,1,58,4,7,3,9,3,1,1,sum,E,12,1,3,1,0,1,0,0,6,9,4
65,quark_up_G3,R,1,1,59,5,7,3,9,4,1,1,product,S,36,3,9,3,0,1,0,0,6,1,4
65,quark_up_G3,R,1,1,60,6,7,3,1,4,1,1,torsion,STAY,9,0,9,3,0,1,0,0,6,1,4
65,quark_up_G3,R,1,1,61,7,7,3,1,4,1,1,sum,E,5,0,5,1,2,1,0,0,6,1,5
65,quark_up_G3,R,1,1,62,8,7,3,1,5,1,1,product,S,5,0,5,1,2,1,0,0,6,2,5
65,quark_up_G3,R,1,1,63,9,7,3,2,5,1,1,torsion,STAY,9,0,9,3,0,1,0,0,6,2,5
65,quark_up_G3,R,1,1,64,1,8,3,2,5,1,1,sum,E,7,0,7,2,1,1,0,0,6,2,6
65,quark_up_G3,R,1,1,65,2,8,3,2,6,1,1,product,S,12,1,3,1,0,1,0,1,6,3,6
65,quark_up_G3,R,1,1,66,3,8,3,3,6,1,1,torsion,STAY,9,0,9,3,0,1,0,0,7,3,6
65,quark_up_G3,R,1,1,67,4,8,3,3,6,1,1,sum,E,9,0,9,3,0,1,0,0,6,3,7
65,quark_up_G3,R,1,1,68,5,8,3,3,7,1,1,product,S,21,2,3,1,0,1,0,0,6,4,7
65,quark_up_G3,R,1,1,69,6,8,3,4,7,1,1,torsion,STAY,9,0,9,3,0,1,0,0,6,4,7
65,quark_up_G3,R,1,1,70,7,8,3,4,7,1,1,sum,E,11,1,2,0,2,1,0,0,6,4,8
65,quark_up_G3,R,1,1,71,8,8,3,4,8,1,1,product,S,32,3,5,1,2,1,0,0,6,5,8
65,quark_up_G3,R,1,1,72,9,8,3,5,8,1,1,torsion,STAY,9,0,9,3,0,1,0,0,6,5,8
65,quark_up_G3,R,1,1,73,1,9,3,5,8,1,1,sum,E,13,1,4,1,1,1,0,0,6,5,9
65,quark_up_G3,R,1,1,74,2,9,3,5,9,1,1,product,S,45,4,9,3,0,1,0,0,6,6,9
65,quark_up_G3,R,1,1,75,3,9,3,6,9,1,1,torsion,STAY,9,0,9,3,0,1,0,0,6,6,9
65,quark_up_G3,R,1,1,76,4,9,3,6,9,1,1,sum,E,15,1,6,2,0,1,0,0,6,6,1
65,quark_up_G3,R,1,1,77,5,9,3,6,1,1,1,product,S,6,0,6,2,0,1,0,0,6,7,1
65,quark_up_G3,R,1,1,78,6,9,3,7,1,1,1,torsion,STAY,9,0,9,3,0,1,0,0,6,7,1
65,quark_up_G3,R,1,1,79,7,9,3,7,1,1,1,sum,E,8,0,8,2,2,1,0,0,6,7,2
65,quark_up_G3,R,1,1,80,8,9,3,7,2,1,1,product,S,14,1,5,1,2,1,0,0,6,8,2
65,quark_up_G3,R,1,1,81,9,9,3,8,2,1,1,torsion,STAY,9,0,9,3,0,1,1,0,6,8,2
65,quark_up_G3,R,1,1,82,1,10,4,8,2,-1,-1,sum,W,10,1,1,0,1,-1,0,0,6,8,1
65,quark_up_G3,R,1,1,83,2,10,4,8,1,-1,-1,product,N,8,0,8,2,2,-1,0,0,6,7,1
65,quark_up_G3,R,1,1,84,3,10,4,7,1,-1,-1,torsion,STAY,9,0,9,3,0,-1,0,0,6,7,1
65,quark_up_G3,R,1,1,85,4,10,4,7,1,-1,-1,sum,W,8,0,8,2,2,-1,0,0,6,7,9
65,quark_up_G3,R,1,1,86,5,10,4,7,9,-1,-1,product,N,63,6,9,3,0,-1,0,0,6,6,9
65,quark_up_G3,R,1,1,87,6,10,4,6,9,-1,-1,torsion,STAY,9,0,9,3,0,-1,0,1,6,6,9
65,quark_up_G3,R,1,1,88,7,10,4,6,9,-1,-1,sum,W,15,1,6,2,0,-1,0,0,7,6,8
65,quark_up_G3,R,1,1,89,8,10,4,6,8,-1,-1,product,N,48,5,3,1,0,-1,0,0,6,5,8
65,quark_up_G3,R,1,1,90,9,10,4,5,8,-1,-1,torsion,STAY,9,0,9,3,0,-1,0,0,6,5,8
65,quark_up_G3,R,1,1,91,1,11,4,5,8,-1,-1,sum,W,13,1,4,1,1,-1,0,0,6,5,7
65,quark_up_G3,R,1,1,92,2,11,4,5,7,-1,-1,product,N,35,3,8,2,2,-1,0,0,6,4,7
65,quark_up_G3,R,1,1,93,3,11,4,4,7,-1,-1,torsion,STAY,9,0,9,3,0,-1,0,0,6,4,7
65,quark_up_G3,R,1,1,94,4,11,4,4,7,-1,-1,sum,W,11,1,2,0,2,-1,0,0,6,4,6
65,quark_up_G3,R,1,1,95,5,11,4,4,6,-1,-1,product,N,24,2,6,2,0,-1,0,0,6,3,6
65,quark_up_G3,R,1,1,96,6,11,4,3,6,-1,-1,torsion,STAY,9,0,9,3,0,-1,0,0,6,3,6
65,quark_up_G3,R,1,1,97,7,11,4,3,6,-1,-1,sum,W,9,0,9,3,0,-1,0,0,6,3,5
65,quark_up_G3,R,1,1,98,8,11,4,3,5,-1,-1,product,N,15,1,6,2,0,-1,0,0,6,2,5
65,quark_up_G3,R,1,1,99,9,11,4,2,5,-1,-1,torsion,STAY,9,0,9,3,0,-1,0,0,6,2,5
65,quark_up_G3,R,1,1,100,1,12,4,2,5,-1,-1,sum,W,7,0,7,2,1,-1,0,0,6,2,4
65,quark_up_G3,R,1,1,101,2,12,4,2,4,-1,-1,product,N,8,0,8,2,2,-1,0,0,6,1,4
65,quark_up_G3,R,1,1,102,3,12,4,1,4,-1,-1,torsion,STAY,9,0,9,3,0,-1,0,0,6,1,4
65,quark_up_G3,R,1,1,103,4,12,4,1,4,-1,-1,sum,W,5,0,5,1,2,-1,0,0,6,1,3
65,quark_up_G3,R,1,1,104,5,12,4,1,3,-1,-1,product,N,3,0,3,1,0,-1,0,0,6,9,3
65,quark_up_G3,R,1,1,105,6,12,4,9,3,-1,-1,torsion,STAY,9,0,9,3,0,-1,0,0,6,9,3
65,quark_up_G3,R,1,1,106,7,12,4,9,3,-1,-1,sum,W,12,1,3,1,0,-1,0,0,6,9,2
65,quark_up_G3,R,1,1,107,8,12,4,9,2,-1,-1,product,N,18,1,9,3,0,-1,0,0,6,8,2
65,quark_up_G3,R,1,1,108,9,12,4,8,2,-1,-1,torsion,STAY,9,0,9,3,0,-1,1,0,6,8,2
66,quark_down_G3,B,-1,1,1,1,1,1,8,3,-1,1,sum,W,11,1,2,0,2,1,0,0,7,8,2
66,quark_down_G3,B,-1,1,2,2,1,1,8,2,-1,1,product,S,16,1,7,2,1,1,0,0,6,9,2
66,quark_down_G3,B,-1,1,3,3,1,1,9,2,-1,1,torsion,STAY,9,0,9,3,0,1,0,0,6,9,2
66,quark_down_G3,B,-1,1,4,4,1,1,9,2,-1,1,sum,W,11,1,2,0,2,1,0,0,6,9,1
66,quark_down_G3,B,-1,1,5,5,1,1,9,1,-1,1,product,S,9,0,9,3,0,1,0,0,6,1,1
66,quark_down_G3,B,-1,1,6,6,1,1,1,1,-1,1,torsion,STAY,9,0,9,3,0,1,0,0,6,1,1
66,quark_down_G3,B,-1,1,7,7,1,1,1,1,-1,1,sum,W,2,0,2,0,2,1,0,0,6,1,9
66,quark_down_G3,B,-1,1,8,8,1,1,1,9,-1,1,product,S,9,0,9,3,0,1,0,0,6,2,9
66,quark_down_G3,B,-1,1,9,9,1,1,2,9,-1,1,torsion,STAY,9,0,9,3,0,1,0,0,6,2,9
66,quark_down_G3,B,-1,1,10,1,2,1,2,9,-1,1,sum,W,11,1,2,0,2,1,0,0,6,2,8
66,quark_down_G3,B,-1,1,11,2,2,1,2,8,-1,1,product,S,16,1,7,2,1,1,0,0,6,3,8
66,quark_down_G3,B,-1,1,12,3,2,1,3,8,-1,1,torsion,STAY,9,0,9,3,0,1,0,0,6,3,8
66,quark_down_G3,B,-1,1,13,4,2,1,3,8,-1,1,sum,W,11,1,2,0,2,1,0,0,6,3,7
66,quark_down_G3,B,-1,1,14,5,2,1,3,7,-1,1,product,S,21,2,3,1,0,1,0,0,6,4,7
66,quark_down_G3,B,-1,1,15,6,2,1,4,7,-1,1,torsion,STAY,9,0,9,3,0,1,0,0,6,4,7
66,quark_down_G3,B,-1,1,16,7,2,1,4,7,-1,1,sum,W,11,1,2,0,2,1,0,0,6,4,6
66,quark_down_G3,B,-1,1,17,8,2,1,4,6,-1,1,product,S,24,2,6,2,0,1,0,0,6,5,6
66,quark_down_G3,B,-1,1,18,9,2,1,5,6,-1,1,torsion,STAY,9,0,9,3,0,1,0,0,6,5,6
66,quark_down_G3,B,-1,1,19,1,3,1,5,6,-1,1,sum,W,11,1,2,0,2,1,0,0,6,5,5
66,quark_down_G3,B,-1,1,20,2,3,1,5,5,-1,1,product,S,25,2,7,2,1,1,0,0,6,6,5
66,quark_down_G3,B,-1,1,21,3,3,1,6,5,-1,1,torsion,STAY,9,0,9,3,0,1,0,1,6,6,5
66,quark_down_G3,B,-1,1,22,4,3,1,6,5,-1,1,sum,W,11,1,2,0,2,1,0,0,7,6,4
66,quark_down_G3,B,-1,1,23,5,3,1,6,4,-1,1,product,S,24,2,6,2,0,1,0,0,6,7,4
66,quark_down_G3,B,-1,1,24,6,3,1,7,4,-1,1,torsion,STAY,9,0,9,3,0,1,0,0,6,7,4
66,quark_down_G3,B,-1,1,25,7,3,1,7,4,-1,1,sum,W,11,1,2,0,2,1,0,0,6,7,3
66,quark_down_G3,B,-1,1,26,8,3,1,7,3,-1,1,product,S,21,2,3,1,0,1,0,0,6,8,3
66,quark_down_G3,B,-1,1,27,9,3,1,8,3,-1,1,torsion,STAY,9,0,9,3,0,1,1,0,6,8,3
66,quark_down_G3,B,-1,1,28,1,4,2,8,3,1,-1,sum,E,11,1,2,0,2,-1,0,0,6,8,4
66,quark_down_G3,B,-1,1,29,2,4,2,8,4,1,-1,product,N,32,3,5,1,2,-1,0,0,6,7,4
66,quark_down_G3,B,-1,1,30,3,4,2,7,4,1,-1,torsion,STAY,9,0,9,3,0,-1,0,0,6,7,4
66,quark_down_G3,B,-1,1,31,4,4,2,7,4,1,-1,sum,E,11,1,2,0,2,-1,0,0,6,7,5
66,quark_down_G3,B,-1,1,32,5,4,2,7,5,1,-1,product,N,35,3,8,2,2,-1,0,0,6,6,5
66,quark_down_G3,B,-1,1,33,6,4,2,6,5,1,-1,torsion,STAY,9,0,9,3,0,-1,0,0,6,6,5
66,quark_down_G3,B,-1,1,34,7,4,2,6,5,1,-1,sum,E,11,1,2,0,2,-1,0,0,6,6,6
66,quark_down_G3,B,-1,1,35,8,4,2,6,6,1,-1,product,N,36,3,9,3,0,-1,0,0,6,5,6
66,quark_down_G3,B,-1,1,36,9,4,2,5,6,1,-1,torsion,STAY,9,0,9,3,0,-1,0,0,6,5,6
66,quark_down_G3,B,-1,1,37,1,5,2,5,6,1,-1,sum,E,11,1,2,0,2,-1,0,0,6,5,7
66,quark_down_G3,B,-1,1,38,2,5,2,5,7,1,-1,product,N,35,3,8,2,2,-1,0,0,6,4,7
66,quark_down_G3,B,-1,1,39,3,5,2,4,7,1,-1,torsion,STAY,9,0,9,3,0,-1,0,0,6,4,7
66,quark_down_G3,B,-1,1,40,4,5,2,4,7,1,-1,sum,E,11,1,2,0,2,-1,0,0,6,4,8
66,quark_down_G3,B,-1,1,41,5,5,2,4,8,1,-1,product,N,32,3,5,1,2,-1,0,0,6,3,8
66,quark_down_G3,B,-1,1,42,6,5,2,3,8,1,-1,torsion,STAY,9,0,9,3,0,-1,0,0,6,3,8
66,quark_down_G3,B,-1,1,43,7,5,2,3,8,1,-1,sum,E,11,1,2,0,2,-1,0,1,6,3,9
66,quark_down_G3,B,-1,1,44,8,5,2,3,9,1,-1,product,N,27,2,9,3,0,-1,0,0,7,2,9
66,quark_down_G3,B,-1,1,45,9,5,2,2,9,1,-1,torsion,STAY,9,0,9,3,0,-1,0,0,6,2,9
66,quark_down_G3,B,-1,1,46,1,6,2,2,9,1,-1,sum,E,11,1,2,0,2,-1,0,0,6,2,1
66,quark_down_G3,B,-1,1,47,2,6,2,2,1,1,-1,product,N,2,0,2,0,2,-1,0,0,6,1,1
66,quark_down_G3,B,-1,1,48,3,6,2,1,1,1,-1,torsion,STAY,9,0,9,3,0,-1,0,0,6,1,1
66,quark_down_G3,B,-1,1,49,4,6,2,1,1,1,-1,sum,E,2,0,2,0,2,-1,0,0,6,1,2
66,quark_down_G3,B,-1,1,50,5,6,2,1,2,1,-1,product,N,2,0,2,0,2,-1,0,0,6,9,2
66,quark_down_G3,B,-1,1,51,6,6,2,9,2,1,-1,torsion,STAY,9,0,9,3,0,-1,0,0,6,9,2
66,quark_down_G3,B,-1,1,52,7,6,2,9,2,1,-1,sum,E,11,1,2,0,2,-1,0,0,6,9,3
66,quark_down_G3,B,-1,1,53,8,6,2,9,3,1,-1,product,N,27,2,9,3,0,-1,0,0,6,8,3
66,quark_down_G3,B,-1,1,54,9,6,2,8,3,1,-1,torsion,STAY,9,0,9,3,0,-1,1,0,6,8,3
66,quark_down_G3,B,-1,1,55,1,7,3,8,3,-1,1,sum,W,11,1,2,0,2,1,0,0,6,8,2
66,quark_down_G3,B,-1,1,56,2,7,3,8,2,-1,1,product,S,16,1,7,2,1,1,0,0,6,9,2
66,quark_down_G3,B,-1,1,57,3,7,3,9,2,-1,1,torsion,STAY,9,0,9,3,0,1,0,0,6,9,2
66,quark_down_G3,B,-1,1,58,4,7,3,9,2,-1,1,sum,W,11,1,2,0,2,1,0,0,6,9,1
66,quark_down_G3,B,-1,1,59,5,7,3,9,1,-1,1,product,S,9,0,9,3,0,1,0,0,6,1,1
66,quark_down_G3,B,-1,1,60,6,7,3,1,1,-1,1,torsion,STAY,9,0,9,3,0,1,0,0,6,1,1
66,quark_down_G3,B,-1,1,61,7,7,3,1,1,-1,1,sum,W,2,0,2,0,2,1,0,0,6,1,9
66,quark_down_G3,B,-1,1,62,8,7,3,1,9,-1,1,product,S,9,0,9,3,0,1,0,0,6,2,9
66,quark_down_G3,B,-1,1,63,9,7,3,2,9,-1,1,torsion,STAY,9,0,9,3,0,1,0,0,6,2,9
66,quark_down_G3,B,-1,1,64,1,8,3,2,9,-1,1,sum,W,11,1,2,0,2,1,0,0,6,2,8
66,quark_down_G3,B,-1,1,65,2,8,3,2,8,-1,1,product,S,16,1,7,2,1,1,0,1,6,3,8
66,quark_down_G3,B,-1,1,66,3,8,3,3,8,-1,1,torsion,STAY,9,0,9,3,0,1,0,0,7,3,8
66,quark_down_G3,B,-1,1,67,4,8,3,3,8,-1,1,sum,W,11,1,2,0,2,1,0,0,6,3,7
66,quark_down_G3,B,-1,1,68,5,8,3,3,7,-1,1,product,S,21,2,3,1,0,1,0,0,6,4,7
66,quark_down_G3,B,-1,1,69,6,8,3,4,7,-1,1,torsion,STAY,9,0,9,3,0,1,0,0,6,4,7
66,quark_down_G3,B,-1,1,70,7,8,3,4,7,-1,1,sum,W,11,1,2,0,2,1,0,0,6,4,6
66,quark_down_G3,B,-1,1,71,8,8,3,4,6,-1,1,product,S,24,2,6,2,0,1,0,0,6,5,6
66,quark_down_G3,B,-1,1,72,9,8,3,5,6,-1,1,torsion,STAY,9,0,9,3,0,1,0,0,6,5,6
66,quark_down_G3,B,-1,1,73,1,9,3,5,6,-1,1,sum,W,11,1,2,0,2,1,0,0,6,5,5
66,quark_down_G3,B,-1,1,74,2,9,3,5,5,-1,1,product,S,25,2,7,2,1,1,0,0,6,6,5
66,quark_down_G3,B,-1,1,75,3,9,3,6,5,-1,1,torsion,STAY,9,0,9,3,0,1,0,0,6,6,5
66,quark_down_G3,B,-1,1,76,4,9,3,6,5,-1,1,sum,W,11,1,2,0,2,1,0,0,6,6,4
66,quark_down_G3,B,-1,1,77,5,9,3,6,4,-1,1,product,S,24,2,6,2,0,1,0,0,6,7,4
66,quark_down_G3,B,-1,1,78,6,9,3,7,4,-1,1,torsion,STAY,9,0,9,3,0,1,0,0,6,7,4
66,quark_down_G3,B,-1,1,79,7,9,3,7,4,-1,1,sum,W,11,1,2,0,2,1,0,0,6,7,3
66,quark_down_G3,B,-1,1,80,8,9,3,7,3,-1,1,product,S,21,2,3,1,0,1,0,0,6,8,3
66,quark_down_G3,B,-1,1,81,9,9,3,8,3,-1,1,torsion,STAY,9,0,9,3,0,1,1,0,6,8,3
66,quark_down_G3,B,-1,1,82,1,10,4,8,3,1,-1,sum,E,11,1,2,0,2,-1,0,0,6,8,4
66,quark_down_G3,B,-1,1,83,2,10,4,8,4,1,-1,product,N,32,3,5,1,2,-1,0,0,6,7,4
66,quark_down_G3,B,-1,1,84,3,10,4,7,4,1,-1,torsion,STAY,9,0,9,3,0,-1,0,0,6,7,4
66,quark_down_G3,B,-1,1,85,4,10,4,7,4,1,-1,sum,E,11,1,2,0,2,-1,0,0,6,7,5
66,quark_down_G3,B,-1,1,86,5,10,4,7,5,1,-1,product,N,35,3,8,2,2,-1,0,0,6,6,5
66,quark_down_G3,B,-1,1,87,6,10,4,6,5,1,-1,torsion,STAY,9,0,9,3,0,-1,0,1,6,6,5
66,quark_down_G3,B,-1,1,88,7,10,4,6,5,1,-1,sum,E,11,1,2,0,2,-1,0,0,7,6,6
66,quark_down_G3,B,-1,1,89,8,10,4,6,6,1,-1,product,N,36,3,9,3,0,-1,0,0,6,5,6
66,quark_down_G3,B,-1,1,90,9,10,4,5,6,1,-1,torsion,STAY,9,0,9,3,0,-1,0,0,6,5,6
66,quark_down_G3,B,-1,1,91,1,11,4,5,6,1,-1,sum,E,11,1,2,0,2,-1,0,0,6,5,7
66,quark_down_G3,B,-1,1,92,2,11,4,5,7,1,-1,product,N,35,3,8,2,2,-1,0,0,6,4,7
66,quark_down_G3,B,-1,1,93,3,11,4,4,7,1,-1,torsion,STAY,9,0,9,3,0,-1,0,0,6,4,7
66,quark_down_G3,B,-1,1,94,4,11,4,4,7,1,-1,sum,E,11,1,2,0,2,-1,0,0,6,4,8
66,quark_down_G3,B,-1,1,95,5,11,4,4,8,1,-1,product,N,32,3,5,1,2,-1,0,0,6,3,8
66,quark_down_G3,B,-1,1,96,6,11,4,3,8,1,-1,torsion,STAY,9,0,9,3,0,-1,0,0,6,3,8
66,quark_down_G3,B,-1,1,97,7,11,4,3,8,1,-1,sum,E,11,1,2,0,2,-1,0,0,6,3,9
66,quark_down_G3,B,-1,1,98,8,11,4,3,9,1,-1,product,N,27,2,9,3,0,-1,0,0,6,2,9
66,quark_down_G3,B,-1,1,99,9,11,4,2,9,1,-1,torsion,STAY,9,0,9,3,0,-1,0,0,6,2,9
66,quark_down_G3,B,-1,1,100,1,12,4,2,9,1,-1,sum,E,11,1,2,0,2,-1,0,0,6,2,1
66,quark_down_G3,B,-1,1,101,2,12,4,2,1,1,-1,product,N,2,0,2,0,2,-1,0,0,6,1,1
66,quark_down_G3,B,-1,1,102,3,12,4,1,1,1,-1,torsion,STAY,9,0,9,3,0,-1,0,0,6,1,1
66,quark_down_G3,B,-1,1,103,4,12,4,1,1,1,-1,sum,E,2,0,2,0,2,-1,0,0,6,1,2
66,quark_down_G3,B,-1,1,104,5,12,4,1,2,1,-1,product,N,2,0,2,0,2,-1,0,0,6,9,2
66,quark_down_G3,B,-1,1,105,6,12,4,9,2,1,-1,torsion,STAY,9,0,9,3,0,-1,0,0,6,9,2
66,quark_down_G3,B,-1,1,106,7,12,4,9,2,1,-1,sum,E,11,1,2,0,2,-1,0,0,6,9,3
66,quark_down_G3,B,-1,1,107,8,12,4,9,3,1,-1,product,N,27,2,9,3,0,-1,0,0,6,8,3
66,quark_down_G3,B,-1,1,108,9,12,4,8,3,1,-1,torsion,STAY,9,0,9,3,0,-1,1,0,6,8,3
67,quark_up_G3,G,1,1,1,1,1,1,8,4,1,1,sum,E,12,1,3,1,0,1,0,0,7,8,5
67,quark_up_G3,G,1,1,2,2,1,1,8,5,1,1,product,S,40,4,4,1,1,1,0,0,6,9,5
67,quark_up_G3,G,1,1,3,3,1,1,9,5,1,1,torsion,STAY,9,0,9,3,0,1,0,0,6,9,5
67,quark_up_G3,G,1,1,4,4,1,1,9,5,1,1,sum,E,14,1,5,1,2,1,0,0,6,9,6
67,quark_up_G3,G,1,1,5,5,1,1,9,6,1,1,product,S,54,5,9,3,0,1,0,0,6,1,6
67,quark_up_G3,G,1,1,6,6,1,1,1,6,1,1,torsion,STAY,9,0,9,3,0,1,0,0,6,1,6
67,quark_up_G3,G,1,1,7,7,1,1,1,6,1,1,sum,E,7,0,7,2,1,1,0,0,6,1,7
67,quark_up_G3,G,1,1,8,8,1,1,1,7,1,1,product,S,7,0,7,2,1,1,0,0,6,2,7
67,quark_up_G3,G,1,1,9,9,1,1,2,7,1,1,torsion,STAY,9,0,9,3,0,1,0,0,6,2,7
67,quark_up_G3,G,1,1,10,1,2,1,2,7,1,1,sum,E,9,0,9,3,0,1,0,0,6,2,8
67,quark_up_G3,G,1,1,11,2,2,1,2,8,1,1,product,S,16,1,7,2,1,1,0,0,6,3,8
67,quark_up_G3,G,1,1,12,3,2,1,3,8,1,1,torsion,STAY,9,0,9,3,0,1,0,0,6,3,8
67,quark_up_G3,G,1,1,13,4,2,1,3,8,1,1,sum,E,11,1,2,0,2,1,0,0,6,3,9
67,quark_up_G3,G,1,1,14,5,2,1,3,9,1,1,product,S,27,2,9,3,0,1,0,0,6,4,9
67,quark_up_G3,G,1,1,15,6,2,1,4,9,1,1,torsion,STAY,9,0,9,3,0,1,0,0,6,4,9
67,quark_up_G3,G,1,1,16,7,2,1,4,9,1,1,sum,E,13,1,4,1,1,1,0,0,6,4,1
67,quark_up_G3,G,1,1,17,8,2,1,4,1,1,1,product,S,4,0,4,1,1,1,0,0,6,5,1
67,quark_up_G3,G,1,1,18,9,2,1,5,1,1,1,torsion,STAY,9,0,9,3,0,1,0,0,6,5,1
67,quark_up_G3,G,1,1,19,1,3,1,5,1,1,1,sum,E,6,0,6,2,0,1,0,0,6,5,2
67,quark_up_G3,G,1,1,20,2,3,1,5,2,1,1,product,S,10,1,1,0,1,1,0,0,6,6,2
67,quark_up_G3,G,1,1,21,3,3,1,6,2,1,1,torsion,STAY,9,0,9,3,0,1,0,1,6,6,2
67,quark_up_G3,G,1,1,22,4,3,1,6,2,1,1,sum,E,8,0,8,2,2,1,0,0,7,6,3
67,quark_up_G3,G,1,1,23,5,3,1,6,3,1,1,product,S,18,1,9,3,0,1,0,0,6,7,3
67,quark_up_G3,G,1,1,24,6,3,1,7,3,1,1,torsion,STAY,9,0,9,3,0,1,0,0,6,7,3
67,quark_up_G3,G,1,1,25,7,3,1,7,3,1,1,sum,E,10,1,1,0,1,1,0,0,6,7,4
67,quark_up_G3,G,1,1,26,8,3,1,7,4,1,1,product,S,28,3,1,0,1,1,0,0,6,8,4
67,quark_up_G3,G,1,1,27,9,3,1,8,4,1,1,torsion,STAY,9,0,9,3,0,1,1,0,6,8,4
67,quark_up_G3,G,1,1,28,1,4,2,8,4,-1,-1,sum,W,12,1,3,1,0,-1,0,0,6,8,3
67,quark_up_G3,G,1,1,29,2,4,2,8,3,-1,-1,product,N,24,2,6,2,0,-1,0,0,6,7,3
67,quark_up_G3,G,1,1,30,3,4,2,7,3,-1,-1,torsion,STAY,9,0,9,3,0,-1,0,0,6,7,3
67,quark_up_G3,G,1,1,31,4,4,2,7,3,-1,-1,sum,W,10,1,1,0,1,-1,0,0,6,7,2
67,quark_up_G3,G,1,1,32,5,4,2,7,2,-1,-1,product,N,14,1,5,1,2,-1,0,0,6,6,2
67,quark_up_G3,G,1,1,33,6,4,2,6,2,-1,-1,torsion,STAY,9,0,9,3,0,-1,0,0,6,6,2
67,quark_up_G3,G,1,1,34,7,4,2,6,2,-1,-1,sum,W,8,0,8,2,2,-1,0,0,6,6,1
67,quark_up_G3,G,1,1,35,8,4,2,6,1,-1,-1,product,N,6,0,6,2,0,-1,0,0,6,5,1
67,quark_up_G3,G,1,1,36,9,4,2,5,1,-1,-1,torsion,STAY,9,0,9,3,0,-1,0,0,6,5,1
67,quark_up_G3,G,1,1,37,1,5,2,5,1,-1,-1,sum,W,6,0,6,2,0,-1,0,0,6,5,9
67,quark_up_G3,G,1,1,38,2,5,2,5,9,-1,-1,product,N,45,4,9,3,0,-1,0,0,6,4,9
67,quark_up_G3,G,1,1,39,3,5,2,4,9,-1,-1,torsion,STAY,9,0,9,3,0,-1,0,0,6,4,9
67,quark_up_G3,G,1,1,40,4,5,2,4,9,-1,-1,sum,W,13,1,4,1,1,-1,0,0,6,4,8
67,quark_up_G3,G,1,1,41,5,5,2,4,8,-1,-1,product,N,32,3,5,1,2,-1,0,0,6,3,8
67,quark_up_G3,G,1,1,42,6,5,2,3,8,-1,-1,torsion,STAY,9,0,9,3,0,-1,0,0,6,3,8
67,quark_up_G3,G,1,1,43,7,5,2,3,8,-1,-1,sum,W,11,1,2,0,2,-1,0,1,6,3,7
67,quark_up_G3,G,1,1,44,8,5,2,3,7,-1,-1,product,N,21,2,3,1,0,-1,0,0,7,2,7
67,quark_up_G3,G,1,1,45,9,5,2,2,7,-1,-1,torsion,STAY,9,0,9,3,0,-1,0,0,6,2,7
67,quark_up_G3,G,1,1,46,1,6,2,2,7,-1,-1,sum,W,9,0,9,3,0,-1,0,0,6,2,6
67,quark_up_G3,G,1,1,47,2,6,2,2,6,-1,-1,product,N,12,1,3,1,0,-1,0,0,6,1,6
67,quark_up_G3,G,1,1,48,3,6,2,1,6,-1,-1,torsion,STAY,9,0,9,3,0,-1,0,0,6,1,6
67,quark_up_G3,G,1,1,49,4,6,2,1,6,-1,-1,sum,W,7,0,7,2,1,-1,0,0,6,1,5
67,quark_up_G3,G,1,1,50,5,6,2,1,5,-1,-1,product,N,5,0,5,1,2,-1,0,0,6,9,5
67,quark_up_G3,G,1,1,51,6,6,2,9,5,-1,-1,torsion,STAY,9,0,9,3,0,-1,0,0,6,9,5
67,quark_up_G3,G,1,1,52,7,6,2,9,5,-1,-1,sum,W,14,1,5,1,2,-1,0,0,6,9,4
67,quark_up_G3,G,1,1,53,8,6,2,9,4,-1,-1,product,N,36,3,9,3,0,-1,0,0,6,8,4
67,quark_up_G3,G,1,1,54,9,6,2,8,4,-1,-1,torsion,STAY,9,0,9,3,0,-1,1,0,6,8,4
67,quark_up_G3,G,1,1,55,1,7,3,8,4,1,1,sum,E,12,1,3,1,0,1,0,0,6,8,5
67,quark_up_G3,G,1,1,56,2,7,3,8,5,1,1,product,S,40,4,4,1,1,1,0,0,6,9,5
67,quark_up_G3,G,1,1,57,3,7,3,9,5,1,1,torsion,STAY,9,0,9,3,0,1,0,0,6,9,5
67,quark_up_G3,G,1,1,58,4,7,3,9,5,1,1,sum,E,14,1,5,1,2,1,0,0,6,9,6
67,quark_up_G3,G,1,1,59,5,7,3,9,6,1,1,product,S,54,5,9,3,0,1,0,0,6,1,6
67,quark_up_G3,G,1,1,60,6,7,3,1,6,1,1,torsion,STAY,9,0,9,3,0,1,0,0,6,1,6
67,quark_up_G3,G,1,1,61,7,7,3,1,6,1,1,sum,E,7,0,7,2,1,1,0,0,6,1,7
67,quark_up_G3,G,1,1,62,8,7,3,1,7,1,1,product,S,7,0,7,2,1,1,0,0,6,2,7
67,quark_up_G3,G,1,1,63,9,7,3,2,7,1,1,torsion,STAY,9,0,9,3,0,1,0,0,6,2,7
67,quark_up_G3,G,1,1,64,1,8,3,2,7,1,1,sum,E,9,0,9,3,0,1,0,0,6,2,8
67,quark_up_G3,G,1,1,65,2,8,3,2,8,1,1,product,S,16,1,7,2,1,1,0,1,6,3,8
67,quark_up_G3,G,1,1,66,3,8,3,3,8,1,1,torsion,STAY,9,0,9,3,0,1,0,0,7,3,8
67,quark_up_G3,G,1,1,67,4,8,3,3,8,1,1,sum,E,11,1,2,0,2,1,0,0,6,3,9
67,quark_up_G3,G,1,1,68,5,8,3,3,9,1,1,product,S,27,2,9,3,0,1,0,0,6,4,9
67,quark_up_G3,G,1,1,69,6,8,3,4,9,1,1,torsion,STAY,9,0,9,3,0,1,0,0,6,4,9
67,quark_up_G3,G,1,1,70,7,8,3,4,9,1,1,sum,E,13,1,4,1,1,1,0,0,6,4,1
67,quark_up_G3,G,1,1,71,8,8,3,4,1,1,1,product,S,4,0,4,1,1,1,0,0,6,5,1
67,quark_up_G3,G,1,1,72,9,8,3,5,1,1,1,torsion,STAY,9,0,9,3,0,1,0,0,6,5,1
67,quark_up_G3,G,1,1,73,1,9,3,5,1,1,1,sum,E,6,0,6,2,0,1,0,0,6,5,2
67,quark_up_G3,G,1,1,74,2,9,3,5,2,1,1,product,S,10,1,1,0,1,1,0,0,6,6,2
67,quark_up_G3,G,1,1,75,3,9,3,6,2,1,1,torsion,STAY,9,0,9,3,0,1,0,0,6,6,2
67,quark_up_G3,G,1,1,76,4,9,3,6,2,1,1,sum,E,8,0,8,2,2,1,0,0,6,6,3
67,quark_up_G3,G,1,1,77,5,9,3,6,3,1,1,product,S,18,1,9,3,0,1,0,0,6,7,3
67,quark_up_G3,G,1,1,78,6,9,3,7,3,1,1,torsion,STAY,9,0,9,3,0,1,0,0,6,7,3
67,quark_up_G3,G,1,1,79,7,9,3,7,3,1,1,sum,E,10,1,1,0,1,1,0,0,6,7,4
67,quark_up_G3,G,1,1,80,8,9,3,7,4,1,1,product,S,28,3,1,0,1,1,0,0,6,8,4
67,quark_up_G3,G,1,1,81,9,9,3,8,4,1,1,torsion,STAY,9,0,9,3,0,1,1,0,6,8,4
67,quark_up_G3,G,1,1,82,1,10,4,8,4,-1,-1,sum,W,12,1,3,1,0,-1,0,0,6,8,3
67,quark_up_G3,G,1,1,83,2,10,4,8,3,-1,-1,product,N,24,2,6,2,0,-1,0,0,6,7,3
67,quark_up_G3,G,1,1,84,3,10,4,7,3,-1,-1,torsion,STAY,9,0,9,3,0,-1,0,0,6,7,3
67,quark_up_G3,G,1,1,85,4,10,4,7,3,-1,-1,sum,W,10,1,1,0,1,-1,0,0,6,7,2
67,quark_up_G3,G,1,1,86,5,10,4,7,2,-1,-1,product,N,14,1,5,1,2,-1,0,0,6,6,2
67,quark_up_G3,G,1,1,87,6,10,4,6,2,-1,-1,torsion,STAY,9,0,9,3,0,-1,0,1,6,6,2
67,quark_up_G3,G,1,1,88,7,10,4,6,2,-1,-1,sum,W,8,0,8,2,2,-1,0,0,7,6,1
67,quark_up_G3,G,1,1,89,8,10,4,6,1,-1,-1,product,N,6,0,6,2,0,-1,0,0,6,5,1
67,quark_up_G3,G,1,1,90,9,10,4,5,1,-1,-1,torsion,STAY,9,0,9,3,0,-1,0,0,6,5,1
67,quark_up_G3,G,1,1,91,1,11,4,5,1,-1,-1,sum,W,6,0,6,2,0,-1,0,0,6,5,9
67,quark_up_G3,G,1,1,92,2,11,4,5,9,-1,-1,product,N,45,4,9,3,0,-1,0,0,6,4,9
67,quark_up_G3,G,1,1,93,3,11,4,4,9,-1,-1,torsion,STAY,9,0,9,3,0,-1,0,0,6,4,9
67,quark_up_G3,G,1,1,94,4,11,4,4,9,-1,-1,sum,W,13,1,4,1,1,-1,0,0,6,4,8
67,quark_up_G3,G,1,1,95,5,11,4,4,8,-1,-1,product,N,32,3,5,1,2,-1,0,0,6,3,8
67,quark_up_G3,G,1,1,96,6,11,4,3,8,-1,-1,torsion,STAY,9,0,9,3,0,-1,0,0,6,3,8
67,quark_up_G3,G,1,1,97,7,11,4,3,8,-1,-1,sum,W,11,1,2,0,2,-1,0,0,6,3,7
67,quark_up_G3,G,1,1,98,8,11,4,3,7,-1,-1,product,N,21,2,3,1,0,-1,0,0,6,2,7
67,quark_up_G3,G,1,1,99,9,11,4,2,7,-1,-1,torsion,STAY,9,0,9,3,0,-1,0,0,6,2,7
67,quark_up_G3,G,1,1,100,1,12,4,2,7,-1,-1,sum,W,9,0,9,3,0,-1,0,0,6,2,6
67,quark_up_G3,G,1,1,101,2,12,4,2,6,-1,-1,product,N,12,1,3,1,0,-1,0,0,6,1,6
67,quark_up_G3,G,1,1,102,3,12,4,1,6,-1,-1,torsion,STAY,9,0,9,3,0,-1,0,0,6,1,6
67,quark_up_G3,G,1,1,103,4,12,4,1,6,-1,-1,sum,W,7,0,7,2,1,-1,0,0,6,1,5
67,quark_up_G3,G,1,1,104,5,12,4,1,5,-1,-1,product,N,5,0,5,1,2,-1,0,0,6,9,5
67,quark_up_G3,G,1,1,105,6,12,4,9,5,-1,-1,torsion,STAY,9,0,9,3,0,-1,0,0,6,9,5
67,quark_up_G3,G,1,1,106,7,12,4,9,5,-1,-1,sum,W,14,1,5,1,2,-1,0,0,6,9,4
67,quark_up_G3,G,1,1,107,8,12,4,9,4,-1,-1,product,N,36,3,9,3,0,-1,0,0,6,8,4
67,quark_up_G3,G,1,1,108,9,12,4,8,4,-1,-1,torsion,STAY,9,0,9,3,0,-1,1,0,6,8,4
68,quark_down_G3,R,-1,1,1,1,1,1,8,5,-1,1,sum,W,13,1,4,1,1,1,0,0,7,8,4
68,quark_down_G3,R,-1,1,2,2,1,1,8,4,-1,1,product,S,32,3,5,1,2,1,0,0,6,9,4
68,quark_down_G3,R,-1,1,3,3,1,1,9,4,-1,1,torsion,STAY,9,0,9,3,0,1,0,0,6,9,4
68,quark_down_G3,R,-1,1,4,4,1,1,9,4,-1,1,sum,W,13,1,4,1,1,1,0,0,6,9,3
68,quark_down_G3,R,-1,1,5,5,1,1,9,3,-1,1,product,S,27,2,9,3,0,1,0,0,6,1,3
68,quark_down_G3,R,-1,1,6,6,1,1,1,3,-1,1,torsion,STAY,9,0,9,3,0,1,0,0,6,1,3
68,quark_down_G3,R,-1,1,7,7,1,1,1,3,-1,1,sum,W,4,0,4,1,1,1,0,0,6,1,2
68,quark_down_G3,R,-1,1,8,8,1,1,1,2,-1,1,product,S,2,0,2,0,2,1,0,0,6,2,2
68,quark_down_G3,R,-1,1,9,9,1,1,2,2,-1,1,torsion,STAY,9,0,9,3,0,1,0,0,6,2,2
68,quark_down_G3,R,-1,1,10,1,2,1,2,2,-1,1,sum,W,4,0,4,1,1,1,0,0,6,2,1
68,quark_down_G3,R,-1,1,11,2,2,1,2,1,-1,1,product,S,2,0,2,0,2,1,0,0,6,3,1
68,quark_down_G3,R,-1,1,12,3,2,1,3,1,-1,1,torsion,STAY,9,0,9,3,0,1,0,0,6,3,1
68,quark_down_G3,R,-1,1,13,4,2,1,3,1,-1,1,sum,W,4,0,4,1,1,1,0,0,6,3,9
68,quark_down_G3,R,-1,1,14,5,2,1,3,9,-1,1,product,S,27,2,9,3,0,1,0,0,6,4,9
68,quark_down_G3,R,-1,1,15,6,2,1,4,9,-1,1,torsion,STAY,9,0,9,3,0,1,0,0,6,4,9
68,quark_down_G3,R,-1,1,16,7,2,1,4,9,-1,1,sum,W,13,1,4,1,1,1,0,0,6,4,8
68,quark_down_G3,R,-1,1,17,8,2,1,4,8,-1,1,product,S,32,3,5,1,2,1,0,0,6,5,8
68,quark_down_G3,R,-1,1,18,9,2,1,5,8,-1,1,torsion,STAY,9,0,9,3,0,1,0,0,6,5,8
68,quark_down_G3,R,-1,1,19,1,3,1,5,8,-1,1,sum,W,13,1,4,1,1,1,0,0,6,5,7
68,quark_down_G3,R,-1,1,20,2,3,1,5,7,-1,1,product,S,35,3,8,2,2,1,0,0,6,6,7
68,quark_down_G3,R,-1,1,21,3,3,1,6,7,-1,1,torsion,STAY,9,0,9,3,0,1,0,1,6,6,7
68,quark_down_G3,R,-1,1,22,4,3,1,6,7,-1,1,sum,W,13,1,4,1,1,1,0,0,7,6,6
68,quark_down_G3,R,-1,1,23,5,3,1,6,6,-1,1,product,S,36,3,9,3,0,1,0,0,6,7,6
68,quark_down_G3,R,-1,1,24,6,3,1,7,6,-1,1,torsion,STAY,9,0,9,3,0,1,0,0,6,7,6
68,quark_down_G3,R,-1,1,25,7,3,1,7,6,-1,1,sum,W,13,1,4,1,1,1,0,0,6,7,5
68,quark_down_G3,R,-1,1,26,8,3,1,7,5,-1,1,product,S,35,3,8,2,2,1,0,0,6,8,5
68,quark_down_G3,R,-1,1,27,9,3,1,8,5,-1,1,torsion,STAY,9,0,9,3,0,1,1,0,6,8,5
68,quark_down_G3,R,-1,1,28,1,4,2,8,5,1,-1,sum,E,13,1,4,1,1,-1,0,0,6,8,6
68,quark_down_G3,R,-1,1,29,2,4,2,8,6,1,-1,product,N,48,5,3,1,0,-1,0,0,6,7,6
68,quark_down_G3,R,-1,1,30,3,4,2,7,6,1,-1,torsion,STAY,9,0,9,3,0,-1,0,0,6,7,6
68,quark_down_G3,R,-1,1,31,4,4,2,7,6,1,-1,sum,E,13,1,4,1,1,-1,0,0,6,7,7
68,quark_down_G3,R,-1,1,32,5,4,2,7,7,1,-1,product,N,49,5,4,1,1,-1,0,0,6,6,7
68,quark_down_G3,R,-1,1,33,6,4,2,6,7,1,-1,torsion,STAY,9,0,9,3,0,-1,0,0,6,6,7
68,quark_down_G3,R,-1,1,34,7,4,2,6,7,1,-1,sum,E,13,1,4,1,1,-1,0,0,6,6,8
68,quark_down_G3,R,-1,1,35,8,4,2,6,8,1,-1,product,N,48,5,3,1,0,-1,0,0,6,5,8
68,quark_down_G3,R,-1,1,36,9,4,2,5,8,1,-1,torsion,STAY,9,0,9,3,0,-1,0,0,6,5,8
68,quark_down_G3,R,-1,1,37,1,5,2,5,8,1,-1,sum,E,13,1,4,1,1,-1,0,0,6,5,9
68,quark_down_G3,R,-1,1,38,2,5,2,5,9,1,-1,product,N,45,4,9,3,0,-1,0,0,6,4,9
68,quark_down_G3,R,-1,1,39,3,5,2,4,9,1,-1,torsion,STAY,9,0,9,3,0,-1,0,0,6,4,9
68,quark_down_G3,R,-1,1,40,4,5,2,4,9,1,-1,sum,E,13,1,4,1,1,-1,0,0,6,4,1
68,quark_down_G3,R,-1,1,41,5,5,2,4,1,1,-1,product,N,4,0,4,1,1,-1,0,0,6,3,1
68,quark_down_G3,R,-1,1,42,6,5,2,3,1,1,-1,torsion,STAY,9,0,9,3,0,-1,0,0,6,3,1
68,quark_down_G3,R,-1,1,43,7,5,2,3,1,1,-1,sum,E,4,0,4,1,1,-1,0,1,6,3,2
68,quark_down_G3,R,-1,1,44,8,5,2,3,2,1,-1,product,N,6,0,6,2,0,-1,0,0,7,2,2
68,quark_down_G3,R,-1,1,45,9,5,2,2,2,1,-1,torsion,STAY,9,0,9,3,0,-1,0,0,6,2,2
68,quark_down_G3,R,-1,1,46,1,6,2,2,2,1,-1,sum,E,4,0,4,1,1,-1,0,0,6,2,3
68,quark_down_G3,R,-1,1,47,2,6,2,2,3,1,-1,product,N,6,0,6,2,0,-1,0,0,6,1,3
68,quark_down_G3,R,-1,1,48,3,6,2,1,3,1,-1,torsion,STAY,9,0,9,3,0,-1,0,0,6,1,3
68,quark_down_G3,R,-1,1,49,4,6,2,1,3,1,-1,sum,E,4,0,4,1,1,-1,0,0,6,1,4
68,quark_down_G3,R,-1,1,50,5,6,2,1,4,1,-1,product,N,4,0,4,1,1,-1,0,0,6,9,4
68,quark_down_G3,R,-1,1,51,6,6,2,9,4,1,-1,torsion,STAY,9,0,9,3,0,-1,0,0,6,9,4
68,quark_down_G3,R,-1,1,52,7,6,2,9,4,1,-1,sum,E,13,1,4,1,1,-1,0,0,6,9,5
68,quark_down_G3,R,-1,1,53,8,6,2,9,5,1,-1,product,N,45,4,9,3,0,-1,0,0,6,8,5
68,quark_down_G3,R,-1,1,54,9,6,2,8,5,1,-1,torsion,STAY,9,0,9,3,0,-1,1,0,6,8,5
68,quark_down_G3,R,-1,1,55,1,7,3,8,5,-1,1,sum,W,13,1,4,1,1,1,0,0,6,8,4
68,quark_down_G3,R,-1,1,56,2,7,3,8,4,-1,1,product,S,32,3,5,1,2,1,0,0,6,9,4
68,quark_down_G3,R,-1,1,57,3,7,3,9,4,-1,1,torsion,STAY,9,0,9,3,0,1,0,0,6,9,4
68,quark_down_G3,R,-1,1,58,4,7,3,9,4,-1,1,sum,W,13,1,4,1,1,1,0,0,6,9,3
68,quark_down_G3,R,-1,1,59,5,7,3,9,3,-1,1,product,S,27,2,9,3,0,1,0,0,6,1,3
68,quark_down_G3,R,-1,1,60,6,7,3,1,3,-1,1,torsion,STAY,9,0,9,3,0,1,0,0,6,1,3
68,quark_down_G3,R,-1,1,61,7,7,3,1,3,-1,1,sum,W,4,0,4,1,1,1,0,0,6,1,2
68,quark_down_G3,R,-1,1,62,8,7,3,1,2,-1,1,product,S,2,0,2,0,2,1,0,0,6,2,2
68,quark_down_G3,R,-1,1,63,9,7,3,2,2,-1,1,torsion,STAY,9,0,9,3,0,1,0,0,6,2,2
68,quark_down_G3,R,-1,1,64,1,8,3,2,2,-1,1,sum,W,4,0,4,1,1,1,0,0,6,2,1
68,quark_down_G3,R,-1,1,65,2,8,3,2,1,-1,1,product,S,2,0,2,0,2,1,0,1,6,3,1
68,quark_down_G3,R,-1,1,66,3,8,3,3,1,-1,1,torsion,STAY,9,0,9,3,0,1,0,0,7,3,1
68,quark_down_G3,R,-1,1,67,4,8,3,3,1,-1,1,sum,W,4,0,4,1,1,1,0,0,6,3,9
68,quark_down_G3,R,-1,1,68,5,8,3,3,9,-1,1,product,S,27,2,9,3,0,1,0,0,6,4,9
68,quark_down_G3,R,-1,1,69,6,8,3,4,9,-1,1,torsion,STAY,9,0,9,3,0,1,0,0,6,4,9
68,quark_down_G3,R,-1,1,70,7,8,3,4,9,-1,1,sum,W,13,1,4,1,1,1,0,0,6,4,8
68,quark_down_G3,R,-1,1,71,8,8,3,4,8,-1,1,product,S,32,3,5,1,2,1,0,0,6,5,8
68,quark_down_G3,R,-1,1,72,9,8,3,5,8,-1,1,torsion,STAY,9,0,9,3,0,1,0,0,6,5,8
68,quark_down_G3,R,-1,1,73,1,9,3,5,8,-1,1,sum,W,13,1,4,1,1,1,0,0,6,5,7
68,quark_down_G3,R,-1,1,74,2,9,3,5,7,-1,1,product,S,35,3,8,2,2,1,0,0,6,6,7
68,quark_down_G3,R,-1,1,75,3,9,3,6,7,-1,1,torsion,STAY,9,0,9,3,0,1,0,0,6,6,7
68,quark_down_G3,R,-1,1,76,4,9,3,6,7,-1,1,sum,W,13,1,4,1,1,1,0,0,6,6,6
68,quark_down_G3,R,-1,1,77,5,9,3,6,6,-1,1,product,S,36,3,9,3,0,1,0,0,6,7,6
68,quark_down_G3,R,-1,1,78,6,9,3,7,6,-1,1,torsion,STAY,9,0,9,3,0,1,0,0,6,7,6
68,quark_down_G3,R,-1,1,79,7,9,3,7,6,-1,1,sum,W,13,1,4,1,1,1,0,0,6,7,5
68,quark_down_G3,R,-1,1,80,8,9,3,7,5,-1,1,product,S,35,3,8,2,2,1,0,0,6,8,5
68,quark_down_G3,R,-1,1,81,9,9,3,8,5,-1,1,torsion,STAY,9,0,9,3,0,1,1,0,6,8,5
68,quark_down_G3,R,-1,1,82,1,10,4,8,5,1,-1,sum,E,13,1,4,1,1,-1,0,0,6,8,6
68,quark_down_G3,R,-1,1,83,2,10,4,8,6,1,-1,product,N,48,5,3,1,0,-1,0,0,6,7,6
68,quark_down_G3,R,-1,1,84,3,10,4,7,6,1,-1,torsion,STAY,9,0,9,3,0,-1,0,0,6,7,6
68,quark_down_G3,R,-1,1,85,4,10,4,7,6,1,-1,sum,E,13,1,4,1,1,-1,0,0,6,7,7
68,quark_down_G3,R,-1,1,86,5,10,4,7,7,1,-1,product,N,49,5,4,1,1,-1,0,0,6,6,7
68,quark_down_G3,R,-1,1,87,6,10,4,6,7,1,-1,torsion,STAY,9,0,9,3,0,-1,0,1,6,6,7
68,quark_down_G3,R,-1,1,88,7,10,4,6,7,1,-1,sum,E,13,1,4,1,1,-1,0,0,7,6,8
68,quark_down_G3,R,-1,1,89,8,10,4,6,8,1,-1,product,N,48,5,3,1,0,-1,0,0,6,5,8
68,quark_down_G3,R,-1,1,90,9,10,4,5,8,1,-1,torsion,STAY,9,0,9,3,0,-1,0,0,6,5,8
68,quark_down_G3,R,-1,1,91,1,11,4,5,8,1,-1,sum,E,13,1,4,1,1,-1,0,0,6,5,9
68,quark_down_G3,R,-1,1,92,2,11,4,5,9,1,-1,product,N,45,4,9,3,0,-1,0,0,6,4,9
68,quark_down_G3,R,-1,1,93,3,11,4,4,9,1,-1,torsion,STAY,9,0,9,3,0,-1,0,0,6,4,9
68,quark_down_G3,R,-1,1,94,4,11,4,4,9,1,-1,sum,E,13,1,4,1,1,-1,0,0,6,4,1
68,quark_down_G3,R,-1,1,95,5,11,4,4,1,1,-1,product,N,4,0,4,1,1,-1,0,0,6,3,1
68,quark_down_G3,R,-1,1,96,6,11,4,3,1,1,-1,torsion,STAY,9,0,9,3,0,-1,0,0,6,3,1
68,quark_down_G3,R,-1,1,97,7,11,4,3,1,1,-1,sum,E,4,0,4,1,1,-1,0,0,6,3,2
68,quark_down_G3,R,-1,1,98,8,11,4,3,2,1,-1,product,N,6,0,6,2,0,-1,0,0,6,2,2
68,quark_down_G3,R,-1,1,99,9,11,4,2,2,1,-1,torsion,STAY,9,0,9,3,0,-1,0,0,6,2,2
68,quark_down_G3,R,-1,1,100,1,12,4,2,2,1,-1,sum,E,4,0,4,1,1,-1,0,0,6,2,3
68,quark_down_G3,R,-1,1,101,2,12,4,2,3,1,-1,product,N,6,0,6,2,0,-1,0,0,6,1,3
68,quark_down_G3,R,-1,1,102,3,12,4,1,3,1,-1,torsion,STAY,9,0,9,3,0,-1,0,0,6,1,3
68,quark_down_G3,R,-1,1,103,4,12,4,1,3,1,-1,sum,E,4,0,4,1,1,-1,0,0,6,1,4
68,quark_down_G3,R,-1,1,104,5,12,4,1,4,1,-1,product,N,4,0,4,1,1,-1,0,0,6,9,4
68,quark_down_G3,R,-1,1,105,6,12,4,9,4,1,-1,torsion,STAY,9,0,9,3,0,-1,0,0,6,9,4
68,quark_down_G3,R,-1,1,106,7,12,4,9,4,1,-1,sum,E,13,1,4,1,1,-1,0,0,6,9,5
68,quark_down_G3,R,-1,1,107,8,12,4,9,5,1,-1,product,N,45,4,9,3,0,-1,0,0,6,8,5
68,quark_down_G3,R,-1,1,108,9,12,4,8,5,1,-1,torsion,STAY,9,0,9,3,0,-1,1,0,6,8,5
69,quark_up_G3,B,-1,-1,1,1,1,1,8,6,-1,-1,sum,W,14,1,5,1,2,1,0,0,7,8,5
69,quark_up_G3,B,-1,-1,2,2,1,1,8,5,-1,-1,product,N,40,4,4,1,1,1,0,0,6,7,5
69,quark_up_G3,B,-1,-1,3,3,1,1,7,5,-1,-1,torsion,STAY,9,0,9,3,0,1,0,0,6,7,5
69,quark_up_G3,B,-1,-1,4,4,1,1,7,5,-1,-1,sum,W,12,1,3,1,0,1,0,0,6,7,4
69,quark_up_G3,B,-1,-1,5,5,1,1,7,4,-1,-1,product,N,28,3,1,0,1,1,0,0,6,6,4
69,quark_up_G3,B,-1,-1,6,6,1,1,6,4,-1,-1,torsion,STAY,9,0,9,3,0,1,0,0,6,6,4
69,quark_up_G3,B,-1,-1,7,7,1,1,6,4,-1,-1,sum,W,10,1,1,0,1,1,0,0,6,6,3
69,quark_up_G3,B,-1,-1,8,8,1,1,6,3,-1,-1,product,N,18,1,9,3,0,1,0,0,6,5,3
69,quark_up_G3,B,-1,-1,9,9,1,1,5,3,-1,-1,torsion,STAY,9,0,9,3,0,1,0,0,6,5,3
69,quark_up_G3,B,-1,-1,10,1,2,1,5,3,-1,-1,sum,W,8,0,8,2,2,1,0,0,6,5,2
69,quark_up_G3,B,-1,-1,11,2,2,1,5,2,-1,-1,product,N,10,1,1,0,1,1,0,0,6,4,2
69,quark_up_G3,B,-1,-1,12,3,2,1,4,2,-1,-1,torsion,STAY,9,0,9,3,0,1,0,0,6,4,2
69,quark_up_G3,B,-1,-1,13,4,2,1,4,2,-1,-1,sum,W,6,0,6,2,0,1,0,0,6,4,1
69,quark_up_G3,B,-1,-1,14,5,2,1,4,1,-1,-1,product,N,4,0,4,1,1,1,0,0,6,3,1
69,quark_up_G3,B,-1,-1,15,6,2,1,3,1,-1,-1,torsion,STAY,9,0,9,3,0,1,0,0,6,3,1
69,quark_up_G3,B,-1,-1,16,7,2,1,3,1,-1,-1,sum,W,4,0,4,1,1,1,0,0,6,3,9
69,quark_up_G3,B,-1,-1,17,8,2,1,3,9,-1,-1,product,N,27,2,9,3,0,1,0,0,6,2,9
69,quark_up_G3,B,-1,-1,18,9,2,1,2,9,-1,-1,torsion,STAY,9,0,9,3,0,1,0,0,6,2,9
69,quark_up_G3,B,-1,-1,19,1,3,1,2,9,-1,-1,sum,W,11,1,2,0,2,1,0,0,6,2,8
69,quark_up_G3,B,-1,-1,20,2,3,1,2,8,-1,-1,product,N,16,1,7,2,1,1,0,0,6,1,8
69,quark_up_G3,B,-1,-1,21,3,3,1,1,8,-1,-1,torsion,STAY,9,0,9,3,0,1,0,1,6,1,8
69,quark_up_G3,B,-1,-1,22,4,3,1,1,8,-1,-1,sum,W,9,0,9,3,0,1,0,0,7,1,7
69,quark_up_G3,B,-1,-1,23,5,3,1,1,7,-1,-1,product,N,7,0,7,2,1,1,0,0,6,9,7
69,quark_up_G3,B,-1,-1,24,6,3,1,9,7,-1,-1,torsion,STAY,9,0,9,3,0,1,0,0,6,9,7
69,quark_up_G3,B,-1,-1,25,7,3,1,9,7,-1,-1,sum,W,16,1,7,2,1,1,0,0,6,9,6
69,quark_up_G3,B,-1,-1,26,8,3,1,9,6,-1,-1,product,N,54,5,9,3,0,1,0,0,6,8,6
69,quark_up_G3,B,-1,-1,27,9,3,1,8,6,-1,-1,torsion,STAY,9,0,9,3,0,1,1,0,6,8,6
69,quark_up_G3,B,-1,-1,28,1,4,2,8,6,1,1,sum,E,14,1,5,1,2,-1,0,0,6,8,7
69,quark_up_G3,B,-1,-1,29,2,4,2,8,7,1,1,product,S,56,6,2,0,2,-1,0,0,6,9,7
69,quark_up_G3,B,-1,-1,30,3,4,2,9,7,1,1,torsion,STAY,9,0,9,3,0,-1,0,0,6,9,7
69,quark_up_G3,B,-1,-1,31,4,4,2,9,7,1,1,sum,E,16,1,7,2,1,-1,0,0,6,9,8
69,quark_up_G3,B,-1,-1,32,5,4,2,9,8,1,1,product,S,72,7,9,3,0,-1,0,0,6,1,8
69,quark_up_G3,B,-1,-1,33,6,4,2,1,8,1,1,torsion,STAY,9,0,9,3,0,-1,0,0,6,1,8
69,quark_up_G3,B,-1,-1,34,7,4,2,1,8,1,1,sum,E,9,0,9,3,0,-1,0,0,6,1,9
69,quark_up_G3,B,-1,-1,35,8,4,2,1,9,1,1,product,S,9,0,9,3,0,-1,0,0,6,2,9
69,quark_up_G3,B,-1,-1,36,9,4,2,2,9,1,1,torsion,STAY,9,0,9,3,0,-1,0,0,6,2,9
69,quark_up_G3,B,-1,-1,37,1,5,2,2,9,1,1,sum,E,11,1,2,0,2,-1,0,0,6,2,1
69,quark_up_G3,B,-1,-1,38,2,5,2,2,1,1,1,product,S,2,0,2,0,2,-1,0,0,6,3,1
69,quark_up_G3,B,-1,-1,39,3,5,2,3,1,1,1,torsion,STAY,9,0,9,3,0,-1,0,0,6,3,1
69,quark_up_G3,B,-1,-1,40,4,5,2,3,1,1,1,sum,E,4,0,4,1,1,-1,0,0,6,3,2
69,quark_up_G3,B,-1,-1,41,5,5,2,3,2,1,1,product,S,6,0,6,2,0,-1,0,0,6,4,2
69,quark_up_G3,B,-1,-1,42,6,5,2,4,2,1,1,torsion,STAY,9,0,9,3,0,-1,0,0,6,4,2
69,quark_up_G3,B,-1,-1,43,7,5,2,4,2,1,1,sum,E,6,0,6,2,0,-1,0,1,6,4,3
69,quark_up_G3,B,-1,-1,44,8,5,2,4,3,1,1,product,S,12,1,3,1,0,-1,0,0,7,5,3
69,quark_up_G3,B,-1,-1,45,9,5,2,5,3,1,1,torsion,STAY,9,0,9,3,0,-1,0,0,6,5,3
69,quark_up_G3,B,-1,-1,46,1,6,2,5,3,1,1,sum,E,8,0,8,2,2,-1,0,0,6,5,4
69,quark_up_G3,B,-1,-1,47,2,6,2,5,4,1,1,product,S,20,2,2,0,2,-1,0,0,6,6,4
69,quark_up_G3,B,-1,-1,48,3,6,2,6,4,1,1,torsion,STAY,9,0,9,3,0,-1,0,0,6,6,4
69,quark_up_G3,B,-1,-1,49,4,6,2,6,4,1,1,sum,E,10,1,1,0,1,-1,0,0,6,6,5
69,quark_up_G3,B,-1,-1,50,5,6,2,6,5,1,1,product,S,30,3,3,1,0,-1,0,0,6,7,5
69,quark_up_G3,B,-1,-1,51,6,6,2,7,5,1,1,torsion,STAY,9,0,9,3,0,-1,0,0,6,7,5
69,quark_up_G3,B,-1,-1,52,7,6,2,7,5,1,1,sum,E,12,1,3,1,0,-1,0,0,6,7,6
69,quark_up_G3,B,-1,-1,53,8,6,2,7,6,1,1,product,S,42,4,6,2,0,-1,0,0,6,8,6
69,quark_up_G3,B,-1,-1,54,9,6,2,8,6,1,1,torsion,STAY,9,0,9,3,0,-1,1,0,6,8,6
69,quark_up_G3,B,-1,-1,55,1,7,3,8,6,-1,-1,sum,W,14,1,5,1,2,1,0,0,6,8,5
69,quark_up_G3,B,-1,-1,56,2,7,3,8,5,-1,-1,product,N,40,4,4,1,1,1,0,0,6,7,5
69,quark_up_G3,B,-1,-1,57,3,7,3,7,5,-1,-1,torsion,STAY,9,0,9,3,0,1,0,0,6,7,5
69,quark_up_G3,B,-1,-1,58,4,7,3,7,5,-1,-1,sum,W,12,1,3,1,0,1,0,0,6,7,4
69,quark_up_G3,B,-1,-1,59,5,7,3,7,4,-1,-1,product,N,28,3,1,0,1,1,0,0,6,6,4
69,quark_up_G3,B,-1,-1,60,6,7,3,6,4,-1,-1,torsion,STAY,9,0,9,3,0,1,0,0,6,6,4
69,quark_up_G3,B,-1,-1,61,7,7,3,6,4,-1,-1,sum,W,10,1,1,0,1,1,0,0,6,6,3
69,quark_up_G3,B,-1,-1,62,8,7,3,6,3,-1,-1,product,N,18,1,9,3,0,1,0,0,6,5,3
69,quark_up_G3,B,-1,-1,63,9,7,3,5,3,-1,-1,torsion,STAY,9,0,9,3,0,1,0,0,6,5,3
69,quark_up_G3,B,-1,-1,64,1,8,3,5,3,-1,-1,sum,W,8,0,8,2,2,1,0,0,6,5,2
69,quark_up_G3,B,-1,-1,65,2,8,3,5,2,-1,-1,product,N,10,1,1,0,1,1,0,1,6,4,2
69,quark_up_G3,B,-1,-1,66,3,8,3,4,2,-1,-1,torsion,STAY,9,0,9,3,0,1,0,0,7,4,2
69,quark_up_G3,B,-1,-1,67,4,8,3,4,2,-1,-1,sum,W,6,0,6,2,0,1,0,0,6,4,1
69,quark_up_G3,B,-1,-1,68,5,8,3,4,1,-1,-1,product,N,4,0,4,1,1,1,0,0,6,3,1
69,quark_up_G3,B,-1,-1,69,6,8,3,3,1,-1,-1,torsion,STAY,9,0,9,3,0,1,0,0,6,3,1
69,quark_up_G3,B,-1,-1,70,7,8,3,3,1,-1,-1,sum,W,4,0,4,1,1,1,0,0,6,3,9
69,quark_up_G3,B,-1,-1,71,8,8,3,3,9,-1,-1,product,N,27,2,9,3,0,1,0,0,6,2,9
69,quark_up_G3,B,-1,-1,72,9,8,3,2,9,-1,-1,torsion,STAY,9,0,9,3,0,1,0,0,6,2,9
69,quark_up_G3,B,-1,-1,73,1,9,3,2,9,-1,-1,sum,W,11,1,2,0,2,1,0,0,6,2,8
69,quark_up_G3,B,-1,-1,74,2,9,3,2,8,-1,-1,product,N,16,1,7,2,1,1,0,0,6,1,8
69,quark_up_G3,B,-1,-1,75,3,9,3,1,8,-1,-1,torsion,STAY,9,0,9,3,0,1,0,0,6,1,8
69,quark_up_G3,B,-1,-1,76,4,9,3,1,8,-1,-1,sum,W,9,0,9,3,0,1,0,0,6,1,7
69,quark_up_G3,B,-1,-1,77,5,9,3,1,7,-1,-1,product,N,7,0,7,2,1,1,0,0,6,9,7
69,quark_up_G3,B,-1,-1,78,6,9,3,9,7,-1,-1,torsion,STAY,9,0,9,3,0,1,0,0,6,9,7
69,quark_up_G3,B,-1,-1,79,7,9,3,9,7,-1,-1,sum,W,16,1,7,2,1,1,0,0,6,9,6
69,quark_up_G3,B,-1,-1,80,8,9,3,9,6,-1,-1,product,N,54,5,9,3,0,1,0,0,6,8,6
69,quark_up_G3,B,-1,-1,81,9,9,3,8,6,-1,-1,torsion,STAY,9,0,9,3,0,1,1,0,6,8,6
69,quark_up_G3,B,-1,-1,82,1,10,4,8,6,1,1,sum,E,14,1,5,1,2,-1,0,0,6,8,7
69,quark_up_G3,B,-1,-1,83,2,10,4,8,7,1,1,product,S,56,6,2,0,2,-1,0,0,6,9,7
69,quark_up_G3,B,-1,-1,84,3,10,4,9,7,1,1,torsion,STAY,9,0,9,3,0,-1,0,0,6,9,7
69,quark_up_G3,B,-1,-1,85,4,10,4,9,7,1,1,sum,E,16,1,7,2,1,-1,0,0,6,9,8
69,quark_up_G3,B,-1,-1,86,5,10,4,9,8,1,1,product,S,72,7,9,3,0,-1,0,0,6,1,8
69,quark_up_G3,B,-1,-1,87,6,10,4,1,8,1,1,torsion,STAY,9,0,9,3,0,-1,0,1,6,1,8
69,quark_up_G3,B,-1,-1,88,7,10,4,1,8,1,1,sum,E,9,0,9,3,0,-1,0,0,7,1,9
69,quark_up_G3,B,-1,-1,89,8,10,4,1,9,1,1,product,S,9,0,9,3,0,-1,0,0,6,2,9
69,quark_up_G3,B,-1,-1,90,9,10,4,2,9,1,1,torsion,STAY,9,0,9,3,0,-1,0,0,6,2,9
69,quark_up_G3,B,-1,-1,91,1,11,4,2,9,1,1,sum,E,11,1,2,0,2,-1,0,0,6,2,1
69,quark_up_G3,B,-1,-1,92,2,11,4,2,1,1,1,product,S,2,0,2,0,2,-1,0,0,6,3,1
69,quark_up_G3,B,-1,-1,93,3,11,4,3,1,1,1,torsion,STAY,9,0,9,3,0,-1,0,0,6,3,1
69,quark_up_G3,B,-1,-1,94,4,11,4,3,1,1,1,sum,E,4,0,4,1,1,-1,0,0,6,3,2
69,quark_up_G3,B,-1,-1,95,5,11,4,3,2,1,1,product,S,6,0,6,2,0,-1,0,0,6,4,2
69,quark_up_G3,B,-1,-1,96,6,11,4,4,2,1,1,torsion,STAY,9,0,9,3,0,-1,0,0,6,4,2
69,quark_up_G3,B,-1,-1,97,7,11,4,4,2,1,1,sum,E,6,0,6,2,0,-1,0,0,6,4,3
69,quark_up_G3,B,-1,-1,98,8,11,4,4,3,1,1,product,S,12,1,3,1,0,-1,0,0,6,5,3
69,quark_up_G3,B,-1,-1,99,9,11,4,5,3,1,1,torsion,STAY,9,0,9,3,0,-1,0,0,6,5,3
69,quark_up_G3,B,-1,-1,100,1,12,4,5,3,1,1,sum,E,8,0,8,2,2,-1,0,0,6,5,4
69,quark_up_G3,B,-1,-1,101,2,12,4,5,4,1,1,product,S,20,2,2,0,2,-1,0,0,6,6,4
69,quark_up_G3,B,-1,-1,102,3,12,4,6,4,1,1,torsion,STAY,9,0,9,3,0,-1,0,0,6,6,4
69,quark_up_G3,B,-1,-1,103,4,12,4,6,4,1,1,sum,E,10,1,1,0,1,-1,0,0,6,6,5
69,quark_up_G3,B,-1,-1,104,5,12,4,6,5,1,1,product,S,30,3,3,1,0,-1,0,0,6,7,5
69,quark_up_G3,B,-1,-1,105,6,12,4,7,5,1,1,torsion,STAY,9,0,9,3,0,-1,0,0,6,7,5
69,quark_up_G3,B,-1,-1,106,7,12,4,7,5,1,1,sum,E,12,1,3,1,0,-1,0,0,6,7,6
69,quark_up_G3,B,-1,-1,107,8,12,4,7,6,1,1,product,S,42,4,6,2,0,-1,0,0,6,8,6
69,quark_up_G3,B,-1,-1,108,9,12,4,8,6,1,1,torsion,STAY,9,0,9,3,0,-1,1,0,6,8,6
70,quark_down_G3,G,1,-1,1,1,1,1,8,7,1,-1,sum,E,15,1,6,2,0,1,0,0,7,8,8
70,quark_down_G3,G,1,-1,2,2,1,1,8,8,1,-1,product,N,64,7,1,0,1,1,0,0,6,7,8
70,quark_down_G3,G,1,-1,3,3,1,1,7,8,1,-1,torsion,STAY,9,0,9,3,0,1,0,0,6,7,8
70,quark_down_G3,G,1,-1,4,4,1,1,7,8,1,-1,sum,E,15,1,6,2,0,1,0,0,6,7,9
70,quark_down_G3,G,1,-1,5,5,1,1,7,9,1,-1,product,N,63,6,9,3,0,1,0,0,6,6,9
70,quark_down_G3,G,1,-1,6,6,1,1,6,9,1,-1,torsion,STAY,9,0,9,3,0,1,0,0,6,6,9
70,quark_down_G3,G,1,-1,7,7,1,1,6,9,1,-1,sum,E,15,1,6,2,0,1,0,0,6,6,1
70,quark_down_G3,G,1,-1,8,8,1,1,6,1,1,-1,product,N,6,0,6,2,0,1,0,0,6,5,1
70,quark_down_G3,G,1,-1,9,9,1,1,5,1,1,-1,torsion,STAY,9,0,9,3,0,1,0,0,6,5,1
70,quark_down_G3,G,1,-1,10,1,2,1,5,1,1,-1,sum,E,6,0,6,2,0,1,0,0,6,5,2
70,quark_down_G3,G,1,-1,11,2,2,1,5,2,1,-1,product,N,10,1,1,0,1,1,0,0,6,4,2
70,quark_down_G3,G,1,-1,12,3,2,1,4,2,1,-1,torsion,STAY,9,0,9,3,0,1,0,0,6,4,2
70,quark_down_G3,G,1,-1,13,4,2,1,4,2,1,-1,sum,E,6,0,6,2,0,1,0,0,6,4,3
70,quark_down_G3,G,1,-1,14,5,2,1,4,3,1,-1,product,N,12,1,3,1,0,1,0,0,6,3,3
70,quark_down_G3,G,1,-1,15,6,2,1,3,3,1,-1,torsion,STAY,9,0,9,3,0,1,0,0,6,3,3
70,quark_down_G3,G,1,-1,16,7,2,1,3,3,1,-1,sum,E,6,0,6,2,0,1,0,0,6,3,4
70,quark_down_G3,G,1,-1,17,8,2,1,3,4,1,-1,product,N,12,1,3,1,0,1,0,0,6,2,4
70,quark_down_G3,G,1,-1,18,9,2,1,2,4,1,-1,torsion,STAY,9,0,9,3,0,1,0,0,6,2,4
70,quark_down_G3,G,1,-1,19,1,3,1,2,4,1,-1,sum,E,6,0,6,2,0,1,0,0,6,2,5
70,quark_down_G3,G,1,-1,20,2,3,1,2,5,1,-1,product,N,10,1,1,0,1,1,0,0,6,1,5
70,quark_down_G3,G,1,-1,21,3,3,1,1,5,1,-1,torsion,STAY,9,0,9,3,0,1,0,1,6,1,5
70,quark_down_G3,G,1,-1,22,4,3,1,1,5,1,-1,sum,E,6,0,6,2,0,1,0,0,7,1,6
70,quark_down_G3,G,1,-1,23,5,3,1,1,6,1,-1,product,N,6,0,6,2,0,1,0,0,6,9,6
70,quark_down_G3,G,1,-1,24,6,3,1,9,6,1,-1,torsion,STAY,9,0,9,3,0,1,0,0,6,9,6
70,quark_down_G3,G,1,-1,25,7,3,1,9,6,1,-1,sum,E,15,1,6,2,0,1,0,0,6,9,7
70,quark_down_G3,G,1,-1,26,8,3,1,9,7,1,-1,product,N,63,6,9,3,0,1,0,0,6,8,7
70,quark_down_G3,G,1,-1,27,9,3,1,8,7,1,-1,torsion,STAY,9,0,9,3,0,1,1,0,6,8,7
70,quark_down_G3,G,1,-1,28,1,4,2,8,7,-1,1,sum,W,15,1,6,2,0,-1,0,0,6,8,6
70,quark_down_G3,G,1,-1,29,2,4,2,8,6,-1,1,product,S,48,5,3,1,0,-1,0,0,6,9,6
70,quark_down_G3,G,1,-1,30,3,4,2,9,6,-1,1,torsion,STAY,9,0,9,3,0,-1,0,0,6,9,6
70,quark_down_G3,G,1,-1,31,4,4,2,9,6,-1,1,sum,W,15,1,6,2,0,-1,0,0,6,9,5
70,quark_down_G3,G,1,-1,32,5,4,2,9,5,-1,1,product,S,45,4,9,3,0,-1,0,0,6,1,5
70,quark_down_G3,G,1,-1,33,6,4,2,1,5,-1,1,torsion,STAY,9,0,9,3,0,-1,0,0,6,1,5
70,quark_down_G3,G,1,-1,34,7,4,2,1,5,-1,1,sum,W,6,0,6,2,0,-1,0,0,6,1,4
70,quark_down_G3,G,1,-1,35,8,4,2,1,4,-1,1,product,S,4,0,4,1,1,-1,0,0,6,2,4
70,quark_down_G3,G,1,-1,36,9,4,2,2,4,-1,1,torsion,STAY,9,0,9,3,0,-1,0,0,6,2,4
70,quark_down_G3,G,1,-1,37,1,5,2,2,4,-1,1,sum,W,6,0,6,2,0,-1,0,0,6,2,3
70,quark_down_G3,G,1,-1,38,2,5,2,2,3,-1,1,product,S,6,0,6,2,0,-1,0,0,6,3,3
70,quark_down_G3,G,1,-1,39,3,5,2,3,3,-1,1,torsion,STAY,9,0,9,3,0,-1,0,0,6,3,3
70,quark_down_G3,G,1,-1,40,4,5,2,3,3,-1,1,sum,W,6,0,6,2,0,-1,0,0,6,3,2
70,quark_down_G3,G,1,-1,41,5,5,2,3,2,-1,1,product,S,6,0,6,2,0,-1,0,0,6,4,2
70,quark_down_G3,G,1,-1,42,6,5,2,4,2,-1,1,torsion,STAY,9,0,9,3,0,-1,0,0,6,4,2
70,quark_down_G3,G,1,-1,43,7,5,2,4,2,-1,1,sum,W,6,0,6,2,0,-1,0,1,6,4,1
70,quark_down_G3,G,1,-1,44,8,5,2,4,1,-1,1,product,S,4,0,4,1,1,-1,0,0,7,5,1
70,quark_down_G3,G,1,-1,45,9,5,2,5,1,-1,1,torsion,STAY,9,0,9,3,0,-1,0,0,6,5,1
70,quark_down_G3,G,1,-1,46,1,6,2,5,1,-1,1,sum,W,6,0,6,2,0,-1,0,0,6,5,9
70,quark_down_G3,G,1,-1,47,2,6,2,5,9,-1,1,product,S,45,4,9,3,0,-1,0,0,6,6,9
70,quark_down_G3,G,1,-1,48,3,6,2,6,9,-1,1,torsion,STAY,9,0,9,3,0,-1,0,0,6,6,9
70,quark_down_G3,G,1,-1,49,4,6,2,6,9,-1,1,sum,W,15,1,6,2,0,-1,0,0,6,6,8
70,quark_down_G3,G,1,-1,50,5,6,2,6,8,-1,1,product,S,48,5,3,1,0,-1,0,0,6,7,8
70,quark_down_G3,G,1,-1,51,6,6,2,7,8,-1,1,torsion,STAY,9,0,9,3,0,-1,0,0,6,7,8
70,quark_down_G3,G,1,-1,52,7,6,2,7,8,-1,1,sum,W,15,1,6,2,0,-1,0,0,6,7,7
70,quark_down_G3,G,1,-1,53,8,6,2,7,7,-1,1,product,S,49,5,4,1,1,-1,0,0,6,8,7
70,quark_down_G3,G,1,-1,54,9,6,2,8,7,-1,1,torsion,STAY,9,0,9,3,0,-1,1,0,6,8,7
70,quark_down_G3,G,1,-1,55,1,7,3,8,7,1,-1,sum,E,15,1,6,2,0,1,0,0,6,8,8
70,quark_down_G3,G,1,-1,56,2,7,3,8,8,1,-1,product,N,64,7,1,0,1,1,0,0,6,7,8
70,quark_down_G3,G,1,-1,57,3,7,3,7,8,1,-1,torsion,STAY,9,0,9,3,0,1,0,0,6,7,8
70,quark_down_G3,G,1,-1,58,4,7,3,7,8,1,-1,sum,E,15,1,6,2,0,1,0,0,6,7,9
70,quark_down_G3,G,1,-1,59,5,7,3,7,9,1,-1,product,N,63,6,9,3,0,1,0,0,6,6,9
70,quark_down_G3,G,1,-1,60,6,7,3,6,9,1,-1,torsion,STAY,9,0,9,3,0,1,0,0,6,6,9
70,quark_down_G3,G,1,-1,61,7,7,3,6,9,1,-1,sum,E,15,1,6,2,0,1,0,0,6,6,1
70,quark_down_G3,G,1,-1,62,8,7,3,6,1,1,-1,product,N,6,0,6,2,0,1,0,0,6,5,1
70,quark_down_G3,G,1,-1,63,9,7,3,5,1,1,-1,torsion,STAY,9,0,9,3,0,1,0,0,6,5,1
70,quark_down_G3,G,1,-1,64,1,8,3,5,1,1,-1,sum,E,6,0,6,2,0,1,0,0,6,5,2
70,quark_down_G3,G,1,-1,65,2,8,3,5,2,1,-1,product,N,10,1,1,0,1,1,0,1,6,4,2
70,quark_down_G3,G,1,-1,66,3,8,3,4,2,1,-1,torsion,STAY,9,0,9,3,0,1,0,0,7,4,2
70,quark_down_G3,G,1,-1,67,4,8,3,4,2,1,-1,sum,E,6,0,6,2,0,1,0,0,6,4,3
70,quark_down_G3,G,1,-1,68,5,8,3,4,3,1,-1,product,N,12,1,3,1,0,1,0,0,6,3,3
70,quark_down_G3,G,1,-1,69,6,8,3,3,3,1,-1,torsion,STAY,9,0,9,3,0,1,0,0,6,3,3
70,quark_down_G3,G,1,-1,70,7,8,3,3,3,1,-1,sum,E,6,0,6,2,0,1,0,0,6,3,4
70,quark_down_G3,G,1,-1,71,8,8,3,3,4,1,-1,product,N,12,1,3,1,0,1,0,0,6,2,4
70,quark_down_G3,G,1,-1,72,9,8,3,2,4,1,-1,torsion,STAY,9,0,9,3,0,1,0,0,6,2,4
70,quark_down_G3,G,1,-1,73,1,9,3,2,4,1,-1,sum,E,6,0,6,2,0,1,0,0,6,2,5
70,quark_down_G3,G,1,-1,74,2,9,3,2,5,1,-1,product,N,10,1,1,0,1,1,0,0,6,1,5
70,quark_down_G3,G,1,-1,75,3,9,3,1,5,1,-1,torsion,STAY,9,0,9,3,0,1,0,0,6,1,5
70,quark_down_G3,G,1,-1,76,4,9,3,1,5,1,-1,sum,E,6,0,6,2,0,1,0,0,6,1,6
70,quark_down_G3,G,1,-1,77,5,9,3,1,6,1,-1,product,N,6,0,6,2,0,1,0,0,6,9,6
70,quark_down_G3,G,1,-1,78,6,9,3,9,6,1,-1,torsion,STAY,9,0,9,3,0,1,0,0,6,9,6
70,quark_down_G3,G,1,-1,79,7,9,3,9,6,1,-1,sum,E,15,1,6,2,0,1,0,0,6,9,7
70,quark_down_G3,G,1,-1,80,8,9,3,9,7,1,-1,product,N,63,6,9,3,0,1,0,0,6,8,7
70,quark_down_G3,G,1,-1,81,9,9,3,8,7,1,-1,torsion,STAY,9,0,9,3,0,1,1,0,6,8,7
70,quark_down_G3,G,1,-1,82,1,10,4,8,7,-1,1,sum,W,15,1,6,2,0,-1,0,0,6,8,6
70,quark_down_G3,G,1,-1,83,2,10,4,8,6,-1,1,product,S,48,5,3,1,0,-1,0,0,6,9,6
70,quark_down_G3,G,1,-1,84,3,10,4,9,6,-1,1,torsion,STAY,9,0,9,3,0,-1,0,0,6,9,6
70,quark_down_G3,G,1,-1,85,4,10,4,9,6,-1,1,sum,W,15,1,6,2,0,-1,0,0,6,9,5
70,quark_down_G3,G,1,-1,86,5,10,4,9,5,-1,1,product,S,45,4,9,3,0,-1,0,0,6,1,5
70,quark_down_G3,G,1,-1,87,6,10,4,1,5,-1,1,torsion,STAY,9,0,9,3,0,-1,0,1,6,1,5
70,quark_down_G3,G,1,-1,88,7,10,4,1,5,-1,1,sum,W,6,0,6,2,0,-1,0,0,7,1,4
70,quark_down_G3,G,1,-1,89,8,10,4,1,4,-1,1,product,S,4,0,4,1,1,-1,0,0,6,2,4
70,quark_down_G3,G,1,-1,90,9,10,4,2,4,-1,1,torsion,STAY,9,0,9,3,0,-1,0,0,6,2,4
70,quark_down_G3,G,1,-1,91,1,11,4,2,4,-1,1,sum,W,6,0,6,2,0,-1,0,0,6,2,3
70,quark_down_G3,G,1,-1,92,2,11,4,2,3,-1,1,product,S,6,0,6,2,0,-1,0,0,6,3,3
70,quark_down_G3,G,1,-1,93,3,11,4,3,3,-1,1,torsion,STAY,9,0,9,3,0,-1,0,0,6,3,3
70,quark_down_G3,G,1,-1,94,4,11,4,3,3,-1,1,sum,W,6,0,6,2,0,-1,0,0,6,3,2
70,quark_down_G3,G,1,-1,95,5,11,4,3,2,-1,1,product,S,6,0,6,2,0,-1,0,0,6,4,2
70,quark_down_G3,G,1,-1,96,6,11,4,4,2,-1,1,torsion,STAY,9,0,9,3,0,-1,0,0,6,4,2
70,quark_down_G3,G,1,-1,97,7,11,4,4,2,-1,1,sum,W,6,0,6,2,0,-1,0,0,6,4,1
70,quark_down_G3,G,1,-1,98,8,11,4,4,1,-1,1,product,S,4,0,4,1,1,-1,0,0,6,5,1
70,quark_down_G3,G,1,-1,99,9,11,4,5,1,-1,1,torsion,STAY,9,0,9,3,0,-1,0,0,6,5,1
70,quark_down_G3,G,1,-1,100,1,12,4,5,1,-1,1,sum,W,6,0,6,2,0,-1,0,0,6,5,9
70,quark_down_G3,G,1,-1,101,2,12,4,5,9,-1,1,product,S,45,4,9,3,0,-1,0,0,6,6,9
70,quark_down_G3,G,1,-1,102,3,12,4,6,9,-1,1,torsion,STAY,9,0,9,3,0,-1,0,0,6,6,9
70,quark_down_G3,G,1,-1,103,4,12,4,6,9,-1,1,sum,W,15,1,6,2,0,-1,0,0,6,6,8
70,quark_down_G3,G,1,-1,104,5,12,4,6,8,-1,1,product,S,48,5,3,1,0,-1,0,0,6,7,8
70,quark_down_G3,G,1,-1,105,6,12,4,7,8,-1,1,torsion,STAY,9,0,9,3,0,-1,0,0,6,7,8
70,quark_down_G3,G,1,-1,106,7,12,4,7,8,-1,1,sum,W,15,1,6,2,0,-1,0,0,6,7,7
70,quark_down_G3,G,1,-1,107,8,12,4,7,7,-1,1,product,S,49,5,4,1,1,-1,0,0,6,8,7
70,quark_down_G3,G,1,-1,108,9,12,4,8,7,-1,1,torsion,STAY,9,0,9,3,0,-1,1,0,6,8,7
71,quark_up_G3,R,1,1,1,1,1,1,8,8,1,1,sum,E,16,1,7,2,1,1,0,0,7,8,9
71,quark_up_G3,R,1,1,2,2,1,1,8,9,1,1,product,S,72,7,9,3,0,1,0,0,6,9,9
71,quark_up_G3,R,1,1,3,3,1,1,9,9,1,1,torsion,STAY,9,0,9,3,0,1,0,0,6,9,9
71,quark_up_G3,R,1,1,4,4,1,1,9,9,1,1,sum,E,18,1,9,3,0,1,0,0,6,9,1
71,quark_up_G3,R,1,1,5,5,1,1,9,1,1,1,product,S,9,0,9,3,0,1,0,0,6,1,1
71,quark_up_G3,R,1,1,6,6,1,1,1,1,1,1,torsion,STAY,9,0,9,3,0,1,0,0,6,1,1
71,quark_up_G3,R,1,1,7,7,1,1,1,1,1,1,sum,E,2,0,2,0,2,1,0,0,6,1,2
71,quark_up_G3,R,1,1,8,8,1,1,1,2,1,1,product,S,2,0,2,0,2,1,0,0,6,2,2
71,quark_up_G3,R,1,1,9,9,1,1,2,2,1,1,torsion,STAY,9,0,9,3,0,1,0,0,6,2,2
71,quark_up_G3,R,1,1,10,1,2,1,2,2,1,1,sum,E,4,0,4,1,1,1,0,0,6,2,3
71,quark_up_G3,R,1,1,11,2,2,1,2,3,1,1,product,S,6,0,6,2,0,1,0,0,6,3,3
71,quark_up_G3,R,1,1,12,3,2,1,3,3,1,1,torsion,STAY,9,0,9,3,0,1,0,0,6,3,3
71,quark_up_G3,R,1,1,13,4,2,1,3,3,1,1,sum,E,6,0,6,2,0,1,0,0,6,3,4
71,quark_up_G3,R,1,1,14,5,2,1,3,4,1,1,product,S,12,1,3,1,0,1,0,0,6,4,4
71,quark_up_G3,R,1,1,15,6,2,1,4,4,1,1,torsion,STAY,9,0,9,3,0,1,0,0,6,4,4
71,quark_up_G3,R,1,1,16,7,2,1,4,4,1,1,sum,E,8,0,8,2,2,1,0,0,6,4,5
71,quark_up_G3,R,1,1,17,8,2,1,4,5,1,1,product,S,20,2,2,0,2,1,0,0,6,5,5
71,quark_up_G3,R,1,1,18,9,2,1,5,5,1,1,torsion,STAY,9,0,9,3,0,1,0,0,6,5,5
71,quark_up_G3,R,1,1,19,1,3,1,5,5,1,1,sum,E,10,1,1,0,1,1,0,0,6,5,6
71,quark_up_G3,R,1,1,20,2,3,1,5,6,1,1,product,S,30,3,3,1,0,1,0,0,6,6,6
71,quark_up_G3,R,1,1,21,3,3,1,6,6,1,1,torsion,STAY,9,0,9,3,0,1,0,1,6,6,6
71,quark_up_G3,R,1,1,22,4,3,1,6,6,1,1,sum,E,12,1,3,1,0,1,0,0,7,6,7
71,quark_up_G3,R,1,1,23,5,3,1,6,7,1,1,product,S,42,4,6,2,0,1,0,0,6,7,7
71,quark_up_G3,R,1,1,24,6,3,1,7,7,1,1,torsion,STAY,9,0,9,3,0,1,0,0,6,7,7
71,quark_up_G3,R,1,1,25,7,3,1,7,7,1,1,sum,E,14,1,5,1,2,1,0,0,6,7,8
71,quark_up_G3,R,1,1,26,8,3,1,7,8,1,1,product,S,56,6,2,0,2,1,0,0,6,8,8
71,quark_up_G3,R,1,1,27,9,3,1,8,8,1,1,torsion,STAY,9,0,9,3,0,1,1,0,6,8,8
71,quark_up_G3,R,1,1,28,1,4,2,8,8,-1,-1,sum,W,16,1,7,2,1,-1,0,0,6,8,7
71,quark_up_G3,R,1,1,29,2,4,2,8,7,-1,-1,product,N,56,6,2,0,2,-1,0,0,6,7,7
71,quark_up_G3,R,1,1,30,3,4,2,7,7,-1,-1,torsion,STAY,9,0,9,3,0,-1,0,0,6,7,7
71,quark_up_G3,R,1,1,31,4,4,2,7,7,-1,-1,sum,W,14,1,5,1,2,-1,0,0,6,7,6
71,quark_up_G3,R,1,1,32,5,4,2,7,6,-1,-1,product,N,42,4,6,2,0,-1,0,0,6,6,6
71,quark_up_G3,R,1,1,33,6,4,2,6,6,-1,-1,torsion,STAY,9,0,9,3,0,-1,0,0,6,6,6
71,quark_up_G3,R,1,1,34,7,4,2,6,6,-1,-1,sum,W,12,1,3,1,0,-1,0,0,6,6,5
71,quark_up_G3,R,1,1,35,8,4,2,6,5,-1,-1,product,N,30,3,3,1,0,-1,0,0,6,5,5
71,quark_up_G3,R,1,1,36,9,4,2,5,5,-1,-1,torsion,STAY,9,0,9,3,0,-1,0,0,6,5,5
71,quark_up_G3,R,1,1,37,1,5,2,5,5,-1,-1,sum,W,10,1,1,0,1,-1,0,0,6,5,4
71,quark_up_G3,R,1,1,38,2,5,2,5,4,-1,-1,product,N,20,2,2,0,2,-1,0,0,6,4,4
71,quark_up_G3,R,1,1,39,3,5,2,4,4,-1,-1,torsion,STAY,9,0,9,3,0,-1,0,0,6,4,4
71,quark_up_G3,R,1,1,40,4,5,2,4,4,-1,-1,sum,W,8,0,8,2,2,-1,0,0,6,4,3
71,quark_up_G3,R,1,1,41,5,5,2,4,3,-1,-1,product,N,12,1,3,1,0,-1,0,0,6,3,3
71,quark_up_G3,R,1,1,42,6,5,2,3,3,-1,-1,torsion,STAY,9,0,9,3,0,-1,0,0,6,3,3
71,quark_up_G3,R,1,1,43,7,5,2,3,3,-1,-1,sum,W,6,0,6,2,0,-1,0,1,6,3,2
71,quark_up_G3,R,1,1,44,8,5,2,3,2,-1,-1,product,N,6,0,6,2,0,-1,0,0,7,2,2
71,quark_up_G3,R,1,1,45,9,5,2,2,2,-1,-1,torsion,STAY,9,0,9,3,0,-1,0,0,6,2,2
71,quark_up_G3,R,1,1,46,1,6,2,2,2,-1,-1,sum,W,4,0,4,1,1,-1,0,0,6,2,1
71,quark_up_G3,R,1,1,47,2,6,2,2,1,-1,-1,product,N,2,0,2,0,2,-1,0,0,6,1,1
71,quark_up_G3,R,1,1,48,3,6,2,1,1,-1,-1,torsion,STAY,9,0,9,3,0,-1,0,0,6,1,1
71,quark_up_G3,R,1,1,49,4,6,2,1,1,-1,-1,sum,W,2,0,2,0,2,-1,0,0,6,1,9
71,quark_up_G3,R,1,1,50,5,6,2,1,9,-1,-1,product,N,9,0,9,3,0,-1,0,0,6,9,9
71,quark_up_G3,R,1,1,51,6,6,2,9,9,-1,-1,torsion,STAY,9,0,9,3,0,-1,0,0,6,9,9
71,quark_up_G3,R,1,1,52,7,6,2,9,9,-1,-1,sum,W,18,1,9,3,0,-1,0,0,6,9,8
71,quark_up_G3,R,1,1,53,8,6,2,9,8,-1,-1,product,N,72,7,9,3,0,-1,0,0,6,8,8
71,quark_up_G3,R,1,1,54,9,6,2,8,8,-1,-1,torsion,STAY,9,0,9,3,0,-1,1,0,6,8,8
71,quark_up_G3,R,1,1,55,1,7,3,8,8,1,1,sum,E,16,1,7,2,1,1,0,0,6,8,9
71,quark_up_G3,R,1,1,56,2,7,3,8,9,1,1,product,S,72,7,9,3,0,1,0,0,6,9,9
71,quark_up_G3,R,1,1,57,3,7,3,9,9,1,1,torsion,STAY,9,0,9,3,0,1,0,0,6,9,9
71,quark_up_G3,R,1,1,58,4,7,3,9,9,1,1,sum,E,18,1,9,3,0,1,0,0,6,9,1
71,quark_up_G3,R,1,1,59,5,7,3,9,1,1,1,product,S,9,0,9,3,0,1,0,0,6,1,1
71,quark_up_G3,R,1,1,60,6,7,3,1,1,1,1,torsion,STAY,9,0,9,3,0,1,0,0,6,1,1
71,quark_up_G3,R,1,1,61,7,7,3,1,1,1,1,sum,E,2,0,2,0,2,1,0,0,6,1,2
71,quark_up_G3,R,1,1,62,8,7,3,1,2,1,1,product,S,2,0,2,0,2,1,0,0,6,2,2
71,quark_up_G3,R,1,1,63,9,7,3,2,2,1,1,torsion,STAY,9,0,9,3,0,1,0,0,6,2,2
71,quark_up_G3,R,1,1,64,1,8,3,2,2,1,1,sum,E,4,0,4,1,1,1,0,0,6,2,3
71,quark_up_G3,R,1,1,65,2,8,3,2,3,1,1,product,S,6,0,6,2,0,1,0,1,6,3,3
71,quark_up_G3,R,1,1,66,3,8,3,3,3,1,1,torsion,STAY,9,0,9,3,0,1,0,0,7,3,3
71,quark_up_G3,R,1,1,67,4,8,3,3,3,1,1,sum,E,6,0,6,2,0,1,0,0,6,3,4
71,quark_up_G3,R,1,1,68,5,8,3,3,4,1,1,product,S,12,1,3,1,0,1,0,0,6,4,4
71,quark_up_G3,R,1,1,69,6,8,3,4,4,1,1,torsion,STAY,9,0,9,3,0,1,0,0,6,4,4
71,quark_up_G3,R,1,1,70,7,8,3,4,4,1,1,sum,E,8,0,8,2,2,1,0,0,6,4,5
71,quark_up_G3,R,1,1,71,8,8,3,4,5,1,1,product,S,20,2,2,0,2,1,0,0,6,5,5
71,quark_up_G3,R,1,1,72,9,8,3,5,5,1,1,torsion,STAY,9,0,9,3,0,1,0,0,6,5,5
71,quark_up_G3,R,1,1,73,1,9,3,5,5,1,1,sum,E,10,1,1,0,1,1,0,0,6,5,6
71,quark_up_G3,R,1,1,74,2,9,3,5,6,1,1,product,S,30,3,3,1,0,1,0,0,6,6,6
71,quark_up_G3,R,1,1,75,3,9,3,6,6,1,1,torsion,STAY,9,0,9,3,0,1,0,0,6,6,6
71,quark_up_G3,R,1,1,76,4,9,3,6,6,1,1,sum,E,12,1,3,1,0,1,0,0,6,6,7
71,quark_up_G3,R,1,1,77,5,9,3,6,7,1,1,product,S,42,4,6,2,0,1,0,0,6,7,7
71,quark_up_G3,R,1,1,78,6,9,3,7,7,1,1,torsion,STAY,9,0,9,3,0,1,0,0,6,7,7
71,quark_up_G3,R,1,1,79,7,9,3,7,7,1,1,sum,E,14,1,5,1,2,1,0,0,6,7,8
71,quark_up_G3,R,1,1,80,8,9,3,7,8,1,1,product,S,56,6,2,0,2,1,0,0,6,8,8
71,quark_up_G3,R,1,1,81,9,9,3,8,8,1,1,torsion,STAY,9,0,9,3,0,1,1,0,6,8,8
71,quark_up_G3,R,1,1,82,1,10,4,8,8,-1,-1,sum,W,16,1,7,2,1,-1,0,0,6,8,7
71,quark_up_G3,R,1,1,83,2,10,4,8,7,-1,-1,product,N,56,6,2,0,2,-1,0,0,6,7,7
71,quark_up_G3,R,1,1,84,3,10,4,7,7,-1,-1,torsion,STAY,9,0,9,3,0,-1,0,0,6,7,7
71,quark_up_G3,R,1,1,85,4,10,4,7,7,-1,-1,sum,W,14,1,5,1,2,-1,0,0,6,7,6
71,quark_up_G3,R,1,1,86,5,10,4,7,6,-1,-1,product,N,42,4,6,2,0,-1,0,0,6,6,6
71,quark_up_G3,R,1,1,87,6,10,4,6,6,-1,-1,torsion,STAY,9,0,9,3,0,-1,0,1,6,6,6
71,quark_up_G3,R,1,1,88,7,10,4,6,6,-1,-1,sum,W,12,1,3,1,0,-1,0,0,7,6,5
71,quark_up_G3,R,1,1,89,8,10,4,6,5,-1,-1,product,N,30,3,3,1,0,-1,0,0,6,5,5
71,quark_up_G3,R,1,1,90,9,10,4,5,5,-1,-1,torsion,STAY,9,0,9,3,0,-1,0,0,6,5,5
71,quark_up_G3,R,1,1,91,1,11,4,5,5,-1,-1,sum,W,10,1,1,0,1,-1,0,0,6,5,4
71,quark_up_G3,R,1,1,92,2,11,4,5,4,-1,-1,product,N,20,2,2,0,2,-1,0,0,6,4,4
71,quark_up_G3,R,1,1,93,3,11,4,4,4,-1,-1,torsion,STAY,9,0,9,3,0,-1,0,0,6,4,4
71,quark_up_G3,R,1,1,94,4,11,4,4,4,-1,-1,sum,W,8,0,8,2,2,-1,0,0,6,4,3
71,quark_up_G3,R,1,1,95,5,11,4,4,3,-1,-1,product,N,12,1,3,1,0,-1,0,0,6,3,3
71,quark_up_G3,R,1,1,96,6,11,4,3,3,-1,-1,torsion,STAY,9,0,9,3,0,-1,0,0,6,3,3
71,quark_up_G3,R,1,1,97,7,11,4,3,3,-1,-1,sum,W,6,0,6,2,0,-1,0,0,6,3,2
71,quark_up_G3,R,1,1,98,8,11,4,3,2,-1,-1,product,N,6,0,6,2,0,-1,0,0,6,2,2
71,quark_up_G3,R,1,1,99,9,11,4,2,2,-1,-1,torsion,STAY,9,0,9,3,0,-1,0,0,6,2,2
71,quark_up_G3,R,1,1,100,1,12,4,2,2,-1,-1,sum,W,4,0,4,1,1,-1,0,0,6,2,1
71,quark_up_G3,R,1,1,101,2,12,4,2,1,-1,-1,product,N,2,0,2,0,2,-1,0,0,6,1,1
71,quark_up_G3,R,1,1,102,3,12,4,1,1,-1,-1,torsion,STAY,9,0,9,3,0,-1,0,0,6,1,1
71,quark_up_G3,R,1,1,103,4,12,4,1,1,-1,-1,sum,W,2,0,2,0,2,-1,0,0,6,1,9
71,quark_up_G3,R,1,1,104,5,12,4,1,9,-1,-1,product,N,9,0,9,3,0,-1,0,0,6,9,9
71,quark_up_G3,R,1,1,105,6,12,4,9,9,-1,-1,torsion,STAY,9,0,9,3,0,-1,0,0,6,9,9
71,quark_up_G3,R,1,1,106,7,12,4,9,9,-1,-1,sum,W,18,1,9,3,0,-1,0,0,6,9,8
71,quark_up_G3,R,1,1,107,8,12,4,9,8,-1,-1,product,N,72,7,9,3,0,-1,0,0,6,8,8
71,quark_up_G3,R,1,1,108,9,12,4,8,8,-1,-1,torsion,STAY,9,0,9,3,0,-1,1,0,6,8,8
72,quark_down_G4,B,-1,1,1,1,1,1,8,9,-1,1,sum,W,17,1,8,2,2,1,0,0,7,8,8
72,quark_down_G4,B,-1,1,2,2,1,1,8,8,-1,1,product,S,64,7,1,0,1,1,0,0,6,9,8
72,quark_down_G4,B,-1,1,3,3,1,1,9,8,-1,1,torsion,STAY,9,0,9,3,0,1,0,0,6,9,8
72,quark_down_G4,B,-1,1,4,4,1,1,9,8,-1,1,sum,W,17,1,8,2,2,1,0,0,6,9,7
72,quark_down_G4,B,-1,1,5,5,1,1,9,7,-1,1,product,S,63,6,9,3,0,1,0,0,6,1,7
72,quark_down_G4,B,-1,1,6,6,1,1,1,7,-1,1,torsion,STAY,9,0,9,3,0,1,0,0,6,1,7
72,quark_down_G4,B,-1,1,7,7,1,1,1,7,-1,1,sum,W,8,0,8,2,2,1,0,0,6,1,6
72,quark_down_G4,B,-1,1,8,8,1,1,1,6,-1,1,product,S,6,0,6,2,0,1,0,0,6,2,6
72,quark_down_G4,B,-1,1,9,9,1,1,2,6,-1,1,torsion,STAY,9,0,9,3,0,1,0,0,6,2,6
72,quark_down_G4,B,-1,1,10,1,2,1,2,6,-1,1,sum,W,8,0,8,2,2,1,0,0,6,2,5
72,quark_down_G4,B,-1,1,11,2,2,1,2,5,-1,1,product,S,10,1,1,0,1,1,0,0,6,3,5
72,quark_down_G4,B,-1,1,12,3,2,1,3,5,-1,1,torsion,STAY,9,0,9,3,0,1,0,0,6,3,5
72,quark_down_G4,B,-1,1,13,4,2,1,3,5,-1,1,sum,W,8,0,8,2,2,1,0,0,6,3,4
72,quark_down_G4,B,-1,1,14,5,2,1,3,4,-1,1,product,S,12,1,3,1,0,1,0,0,6,4,4
72,quark_down_G4,B,-1,1,15,6,2,1,4,4,-1,1,torsion,STAY,9,0,9,3,0,1,0,0,6,4,4
72,quark_down_G4,B,-1,1,16,7,2,1,4,4,-1,1,sum,W,8,0,8,2,2,1,0,0,6,4,3
72,quark_down_G4,B,-1,1,17,8,2,1,4,3,-1,1,product,S,12,1,3,1,0,1,0,0,6,5,3
72,quark_down_G4,B,-1,1,18,9,2,1,5,3,-1,1,torsion,STAY,9,0,9,3,0,1,0,0,6,5,3
72,quark_down_G4,B,-1,1,19,1,3,1,5,3,-1,1,sum,W,8,0,8,2,2,1,0,0,6,5,2
72,quark_down_G4,B,-1,1,20,2,3,1,5,2,-1,1,product,S,10,1,1,0,1,1,0,0,6,6,2
72,quark_down_G4,B,-1,1,21,3,3,1,6,2,-1,1,torsion,STAY,9,0,9,3,0,1,0,1,6,6,2
72,quark_down_G4,B,-1,1,22,4,3,1,6,2,-1,1,sum,W,8,0,8,2,2,1,0,0,7,6,1
72,quark_down_G4,B,-1,1,23,5,3,1,6,1,-1,1,product,S,6,0,6,2,0,1,0,0,6,7,1
72,quark_down_G4,B,-1,1,24,6,3,1,7,1,-1,1,torsion,STAY,9,0,9,3,0,1,0,0,6,7,1
72,quark_down_G4,B,-1,1,25,7,3,1,7,1,-1,1,sum,W,8,0,8,2,2,1,0,0,6,7,9
72,quark_down_G4,B,-1,1,26,8,3,1,7,9,-1,1,product,S,63,6,9,3,0,1,0,0,6,8,9
72,quark_down_G4,B,-1,1,27,9,3,1,8,9,-1,1,torsion,STAY,9,0,9,3,0,1,1,0,6,8,9
72,quark_down_G4,B,-1,1,28,1,4,2,8,9,1,-1,sum,E,17,1,8,2,2,-1,0,0,6,8,1
72,quark_down_G4,B,-1,1,29,2,4,2,8,1,1,-1,product,N,8,0,8,2,2,-1,0,0,6,7,1
72,quark_down_G4,B,-1,1,30,3,4,2,7,1,1,-1,torsion,STAY,9,0,9,3,0,-1,0,0,6,7,1
72,quark_down_G4,B,-1,1,31,4,4,2,7,1,1,-1,sum,E,8,0,8,2,2,-1,0,0,6,7,2
72,quark_down_G4,B,-1,1,32,5,4,2,7,2,1,-1,product,N,14,1,5,1,2,-1,0,0,6,6,2
72,quark_down_G4,B,-1,1,33,6,4,2,6,2,1,-1,torsion,STAY,9,0,9,3,0,-1,0,0,6,6,2
72,quark_down_G4,B,-1,1,34,7,4,2,6,2,1,-1,sum,E,8,0,8,2,2,-1,0,0,6,6,3
72,quark_down_G4,B,-1,1,35,8,4,2,6,3,1,-1,product,N,18,1,9,3,0,-1,0,0,6,5,3
72,quark_down_G4,B,-1,1,36,9,4,2,5,3,1,-1,torsion,STAY,9,0,9,3,0,-1,0,0,6,5,3
72,quark_down_G4,B,-1,1,37,1,5,2,5,3,1,-1,sum,E,8,0,8,2,2,-1,0,0,6,5,4
72,quark_down_G4,B,-1,1,38,2,5,2,5,4,1,-1,product,N,20,2,2,0,2,-1,0,0,6,4,4
72,quark_down_G4,B,-1,1,39,3,5,2,4,4,1,-1,torsion,STAY,9,0,9,3,0,-1,0,0,6,4,4
72,quark_down_G4,B,-1,1,40,4,5,2,4,4,1,-1,sum,E,8,0,8,2,2,-1,0,0,6,4,5
72,quark_down_G4,B,-1,1,41,5,5,2,4,5,1,-1,product,N,20,2,2,0,2,-1,0,0,6,3,5
72,quark_down_G4,B,-1,1,42,6,5,2,3,5,1,-1,torsion,STAY,9,0,9,3,0,-1,0,0,6,3,5
72,quark_down_G4,B,-1,1,43,7,5,2,3,5,1,-1,sum,E,8,0,8,2,2,-1,0,1,6,3,6
72,quark_down_G4,B,-1,1,44,8,5,2,3,6,1,-1,product,N,18,1,9,3,0,-1,0,0,7,2,6
72,quark_down_G4,B,-1,1,45,9,5,2,2,6,1,-1,torsion,STAY,9,0,9,3,0,-1,0,0,6,2,6
72,quark_down_G4,B,-1,1,46,1,6,2,2,6,1,-1,sum,E,8,0,8,2,2,-1,0,0,6,2,7
72,quark_down_G4,B,-1,1,47,2,6,2,2,7,1,-1,product,N,14,1,5,1,2,-1,0,0,6,1,7
72,quark_down_G4,B,-1,1,48,3,6,2,1,7,1,-1,torsion,STAY,9,0,9,3,0,-1,0,0,6,1,7
72,quark_down_G4,B,-1,1,49,4,6,2,1,7,1,-1,sum,E,8,0,8,2,2,-1,0,0,6,1,8
72,quark_down_G4,B,-1,1,50,5,6,2,1,8,1,-1,product,N,8,0,8,2,2,-1,0,0,6,9,8
72,quark_down_G4,B,-1,1,51,6,6,2,9,8,1,-1,torsion,STAY,9,0,9,3,0,-1,0,0,6,9,8
72,quark_down_G4,B,-1,1,52,7,6,2,9,8,1,-1,sum,E,17,1,8,2,2,-1,0,0,6,9,9
72,quark_down_G4,B,-1,1,53,8,6,2,9,9,1,-1,product,N,81,8,9,3,0,-1,0,0,6,8,9
72,quark_down_G4,B,-1,1,54,9,6,2,8,9,1,-1,torsion,STAY,9,0,9,3,0,-1,1,0,6,8,9
72,quark_down_G4,B,-1,1,55,1,7,3,8,9,-1,1,sum,W,17,1,8,2,2,1,0,0,6,8,8
72,quark_down_G4,B,-1,1,56,2,7,3,8,8,-1,1,product,S,64,7,1,0,1,1,0,0,6,9,8
72,quark_down_G4,B,-1,1,57,3,7,3,9,8,-1,1,torsion,STAY,9,0,9,3,0,1,0,0,6,9,8
72,quark_down_G4,B,-1,1,58,4,7,3,9,8,-1,1,sum,W,17,1,8,2,2,1,0,0,6,9,7
72,quark_down_G4,B,-1,1,59,5,7,3,9,7,-1,1,product,S,63,6,9,3,0,1,0,0,6,1,7
72,quark_down_G4,B,-1,1,60,6,7,3,1,7,-1,1,torsion,STAY,9,0,9,3,0,1,0,0,6,1,7
72,quark_down_G4,B,-1,1,61,7,7,3,1,7,-1,1,sum,W,8,0,8,2,2,1,0,0,6,1,6
72,quark_down_G4,B,-1,1,62,8,7,3,1,6,-1,1,product,S,6,0,6,2,0,1,0,0,6,2,6
72,quark_down_G4,B,-1,1,63,9,7,3,2,6,-1,1,torsion,STAY,9,0,9,3,0,1,0,0,6,2,6
72,quark_down_G4,B,-1,1,64,1,8,3,2,6,-1,1,sum,W,8,0,8,2,2,1,0,0,6,2,5
72,quark_down_G4,B,-1,1,65,2,8,3,2,5,-1,1,product,S,10,1,1,0,1,1,0,1,6,3,5
72,quark_down_G4,B,-1,1,66,3,8,3,3,5,-1,1,torsion,STAY,9,0,9,3,0,1,0,0,7,3,5
72,quark_down_G4,B,-1,1,67,4,8,3,3,5,-1,1,sum,W,8,0,8,2,2,1,0,0,6,3,4
72,quark_down_G4,B,-1,1,68,5,8,3,3,4,-1,1,product,S,12,1,3,1,0,1,0,0,6,4,4
72,quark_down_G4,B,-1,1,69,6,8,3,4,4,-1,1,torsion,STAY,9,0,9,3,0,1,0,0,6,4,4
72,quark_down_G4,B,-1,1,70,7,8,3,4,4,-1,1,sum,W,8,0,8,2,2,1,0,0,6,4,3
72,quark_down_G4,B,-1,1,71,8,8,3,4,3,-1,1,product,S,12,1,3,1,0,1,0,0,6,5,3
72,quark_down_G4,B,-1,1,72,9,8,3,5,3,-1,1,torsion,STAY,9,0,9,3,0,1,0,0,6,5,3
72,quark_down_G4,B,-1,1,73,1,9,3,5,3,-1,1,sum,W,8,0,8,2,2,1,0,0,6,5,2
72,quark_down_G4,B,-1,1,74,2,9,3,5,2,-1,1,product,S,10,1,1,0,1,1,0,0,6,6,2
72,quark_down_G4,B,-1,1,75,3,9,3,6,2,-1,1,torsion,STAY,9,0,9,3,0,1,0,0,6,6,2
72,quark_down_G4,B,-1,1,76,4,9,3,6,2,-1,1,sum,W,8,0,8,2,2,1,0,0,6,6,1
72,quark_down_G4,B,-1,1,77,5,9,3,6,1,-1,1,product,S,6,0,6,2,0,1,0,0,6,7,1
72,quark_down_G4,B,-1,1,78,6,9,3,7,1,-1,1,torsion,STAY,9,0,9,3,0,1,0,0,6,7,1
72,quark_down_G4,B,-1,1,79,7,9,3,7,1,-1,1,sum,W,8,0,8,2,2,1,0,0,6,7,9
72,quark_down_G4,B,-1,1,80,8,9,3,7,9,-1,1,product,S,63,6,9,3,0,1,0,0,6,8,9
72,quark_down_G4,B,-1,1,81,9,9,3,8,9,-1,1,torsion,STAY,9,0,9,3,0,1,1,0,6,8,9
72,quark_down_G4,B,-1,1,82,1,10,4,8,9,1,-1,sum,E,17,1,8,2,2,-1,0,0,6,8,1
72,quark_down_G4,B,-1,1,83,2,10,4,8,1,1,-1,product,N,8,0,8,2,2,-1,0,0,6,7,1
72,quark_down_G4,B,-1,1,84,3,10,4,7,1,1,-1,torsion,STAY,9,0,9,3,0,-1,0,0,6,7,1
72,quark_down_G4,B,-1,1,85,4,10,4,7,1,1,-1,sum,E,8,0,8,2,2,-1,0,0,6,7,2
72,quark_down_G4,B,-1,1,86,5,10,4,7,2,1,-1,product,N,14,1,5,1,2,-1,0,0,6,6,2
72,quark_down_G4,B,-1,1,87,6,10,4,6,2,1,-1,torsion,STAY,9,0,9,3,0,-1,0,1,6,6,2
72,quark_down_G4,B,-1,1,88,7,10,4,6,2,1,-1,sum,E,8,0,8,2,2,-1,0,0,7,6,3
72,quark_down_G4,B,-1,1,89,8,10,4,6,3,1,-1,product,N,18,1,9,3,0,-1,0,0,6,5,3
72,quark_down_G4,B,-1,1,90,9,10,4,5,3,1,-1,torsion,STAY,9,0,9,3,0,-1,0,0,6,5,3
72,quark_down_G4,B,-1,1,91,1,11,4,5,3,1,-1,sum,E,8,0,8,2,2,-1,0,0,6,5,4
72,quark_down_G4,B,-1,1,92,2,11,4,5,4,1,-1,product,N,20,2,2,0,2,-1,0,0,6,4,4
72,quark_down_G4,B,-1,1,93,3,11,4,4,4,1,-1,torsion,STAY,9,0,9,3,0,-1,0,0,6,4,4
72,quark_down_G4,B,-1,1,94,4,11,4,4,4,1,-1,sum,E,8,0,8,2,2,-1,0,0,6,4,5
72,quark_down_G4,B,-1,1,95,5,11,4,4,5,1,-1,product,N,20,2,2,0,2,-1,0,0,6,3,5
72,quark_down_G4,B,-1,1,96,6,11,4,3,5,1,-1,torsion,STAY,9,0,9,3,0,-1,0,0,6,3,5
72,quark_down_G4,B,-1,1,97,7,11,4,3,5,1,-1,sum,E,8,0,8,2,2,-1,0,0,6,3,6
72,quark_down_G4,B,-1,1,98,8,11,4,3,6,1,-1,product,N,18,1,9,3,0,-1,0,0,6,2,6
72,quark_down_G4,B,-1,1,99,9,11,4,2,6,1,-1,torsion,STAY,9,0,9,3,0,-1,0,0,6,2,6
72,quark_down_G4,B,-1,1,100,1,12,4,2,6,1,-1,sum,E,8,0,8,2,2,-1,0,0,6,2,7
72,quark_down_G4,B,-1,1,101,2,12,4,2,7,1,-1,product,N,14,1,5,1,2,-1,0,0,6,1,7
72,quark_down_G4,B,-1,1,102,3,12,4,1,7,1,-1,torsion,STAY,9,0,9,3,0,-1,0,0,6,1,7
72,quark_down_G4,B,-1,1,103,4,12,4,1,7,1,-1,sum,E,8,0,8,2,2,-1,0,0,6,1,8
72,quark_down_G4,B,-1,1,104,5,12,4,1,8,1,-1,product,N,8,0,8,2,2,-1,0,0,6,9,8
72,quark_down_G4,B,-1,1,105,6,12,4,9,8,1,-1,torsion,STAY,9,0,9,3,0,-1,0,0,6,9,8
72,quark_down_G4,B,-1,1,106,7,12,4,9,8,1,-1,sum,E,17,1,8,2,2,-1,0,0,6,9,9
72,quark_down_G4,B,-1,1,107,8,12,4,9,9,1,-1,product,N,81,8,9,3,0,-1,0,0,6,8,9
72,quark_down_G4,B,-1,1,108,9,12,4,8,9,1,-1,torsion,STAY,9,0,9,3,0,-1,1,0,6,8,9
73,charged_lepton_G4,,-1,-1,1,1,1,1,9,1,-1,-1,sum,W,10,1,1,0,1,1,0,0,7,9,9
73,charged_lepton_G4,,-1,-1,2,2,1,1,9,9,-1,-1,product,N,81,8,9,3,0,1,0,0,6,8,9
73,charged_lepton_G4,,-1,-1,3,3,1,1,8,9,-1,-1,torsion,STAY,9,0,9,3,0,1,0,0,6,8,9
73,charged_lepton_G4,,-1,-1,4,4,1,1,8,9,-1,-1,sum,W,17,1,8,2,2,1,0,0,6,8,8
73,charged_lepton_G4,,-1,-1,5,5,1,1,8,8,-1,-1,product,N,64,7,1,0,1,1,0,0,6,7,8
73,charged_lepton_G4,,-1,-1,6,6,1,1,7,8,-1,-1,torsion,STAY,9,0,9,3,0,1,0,0,6,7,8
73,charged_lepton_G4,,-1,-1,7,7,1,1,7,8,-1,-1,sum,W,15,1,6,2,0,1,0,0,6,7,7
73,charged_lepton_G4,,-1,-1,8,8,1,1,7,7,-1,-1,product,N,49,5,4,1,1,1,0,0,6,6,7
73,charged_lepton_G4,,-1,-1,9,9,1,1,6,7,-1,-1,torsion,STAY,9,0,9,3,0,1,0,0,6,6,7
73,charged_lepton_G4,,-1,-1,10,1,2,1,6,7,-1,-1,sum,W,13,1,4,1,1,1,0,0,6,6,6
73,charged_lepton_G4,,-1,-1,11,2,2,1,6,6,-1,-1,product,N,36,3,9,3,0,1,0,0,6,5,6
73,charged_lepton_G4,,-1,-1,12,3,2,1,5,6,-1,-1,torsion,STAY,9,0,9,3,0,1,0,0,6,5,6
73,charged_lepton_G4,,-1,-1,13,4,2,1,5,6,-1,-1,sum,W,11,1,2,0,2,1,0,0,6,5,5
73,charged_lepton_G4,,-1,-1,14,5,2,1,5,5,-1,-1,product,N,25,2,7,2,1,1,0,0,6,4,5
73,charged_lepton_G4,,-1,-1,15,6,2,1,4,5,-1,-1,torsion,STAY,9,0,9,3,0,1,0,0,6,4,5
73,charged_lepton_G4,,-1,-1,16,7,2,1,4,5,-1,-1,sum,W,9,0,9,3,0,1,0,0,6,4,4
73,charged_lepton_G4,,-1,-1,17,8,2,1,4,4,-1,-1,product,N,16,1,7,2,1,1,0,0,6,3,4
73,charged_lepton_G4,,-1,-1,18,9,2,1,3,4,-1,-1,torsion,STAY,9,0,9,3,0,1,0,0,6,3,4
73,charged_lepton_G4,,-1,-1,19,1,3,1,3,4,-1,-1,sum,W,7,0,7,2,1,1,0,0,6,3,3
73,charged_lepton_G4,,-1,-1,20,2,3,1,3,3,-1,-1,product,N,9,0,9,3,0,1,0,0,6,2,3
73,charged_lepton_G4,,-1,-1,21,3,3,1,2,3,-1,-1,torsion,STAY,9,0,9,3,0,1,0,1,6,2,3
73,charged_lepton_G4,,-1,-1,22,4,3,1,2,3,-1,-1,sum,W,5,0,5,1,2,1,0,0,7,2,2
73,charged_lepton_G4,,-1,-1,23,5,3,1,2,2,-1,-1,product,N,4,0,4,1,1,1,0,0,6,1,2
73,charged_lepton_G4,,-1,-1,24,6,3,1,1,2,-1,-1,torsion,STAY,9,0,9,3,0,1,0,0,6,1,2
73,charged_lepton_G4,,-1,-1,25,7,3,1,1,2,-1,-1,sum,W,3,0,3,1,0,1,0,0,6,1,1
73,charged_lepton_G4,,-1,-1,26,8,3,1,1,1,-1,-1,product,N,1,0,1,0,1,1,0,0,6,9,1
73,charged_lepton_G4,,-1,-1,27,9,3,1,9,1,-1,-1,torsion,STAY,9,0,9,3,0,1,1,0,6,9,1
73,charged_lepton_G4,,-1,-1,28,1,4,2,9,1,1,1,sum,E,10,1,1,0,1,-1,0,0,6,9,2
73,charged_lepton_G4,,-1,-1,29,2,4,2,9,2,1,1,product,S,18,1,9,3,0,-1,0,0,6,1,2
73,charged_lepton_G4,,-1,-1,30,3,4,2,1,2,1,1,torsion,STAY,9,0,9,3,0,-1,0,0,6,1,2
73,charged_lepton_G4,,-1,-1,31,4,4,2,1,2,1,1,sum,E,3,0,3,1,0,-1,0,0,6,1,3
73,charged_lepton_G4,,-1,-1,32,5,4,2,1,3,1,1,product,S,3,0,3,1,0,-1,0,0,6,2,3
73,charged_lepton_G4,,-1,-1,33,6,4,2,2,3,1,1,torsion,STAY,9,0,9,3,0,-1,0,0,6,2,3
73,charged_lepton_G4,,-1,-1,34,7,4,2,2,3,1,1,sum,E,5,0,5,1,2,-1,0,0,6,2,4
73,charged_lepton_G4,,-1,-1,35,8,4,2,2,4,1,1,product,S,8,0,8,2,2,-1,0,0,6,3,4
73,charged_lepton_G4,,-1,-1,36,9,4,2,3,4,1,1,torsion,STAY,9,0,9,3,0,-1,0,0,6,3,4
73,charged_lepton_G4,,-1,-1,37,1,5,2,3,4,1,1,sum,E,7,0,7,2,1,-1,0,0,6,3,5
73,charged_lepton_G4,,-1,-1,38,2,5,2,3,5,1,1,product,S,15,1,6,2,0,-1,0,0,6,4,5
73,charged_lepton_G4,,-1,-1,39,3,5,2,4,5,1,1,torsion,STAY,9,0,9,3,0,-1,0,0,6,4,5
73,charged_lepton_G4,,-1,-1,40,4,5,2,4,5,1,1,sum,E,9,0,9,3,0,-1,0,0,6,4,6
73,charged_lepton_G4,,-1,-1,41,5,5,2,4,6,1,1,product,S,24,2,6,2,0,-1,0,0,6,5,6
73,charged_lepton_G4,,-1,-1,42,6,5,2,5,6,1,1,torsion,STAY,9,0,9,3,0,-1,0,0,6,5,6
73,charged_lepton_G4,,-1,-1,43,7,5,2,5,6,1,1,sum,E,11,1,2,0,2,-1,0,1,6,5,7
73,charged_lepton_G4,,-1,-1,44,8,5,2,5,7,1,1,product,S,35,3,8,2,2,-1,0,0,7,6,7
73,charged_lepton_G4,,-1,-1,45,9,5,2,6,7,1,1,torsion,STAY,9,0,9,3,0,-1,0,0,6,6,7
73,charged_lepton_G4,,-1,-1,46,1,6,2,6,7,1,1,sum,E,13,1,4,1,1,-1,0,0,6,6,8
73,charged_lepton_G4,,-1,-1,47,2,6,2,6,8,1,1,product,S,48,5,3,1,0,-1,0,0,6,7,8
73,charged_lepton_G4,,-1,-1,48,3,6,2,7,8,1,1,torsion,STAY,9,0,9,3,0,-1,0,0,6,7,8
73,charged_lepton_G4,,-1,-1,49,4,6,2,7,8,1,1,sum,E,15,1,6,2,0,-1,0,0,6,7,9
73,charged_lepton_G4,,-1,-1,50,5,6,2,7,9,1,1,product,S,63,6,9,3,0,-1,0,0,6,8,9
73,charged_lepton_G4,,-1,-1,51,6,6,2,8,9,1,1,torsion,STAY,9,0,9,3,0,-1,0,0,6,8,9
73,charged_lepton_G4,,-1,-1,52,7,6,2,8,9,1,1,sum,E,17,1,8,2,2,-1,0,0,6,8,1
73,charged_lepton_G4,,-1,-1,53,8,6,2,8,1,1,1,product,S,8,0,8,2,2,-1,0,0,6,9,1
73,charged_lepton_G4,,-1,-1,54,9,6,2,9,1,1,1,torsion,STAY,9,0,9,3,0,-1,1,0,6,9,1
73,charged_lepton_G4,,-1,-1,55,1,7,3,9,1,-1,-1,sum,W,10,1,1,0,1,1,0,0,6,9,9
73,charged_lepton_G4,,-1,-1,56,2,7,3,9,9,-1,-1,product,N,81,8,9,3,0,1,0,0,6,8,9
73,charged_lepton_G4,,-1,-1,57,3,7,3,8,9,-1,-1,torsion,STAY,9,0,9,3,0,1,0,0,6,8,9
73,charged_lepton_G4,,-1,-1,58,4,7,3,8,9,-1,-1,sum,W,17,1,8,2,2,1,0,0,6,8,8
73,charged_lepton_G4,,-1,-1,59,5,7,3,8,8,-1,-1,product,N,64,7,1,0,1,1,0,0,6,7,8
73,charged_lepton_G4,,-1,-1,60,6,7,3,7,8,-1,-1,torsion,STAY,9,0,9,3,0,1,0,0,6,7,8
73,charged_lepton_G4,,-1,-1,61,7,7,3,7,8,-1,-1,sum,W,15,1,6,2,0,1,0,0,6,7,7
73,charged_lepton_G4,,-1,-1,62,8,7,3,7,7,-1,-1,product,N,49,5,4,1,1,1,0,0,6,6,7
73,charged_lepton_G4,,-1,-1,63,9,7,3,6,7,-1,-1,torsion,STAY,9,0,9,3,0,1,0,0,6,6,7
73,charged_lepton_G4,,-1,-1,64,1,8,3,6,7,-1,-1,sum,W,13,1,4,1,1,1,0,0,6,6,6
73,charged_lepton_G4,,-1,-1,65,2,8,3,6,6,-1,-1,product,N,36,3,9,3,0,1,0,1,6,5,6
73,charged_lepton_G4,,-1,-1,66,3,8,3,5,6,-1,-1,torsion,STAY,9,0,9,3,0,1,0,0,7,5,6
73,charged_lepton_G4,,-1,-1,67,4,8,3,5,6,-1,-1,sum,W,11,1,2,0,2,1,0,0,6,5,5
73,charged_lepton_G4,,-1,-1,68,5,8,3,5,5,-1,-1,product,N,25,2,7,2,1,1,0,0,6,4,5
73,charged_lepton_G4,,-1,-1,69,6,8,3,4,5,-1,-1,torsion,STAY,9,0,9,3,0,1,0,0,6,4,5
73,charged_lepton_G4,,-1,-1,70,7,8,3,4,5,-1,-1,sum,W,9,0,9,3,0,1,0,0,6,4,4
73,charged_lepton_G4,,-1,-1,71,8,8,3,4,4,-1,-1,product,N,16,1,7,2,1,1,0,0,6,3,4
73,charged_lepton_G4,,-1,-1,72,9,8,3,3,4,-1,-1,torsion,STAY,9,0,9,3,0,1,0,0,6,3,4
73,charged_lepton_G4,,-1,-1,73,1,9,3,3,4,-1,-1,sum,W,7,0,7,2,1,1,0,0,6,3,3
73,charged_lepton_G4,,-1,-1,74,2,9,3,3,3,-1,-1,product,N,9,0,9,3,0,1,0,0,6,2,3
73,charged_lepton_G4,,-1,-1,75,3,9,3,2,3,-1,-1,torsion,STAY,9,0,9,3,0,1,0,0,6,2,3
73,charged_lepton_G4,,-1,-1,76,4,9,3,2,3,-1,-1,sum,W,5,0,5,1,2,1,0,0,6,2,2
73,charged_lepton_G4,,-1,-1,77,5,9,3,2,2,-1,-1,product,N,4,0,4,1,1,1,0,0,6,1,2
73,charged_lepton_G4,,-1,-1,78,6,9,3,1,2,-1,-1,torsion,STAY,9,0,9,3,0,1,0,0,6,1,2
73,charged_lepton_G4,,-1,-1,79,7,9,3,1,2,-1,-1,sum,W,3,0,3,1,0,1,0,0,6,1,1
73,charged_lepton_G4,,-1,-1,80,8,9,3,1,1,-1,-1,product,N,1,0,1,0,1,1,0,0,6,9,1
73,charged_lepton_G4,,-1,-1,81,9,9,3,9,1,-1,-1,torsion,STAY,9,0,9,3,0,1,1,0,6,9,1
73,charged_lepton_G4,,-1,-1,82,1,10,4,9,1,1,1,sum,E,10,1,1,0,1,-1,0,0,6,9,2
73,charged_lepton_G4,,-1,-1,83,2,10,4,9,2,1,1,product,S,18,1,9,3,0,-1,0,0,6,1,2
73,charged_lepton_G4,,-1,-1,84,3,10,4,1,2,1,1,torsion,STAY,9,0,9,3,0,-1,0,0,6,1,2
73,charged_lepton_G4,,-1,-1,85,4,10,4,1,2,1,1,sum,E,3,0,3,1,0,-1,0,0,6,1,3
73,charged_lepton_G4,,-1,-1,86,5,10,4,1,3,1,1,product,S,3,0,3,1,0,-1,0,0,6,2,3
73,charged_lepton_G4,,-1,-1,87,6,10,4,2,3,1,1,torsion,STAY,9,0,9,3,0,-1,0,1,6,2,3
73,charged_lepton_G4,,-1,-1,88,7,10,4,2,3,1,1,sum,E,5,0,5,1,2,-1,0,0,7,2,4
73,charged_lepton_G4,,-1,-1,89,8,10,4,2,4,1,1,product,S,8,0,8,2,2,-1,0,0,6,3,4
73,charged_lepton_G4,,-1,-1,90,9,10,4,3,4,1,1,torsion,STAY,9,0,9,3,0,-1,0,0,6,3,4
73,charged_lepton_G4,,-1,-1,91,1,11,4,3,4,1,1,sum,E,7,0,7,2,1,-1,0,0,6,3,5
73,charged_lepton_G4,,-1,-1,92,2,11,4,3,5,1,1,product,S,15,1,6,2,0,-1,0,0,6,4,5
73,charged_lepton_G4,,-1,-1,93,3,11,4,4,5,1,1,torsion,STAY,9,0,9,3,0,-1,0,0,6,4,5
73,charged_lepton_G4,,-1,-1,94,4,11,4,4,5,1,1,sum,E,9,0,9,3,0,-1,0,0,6,4,6
73,charged_lepton_G4,,-1,-1,95,5,11,4,4,6,1,1,product,S,24,2,6,2,0,-1,0,0,6,5,6
73,charged_lepton_G4,,-1,-1,96,6,11,4,5,6,1,1,torsion,STAY,9,0,9,3,0,-1,0,0,6,5,6
73,charged_lepton_G4,,-1,-1,97,7,11,4,5,6,1,1,sum,E,11,1,2,0,2,-1,0,0,6,5,7
73,charged_lepton_G4,,-1,-1,98,8,11,4,5,7,1,1,product,S,35,3,8,2,2,-1,0,0,6,6,7
73,charged_lepton_G4,,-1,-1,99,9,11,4,6,7,1,1,torsion,STAY,9,0,9,3,0,-1,0,0,6,6,7
73,charged_lepton_G4,,-1,-1,100,1,12,4,6,7,1,1,sum,E,13,1,4,1,1,-1,0,0,6,6,8
73,charged_lepton_G4,,-1,-1,101,2,12,4,6,8,1,1,product,S,48,5,3,1,0,-1,0,0,6,7,8
73,charged_lepton_G4,,-1,-1,102,3,12,4,7,8,1,1,torsion,STAY,9,0,9,3,0,-1,0,0,6,7,8
73,charged_lepton_G4,,-1,-1,103,4,12,4,7,8,1,1,sum,E,15,1,6,2,0,-1,0,0,6,7,9
73,charged_lepton_G4,,-1,-1,104,5,12,4,7,9,1,1,product,S,63,6,9,3,0,-1,0,0,6,8,9
73,charged_lepton_G4,,-1,-1,105,6,12,4,8,9,1,1,torsion,STAY,9,0,9,3,0,-1,0,0,6,8,9
73,charged_lepton_G4,,-1,-1,106,7,12,4,8,9,1,1,sum,E,17,1,8,2,2,-1,0,0,6,8,1
73,charged_lepton_G4,,-1,-1,107,8,12,4,8,1,1,1,product,S,8,0,8,2,2,-1,0,0,6,9,1
73,charged_lepton_G4,,-1,-1,108,9,12,4,9,1,1,1,torsion,STAY,9,0,9,3,0,-1,1,0,6,9,1
74,neutrino_G4,,-1,1,1,1,1,1,9,2,-1,1,sum,W,11,1,2,0,2,1,0,0,7,9,1
74,neutrino_G4,,-1,1,2,2,1,1,9,1,-1,1,product,S,9,0,9,3,0,1,0,0,6,1,1
74,neutrino_G4,,-1,1,3,3,1,1,1,1,-1,1,torsion,STAY,9,0,9,3,0,1,0,0,6,1,1
74,neutrino_G4,,-1,1,4,4,1,1,1,1,-1,1,sum,W,2,0,2,0,2,1,0,0,6,1,9
74,neutrino_G4,,-1,1,5,5,1,1,1,9,-1,1,product,S,9,0,9,3,0,1,0,0,6,2,9
74,neutrino_G4,,-1,1,6,6,1,1,2,9,-1,1,torsion,STAY,9,0,9,3,0,1,0,0,6,2,9
74,neutrino_G4,,-1,1,7,7,1,1,2,9,-1,1,sum,W,11,1,2,0,2,1,0,0,6,2,8
74,neutrino_G4,,-1,1,8,8,1,1,2,8,-1,1,product,S,16,1,7,2,1,1,0,0,6,3,8
74,neutrino_G4,,-1,1,9,9,1,1,3,8,-1,1,torsion,STAY,9,0,9,3,0,1,0,0,6,3,8
74,neutrino_G4,,-1,1,10,1,2,1,3,8,-1,1,sum,W,11,1,2,0,2,1,0,0,6,3,7
74,neutrino_G4,,-1,1,11,2,2,1,3,7,-1,1,product,S,21,2,3,1,0,1,0,0,6,4,7
74,neutrino_G4,,-1,1,12,3,2,1,4,7,-1,1,torsion,STAY,9,0,9,3,0,1,0,0,6,4,7
74,neutrino_G4,,-1,1,13,4,2,1,4,7,-1,1,sum,W,11,1,2,0,2,1,0,0,6,4,6
74,neutrino_G4,,-1,1,14,5,2,1,4,6,-1,1,product,S,24,2,6,2,0,1,0,0,6,5,6
74,neutrino_G4,,-1,1,15,6,2,1,5,6,-1,1,torsion,STAY,9,0,9,3,0,1,0,0,6,5,6
74,neutrino_G4,,-1,1,16,7,2,1,5,6,-1,1,sum,W,11,1,2,0,2,1,0,0,6,5,5
74,neutrino_G4,,-1,1,17,8,2,1,5,5,-1,1,product,S,25,2,7,2,1,1,0,0,6,6,5
74,neutrino_G4,,-1,1,18,9,2,1,6,5,-1,1,torsion,STAY,9,0,9,3,0,1,0,0,6,6,5
74,neutrino_G4,,-1,1,19,1,3,1,6,5,-1,1,sum,W,11,1,2,0,2,1,0,0,6,6,4
74,neutrino_G4,,-1,1,20,2,3,1,6,4,-1,1,product,S,24,2,6,2,0,1,0,0,6,7,4
74,neutrino_G4,,-1,1,21,3,3,1,7,4,-1,1,torsion,STAY,9,0,9,3,0,1,0,1,6,7,4
74,neutrino_G4,,-1,1,22,4,3,1,7,4,-1,1,sum,W,11,1,2,0,2,1,0,0,7,7,3
74,neutrino_G4,,-1,1,23,5,3,1,7,3,-1,1,product,S,21,2,3,1,0,1,0,0,6,8,3
74,neutrino_G4,,-1,1,24,6,3,1,8,3,-1,1,torsion,STAY,9,0,9,3,0,1,0,0,6,8,3
74,neutrino_G4,,-1,1,25,7,3,1,8,3,-1,1,sum,W,11,1,2,0,2,1,0,0,6,8,2
74,neutrino_G4,,-1,1,26,8,3,1,8,2,-1,1,product,S,16,1,7,2,1,1,0,0,6,9,2
74,neutrino_G4,,-1,1,27,9,3,1,9,2,-1,1,torsion,STAY,9,0,9,3,0,1,1,0,6,9,2
74,neutrino_G4,,-1,1,28,1,4,2,9,2,1,-1,sum,E,11,1,2,0,2,-1,0,0,6,9,3
74,neutrino_G4,,-1,1,29,2,4,2,9,3,1,-1,product,N,27,2,9,3,0,-1,0,0,6,8,3
74,neutrino_G4,,-1,1,30,3,4,2,8,3,1,-1,torsion,STAY,9,0,9,3,0,-1,0,0,6,8,3
74,neutrino_G4,,-1,1,31,4,4,2,8,3,1,-1,sum,E,11,1,2,0,2,-1,0,0,6,8,4
74,neutrino_G4,,-1,1,32,5,4,2,8,4,1,-1,product,N,32,3,5,1,2,-1,0,0,6,7,4
74,neutrino_G4,,-1,1,33,6,4,2,7,4,1,-1,torsion,STAY,9,0,9,3,0,-1,0,0,6,7,4
74,neutrino_G4,,-1,1,34,7,4,2,7,4,1,-1,sum,E,11,1,2,0,2,-1,0,0,6,7,5
74,neutrino_G4,,-1,1,35,8,4,2,7,5,1,-1,product,N,35,3,8,2,2,-1,0,0,6,6,5
74,neutrino_G4,,-1,1,36,9,4,2,6,5,1,-1,torsion,STAY,9,0,9,3,0,-1,0,0,6,6,5
74,neutrino_G4,,-1,1,37,1,5,2,6,5,1,-1,sum,E,11,1,2,0,2,-1,0,0,6,6,6
74,neutrino_G4,,-1,1,38,2,5,2,6,6,1,-1,product,N,36,3,9,3,0,-1,0,0,6,5,6
74,neutrino_G4,,-1,1,39,3,5,2,5,6,1,-1,torsion,STAY,9,0,9,3,0,-1,0,0,6,5,6
74,neutrino_G4,,-1,1,40,4,5,2,5,6,1,-1,sum,E,11,1,2,0,2,-1,0,0,6,5,7
74,neutrino_G4,,-1,1,41,5,5,2,5,7,1,-1,product,N,35,3,8,2,2,-1,0,0,6,4,7
74,neutrino_G4,,-1,1,42,6,5,2,4,7,1,-1,torsion,STAY,9,0,9,3,0,-1,0,0,6,4,7
74,neutrino_G4,,-1,1,43,7,5,2,4,7,1,-1,sum,E,11,1,2,0,2,-1,0,1,6,4,8
74,neutrino_G4,,-1,1,44,8,5,2,4,8,1,-1,product,N,32,3,5,1,2,-1,0,0,7,3,8
74,neutrino_G4,,-1,1,45,9,5,2,3,8,1,-1,torsion,STAY,9,0,9,3,0,-1,0,0,6,3,8
74,neutrino_G4,,-1,1,46,1,6,2,3,8,1,-1,sum,E,11,1,2,0,2,-1,0,0,6,3,9
74,neutrino_G4,,-1,1,47,2,6,2,3,9,1,-1,product,N,27,2,9,3,0,-1,0,0,6,2,9
74,neutrino_G4,,-1,1,48,3,6,2,2,9,1,-1,torsion,STAY,9,0,9,3,0,-1,0,0,6,2,9
74,neutrino_G4,,-1,1,49,4,6,2,2,9,1,-1,sum,E,11,1,2,0,2,-1,0,0,6,2,1
74,neutrino_G4,,-1,1,50,5,6,2,2,1,1,-1,product,N,2,0,2,0,2,-1,0,0,6,1,1
74,neutrino_G4,,-1,1,51,6,6,2,1,1,1,-1,torsion,STAY,9,0,9,3,0,-1,0,0,6,1,1
74,neutrino_G4,,-1,1,52,7,6,2,1,1,1,-1,sum,E,2,0,2,0,2,-1,0,0,6,1,2
74,neutrino_G4,,-1,1,53,8,6,2,1,2,1,-1,product,N,2,0,2,0,2,-1,0,0,6,9,2
74,neutrino_G4,,-1,1,54,9,6,2,9,2,1,-1,torsion,STAY,9,0,9,3,0,-1,1,0,6,9,2
74,neutrino_G4,,-1,1,55,1,7,3,9,2,-1,1,sum,W,11,1,2,0,2,1,0,0,6,9,1
74,neutrino_G4,,-1,1,56,2,7,3,9,1,-1,1,product,S,9,0,9,3,0,1,0,0,6,1,1
74,neutrino_G4,,-1,1,57,3,7,3,1,1,-1,1,torsion,STAY,9,0,9,3,0,1,0,0,6,1,1
74,neutrino_G4,,-1,1,58,4,7,3,1,1,-1,1,sum,W,2,0,2,0,2,1,0,0,6,1,9
74,neutrino_G4,,-1,1,59,5,7,3,1,9,-1,1,product,S,9,0,9,3,0,1,0,0,6,2,9
74,neutrino_G4,,-1,1,60,6,7,3,2,9,-1,1,torsion,STAY,9,0,9,3,0,1,0,0,6,2,9
74,neutrino_G4,,-1,1,61,7,7,3,2,9,-1,1,sum,W,11,1,2,0,2,1,0,0,6,2,8
74,neutrino_G4,,-1,1,62,8,7,3,2,8,-1,1,product,S,16,1,7,2,1,1,0,0,6,3,8
74,neutrino_G4,,-1,1,63,9,7,3,3,8,-1,1,torsion,STAY,9,0,9,3,0,1,0,0,6,3,8
74,neutrino_G4,,-1,1,64,1,8,3,3,8,-1,1,sum,W,11,1,2,0,2,1,0,0,6,3,7
74,neutrino_G4,,-1,1,65,2,8,3,3,7,-1,1,product,S,21,2,3,1,0,1,0,1,6,4,7
74,neutrino_G4,,-1,1,66,3,8,3,4,7,-1,1,torsion,STAY,9,0,9,3,0,1,0,0,7,4,7
74,neutrino_G4,,-1,1,67,4,8,3,4,7,-1,1,sum,W,11,1,2,0,2,1,0,0,6,4,6
74,neutrino_G4,,-1,1,68,5,8,3,4,6,-1,1,product,S,24,2,6,2,0,1,0,0,6,5,6
74,neutrino_G4,,-1,1,69,6,8,3,5,6,-1,1,torsion,STAY,9,0,9,3,0,1,0,0,6,5,6
74,neutrino_G4,,-1,1,70,7,8,3,5,6,-1,1,sum,W,11,1,2,0,2,1,0,0,6,5,5
74,neutrino_G4,,-1,1,71,8,8,3,5,5,-1,1,product,S,25,2,7,2,1,1,0,0,6,6,5
74,neutrino_G4,,-1,1,72,9,8,3,6,5,-1,1,torsion,STAY,9,0,9,3,0,1,0,0,6,6,5
74,neutrino_G4,,-1,1,73,1,9,3,6,5,-1,1,sum,W,11,1,2,0,2,1,0,0,6,6,4
74,neutrino_G4,,-1,1,74,2,9,3,6,4,-1,1,product,S,24,2,6,2,0,1,0,0,6,7,4
74,neutrino_G4,,-1,1,75,3,9,3,7,4,-1,1,torsion,STAY,9,0,9,3,0,1,0,0,6,7,4
74,neutrino_G4,,-1,1,76,4,9,3,7,4,-1,1,sum,W,11,1,2,0,2,1,0,0,6,7,3
74,neutrino_G4,,-1,1,77,5,9,3,7,3,-1,1,product,S,21,2,3,1,0,1,0,0,6,8,3
74,neutrino_G4,,-1,1,78,6,9,3,8,3,-1,1,torsion,STAY,9,0,9,3,0,1,0,0,6,8,3
74,neutrino_G4,,-1,1,79,7,9,3,8,3,-1,1,sum,W,11,1,2,0,2,1,0,0,6,8,2
74,neutrino_G4,,-1,1,80,8,9,3,8,2,-1,1,product,S,16,1,7,2,1,1,0,0,6,9,2
74,neutrino_G4,,-1,1,81,9,9,3,9,2,-1,1,torsion,STAY,9,0,9,3,0,1,1,0,6,9,2
74,neutrino_G4,,-1,1,82,1,10,4,9,2,1,-1,sum,E,11,1,2,0,2,-1,0,0,6,9,3
74,neutrino_G4,,-1,1,83,2,10,4,9,3,1,-1,product,N,27,2,9,3,0,-1,0,0,6,8,3
74,neutrino_G4,,-1,1,84,3,10,4,8,3,1,-1,torsion,STAY,9,0,9,3,0,-1,0,0,6,8,3
74,neutrino_G4,,-1,1,85,4,10,4,8,3,1,-1,sum,E,11,1,2,0,2,-1,0,0,6,8,4
74,neutrino_G4,,-1,1,86,5,10,4,8,4,1,-1,product,N,32,3,5,1,2,-1,0,0,6,7,4
74,neutrino_G4,,-1,1,87,6,10,4,7,4,1,-1,torsion,STAY,9,0,9,3,0,-1,0,1,6,7,4
74,neutrino_G4,,-1,1,88,7,10,4,7,4,1,-1,sum,E,11,1,2,0,2,-1,0,0,7,7,5
74,neutrino_G4,,-1,1,89,8,10,4,7,5,1,-1,product,N,35,3,8,2,2,-1,0,0,6,6,5
74,neutrino_G4,,-1,1,90,9,10,4,6,5,1,-1,torsion,STAY,9,0,9,3,0,-1,0,0,6,6,5
74,neutrino_G4,,-1,1,91,1,11,4,6,5,1,-1,sum,E,11,1,2,0,2,-1,0,0,6,6,6
74,neutrino_G4,,-1,1,92,2,11,4,6,6,1,-1,product,N,36,3,9,3,0,-1,0,0,6,5,6
74,neutrino_G4,,-1,1,93,3,11,4,5,6,1,-1,torsion,STAY,9,0,9,3,0,-1,0,0,6,5,6
74,neutrino_G4,,-1,1,94,4,11,4,5,6,1,-1,sum,E,11,1,2,0,2,-1,0,0,6,5,7
74,neutrino_G4,,-1,1,95,5,11,4,5,7,1,-1,product,N,35,3,8,2,2,-1,0,0,6,4,7
74,neutrino_G4,,-1,1,96,6,11,4,4,7,1,-1,torsion,STAY,9,0,9,3,0,-1,0,0,6,4,7
74,neutrino_G4,,-1,1,97,7,11,4,4,7,1,-1,sum,E,11,1,2,0,2,-1,0,0,6,4,8
74,neutrino_G4,,-1,1,98,8,11,4,4,8,1,-1,product,N,32,3,5,1,2,-1,0,0,6,3,8
74,neutrino_G4,,-1,1,99,9,11,4,3,8,1,-1,torsion,STAY,9,0,9,3,0,-1,0,0,6,3,8
74,neutrino_G4,,-1,1,100,1,12,4,3,8,1,-1,sum,E,11,1,2,0,2,-1,0,0,6,3,9
74,neutrino_G4,,-1,1,101,2,12,4,3,9,1,-1,product,N,27,2,9,3,0,-1,0,0,6,2,9
74,neutrino_G4,,-1,1,102,3,12,4,2,9,1,-1,torsion,STAY,9,0,9,3,0,-1,0,0,6,2,9
74,neutrino_G4,,-1,1,103,4,12,4,2,9,1,-1,sum,E,11,1,2,0,2,-1,0,0,6,2,1
74,neutrino_G4,,-1,1,104,5,12,4,2,1,1,-1,product,N,2,0,2,0,2,-1,0,0,6,1,1
74,neutrino_G4,,-1,1,105,6,12,4,1,1,1,-1,torsion,STAY,9,0,9,3,0,-1,0,0,6,1,1
74,neutrino_G4,,-1,1,106,7,12,4,1,1,1,-1,sum,E,2,0,2,0,2,-1,0,0,6,1,2
74,neutrino_G4,,-1,1,107,8,12,4,1,2,1,-1,product,N,2,0,2,0,2,-1,0,0,6,9,2
74,neutrino_G4,,-1,1,108,9,12,4,9,2,1,-1,torsion,STAY,9,0,9,3,0,-1,1,0,6,9,2
75,charged_lepton_G4,,1,1,1,1,1,1,9,3,1,1,sum,E,12,1,3,1,0,1,0,0,7,9,4
75,charged_lepton_G4,,1,1,2,2,1,1,9,4,1,1,product,S,36,3,9,3,0,1,0,0,6,1,4
75,charged_lepton_G4,,1,1,3,3,1,1,1,4,1,1,torsion,STAY,9,0,9,3,0,1,0,0,6,1,4
75,charged_lepton_G4,,1,1,4,4,1,1,1,4,1,1,sum,E,5,0,5,1,2,1,0,0,6,1,5
75,charged_lepton_G4,,1,1,5,5,1,1,1,5,1,1,product,S,5,0,5,1,2,1,0,0,6,2,5
75,charged_lepton_G4,,1,1,6,6,1,1,2,5,1,1,torsion,STAY,9,0,9,3,0,1,0,0,6,2,5
75,charged_lepton_G4,,1,1,7,7,1,1,2,5,1,1,sum,E,7,0,7,2,1,1,0,0,6,2,6
75,charged_lepton_G4,,1,1,8,8,1,1,2,6,1,1,product,S,12,1,3,1,0,1,0,0,6,3,6
75,charged_lepton_G4,,1,1,9,9,1,1,3,6,1,1,torsion,STAY,9,0,9,3,0,1,0,0,6,3,6
75,charged_lepton_G4,,1,1,10,1,2,1,3,6,1,1,sum,E,9,0,9,3,0,1,0,0,6,3,7
75,charged_lepton_G4,,1,1,11,2,2,1,3,7,1,1,product,S,21,2,3,1,0,1,0,0,6,4,7
75,charged_lepton_G4,,1,1,12,3,2,1,4,7,1,1,torsion,STAY,9,0,9,3,0,1,0,0,6,4,7
75,charged_lepton_G4,,1,1,13,4,2,1,4,7,1,1,sum,E,11,1,2,0,2,1,0,0,6,4,8
75,charged_lepton_G4,,1,1,14,5,2,1,4,8,1,1,product,S,32,3,5,1,2,1,0,0,6,5,8
75,charged_lepton_G4,,1,1,15,6,2,1,5,8,1,1,torsion,STAY,9,0,9,3,0,1,0,0,6,5,8
75,charged_lepton_G4,,1,1,16,7,2,1,5,8,1,1,sum,E,13,1,4,1,1,1,0,0,6,5,9
75,charged_lepton_G4,,1,1,17,8,2,1,5,9,1,1,product,S,45,4,9,3,0,1,0,0,6,6,9
75,charged_lepton_G4,,1,1,18,9,2,1,6,9,1,1,torsion,STAY,9,0,9,3,0,1,0,0,6,6,9
75,charged_lepton_G4,,1,1,19,1,3,1,6,9,1,1,sum,E,15,1,6,2,0,1,0,0,6,6,1
75,charged_lepton_G4,,1,1,20,2,3,1,6,1,1,1,product,S,6,0,6,2,0,1,0,0,6,7,1
75,charged_lepton_G4,,1,1,21,3,3,1,7,1,1,1,torsion,STAY,9,0,9,3,0,1,0,1,6,7,1
75,charged_lepton_G4,,1,1,22,4,3,1,7,1,1,1,sum,E,8,0,8,2,2,1,0,0,7,7,2
75,charged_lepton_G4,,1,1,23,5,3,1,7,2,1,1,product,S,14,1,5,1,2,1,0,0,6,8,2
75,charged_lepton_G4,,1,1,24,6,3,1,8,2,1,1,torsion,STAY,9,0,9,3,0,1,0,0,6,8,2
75,charged_lepton_G4,,1,1,25,7,3,1,8,2,1,1,sum,E,10,1,1,0,1,1,0,0,6,8,3
75,charged_lepton_G4,,1,1,26,8,3,1,8,3,1,1,product,S,24,2,6,2,0,1,0,0,6,9,3
75,charged_lepton_G4,,1,1,27,9,3,1,9,3,1,1,torsion,STAY,9,0,9,3,0,1,1,0,6,9,3
75,charged_lepton_G4,,1,1,28,1,4,2,9,3,-1,-1,sum,W,12,1,3,1,0,-1,0,0,6,9,2
75,charged_lepton_G4,,1,1,29,2,4,2,9,2,-1,-1,product,N,18,1,9,3,0,-1,0,0,6,8,2
75,charged_lepton_G4,,1,1,30,3,4,2,8,2,-1,-1,torsion,STAY,9,0,9,3,0,-1,0,0,6,8,2
75,charged_lepton_G4,,1,1,31,4,4,2,8,2,-1,-1,sum,W,10,1,1,0,1,-1,0,0,6,8,1
75,charged_lepton_G4,,1,1,32,5,4,2,8,1,-1,-1,product,N,8,0,8,2,2,-1,0,0,6,7,1
75,charged_lepton_G4,,1,1,33,6,4,2,7,1,-1,-1,torsion,STAY,9,0,9,3,0,-1,0,0,6,7,1
75,charged_lepton_G4,,1,1,34,7,4,2,7,1,-1,-1,sum,W,8,0,8,2,2,-1,0,0,6,7,9
75,charged_lepton_G4,,1,1,35,8,4,2,7,9,-1,-1,product,N,63,6,9,3,0,-1,0,0,6,6,9
75,charged_lepton_G4,,1,1,36,9,4,2,6,9,-1,-1,torsion,STAY,9,0,9,3,0,-1,0,0,6,6,9
75,charged_lepton_G4,,1,1,37,1,5,2,6,9,-1,-1,sum,W,15,1,6,2,0,-1,0,0,6,6,8
75,charged_lepton_G4,,1,1,38,2,5,2,6,8,-1,-1,product,N,48,5,3,1,0,-1,0,0,6,5,8
75,charged_lepton_G4,,1,1,39,3,5,2,5,8,-1,-1,torsion,STAY,9,0,9,3,0,-1,0,0,6,5,8
75,charged_lepton_G4,,1,1,40,4,5,2,5,8,-1,-1,sum,W,13,1,4,1,1,-1,0,0,6,5,7
75,charged_lepton_G4,,1,1,41,5,5,2,5,7,-1,-1,product,N,35,3,8,2,2,-1,0,0,6,4,7
75,charged_lepton_G4,,1,1,42,6,5,2,4,7,-1,-1,torsion,STAY,9,0,9,3,0,-1,0,0,6,4,7
75,charged_lepton_G4,,1,1,43,7,5,2,4,7,-1,-1,sum,W,11,1,2,0,2,-1,0,1,6,4,6
75,charged_lepton_G4,,1,1,44,8,5,2,4,6,-1,-1,product,N,24,2,6,2,0,-1,0,0,7,3,6
75,charged_lepton_G4,,1,1,45,9,5,2,3,6,-1,-1,torsion,STAY,9,0,9,3,0,-1,0,0,6,3,6
75,charged_lepton_G4,,1,1,46,1,6,2,3,6,-1,-1,sum,W,9,0,9,3,0,-1,0,0,6,3,5
75,charged_lepton_G4,,1,1,47,2,6,2,3,5,-1,-1,product,N,15,1,6,2,0,-1,0,0,6,2,5
75,charged_lepton_G4,,1,1,48,3,6,2,2,5,-1,-1,torsion,STAY,9,0,9,3,0,-1,0,0,6,2,5
75,charged_lepton_G4,,1,1,49,4,6,2,2,5,-1,-1,sum,W,7,0,7,2,1,-1,0,0,6,2,4
75,charged_lepton_G4,,1,1,50,5,6,2,2,4,-1,-1,product,N,8,0,8,2,2,-1,0,0,6,1,4
75,charged_lepton_G4,,1,1,51,6,6,2,1,4,-1,-1,torsion,STAY,9,0,9,3,0,-1,0,0,6,1,4
75,charged_lepton_G4,,1,1,52,7,6,2,1,4,-1,-1,sum,W,5,0,5,1,2,-1,0,0,6,1,3
75,charged_lepton_G4,,1,1,53,8,6,2,1,3,-1,-1,product,N,3,0,3,1,0,-1,0,0,6,9,3
75,charged_lepton_G4,,1,1,54,9,6,2,9,3,-1,-1,torsion,STAY,9,0,9,3,0,-1,1,0,6,9,3
75,charged_lepton_G4,,1,1,55,1,7,3,9,3,1,1,sum,E,12,1,3,1,0,1,0,0,6,9,4
75,charged_lepton_G4,,1,1,56,2,7,3,9,4,1,1,product,S,36,3,9,3,0,1,0,0,6,1,4
75,charged_lepton_G4,,1,1,57,3,7,3,1,4,1,1,torsion,STAY,9,0,9,3,0,1,0,0,6,1,4
75,charged_lepton_G4,,1,1,58,4,7,3,1,4,1,1,sum,E,5,0,5,1,2,1,0,0,6,1,5
75,charged_lepton_G4,,1,1,59,5,7,3,1,5,1,1,product,S,5,0,5,1,2,1,0,0,6,2,5
75,charged_lepton_G4,,1,1,60,6,7,3,2,5,1,1,torsion,STAY,9,0,9,3,0,1,0,0,6,2,5
75,charged_lepton_G4,,1,1,61,7,7,3,2,5,1,1,sum,E,7,0,7,2,1,1,0,0,6,2,6
75,charged_lepton_G4,,1,1,62,8,7,3,2,6,1,1,product,S,12,1,3,1,0,1,0,0,6,3,6
75,charged_lepton_G4,,1,1,63,9,7,3,3,6,1,1,torsion,STAY,9,0,9,3,0,1,0,0,6,3,6
75,charged_lepton_G4,,1,1,64,1,8,3,3,6,1,1,sum,E,9,0,9,3,0,1,0,0,6,3,7
75,charged_lepton_G4,,1,1,65,2,8,3,3,7,1,1,product,S,21,2,3,1,0,1,0,1,6,4,7
75,charged_lepton_G4,,1,1,66,3,8,3,4,7,1,1,torsion,STAY,9,0,9,3,0,1,0,0,7,4,7
75,charged_lepton_G4,,1,1,67,4,8,3,4,7,1,1,sum,E,11,1,2,0,2,1,0,0,6,4,8
75,charged_lepton_G4,,1,1,68,5,8,3,4,8,1,1,product,S,32,3,5,1,2,1,0,0,6,5,8
75,charged_lepton_G4,,1,1,69,6,8,3,5,8,1,1,torsion,STAY,9,0,9,3,0,1,0,0,6,5,8
75,charged_lepton_G4,,1,1,70,7,8,3,5,8,1,1,sum,E,13,1,4,1,1,1,0,0,6,5,9
75,charged_lepton_G4,,1,1,71,8,8,3,5,9,1,1,product,S,45,4,9,3,0,1,0,0,6,6,9
75,charged_lepton_G4,,1,1,72,9,8,3,6,9,1,1,torsion,STAY,9,0,9,3,0,1,0,0,6,6,9
75,charged_lepton_G4,,1,1,73,1,9,3,6,9,1,1,sum,E,15,1,6,2,0,1,0,0,6,6,1
75,charged_lepton_G4,,1,1,74,2,9,3,6,1,1,1,product,S,6,0,6,2,0,1,0,0,6,7,1
75,charged_lepton_G4,,1,1,75,3,9,3,7,1,1,1,torsion,STAY,9,0,9,3,0,1,0,0,6,7,1
75,charged_lepton_G4,,1,1,76,4,9,3,7,1,1,1,sum,E,8,0,8,2,2,1,0,0,6,7,2
75,charged_lepton_G4,,1,1,77,5,9,3,7,2,1,1,product,S,14,1,5,1,2,1,0,0,6,8,2
75,charged_lepton_G4,,1,1,78,6,9,3,8,2,1,1,torsion,STAY,9,0,9,3,0,1,0,0,6,8,2
75,charged_lepton_G4,,1,1,79,7,9,3,8,2,1,1,sum,E,10,1,1,0,1,1,0,0,6,8,3
75,charged_lepton_G4,,1,1,80,8,9,3,8,3,1,1,product,S,24,2,6,2,0,1,0,0,6,9,3
75,charged_lepton_G4,,1,1,81,9,9,3,9,3,1,1,torsion,STAY,9,0,9,3,0,1,1,0,6,9,3
75,charged_lepton_G4,,1,1,82,1,10,4,9,3,-1,-1,sum,W,12,1,3,1,0,-1,0,0,6,9,2
75,charged_lepton_G4,,1,1,83,2,10,4,9,2,-1,-1,product,N,18,1,9,3,0,-1,0,0,6,8,2
75,charged_lepton_G4,,1,1,84,3,10,4,8,2,-1,-1,torsion,STAY,9,0,9,3,0,-1,0,0,6,8,2
75,charged_lepton_G4,,1,1,85,4,10,4,8,2,-1,-1,sum,W,10,1,1,0,1,-1,0,0,6,8,1
75,charged_lepton_G4,,1,1,86,5,10,4,8,1,-1,-1,product,N,8,0,8,2,2,-1,0,0,6,7,1
75,charged_lepton_G4,,1,1,87,6,10,4,7,1,-1,-1,torsion,STAY,9,0,9,3,0,-1,0,1,6,7,1
75,charged_lepton_G4,,1,1,88,7,10,4,7,1,-1,-1,sum,W,8,0,8,2,2,-1,0,0,7,7,9
75,charged_lepton_G4,,1,1,89,8,10,4,7,9,-1,-1,product,N,63,6,9,3,0,-1,0,0,6,6,9
75,charged_lepton_G4,,1,1,90,9,10,4,6,9,-1,-1,torsion,STAY,9,0,9,3,0,-1,0,0,6,6,9
75,charged_lepton_G4,,1,1,91,1,11,4,6,9,-1,-1,sum,W,15,1,6,2,0,-1,0,0,6,6,8
75,charged_lepton_G4,,1,1,92,2,11,4,6,8,-1,-1,product,N,48,5,3,1,0,-1,0,0,6,5,8
75,charged_lepton_G4,,1,1,93,3,11,4,5,8,-1,-1,torsion,STAY,9,0,9,3,0,-1,0,0,6,5,8
75,charged_lepton_G4,,1,1,94,4,11,4,5,8,-1,-1,sum,W,13,1,4,1,1,-1,0,0,6,5,7
75,charged_lepton_G4,,1,1,95,5,11,4,5,7,-1,-1,product,N,35,3,8,2,2,-1,0,0,6,4,7
75,charged_lepton_G4,,1,1,96,6,11,4,4,7,-1,-1,torsion,STAY,9,0,9,3,0,-1,0,0,6,4,7
75,charged_lepton_G4,,1,1,97,7,11,4,4,7,-1,-1,sum,W,11,1,2,0,2,-1,0,0,6,4,6
75,charged_lepton_G4,,1,1,98,8,11,4,4,6,-1,-1,product,N,24,2,6,2,0,-1,0,0,6,3,6
75,charged_lepton_G4,,1,1,99,9,11,4,3,6,-1,-1,torsion,STAY,9,0,9,3,0,-1,0,0,6,3,6
75,charged_lepton_G4,,1,1,100,1,12,4,3,6,-1,-1,sum,W,9,0,9,3,0,-1,0,0,6,3,5
75,charged_lepton_G4,,1,1,101,2,12,4,3,5,-1,-1,product,N,15,1,6,2,0,-1,0,0,6,2,5
75,charged_lepton_G4,,1,1,102,3,12,4,2,5,-1,-1,torsion,STAY,9,0,9,3,0,-1,0,0,6,2,5
75,charged_lepton_G4,,1,1,103,4,12,4,2,5,-1,-1,sum,W,7,0,7,2,1,-1,0,0,6,2,4
75,charged_lepton_G4,,1,1,104,5,12,4,2,4,-1,-1,product,N,8,0,8,2,2,-1,0,0,6,1,4
75,charged_lepton_G4,,1,1,105,6,12,4,1,4,-1,-1,torsion,STAY,9,0,9,3,0,-1,0,0,6,1,4
75,charged_lepton_G4,,1,1,106,7,12,4,1,4,-1,-1,sum,W,5,0,5,1,2,-1,0,0,6,1,3
75,charged_lepton_G4,,1,1,107,8,12,4,1,3,-1,-1,product,N,3,0,3,1,0,-1,0,0,6,9,3
75,charged_lepton_G4,,1,1,108,9,12,4,9,3,-1,-1,torsion,STAY,9,0,9,3,0,-1,1,0,6,9,3
76,neutrino_G4,,-1,1,1,1,1,1,9,4,-1,1,sum,W,13,1,4,1,1,1,0,0,7,9,3
76,neutrino_G4,,-1,1,2,2,1,1,9,3,-1,1,product,S,27,2,9,3,0,1,0,0,6,1,3
76,neutrino_G4,,-1,1,3,3,1,1,1,3,-1,1,torsion,STAY,9,0,9,3,0,1,0,0,6,1,3
76,neutrino_G4,,-1,1,4,4,1,1,1,3,-1,1,sum,W,4,0,4,1,1,1,0,0,6,1,2
76,neutrino_G4,,-1,1,5,5,1,1,1,2,-1,1,product,S,2,0,2,0,2,1,0,0,6,2,2
76,neutrino_G4,,-1,1,6,6,1,1,2,2,-1,1,torsion,STAY,9,0,9,3,0,1,0,0,6,2,2
76,neutrino_G4,,-1,1,7,7,1,1,2,2,-1,1,sum,W,4,0,4,1,1,1,0,0,6,2,1
76,neutrino_G4,,-1,1,8,8,1,1,2,1,-1,1,product,S,2,0,2,0,2,1,0,0,6,3,1
76,neutrino_G4,,-1,1,9,9,1,1,3,1,-1,1,torsion,STAY,9,0,9,3,0,1,0,0,6,3,1
76,neutrino_G4,,-1,1,10,1,2,1,3,1,-1,1,sum,W,4,0,4,1,1,1,0,0,6,3,9
76,neutrino_G4,,-1,1,11,2,2,1,3,9,-1,1,product,S,27,2,9,3,0,1,0,0,6,4,9
76,neutrino_G4,,-1,1,12,3,2,1,4,9,-1,1,torsion,STAY,9,0,9,3,0,1,0,0,6,4,9
76,neutrino_G4,,-1,1,13,4,2,1,4,9,-1,1,sum,W,13,1,4,1,1,1,0,0,6,4,8
76,neutrino_G4,,-1,1,14,5,2,1,4,8,-1,1,product,S,32,3,5,1,2,1,0,0,6,5,8
76,neutrino_G4,,-1,1,15,6,2,1,5,8,-1,1,torsion,STAY,9,0,9,3,0,1,0,0,6,5,8
76,neutrino_G4,,-1,1,16,7,2,1,5,8,-1,1,sum,W,13,1,4,1,1,1,0,0,6,5,7
76,neutrino_G4,,-1,1,17,8,2,1,5,7,-1,1,product,S,35,3,8,2,2,1,0,0,6,6,7
76,neutrino_G4,,-1,1,18,9,2,1,6,7,-1,1,torsion,STAY,9,0,9,3,0,1,0,0,6,6,7
76,neutrino_G4,,-1,1,19,1,3,1,6,7,-1,1,sum,W,13,1,4,1,1,1,0,0,6,6,6
76,neutrino_G4,,-1,1,20,2,3,1,6,6,-1,1,product,S,36,3,9,3,0,1,0,0,6,7,6
76,neutrino_G4,,-1,1,21,3,3,1,7,6,-1,1,torsion,STAY,9,0,9,3,0,1,0,1,6,7,6
76,neutrino_G4,,-1,1,22,4,3,1,7,6,-1,1,sum,W,13,1,4,1,1,1,0,0,7,7,5
76,neutrino_G4,,-1,1,23,5,3,1,7,5,-1,1,product,S,35,3,8,2,2,1,0,0,6,8,5
76,neutrino_G4,,-1,1,24,6,3,1,8,5,-1,1,torsion,STAY,9,0,9,3,0,1,0,0,6,8,5
76,neutrino_G4,,-1,1,25,7,3,1,8,5,-1,1,sum,W,13,1,4,1,1,1,0,0,6,8,4
76,neutrino_G4,,-1,1,26,8,3,1,8,4,-1,1,product,S,32,3,5,1,2,1,0,0,6,9,4
76,neutrino_G4,,-1,1,27,9,3,1,9,4,-1,1,torsion,STAY,9,0,9,3,0,1,1,0,6,9,4
76,neutrino_G4,,-1,1,28,1,4,2,9,4,1,-1,sum,E,13,1,4,1,1,-1,0,0,6,9,5
76,neutrino_G4,,-1,1,29,2,4,2,9,5,1,-1,product,N,45,4,9,3,0,-1,0,0,6,8,5
76,neutrino_G4,,-1,1,30,3,4,2,8,5,1,-1,torsion,STAY,9,0,9,3,0,-1,0,0,6,8,5
76,neutrino_G4,,-1,1,31,4,4,2,8,5,1,-1,sum,E,13,1,4,1,1,-1,0,0,6,8,6
76,neutrino_G4,,-1,1,32,5,4,2,8,6,1,-1,product,N,48,5,3,1,0,-1,0,0,6,7,6
76,neutrino_G4,,-1,1,33,6,4,2,7,6,1,-1,torsion,STAY,9,0,9,3,0,-1,0,0,6,7,6
76,neutrino_G4,,-1,1,34,7,4,2,7,6,1,-1,sum,E,13,1,4,1,1,-1,0,0,6,7,7
76,neutrino_G4,,-1,1,35,8,4,2,7,7,1,-1,product,N,49,5,4,1,1,-1,0,0,6,6,7
76,neutrino_G4,,-1,1,36,9,4,2,6,7,1,-1,torsion,STAY,9,0,9,3,0,-1,0,0,6,6,7
76,neutrino_G4,,-1,1,37,1,5,2,6,7,1,-1,sum,E,13,1,4,1,1,-1,0,0,6,6,8
76,neutrino_G4,,-1,1,38,2,5,2,6,8,1,-1,product,N,48,5,3,1,0,-1,0,0,6,5,8
76,neutrino_G4,,-1,1,39,3,5,2,5,8,1,-1,torsion,STAY,9,0,9,3,0,-1,0,0,6,5,8
76,neutrino_G4,,-1,1,40,4,5,2,5,8,1,-1,sum,E,13,1,4,1,1,-1,0,0,6,5,9
76,neutrino_G4,,-1,1,41,5,5,2,5,9,1,-1,product,N,45,4,9,3,0,-1,0,0,6,4,9
76,neutrino_G4,,-1,1,42,6,5,2,4,9,1,-1,torsion,STAY,9,0,9,3,0,-1,0,0,6,4,9
76,neutrino_G4,,-1,1,43,7,5,2,4,9,1,-1,sum,E,13,1,4,1,1,-1,0,1,6,4,1
76,neutrino_G4,,-1,1,44,8,5,2,4,1,1,-1,product,N,4,0,4,1,1,-1,0,0,7,3,1
76,neutrino_G4,,-1,1,45,9,5,2,3,1,1,-1,torsion,STAY,9,0,9,3,0,-1,0,0,6,3,1
76,neutrino_G4,,-1,1,46,1,6,2,3,1,1,-1,sum,E,4,0,4,1,1,-1,0,0,6,3,2
76,neutrino_G4,,-1,1,47,2,6,2,3,2,1,-1,product,N,6,0,6,2,0,-1,0,0,6,2,2
76,neutrino_G4,,-1,1,48,3,6,2,2,2,1,-1,torsion,STAY,9,0,9,3,0,-1,0,0,6,2,2
76,neutrino_G4,,-1,1,49,4,6,2,2,2,1,-1,sum,E,4,0,4,1,1,-1,0,0,6,2,3
76,neutrino_G4,,-1,1,50,5,6,2,2,3,1,-1,product,N,6,0,6,2,0,-1,0,0,6,1,3
76,neutrino_G4,,-1,1,51,6,6,2,1,3,1,-1,torsion,STAY,9,0,9,3,0,-1,0,0,6,1,3
76,neutrino_G4,,-1,1,52,7,6,2,1,3,1,-1,sum,E,4,0,4,1,1,-1,0,0,6,1,4
76,neutrino_G4,,-1,1,53,8,6,2,1,4,1,-1,product,N,4,0,4,1,1,-1,0,0,6,9,4
76,neutrino_G4,,-1,1,54,9,6,2,9,4,1,-1,torsion,STAY,9,0,9,3,0,-1,1,0,6,9,4
76,neutrino_G4,,-1,1,55,1,7,3,9,4,-1,1,sum,W,13,1,4,1,1,1,0,0,6,9,3
76,neutrino_G4,,-1,1,56,2,7,3,9,3,-1,1,product,S,27,2,9,3,0,1,0,0,6,1,3
76,neutrino_G4,,-1,1,57,3,7,3,1,3,-1,1,torsion,STAY,9,0,9,3,0,1,0,0,6,1,3
76,neutrino_G4,,-1,1,58,4,7,3,1,3,-1,1,sum,W,4,0,4,1,1,1,0,0,6,1,2
76,neutrino_G4,,-1,1,59,5,7,3,1,2,-1,1,product,S,2,0,2,0,2,1,0,0,6,2,2
76,neutrino_G4,,-1,1,60,6,7,3,2,2,-1,1,torsion,STAY,9,0,9,3,0,1,0,0,6,2,2
76,neutrino_G4,,-1,1,61,7,7,3,2,2,-1,1,sum,W,4,0,4,1,1,1,0,0,6,2,1
76,neutrino_G4,,-1,1,62,8,7,3,2,1,-1,1,product,S,2,0,2,0,2,1,0,0,6,3,1
76,neutrino_G4,,-1,1,63,9,7,3,3,1,-1,1,torsion,STAY,9,0,9,3,0,1,0,0,6,3,1
76,neutrino_G4,,-1,1,64,1,8,3,3,1,-1,1,sum,W,4,0,4,1,1,1,0,0,6,3,9
76,neutrino_G4,,-1,1,65,2,8,3,3,9,-1,1,product,S,27,2,9,3,0,1,0,1,6,4,9
76,neutrino_G4,,-1,1,66,3,8,3,4,9,-1,1,torsion,STAY,9,0,9,3,0,1,0,0,7,4,9
76,neutrino_G4,,-1,1,67,4,8,3,4,9,-1,1,sum,W,13,1,4,1,1,1,0,0,6,4,8
76,neutrino_G4,,-1,1,68,5,8,3,4,8,-1,1,product,S,32,3,5,1,2,1,0,0,6,5,8
76,neutrino_G4,,-1,1,69,6,8,3,5,8,-1,1,torsion,STAY,9,0,9,3,0,1,0,0,6,5,8
76,neutrino_G4,,-1,1,70,7,8,3,5,8,-1,1,sum,W,13,1,4,1,1,1,0,0,6,5,7
76,neutrino_G4,,-1,1,71,8,8,3,5,7,-1,1,product,S,35,3,8,2,2,1,0,0,6,6,7
76,neutrino_G4,,-1,1,72,9,8,3,6,7,-1,1,torsion,STAY,9,0,9,3,0,1,0,0,6,6,7
76,neutrino_G4,,-1,1,73,1,9,3,6,7,-1,1,sum,W,13,1,4,1,1,1,0,0,6,6,6
76,neutrino_G4,,-1,1,74,2,9,3,6,6,-1,1,product,S,36,3,9,3,0,1,0,0,6,7,6
76,neutrino_G4,,-1,1,75,3,9,3,7,6,-1,1,torsion,STAY,9,0,9,3,0,1,0,0,6,7,6
76,neutrino_G4,,-1,1,76,4,9,3,7,6,-1,1,sum,W,13,1,4,1,1,1,0,0,6,7,5
76,neutrino_G4,,-1,1,77,5,9,3,7,5,-1,1,product,S,35,3,8,2,2,1,0,0,6,8,5
76,neutrino_G4,,-1,1,78,6,9,3,8,5,-1,1,torsion,STAY,9,0,9,3,0,1,0,0,6,8,5
76,neutrino_G4,,-1,1,79,7,9,3,8,5,-1,1,sum,W,13,1,4,1,1,1,0,0,6,8,4
76,neutrino_G4,,-1,1,80,8,9,3,8,4,-1,1,product,S,32,3,5,1,2,1,0,0,6,9,4
76,neutrino_G4,,-1,1,81,9,9,3,9,4,-1,1,torsion,STAY,9,0,9,3,0,1,1,0,6,9,4
76,neutrino_G4,,-1,1,82,1,10,4,9,4,1,-1,sum,E,13,1,4,1,1,-1,0,0,6,9,5
76,neutrino_G4,,-1,1,83,2,10,4,9,5,1,-1,product,N,45,4,9,3,0,-1,0,0,6,8,5
76,neutrino_G4,,-1,1,84,3,10,4,8,5,1,-1,torsion,STAY,9,0,9,3,0,-1,0,0,6,8,5
76,neutrino_G4,,-1,1,85,4,10,4,8,5,1,-1,sum,E,13,1,4,1,1,-1,0,0,6,8,6
76,neutrino_G4,,-1,1,86,5,10,4,8,6,1,-1,product,N,48,5,3,1,0,-1,0,0,6,7,6
76,neutrino_G4,,-1,1,87,6,10,4,7,6,1,-1,torsion,STAY,9,0,9,3,0,-1,0,1,6,7,6
76,neutrino_G4,,-1,1,88,7,10,4,7,6,1,-1,sum,E,13,1,4,1,1,-1,0,0,7,7,7
76,neutrino_G4,,-1,1,89,8,10,4,7,7,1,-1,product,N,49,5,4,1,1,-1,0,0,6,6,7
76,neutrino_G4,,-1,1,90,9,10,4,6,7,1,-1,torsion,STAY,9,0,9,3,0,-1,0,0,6,6,7
76,neutrino_G4,,-1,1,91,1,11,4,6,7,1,-1,sum,E,13,1,4,1,1,-1,0,0,6,6,8
76,neutrino_G4,,-1,1,92,2,11,4,6,8,1,-1,product,N,48,5,3,1,0,-1,0,0,6,5,8
76,neutrino_G4,,-1,1,93,3,11,4,5,8,1,-1,torsion,STAY,9,0,9,3,0,-1,0,0,6,5,8
76,neutrino_G4,,-1,1,94,4,11,4,5,8,1,-1,sum,E,13,1,4,1,1,-1,0,0,6,5,9
76,neutrino_G4,,-1,1,95,5,11,4,5,9,1,-1,product,N,45,4,9,3,0,-1,0,0,6,4,9
76,neutrino_G4,,-1,1,96,6,11,4,4,9,1,-1,torsion,STAY,9,0,9,3,0,-1,0,0,6,4,9
76,neutrino_G4,,-1,1,97,7,11,4,4,9,1,-1,sum,E,13,1,4,1,1,-1,0,0,6,4,1
76,neutrino_G4,,-1,1,98,8,11,4,4,1,1,-1,product,N,4,0,4,1,1,-1,0,0,6,3,1
76,neutrino_G4,,-1,1,99,9,11,4,3,1,1,-1,torsion,STAY,9,0,9,3,0,-1,0,0,6,3,1
76,neutrino_G4,,-1,1,100,1,12,4,3,1,1,-1,sum,E,4,0,4,1,1,-1,0,0,6,3,2
76,neutrino_G4,,-1,1,101,2,12,4,3,2,1,-1,product,N,6,0,6,2,0,-1,0,0,6,2,2
76,neutrino_G4,,-1,1,102,3,12,4,2,2,1,-1,torsion,STAY,9,0,9,3,0,-1,0,0,6,2,2
76,neutrino_G4,,-1,1,103,4,12,4,2,2,1,-1,sum,E,4,0,4,1,1,-1,0,0,6,2,3
76,neutrino_G4,,-1,1,104,5,12,4,2,3,1,-1,product,N,6,0,6,2,0,-1,0,0,6,1,3
76,neutrino_G4,,-1,1,105,6,12,4,1,3,1,-1,torsion,STAY,9,0,9,3,0,-1,0,0,6,1,3
76,neutrino_G4,,-1,1,106,7,12,4,1,3,1,-1,sum,E,4,0,4,1,1,-1,0,0,6,1,4
76,neutrino_G4,,-1,1,107,8,12,4,1,4,1,-1,product,N,4,0,4,1,1,-1,0,0,6,9,4
76,neutrino_G4,,-1,1,108,9,12,4,9,4,1,-1,torsion,STAY,9,0,9,3,0,-1,1,0,6,9,4
77,charged_lepton_G4,,-1,-1,1,1,1,1,9,5,-1,-1,sum,W,14,1,5,1,2,1,0,0,7,9,4
77,charged_lepton_G4,,-1,-1,2,2,1,1,9,4,-1,-1,product,N,36,3,9,3,0,1,0,0,6,8,4
77,charged_lepton_G4,,-1,-1,3,3,1,1,8,4,-1,-1,torsion,STAY,9,0,9,3,0,1,0,0,6,8,4
77,charged_lepton_G4,,-1,-1,4,4,1,1,8,4,-1,-1,sum,W,12,1,3,1,0,1,0,0,6,8,3
77,charged_lepton_G4,,-1,-1,5,5,1,1,8,3,-1,-1,product,N,24,2,6,2,0,1,0,0,6,7,3
77,charged_lepton_G4,,-1,-1,6,6,1,1,7,3,-1,-1,torsion,STAY,9,0,9,3,0,1,0,0,6,7,3
77,charged_lepton_G4,,-1,-1,7,7,1,1,7,3,-1,-1,sum,W,10,1,1,0,1,1,0,0,6,7,2
77,charged_lepton_G4,,-1,-1,8,8,1,1,7,2,-1,-1,product,N,14,1,5,1,2,1,0,0,6,6,2
77,charged_lepton_G4,,-1,-1,9,9,1,1,6,2,-1,-1,torsion,STAY,9,0,9,3,0,1,0,0,6,6,2
77,charged_lepton_G4,,-1,-1,10,1,2,1,6,2,-1,-1,sum,W,8,0,8,2,2,1,0,0,6,6,1
77,charged_lepton_G4,,-1,-1,11,2,2,1,6,1,-1,-1,product,N,6,0,6,2,0,1,0,0,6,5,1
77,charged_lepton_G4,,-1,-1,12,3,2,1,5,1,-1,-1,torsion,STAY,9,0,9,3,0,1,0,0,6,5,1
77,charged_lepton_G4,,-1,-1,13,4,2,1,5,1,-1,-1,sum,W,6,0,6,2,0,1,0,0,6,5,9
77,charged_lepton_G4,,-1,-1,14,5,2,1,5,9,-1,-1,product,N,45,4,9,3,0,1,0,0,6,4,9
77,charged_lepton_G4,,-1,-1,15,6,2,1,4,9,-1,-1,torsion,STAY,9,0,9,3,0,1,0,0,6,4,9
77,charged_lepton_G4,,-1,-1,16,7,2,1,4,9,-1,-1,sum,W,13,1,4,1,1,1,0,0,6,4,8
77,charged_lepton_G4,,-1,-1,17,8,2,1,4,8,-1,-1,product,N,32,3,5,1,2,1,0,0,6,3,8
77,charged_lepton_G4,,-1,-1,18,9,2,1,3,8,-1,-1,torsion,STAY,9,0,9,3,0,1,0,0,6,3,8
77,charged_lepton_G4,,-1,-1,19,1,3,1,3,8,-1,-1,sum,W,11,1,2,0,2,1,0,0,6,3,7
77,charged_lepton_G4,,-1,-1,20,2,3,1,3,7,-1,-1,product,N,21,2,3,1,0,1,0,0,6,2,7
77,charged_lepton_G4,,-1,-1,21,3,3,1,2,7,-1,-1,torsion,STAY,9,0,9,3,0,1,0,1,6,2,7
77,charged_lepton_G4,,-1,-1,22,4,3,1,2,7,-1,-1,sum,W,9,0,9,3,0,1,0,0,7,2,6
77,charged_lepton_G4,,-1,-1,23,5,3,1,2,6,-1,-1,product,N,12,1,3,1,0,1,0,0,6,1,6
77,charged_lepton_G4,,-1,-1,24,6,3,1,1,6,-1,-1,torsion,STAY,9,0,9,3,0,1,0,0,6,1,6
77,charged_lepton_G4,,-1,-1,25,7,3,1,1,6,-1,-1,sum,W,7,0,7,2,1,1,0,0,6,1,5
77,charged_lepton_G4,,-1,-1,26,8,3,1,1,5,-1,-1,product,N,5,0,5,1,2,1,0,0,6,9,5
77,charged_lepton_G4,,-1,-1,27,9,3,1,9,5,-1,-1,torsion,STAY,9,0,9,3,0,1,1,0,6,9,5
77,charged_lepton_G4,,-1,-1,28,1,4,2,9,5,1,1,sum,E,14,1,5,1,2,-1,0,0,6,9,6
77,charged_lepton_G4,,-1,-1,29,2,4,2,9,6,1,1,product,S,54,5,9,3,0,-1,0,0,6,1,6
77,charged_lepton_G4,,-1,-1,30,3,4,2,1,6,1,1,torsion,STAY,9,0,9,3,0,-1,0,0,6,1,6
77,charged_lepton_G4,,-1,-1,31,4,4,2,1,6,1,1,sum,E,7,0,7,2,1,-1,0,0,6,1,7
77,charged_lepton_G4,,-1,-1,32,5,4,2,1,7,1,1,product,S,7,0,7,2,1,-1,0,0,6,2,7
77,charged_lepton_G4,,-1,-1,33,6,4,2,2,7,1,1,torsion,STAY,9,0,9,3,0,-1,0,0,6,2,7
77,charged_lepton_G4,,-1,-1,34,7,4,2,2,7,1,1,sum,E,9,0,9,3,0,-1,0,0,6,2,8
77,charged_lepton_G4,,-1,-1,35,8,4,2,2,8,1,1,product,S,16,1,7,2,1,-1,0,0,6,3,8
77,charged_lepton_G4,,-1,-1,36,9,4,2,3,8,1,1,torsion,STAY,9,0,9,3,0,-1,0,0,6,3,8
77,charged_lepton_G4,,-1,-1,37,1,5,2,3,8,1,1,sum,E,11,1,2,0,2,-1,0,0,6,3,9
77,charged_lepton_G4,,-1,-1,38,2,5,2,3,9,1,1,product,S,27,2,9,3,0,-1,0,0,6,4,9
77,charged_lepton_G4,,-1,-1,39,3,5,2,4,9,1,1,torsion,STAY,9,0,9,3,0,-1,0,0,6,4,9
77,charged_lepton_G4,,-1,-1,40,4,5,2,4,9,1,1,sum,E,13,1,4,1,1,-1,0,0,6,4,1
77,charged_lepton_G4,,-1,-1,41,5,5,2,4,1,1,1,product,S,4,0,4,1,1,-1,0,0,6,5,1
77,charged_lepton_G4,,-1,-1,42,6,5,2,5,1,1,1,torsion,STAY,9,0,9,3,0,-1,0,0,6,5,1
77,charged_lepton_G4,,-1,-1,43,7,5,2,5,1,1,1,sum,E,6,0,6,2,0,-1,0,1,6,5,2
77,charged_lepton_G4,,-1,-1,44,8,5,2,5,2,1,1,product,S,10,1,1,0,1,-1,0,0,7,6,2
77,charged_lepton_G4,,-1,-1,45,9,5,2,6,2,1,1,torsion,STAY,9,0,9,3,0,-1,0,0,6,6,2
77,charged_lepton_G4,,-1,-1,46,1,6,2,6,2,1,1,sum,E,8,0,8,2,2,-1,0,0,6,6,3
77,charged_lepton_G4,,-1,-1,47,2,6,2,6,3,1,1,product,S,18,1,9,3,0,-1,0,0,6,7,3
77,charged_lepton_G4,,-1,-1,48,3,6,2,7,3,1,1,torsion,STAY,9,0,9,3,0,-1,0,0,6,7,3
77,charged_lepton_G4,,-1,-1,49,4,6,2,7,3,1,1,sum,E,10,1,1,0,1,-1,0,0,6,7,4
77,charged_lepton_G4,,-1,-1,50,5,6,2,7,4,1,1,product,S,28,3,1,0,1,-1,0,0,6,8,4
77,charged_lepton_G4,,-1,-1,51,6,6,2,8,4,1,1,torsion,STAY,9,0,9,3,0,-1,0,0,6,8,4
77,charged_lepton_G4,,-1,-1,52,7,6,2,8,4,1,1,sum,E,12,1,3,1,0,-1,0,0,6,8,5
77,charged_lepton_G4,,-1,-1,53,8,6,2,8,5,1,1,product,S,40,4,4,1,1,-1,0,0,6,9,5
77,charged_lepton_G4,,-1,-1,54,9,6,2,9,5,1,1,torsion,STAY,9,0,9,3,0,-1,1,0,6,9,5
77,charged_lepton_G4,,-1,-1,55,1,7,3,9,5,-1,-1,sum,W,14,1,5,1,2,1,0,0,6,9,4
77,charged_lepton_G4,,-1,-1,56,2,7,3,9,4,-1,-1,product,N,36,3,9,3,0,1,0,0,6,8,4
77,charged_lepton_G4,,-1,-1,57,3,7,3,8,4,-1,-1,torsion,STAY,9,0,9,3,0,1,0,0,6,8,4
77,charged_lepton_G4,,-1,-1,58,4,7,3,8,4,-1,-1,sum,W,12,1,3,1,0,1,0,0,6,8,3
77,charged_lepton_G4,,-1,-1,59,5,7,3,8,3,-1,-1,product,N,24,2,6,2,0,1,0,0,6,7,3
77,charged_lepton_G4,,-1,-1,60,6,7,3,7,3,-1,-1,torsion,STAY,9,0,9,3,0,1,0,0,6,7,3
77,charged_lepton_G4,,-1,-1,61,7,7,3,7,3,-1,-1,sum,W,10,1,1,0,1,1,0,0,6,7,2
77,charged_lepton_G4,,-1,-1,62,8,7,3,7,2,-1,-1,product,N,14,1,5,1,2,1,0,0,6,6,2
77,charged_lepton_G4,,-1,-1,63,9,7,3,6,2,-1,-1,torsion,STAY,9,0,9,3,0,1,0,0,6,6,2
77,charged_lepton_G4,,-1,-1,64,1,8,3,6,2,-1,-1,sum,W,8,0,8,2,2,1,0,0,6,6,1
77,charged_lepton_G4,,-1,-1,65,2,8,3,6,1,-1,-1,product,N,6,0,6,2,0,1,0,1,6,5,1
77,charged_lepton_G4,,-1,-1,66,3,8,3,5,1,-1,-1,torsion,STAY,9,0,9,3,0,1,0,0,7,5,1
77,charged_lepton_G4,,-1,-1,67,4,8,3,5,1,-1,-1,sum,W,6,0,6,2,0,1,0,0,6,5,9
77,charged_lepton_G4,,-1,-1,68,5,8,3,5,9,-1,-1,product,N,45,4,9,3,0,1,0,0,6,4,9
77,charged_lepton_G4,,-1,-1,69,6,8,3,4,9,-1,-1,torsion,STAY,9,0,9,3,0,1,0,0,6,4,9
77,charged_lepton_G4,,-1,-1,70,7,8,3,4,9,-1,-1,sum,W,13,1,4,1,1,1,0,0,6,4,8
77,charged_lepton_G4,,-1,-1,71,8,8,3,4,8,-1,-1,product,N,32,3,5,1,2,1,0,0,6,3,8
77,charged_lepton_G4,,-1,-1,72,9,8,3,3,8,-1,-1,torsion,STAY,9,0,9,3,0,1,0,0,6,3,8
77,charged_lepton_G4,,-1,-1,73,1,9,3,3,8,-1,-1,sum,W,11,1,2,0,2,1,0,0,6,3,7
77,charged_lepton_G4,,-1,-1,74,2,9,3,3,7,-1,-1,product,N,21,2,3,1,0,1,0,0,6,2,7
77,charged_lepton_G4,,-1,-1,75,3,9,3,2,7,-1,-1,torsion,STAY,9,0,9,3,0,1,0,0,6,2,7
77,charged_lepton_G4,,-1,-1,76,4,9,3,2,7,-1,-1,sum,W,9,0,9,3,0,1,0,0,6,2,6
77,charged_lepton_G4,,-1,-1,77,5,9,3,2,6,-1,-1,product,N,12,1,3,1,0,1,0,0,6,1,6
77,charged_lepton_G4,,-1,-1,78,6,9,3,1,6,-1,-1,torsion,STAY,9,0,9,3,0,1,0,0,6,1,6
77,charged_lepton_G4,,-1,-1,79,7,9,3,1,6,-1,-1,sum,W,7,0,7,2,1,1,0,0,6,1,5
77,charged_lepton_G4,,-1,-1,80,8,9,3,1,5,-1,-1,product,N,5,0,5,1,2,1,0,0,6,9,5
77,charged_lepton_G4,,-1,-1,81,9,9,3,9,5,-1,-1,torsion,STAY,9,0,9,3,0,1,1,0,6,9,5
77,charged_lepton_G4,,-1,-1,82,1,10,4,9,5,1,1,sum,E,14,1,5,1,2,-1,0,0,6,9,6
77,charged_lepton_G4,,-1,-1,83,2,10,4,9,6,1,1,product,S,54,5,9,3,0,-1,0,0,6,1,6
77,charged_lepton_G4,,-1,-1,84,3,10,4,1,6,1,1,torsion,STAY,9,0,9,3,0,-1,0,0,6,1,6
77,charged_lepton_G4,,-1,-1,85,4,10,4,1,6,1,1,sum,E,7,0,7,2,1,-1,0,0,6,1,7
77,charged_lepton_G4,,-1,-1,86,5,10,4,1,7,1,1,product,S,7,0,7,2,1,-1,0,0,6,2,7
77,charged_lepton_G4,,-1,-1,87,6,10,4,2,7,1,1,torsion,STAY,9,0,9,3,0,-1,0,1,6,2,7
77,charged_lepton_G4,,-1,-1,88,7,10,4,2,7,1,1,sum,E,9,0,9,3,0,-1,0,0,7,2,8
77,charged_lepton_G4,,-1,-1,89,8,10,4,2,8,1,1,product,S,16,1,7,2,1,-1,0,0,6,3,8
77,charged_lepton_G4,,-1,-1,90,9,10,4,3,8,1,1,torsion,STAY,9,0,9,3,0,-1,0,0,6,3,8
77,charged_lepton_G4,,-1,-1,91,1,11,4,3,8,1,1,sum,E,11,1,2,0,2,-1,0,0,6,3,9
77,charged_lepton_G4,,-1,-1,92,2,11,4,3,9,1,1,product,S,27,2,9,3,0,-1,0,0,6,4,9
77,charged_lepton_G4,,-1,-1,93,3,11,4,4,9,1,1,torsion,STAY,9,0,9,3,0,-1,0,0,6,4,9
77,charged_lepton_G4,,-1,-1,94,4,11,4,4,9,1,1,sum,E,13,1,4,1,1,-1,0,0,6,4,1
77,charged_lepton_G4,,-1,-1,95,5,11,4,4,1,1,1,product,S,4,0,4,1,1,-1,0,0,6,5,1
77,charged_lepton_G4,,-1,-1,96,6,11,4,5,1,1,1,torsion,STAY,9,0,9,3,0,-1,0,0,6,5,1
77,charged_lepton_G4,,-1,-1,97,7,11,4,5,1,1,1,sum,E,6,0,6,2,0,-1,0,0,6,5,2
77,charged_lepton_G4,,-1,-1,98,8,11,4,5,2,1,1,product,S,10,1,1,0,1,-1,0,0,6,6,2
77,charged_lepton_G4,,-1,-1,99,9,11,4,6,2,1,1,torsion,STAY,9,0,9,3,0,-1,0,0,6,6,2
77,charged_lepton_G4,,-1,-1,100,1,12,4,6,2,1,1,sum,E,8,0,8,2,2,-1,0,0,6,6,3
77,charged_lepton_G4,,-1,-1,101,2,12,4,6,3,1,1,product,S,18,1,9,3,0,-1,0,0,6,7,3
77,charged_lepton_G4,,-1,-1,102,3,12,4,7,3,1,1,torsion,STAY,9,0,9,3,0,-1,0,0,6,7,3
77,charged_lepton_G4,,-1,-1,103,4,12,4,7,3,1,1,sum,E,10,1,1,0,1,-1,0,0,6,7,4
77,charged_lepton_G4,,-1,-1,104,5,12,4,7,4,1,1,product,S,28,3,1,0,1,-1,0,0,6,8,4
77,charged_lepton_G4,,-1,-1,105,6,12,4,8,4,1,1,torsion,STAY,9,0,9,3,0,-1,0,0,6,8,4
77,charged_lepton_G4,,-1,-1,106,7,12,4,8,4,1,1,sum,E,12,1,3,1,0,-1,0,0,6,8,5
77,charged_lepton_G4,,-1,-1,107,8,12,4,8,5,1,1,product,S,40,4,4,1,1,-1,0,0,6,9,5
77,charged_lepton_G4,,-1,-1,108,9,12,4,9,5,1,1,torsion,STAY,9,0,9,3,0,-1,1,0,6,9,5
78,neutrino_G4,,1,-1,1,1,1,1,9,6,1,-1,sum,E,15,1,6,2,0,1,0,0,7,9,7
78,neutrino_G4,,1,-1,2,2,1,1,9,7,1,-1,product,N,63,6,9,3,0,1,0,0,6,8,7
78,neutrino_G4,,1,-1,3,3,1,1,8,7,1,-1,torsion,STAY,9,0,9,3,0,1,0,0,6,8,7
78,neutrino_G4,,1,-1,4,4,1,1,8,7,1,-1,sum,E,15,1,6,2,0,1,0,0,6,8,8
78,neutrino_G4,,1,-1,5,5,1,1,8,8,1,-1,product,N,64,7,1,0,1,1,0,0,6,7,8
78,neutrino_G4,,1,-1,6,6,1,1,7,8,1,-1,torsion,STAY,9,0,9,3,0,1,0,0,6,7,8
78,neutrino_G4,,1,-1,7,7,1,1,7,8,1,-1,sum,E,15,1,6,2,0,1,0,0,6,7,9
78,neutrino_G4,,1,-1,8,8,1,1,7,9,1,-1,product,N,63,6,9,3,0,1,0,0,6,6,9
78,neutrino_G4,,1,-1,9,9,1,1,6,9,1,-1,torsion,STAY,9,0,9,3,0,1,0,0,6,6,9
78,neutrino_G4,,1,-1,10,1,2,1,6,9,1,-1,sum,E,15,1,6,2,0,1,0,0,6,6,1
78,neutrino_G4,,1,-1,11,2,2,1,6,1,1,-1,product,N,6,0,6,2,0,1,0,0,6,5,1
78,neutrino_G4,,1,-1,12,3,2,1,5,1,1,-1,torsion,STAY,9,0,9,3,0,1,0,0,6,5,1
78,neutrino_G4,,1,-1,13,4,2,1,5,1,1,-1,sum,E,6,0,6,2,0,1,0,0,6,5,2
78,neutrino_G4,,1,-1,14,5,2,1,5,2,1,-1,product,N,10,1,1,0,1,1,0,0,6,4,2
78,neutrino_G4,,1,-1,15,6,2,1,4,2,1,-1,torsion,STAY,9,0,9,3,0,1,0,0,6,4,2
78,neutrino_G4,,1,-1,16,7,2,1,4,2,1,-1,sum,E,6,0,6,2,0,1,0,0,6,4,3
78,neutrino_G4,,1,-1,17,8,2,1,4,3,1,-1,product,N,12,1,3,1,0,1,0,0,6,3,3
78,neutrino_G4,,1,-1,18,9,2,1,3,3,1,-1,torsion,STAY,9,0,9,3,0,1,0,0,6,3,3
78,neutrino_G4,,1,-1,19,1,3,1,3,3,1,-1,sum,E,6,0,6,2,0,1,0,0,6,3,4
78,neutrino_G4,,1,-1,20,2,3,1,3,4,1,-1,product,N,12,1,3,1,0,1,0,0,6,2,4
78,neutrino_G4,,1,-1,21,3,3,1,2,4,1,-1,torsion,STAY,9,0,9,3,0,1,0,1,6,2,4
78,neutrino_G4,,1,-1,22,4,3,1,2,4,1,-1,sum,E,6,0,6,2,0,1,0,0,7,2,5
78,neutrino_G4,,1,-1,23,5,3,1,2,5,1,-1,product,N,10,1,1,0,1,1,0,0,6,1,5
78,neutrino_G4,,1,-1,24,6,3,1,1,5,1,-1,torsion,STAY,9,0,9,3,0,1,0,0,6,1,5
78,neutrino_G4,,1,-1,25,7,3,1,1,5,1,-1,sum,E,6,0,6,2,0,1,0,0,6,1,6
78,neutrino_G4,,1,-1,26,8,3,1,1,6,1,-1,product,N,6,0,6,2,0,1,0,0,6,9,6
78,neutrino_G4,,1,-1,27,9,3,1,9,6,1,-1,torsion,STAY,9,0,9,3,0,1,1,0,6,9,6
78,neutrino_G4,,1,-1,28,1,4,2,9,6,-1,1,sum,W,15,1,6,2,0,-1,0,0,6,9,5
78,neutrino_G4,,1,-1,29,2,4,2,9,5,-1,1,product,S,45,4,9,3,0,-1,0,0,6,1,5
78,neutrino_G4,,1,-1,30,3,4,2,1,5,-1,1,torsion,STAY,9,0,9,3,0,-1,0,0,6,1,5
78,neutrino_G4,,1,-1,31,4,4,2,1,5,-1,1,sum,W,6,0,6,2,0,-1,0,0,6,1,4
78,neutrino_G4,,1,-1,32,5,4,2,1,4,-1,1,product,S,4,0,4,1,1,-1,0,0,6,2,4
78,neutrino_G4,,1,-1,33,6,4,2,2,4,-1,1,torsion,STAY,9,0,9,3,0,-1,0,0,6,2,4
78,neutrino_G4,,1,-1,34,7,4,2,2,4,-1,1,sum,W,6,0,6,2,0,-1,0,0,6,2,3
78,neutrino_G4,,1,-1,35,8,4,2,2,3,-1,1,product,S,6,0,6,2,0,-1,0,0,6,3,3
78,neutrino_G4,,1,-1,36,9,4,2,3,3,-1,1,torsion,STAY,9,0,9,3,0,-1,0,0,6,3,3
78,neutrino_G4,,1,-1,37,1,5,2,3,3,-1,1,sum,W,6,0,6,2,0,-1,0,0,6,3,2
78,neutrino_G4,,1,-1,38,2,5,2,3,2,-1,1,product,S,6,0,6,2,0,-1,0,0,6,4,2
78,neutrino_G4,,1,-1,39,3,5,2,4,2,-1,1,torsion,STAY,9,0,9,3,0,-1,0,0,6,4,2
78,neutrino_G4,,1,-1,40,4,5,2,4,2,-1,1,sum,W,6,0,6,2,0,-1,0,0,6,4,1
78,neutrino_G4,,1,-1,41,5,5,2,4,1,-1,1,product,S,4,0,4,1,1,-1,0,0,6,5,1
78,neutrino_G4,,1,-1,42,6,5,2,5,1,-1,1,torsion,STAY,9,0,9,3,0,-1,0,0,6,5,1
78,neutrino_G4,,1,-1,43,7,5,2,5,1,-1,1,sum,W,6,0,6,2,0,-1,0,1,6,5,9
78,neutrino_G4,,1,-1,44,8,5,2,5,9,-1,1,product,S,45,4,9,3,0,-1,0,0,7,6,9
78,neutrino_G4,,1,-1,45,9,5,2,6,9,-1,1,torsion,STAY,9,0,9,3,0,-1,0,0,6,6,9
78,neutrino_G4,,1,-1,46,1,6,2,6,9,-1,1,sum,W,15,1,6,2,0,-1,0,0,6,6,8
78,neutrino_G4,,1,-1,47,2,6,2,6,8,-1,1,product,S,48,5,3,1,0,-1,0,0,6,7,8
78,neutrino_G4,,1,-1,48,3,6,2,7,8,-1,1,torsion,STAY,9,0,9,3,0,-1,0,0,6,7,8
78,neutrino_G4,,1,-1,49,4,6,2,7,8,-1,1,sum,W,15,1,6,2,0,-1,0,0,6,7,7
78,neutrino_G4,,1,-1,50,5,6,2,7,7,-1,1,product,S,49,5,4,1,1,-1,0,0,6,8,7
78,neutrino_G4,,1,-1,51,6,6,2,8,7,-1,1,torsion,STAY,9,0,9,3,0,-1,0,0,6,8,7
78,neutrino_G4,,1,-1,52,7,6,2,8,7,-1,1,sum,W,15,1,6,2,0,-1,0,0,6,8,6
78,neutrino_G4,,1,-1,53,8,6,2,8,6,-1,1,product,S,48,5,3,1,0,-1,0,0,6,9,6
78,neutrino_G4,,1,-1,54,9,6,2,9,6,-1,1,torsion,STAY,9,0,9,3,0,-1,1,0,6,9,6
78,neutrino_G4,,1,-1,55,1,7,3,9,6,1,-1,sum,E,15,1,6,2,0,1,0,0,6,9,7
78,neutrino_G4,,1,-1,56,2,7,3,9,7,1,-1,product,N,63,6,9,3,0,1,0,0,6,8,7
78,neutrino_G4,,1,-1,57,3,7,3,8,7,1,-1,torsion,STAY,9,0,9,3,0,1,0,0,6,8,7
78,neutrino_G4,,1,-1,58,4,7,3,8,7,1,-1,sum,E,15,1,6,2,0,1,0,0,6,8,8
78,neutrino_G4,,1,-1,59,5,7,3,8,8,1,-1,product,N,64,7,1,0,1,1,0,0,6,7,8
78,neutrino_G4,,1,-1,60,6,7,3,7,8,1,-1,torsion,STAY,9,0,9,3,0,1,0,0,6,7,8
78,neutrino_G4,,1,-1,61,7,7,3,7,8,1,-1,sum,E,15,1,6,2,0,1,0,0,6,7,9
78,neutrino_G4,,1,-1,62,8,7,3,7,9,1,-1,product,N,63,6,9,3,0,1,0,0,6,6,9
78,neutrino_G4,,1,-1,63,9,7,3,6,9,1,-1,torsion,STAY,9,0,9,3,0,1,0,0,6,6,9
78,neutrino_G4,,1,-1,64,1,8,3,6,9,1,-1,sum,E,15,1,6,2,0,1,0,0,6,6,1
78,neutrino_G4,,1,-1,65,2,8,3,6,1,1,-1,product,N,6,0,6,2,0,1,0,1,6,5,1
78,neutrino_G4,,1,-1,66,3,8,3,5,1,1,-1,torsion,STAY,9,0,9,3,0,1,0,0,7,5,1
78,neutrino_G4,,1,-1,67,4,8,3,5,1,1,-1,sum,E,6,0,6,2,0,1,0,0,6,5,2
78,neutrino_G4,,1,-1,68,5,8,3,5,2,1,-1,product,N,10,1,1,0,1,1,0,0,6,4,2
78,neutrino_G4,,1,-1,69,6,8,3,4,2,1,-1,torsion,STAY,9,0,9,3,0,1,0,0,6,4,2
78,neutrino_G4,,1,-1,70,7,8,3,4,2,1,-1,sum,E,6,0,6,2,0,1,0,0,6,4,3
78,neutrino_G4,,1,-1,71,8,8,3,4,3,1,-1,product,N,12,1,3,1,0,1,0,0,6,3,3
78,neutrino_G4,,1,-1,72,9,8,3,3,3,1,-1,torsion,STAY,9,0,9,3,0,1,0,0,6,3,3
78,neutrino_G4,,1,-1,73,1,9,3,3,3,1,-1,sum,E,6,0,6,2,0,1,0,0,6,3,4
78,neutrino_G4,,1,-1,74,2,9,3,3,4,1,-1,product,N,12,1,3,1,0,1,0,0,6,2,4
78,neutrino_G4,,1,-1,75,3,9,3,2,4,1,-1,torsion,STAY,9,0,9,3,0,1,0,0,6,2,4
78,neutrino_G4,,1,-1,76,4,9,3,2,4,1,-1,sum,E,6,0,6,2,0,1,0,0,6,2,5
78,neutrino_G4,,1,-1,77,5,9,3,2,5,1,-1,product,N,10,1,1,0,1,1,0,0,6,1,5
78,neutrino_G4,,1,-1,78,6,9,3,1,5,1,-1,torsion,STAY,9,0,9,3,0,1,0,0,6,1,5
78,neutrino_G4,,1,-1,79,7,9,3,1,5,1,-1,sum,E,6,0,6,2,0,1,0,0,6,1,6
78,neutrino_G4,,1,-1,80,8,9,3,1,6,1,-1,product,N,6,0,6,2,0,1,0,0,6,9,6
78,neutrino_G4,,1,-1,81,9,9,3,9,6,1,-1,torsion,STAY,9,0,9,3,0,1,1,0,6,9,6
78,neutrino_G4,,1,-1,82,1,10,4,9,6,-1,1,sum,W,15,1,6,2,0,-1,0,0,6,9,5
78,neutrino_G4,,1,-1,83,2,10,4,9,5,-1,1,product,S,45,4,9,3,0,-1,0,0,6,1,5
78,neutrino_G4,,1,-1,84,3,10,4,1,5,-1,1,torsion,STAY,9,0,9,3,0,-1,0,0,6,1,5
78,neutrino_G4,,1,-1,85,4,10,4,1,5,-1,1,sum,W,6,0,6,2,0,-1,0,0,6,1,4
78,neutrino_G4,,1,-1,86,5,10,4,1,4,-1,1,product,S,4,0,4,1,1,-1,0,0,6,2,4
78,neutrino_G4,,1,-1,87,6,10,4,2,4,-1,1,torsion,STAY,9,0,9,3,0,-1,0,1,6,2,4
78,neutrino_G4,,1,-1,88,7,10,4,2,4,-1,1,sum,W,6,0,6,2,0,-1,0,0,7,2,3
78,neutrino_G4,,1,-1,89,8,10,4,2,3,-1,1,product,S,6,0,6,2,0,-1,0,0,6,3,3
78,neutrino_G4,,1,-1,90,9,10,4,3,3,-1,1,torsion,STAY,9,0,9,3,0,-1,0,0,6,3,3
78,neutrino_G4,,1,-1,91,1,11,4,3,3,-1,1,sum,W,6,0,6,2,0,-1,0,0,6,3,2
78,neutrino_G4,,1,-1,92,2,11,4,3,2,-1,1,product,S,6,0,6,2,0,-1,0,0,6,4,2
78,neutrino_G4,,1,-1,93,3,11,4,4,2,-1,1,torsion,STAY,9,0,9,3,0,-1,0,0,6,4,2
78,neutrino_G4,,1,-1,94,4,11,4,4,2,-1,1,sum,W,6,0,6,2,0,-1,0,0,6,4,1
78,neutrino_G4,,1,-1,95,5,11,4,4,1,-1,1,product,S,4,0,4,1,1,-1,0,0,6,5,1
78,neutrino_G4,,1,-1,96,6,11,4,5,1,-1,1,torsion,STAY,9,0,9,3,0,-1,0,0,6,5,1
78,neutrino_G4,,1,-1,97,7,11,4,5,1,-1,1,sum,W,6,0,6,2,0,-1,0,0,6,5,9
78,neutrino_G4,,1,-1,98,8,11,4,5,9,-1,1,product,S,45,4,9,3,0,-1,0,0,6,6,9
78,neutrino_G4,,1,-1,99,9,11,4,6,9,-1,1,torsion,STAY,9,0,9,3,0,-1,0,0,6,6,9
78,neutrino_G4,,1,-1,100,1,12,4,6,9,-1,1,sum,W,15,1,6,2,0,-1,0,0,6,6,8
78,neutrino_G4,,1,-1,101,2,12,4,6,8,-1,1,product,S,48,5,3,1,0,-1,0,0,6,7,8
78,neutrino_G4,,1,-1,102,3,12,4,7,8,-1,1,torsion,STAY,9,0,9,3,0,-1,0,0,6,7,8
78,neutrino_G4,,1,-1,103,4,12,4,7,8,-1,1,sum,W,15,1,6,2,0,-1,0,0,6,7,7
78,neutrino_G4,,1,-1,104,5,12,4,7,7,-1,1,product,S,49,5,4,1,1,-1,0,0,6,8,7
78,neutrino_G4,,1,-1,105,6,12,4,8,7,-1,1,torsion,STAY,9,0,9,3,0,-1,0,0,6,8,7
78,neutrino_G4,,1,-1,106,7,12,4,8,7,-1,1,sum,W,15,1,6,2,0,-1,0,0,6,8,6
78,neutrino_G4,,1,-1,107,8,12,4,8,6,-1,1,product,S,48,5,3,1,0,-1,0,0,6,9,6
78,neutrino_G4,,1,-1,108,9,12,4,9,6,-1,1,torsion,STAY,9,0,9,3,0,-1,1,0,6,9,6
79,charged_lepton_G4,,-1,-1,1,1,1,1,9,7,-1,-1,sum,W,16,1,7,2,1,1,0,0,7,9,6
79,charged_lepton_G4,,-1,-1,2,2,1,1,9,6,-1,-1,product,N,54,5,9,3,0,1,0,0,6,8,6
79,charged_lepton_G4,,-1,-1,3,3,1,1,8,6,-1,-1,torsion,STAY,9,0,9,3,0,1,0,0,6,8,6
79,charged_lepton_G4,,-1,-1,4,4,1,1,8,6,-1,-1,sum,W,14,1,5,1,2,1,0,0,6,8,5
79,charged_lepton_G4,,-1,-1,5,5,1,1,8,5,-1,-1,product,N,40,4,4,1,1,1,0,0,6,7,5
79,charged_lepton_G4,,-1,-1,6,6,1,1,7,5,-1,-1,torsion,STAY,9,0,9,3,0,1,0,0,6,7,5
79,charged_lepton_G4,,-1,-1,7,7,1,1,7,5,-1,-1,sum,W,12,1,3,1,0,1,0,0,6,7,4
79,charged_lepton_G4,,-1,-1,8,8,1,1,7,4,-1,-1,product,N,28,3,1,0,1,1,0,0,6,6,4
79,charged_lepton_G4,,-1,-1,9,9,1,1,6,4,-1,-1,torsion,STAY,9,0,9,3,0,1,0,0,6,6,4
79,charged_lepton_G4,,-1,-1,10,1,2,1,6,4,-1,-1,sum,W,10,1,1,0,1,1,0,0,6,6,3
79,charged_lepton_G4,,-1,-1,11,2,2,1,6,3,-1,-1,product,N,18,1,9,3,0,1,0,0,6,5,3
79,charged_lepton_G4,,-1,-1,12,3,2,1,5,3,-1,-1,torsion,STAY,9,0,9,3,0,1,0,0,6,5,3
79,charged_lepton_G4,,-1,-1,13,4,2,1,5,3,-1,-1,sum,W,8,0,8,2,2,1,0,0,6,5,2
79,charged_lepton_G4,,-1,-1,14,5,2,1,5,2,-1,-1,product,N,10,1,1,0,1,1,0,0,6,4,2
79,charged_lepton_G4,,-1,-1,15,6,2,1,4,2,-1,-1,torsion,STAY,9,0,9,3,0,1,0,0,6,4,2
79,charged_lepton_G4,,-1,-1,16,7,2,1,4,2,-1,-1,sum,W,6,0,6,2,0,1,0,0,6,4,1
79,charged_lepton_G4,,-1,-1,17,8,2,1,4,1,-1,-1,product,N,4,0,4,1,1,1,0,0,6,3,1
79,charged_lepton_G4,,-1,-1,18,9,2,1,3,1,-1,-1,torsion,STAY,9,0,9,3,0,1,0,0,6,3,1
79,charged_lepton_G4,,-1,-1,19,1,3,1,3,1,-1,-1,sum,W,4,0,4,1,1,1,0,0,6,3,9
79,charged_lepton_G4,,-1,-1,20,2,3,1,3,9,-1,-1,product,N,27,2,9,3,0,1,0,0,6,2,9
79,charged_lepton_G4,,-1,-1,21,3,3,1,2,9,-1,-1,torsion,STAY,9,0,9,3,0,1,0,1,6,2,9
79,charged_lepton_G4,,-1,-1,22,4,3,1,2,9,-1,-1,sum,W,11,1,2,0,2,1,0,0,7,2,8
79,charged_lepton_G4,,-1,-1,23,5,3,1,2,8,-1,-1,product,N,16,1,7,2,1,1,0,0,6,1,8
79,charged_lepton_G4,,-1,-1,24,6,3,1,1,8,-1,-1,torsion,STAY,9,0,9,3,0,1,0,0,6,1,8
79,charged_lepton_G4,,-1,-1,25,7,3,1,1,8,-1,-1,sum,W,9,0,9,3,0,1,0,0,6,1,7
79,charged_lepton_G4,,-1,-1,26,8,3,1,1,7,-1,-1,product,N,7,0,7,2,1,1,0,0,6,9,7
79,charged_lepton_G4,,-1,-1,27,9,3,1,9,7,-1,-1,torsion,STAY,9,0,9,3,0,1,1,0,6,9,7
79,charged_lepton_G4,,-1,-1,28,1,4,2,9,7,1,1,sum,E,16,1,7,2,1,-1,0,0,6,9,8
79,charged_lepton_G4,,-1,-1,29,2,4,2,9,8,1,1,product,S,72,7,9,3,0,-1,0,0,6,1,8
79,charged_lepton_G4,,-1,-1,30,3,4,2,1,8,1,1,torsion,STAY,9,0,9,3,0,-1,0,0,6,1,8
79,charged_lepton_G4,,-1,-1,31,4,4,2,1,8,1,1,sum,E,9,0,9,3,0,-1,0,0,6,1,9
79,charged_lepton_G4,,-1,-1,32,5,4,2,1,9,1,1,product,S,9,0,9,3,0,-1,0,0,6,2,9
79,charged_lepton_G4,,-1,-1,33,6,4,2,2,9,1,1,torsion,STAY,9,0,9,3,0,-1,0,0,6,2,9
79,charged_lepton_G4,,-1,-1,34,7,4,2,2,9,1,1,sum,E,11,1,2,0,2,-1,0,0,6,2,1
79,charged_lepton_G4,,-1,-1,35,8,4,2,2,1,1,1,product,S,2,0,2,0,2,-1,0,0,6,3,1
79,charged_lepton_G4,,-1,-1,36,9,4,2,3,1,1,1,torsion,STAY,9,0,9,3,0,-1,0,0,6,3,1
79,charged_lepton_G4,,-1,-1,37,1,5,2,3,1,1,1,sum,E,4,0,4,1,1,-1,0,0,6,3,2
79,charged_lepton_G4,,-1,-1,38,2,5,2,3,2,1,1,product,S,6,0,6,2,0,-1,0,0,6,4,2
79,charged_lepton_G4,,-1,-1,39,3,5,2,4,2,1,1,torsion,STAY,9,0,9,3,0,-1,0,0,6,4,2
79,charged_lepton_G4,,-1,-1,40,4,5,2,4,2,1,1,sum,E,6,0,6,2,0,-1,0,0,6,4,3
79,charged_lepton_G4,,-1,-1,41,5,5,2,4,3,1,1,product,S,12,1,3,1,0,-1,0,0,6,5,3
79,charged_lepton_G4,,-1,-1,42,6,5,2,5,3,1,1,torsion,STAY,9,0,9,3,0,-1,0,0,6,5,3
79,charged_lepton_G4,,-1,-1,43,7,5,2,5,3,1,1,sum,E,8,0,8,2,2,-1,0,1,6,5,4
79,charged_lepton_G4,,-1,-1,44,8,5,2,5,4,1,1,product,S,20,2,2,0,2,-1,0,0,7,6,4
79,charged_lepton_G4,,-1,-1,45,9,5,2,6,4,1,1,torsion,STAY,9,0,9,3,0,-1,0,0,6,6,4
79,charged_lepton_G4,,-1,-1,46,1,6,2,6,4,1,1,sum,E,10,1,1,0,1,-1,0,0,6,6,5
79,charged_lepton_G4,,-1,-1,47,2,6,2,6,5,1,1,product,S,30,3,3,1,0,-1,0,0,6,7,5
79,charged_lepton_G4,,-1,-1,48,3,6,2,7,5,1,1,torsion,STAY,9,0,9,3,0,-1,0,0,6,7,5
79,charged_lepton_G4,,-1,-1,49,4,6,2,7,5,1,1,sum,E,12,1,3,1,0,-1,0,0,6,7,6
79,charged_lepton_G4,,-1,-1,50,5,6,2,7,6,1,1,product,S,42,4,6,2,0,-1,0,0,6,8,6
79,charged_lepton_G4,,-1,-1,51,6,6,2,8,6,1,1,torsion,STAY,9,0,9,3,0,-1,0,0,6,8,6
79,charged_lepton_G4,,-1,-1,52,7,6,2,8,6,1,1,sum,E,14,1,5,1,2,-1,0,0,6,8,7
79,charged_lepton_G4,,-1,-1,53,8,6,2,8,7,1,1,product,S,56,6,2,0,2,-1,0,0,6,9,7
79,charged_lepton_G4,,-1,-1,54,9,6,2,9,7,1,1,torsion,STAY,9,0,9,3,0,-1,1,0,6,9,7
79,charged_lepton_G4,,-1,-1,55,1,7,3,9,7,-1,-1,sum,W,16,1,7,2,1,1,0,0,6,9,6
79,charged_lepton_G4,,-1,-1,56,2,7,3,9,6,-1,-1,product,N,54,5,9,3,0,1,0,0,6,8,6
79,charged_lepton_G4,,-1,-1,57,3,7,3,8,6,-1,-1,torsion,STAY,9,0,9,3,0,1,0,0,6,8,6
79,charged_lepton_G4,,-1,-1,58,4,7,3,8,6,-1,-1,sum,W,14,1,5,1,2,1,0,0,6,8,5
79,charged_lepton_G4,,-1,-1,59,5,7,3,8,5,-1,-1,product,N,40,4,4,1,1,1,0,0,6,7,5
79,charged_lepton_G4,,-1,-1,60,6,7,3,7,5,-1,-1,torsion,STAY,9,0,9,3,0,1,0,0,6,7,5
79,charged_lepton_G4,,-1,-1,61,7,7,3,7,5,-1,-1,sum,W,12,1,3,1,0,1,0,0,6,7,4
79,charged_lepton_G4,,-1,-1,62,8,7,3,7,4,-1,-1,product,N,28,3,1,0,1,1,0,0,6,6,4
79,charged_lepton_G4,,-1,-1,63,9,7,3,6,4,-1,-1,torsion,STAY,9,0,9,3,0,1,0,0,6,6,4
79,charged_lepton_G4,,-1,-1,64,1,8,3,6,4,-1,-1,sum,W,10,1,1,0,1,1,0,0,6,6,3
79,charged_lepton_G4,,-1,-1,65,2,8,3,6,3,-1,-1,product,N,18,1,9,3,0,1,0,1,6,5,3
79,charged_lepton_G4,,-1,-1,66,3,8,3,5,3,-1,-1,torsion,STAY,9,0,9,3,0,1,0,0,7,5,3
79,charged_lepton_G4,,-1,-1,67,4,8,3,5,3,-1,-1,sum,W,8,0,8,2,2,1,0,0,6,5,2
79,charged_lepton_G4,,-1,-1,68,5,8,3,5,2,-1,-1,product,N,10,1,1,0,1,1,0,0,6,4,2
79,charged_lepton_G4,,-1,-1,69,6,8,3,4,2,-1,-1,torsion,STAY,9,0,9,3,0,1,0,0,6,4,2
79,charged_lepton_G4,,-1,-1,70,7,8,3,4,2,-1,-1,sum,W,6,0,6,2,0,1,0,0,6,4,1
79,charged_lepton_G4,,-1,-1,71,8,8,3,4,1,-1,-1,product,N,4,0,4,1,1,1,0,0,6,3,1
79,charged_lepton_G4,,-1,-1,72,9,8,3,3,1,-1,-1,torsion,STAY,9,0,9,3,0,1,0,0,6,3,1
79,charged_lepton_G4,,-1,-1,73,1,9,3,3,1,-1,-1,sum,W,4,0,4,1,1,1,0,0,6,3,9
79,charged_lepton_G4,,-1,-1,74,2,9,3,3,9,-1,-1,product,N,27,2,9,3,0,1,0,0,6,2,9
79,charged_lepton_G4,,-1,-1,75,3,9,3,2,9,-1,-1,torsion,STAY,9,0,9,3,0,1,0,0,6,2,9
79,charged_lepton_G4,,-1,-1,76,4,9,3,2,9,-1,-1,sum,W,11,1,2,0,2,1,0,0,6,2,8
79,charged_lepton_G4,,-1,-1,77,5,9,3,2,8,-1,-1,product,N,16,1,7,2,1,1,0,0,6,1,8
79,charged_lepton_G4,,-1,-1,78,6,9,3,1,8,-1,-1,torsion,STAY,9,0,9,3,0,1,0,0,6,1,8
79,charged_lepton_G4,,-1,-1,79,7,9,3,1,8,-1,-1,sum,W,9,0,9,3,0,1,0,0,6,1,7
79,charged_lepton_G4,,-1,-1,80,8,9,3,1,7,-1,-1,product,N,7,0,7,2,1,1,0,0,6,9,7
79,charged_lepton_G4,,-1,-1,81,9,9,3,9,7,-1,-1,torsion,STAY,9,0,9,3,0,1,1,0,6,9,7
79,charged_lepton_G4,,-1,-1,82,1,10,4,9,7,1,1,sum,E,16,1,7,2,1,-1,0,0,6,9,8
79,charged_lepton_G4,,-1,-1,83,2,10,4,9,8,1,1,product,S,72,7,9,3,0,-1,0,0,6,1,8
79,charged_lepton_G4,,-1,-1,84,3,10,4,1,8,1,1,torsion,STAY,9,0,9,3,0,-1,0,0,6,1,8
79,charged_lepton_G4,,-1,-1,85,4,10,4,1,8,1,1,sum,E,9,0,9,3,0,-1,0,0,6,1,9
79,charged_lepton_G4,,-1,-1,86,5,10,4,1,9,1,1,product,S,9,0,9,3,0,-1,0,0,6,2,9
79,charged_lepton_G4,,-1,-1,87,6,10,4,2,9,1,1,torsion,STAY,9,0,9,3,0,-1,0,1,6,2,9
79,charged_lepton_G4,,-1,-1,88,7,10,4,2,9,1,1,sum,E,11,1,2,0,2,-1,0,0,7,2,1
79,charged_lepton_G4,,-1,-1,89,8,10,4,2,1,1,1,product,S,2,0,2,0,2,-1,0,0,6,3,1
79,charged_lepton_G4,,-1,-1,90,9,10,4,3,1,1,1,torsion,STAY,9,0,9,3,0,-1,0,0,6,3,1
79,charged_lepton_G4,,-1,-1,91,1,11,4,3,1,1,1,sum,E,4,0,4,1,1,-1,0,0,6,3,2
79,charged_lepton_G4,,-1,-1,92,2,11,4,3,2,1,1,product,S,6,0,6,2,0,-1,0,0,6,4,2
79,charged_lepton_G4,,-1,-1,93,3,11,4,4,2,1,1,torsion,STAY,9,0,9,3,0,-1,0,0,6,4,2
79,charged_lepton_G4,,-1,-1,94,4,11,4,4,2,1,1,sum,E,6,0,6,2,0,-1,0,0,6,4,3
79,charged_lepton_G4,,-1,-1,95,5,11,4,4,3,1,1,product,S,12,1,3,1,0,-1,0,0,6,5,3
79,charged_lepton_G4,,-1,-1,96,6,11,4,5,3,1,1,torsion,STAY,9,0,9,3,0,-1,0,0,6,5,3
79,charged_lepton_G4,,-1,-1,97,7,11,4,5,3,1,1,sum,E,8,0,8,2,2,-1,0,0,6,5,4
79,charged_lepton_G4,,-1,-1,98,8,11,4,5,4,1,1,product,S,20,2,2,0,2,-1,0,0,6,6,4
79,charged_lepton_G4,,-1,-1,99,9,11,4,6,4,1,1,torsion,STAY,9,0,9,3,0,-1,0,0,6,6,4
79,charged_lepton_G4,,-1,-1,100,1,12,4,6,4,1,1,sum,E,10,1,1,0,1,-1,0,0,6,6,5
79,charged_lepton_G4,,-1,-1,101,2,12,4,6,5,1,1,product,S,30,3,3,1,0,-1,0,0,6,7,5
79,charged_lepton_G4,,-1,-1,102,3,12,4,7,5,1,1,torsion,STAY,9,0,9,3,0,-1,0,0,6,7,5
79,charged_lepton_G4,,-1,-1,103,4,12,4,7,5,1,1,sum,E,12,1,3,1,0,-1,0,0,6,7,6
79,charged_lepton_G4,,-1,-1,104,5,12,4,7,6,1,1,product,S,42,4,6,2,0,-1,0,0,6,8,6
79,charged_lepton_G4,,-1,-1,105,6,12,4,8,6,1,1,torsion,STAY,9,0,9,3,0,-1,0,0,6,8,6
79,charged_lepton_G4,,-1,-1,106,7,12,4,8,6,1,1,sum,E,14,1,5,1,2,-1,0,0,6,8,7
79,charged_lepton_G4,,-1,-1,107,8,12,4,8,7,1,1,product,S,56,6,2,0,2,-1,0,0,6,9,7
79,charged_lepton_G4,,-1,-1,108,9,12,4,9,7,1,1,torsion,STAY,9,0,9,3,0,-1,1,0,6,9,7
80,neutrino_G4,,-1,1,1,1,1,1,9,8,-1,1,sum,W,17,1,8,2,2,1,0,0,7,9,7
80,neutrino_G4,,-1,1,2,2,1,1,9,7,-1,1,product,S,63,6,9,3,0,1,0,0,6,1,7
80,neutrino_G4,,-1,1,3,3,1,1,1,7,-1,1,torsion,STAY,9,0,9,3,0,1,0,0,6,1,7
80,neutrino_G4,,-1,1,4,4,1,1,1,7,-1,1,sum,W,8,0,8,2,2,1,0,0,6,1,6
80,neutrino_G4,,-1,1,5,5,1,1,1,6,-1,1,product,S,6,0,6,2,0,1,0,0,6,2,6
80,neutrino_G4,,-1,1,6,6,1,1,2,6,-1,1,torsion,STAY,9,0,9,3,0,1,0,0,6,2,6
80,neutrino_G4,,-1,1,7,7,1,1,2,6,-1,1,sum,W,8,0,8,2,2,1,0,0,6,2,5
80,neutrino_G4,,-1,1,8,8,1,1,2,5,-1,1,product,S,10,1,1,0,1,1,0,0,6,3,5
80,neutrino_G4,,-1,1,9,9,1,1,3,5,-1,1,torsion,STAY,9,0,9,3,0,1,0,0,6,3,5
80,neutrino_G4,,-1,1,10,1,2,1,3,5,-1,1,sum,W,8,0,8,2,2,1,0,0,6,3,4
80,neutrino_G4,,-1,1,11,2,2,1,3,4,-1,1,product,S,12,1,3,1,0,1,0,0,6,4,4
80,neutrino_G4,,-1,1,12,3,2,1,4,4,-1,1,torsion,STAY,9,0,9,3,0,1,0,0,6,4,4
80,neutrino_G4,,-1,1,13,4,2,1,4,4,-1,1,sum,W,8,0,8,2,2,1,0,0,6,4,3
80,neutrino_G4,,-1,1,14,5,2,1,4,3,-1,1,product,S,12,1,3,1,0,1,0,0,6,5,3
80,neutrino_G4,,-1,1,15,6,2,1,5,3,-1,1,torsion,STAY,9,0,9,3,0,1,0,0,6,5,3
80,neutrino_G4,,-1,1,16,7,2,1,5,3,-1,1,sum,W,8,0,8,2,2,1,0,0,6,5,2
80,neutrino_G4,,-1,1,17,8,2,1,5,2,-1,1,product,S,10,1,1,0,1,1,0,0,6,6,2
80,neutrino_G4,,-1,1,18,9,2,1,6,2,-1,1,torsion,STAY,9,0,9,3,0,1,0,0,6,6,2
80,neutrino_G4,,-1,1,19,1,3,1,6,2,-1,1,sum,W,8,0,8,2,2,1,0,0,6,6,1
80,neutrino_G4,,-1,1,20,2,3,1,6,1,-1,1,product,S,6,0,6,2,0,1,0,0,6,7,1
80,neutrino_G4,,-1,1,21,3,3,1,7,1,-1,1,torsion,STAY,9,0,9,3,0,1,0,1,6,7,1
80,neutrino_G4,,-1,1,22,4,3,1,7,1,-1,1,sum,W,8,0,8,2,2,1,0,0,7,7,9
80,neutrino_G4,,-1,1,23,5,3,1,7,9,-1,1,product,S,63,6,9,3,0,1,0,0,6,8,9
80,neutrino_G4,,-1,1,24,6,3,1,8,9,-1,1,torsion,STAY,9,0,9,3,0,1,0,0,6,8,9
80,neutrino_G4,,-1,1,25,7,3,1,8,9,-1,1,sum,W,17,1,8,2,2,1,0,0,6,8,8
80,neutrino_G4,,-1,1,26,8,3,1,8,8,-1,1,product,S,64,7,1,0,1,1,0,0,6,9,8
80,neutrino_G4,,-1,1,27,9,3,1,9,8,-1,1,torsion,STAY,9,0,9,3,0,1,1,0,6,9,8
80,neutrino_G4,,-1,1,28,1,4,2,9,8,1,-1,sum,E,17,1,8,2,2,-1,0,0,6,9,9
80,neutrino_G4,,-1,1,29,2,4,2,9,9,1,-1,product,N,81,8,9,3,0,-1,0,0,6,8,9
80,neutrino_G4,,-1,1,30,3,4,2,8,9,1,-1,torsion,STAY,9,0,9,3,0,-1,0,0,6,8,9
80,neutrino_G4,,-1,1,31,4,4,2,8,9,1,-1,sum,E,17,1,8,2,2,-1,0,0,6,8,1
80,neutrino_G4,,-1,1,32,5,4,2,8,1,1,-1,product,N,8,0,8,2,2,-1,0,0,6,7,1
80,neutrino_G4,,-1,1,33,6,4,2,7,1,1,-1,torsion,STAY,9,0,9,3,0,-1,0,0,6,7,1
80,neutrino_G4,,-1,1,34,7,4,2,7,1,1,-1,sum,E,8,0,8,2,2,-1,0,0,6,7,2
80,neutrino_G4,,-1,1,35,8,4,2,7,2,1,-1,product,N,14,1,5,1,2,-1,0,0,6,6,2
80,neutrino_G4,,-1,1,36,9,4,2,6,2,1,-1,torsion,STAY,9,0,9,3,0,-1,0,0,6,6,2
80,neutrino_G4,,-1,1,37,1,5,2,6,2,1,-1,sum,E,8,0,8,2,2,-1,0,0,6,6,3
80,neutrino_G4,,-1,1,38,2,5,2,6,3,1,-1,product,N,18,1,9,3,0,-1,0,0,6,5,3
80,neutrino_G4,,-1,1,39,3,5,2,5,3,1,-1,torsion,STAY,9,0,9,3,0,-1,0,0,6,5,3
80,neutrino_G4,,-1,1,40,4,5,2,5,3,1,-1,sum,E,8,0,8,2,2,-1,0,0,6,5,4
80,neutrino_G4,,-1,1,41,5,5,2,5,4,1,-1,product,N,20,2,2,0,2,-1,0,0,6,4,4
80,neutrino_G4,,-1,1,42,6,5,2,4,4,1,-1,torsion,STAY,9,0,9,3,0,-1,0,0,6,4,4
80,neutrino_G4,,-1,1,43,7,5,2,4,4,1,-1,sum,E,8,0,8,2,2,-1,0,1,6,4,5
80,neutrino_G4,,-1,1,44,8,5,2,4,5,1,-1,product,N,20,2,2,0,2,-1,0,0,7,3,5
80,neutrino_G4,,-1,1,45,9,5,2,3,5,1,-1,torsion,STAY,9,0,9,3,0,-1,0,0,6,3,5
80,neutrino_G4,,-1,1,46,1,6,2,3,5,1,-1,sum,E,8,0,8,2,2,-1,0,0,6,3,6
80,neutrino_G4,,-1,1,47,2,6,2,3,6,1,-1,product,N,18,1,9,3,0,-1,0,0,6,2,6
80,neutrino_G4,,-1,1,48,3,6,2,2,6,1,-1,torsion,STAY,9,0,9,3,0,-1,0,0,6,2,6
80,neutrino_G4,,-1,1,49,4,6,2,2,6,1,-1,sum,E,8,0,8,2,2,-1,0,0,6,2,7
80,neutrino_G4,,-1,1,50,5,6,2,2,7,1,-1,product,N,14,1,5,1,2,-1,0,0,6,1,7
80,neutrino_G4,,-1,1,51,6,6,2,1,7,1,-1,torsion,STAY,9,0,9,3,0,-1,0,0,6,1,7
80,neutrino_G4,,-1,1,52,7,6,2,1,7,1,-1,sum,E,8,0,8,2,2,-1,0,0,6,1,8
80,neutrino_G4,,-1,1,53,8,6,2,1,8,1,-1,product,N,8,0,8,2,2,-1,0,0,6,9,8
80,neutrino_G4,,-1,1,54,9,6,2,9,8,1,-1,torsion,STAY,9,0,9,3,0,-1,1,0,6,9,8
80,neutrino_G4,,-1,1,55,1,7,3,9,8,-1,1,sum,W,17,1,8,2,2,1,0,0,6,9,7
80,neutrino_G4,,-1,1,56,2,7,3,9,7,-1,1,product,S,63,6,9,3,0,1,0,0,6,1,7
80,neutrino_G4,,-1,1,57,3,7,3,1,7,-1,1,torsion,STAY,9,0,9,3,0,1,0,0,6,1,7
80,neutrino_G4,,-1,1,58,4,7,3,1,7,-1,1,sum,W,8,0,8,2,2,1,0,0,6,1,6
80,neutrino_G4,,-1,1,59,5,7,3,1,6,-1,1,product,S,6,0,6,2,0,1,0,0,6,2,6
80,neutrino_G4,,-1,1,60,6,7,3,2,6,-1,1,torsion,STAY,9,0,9,3,0,1,0,0,6,2,6
80,neutrino_G4,,-1,1,61,7,7,3,2,6,-1,1,sum,W,8,0,8,2,2,1,0,0,6,2,5
80,neutrino_G4,,-1,1,62,8,7,3,2,5,-1,1,product,S,10,1,1,0,1,1,0,0,6,3,5
80,neutrino_G4,,-1,1,63,9,7,3,3,5,-1,1,torsion,STAY,9,0,9,3,0,1,0,0,6,3,5
80,neutrino_G4,,-1,1,64,1,8,3,3,5,-1,1,sum,W,8,0,8,2,2,1,0,0,6,3,4
80,neutrino_G4,,-1,1,65,2,8,3,3,4,-1,1,product,S,12,1,3,1,0,1,0,1,6,4,4
80,neutrino_G4,,-1,1,66,3,8,3,4,4,-1,1,torsion,STAY,9,0,9,3,0,1,0,0,7,4,4
80,neutrino_G4,,-1,1,67,4,8,3,4,4,-1,1,sum,W,8,0,8,2,2,1,0,0,6,4,3
80,neutrino_G4,,-1,1,68,5,8,3,4,3,-1,1,product,S,12,1,3,1,0,1,0,0,6,5,3
80,neutrino_G4,,-1,1,69,6,8,3,5,3,-1,1,torsion,STAY,9,0,9,3,0,1,0,0,6,5,3
80,neutrino_G4,,-1,1,70,7,8,3,5,3,-1,1,sum,W,8,0,8,2,2,1,0,0,6,5,2
80,neutrino_G4,,-1,1,71,8,8,3,5,2,-1,1,product,S,10,1,1,0,1,1,0,0,6,6,2
80,neutrino_G4,,-1,1,72,9,8,3,6,2,-1,1,torsion,STAY,9,0,9,3,0,1,0,0,6,6,2
80,neutrino_G4,,-1,1,73,1,9,3,6,2,-1,1,sum,W,8,0,8,2,2,1,0,0,6,6,1
80,neutrino_G4,,-1,1,74,2,9,3,6,1,-1,1,product,S,6,0,6,2,0,1,0,0,6,7,1
80,neutrino_G4,,-1,1,75,3,9,3,7,1,-1,1,torsion,STAY,9,0,9,3,0,1,0,0,6,7,1
80,neutrino_G4,,-1,1,76,4,9,3,7,1,-1,1,sum,W,8,0,8,2,2,1,0,0,6,7,9
80,neutrino_G4,,-1,1,77,5,9,3,7,9,-1,1,product,S,63,6,9,3,0,1,0,0,6,8,9
80,neutrino_G4,,-1,1,78,6,9,3,8,9,-1,1,torsion,STAY,9,0,9,3,0,1,0,0,6,8,9
80,neutrino_G4,,-1,1,79,7,9,3,8,9,-1,1,sum,W,17,1,8,2,2,1,0,0,6,8,8
80,neutrino_G4,,-1,1,80,8,9,3,8,8,-1,1,product,S,64,7,1,0,1,1,0,0,6,9,8
80,neutrino_G4,,-1,1,81,9,9,3,9,8,-1,1,torsion,STAY,9,0,9,3,0,1,1,0,6,9,8
80,neutrino_G4,,-1,1,82,1,10,4,9,8,1,-1,sum,E,17,1,8,2,2,-1,0,0,6,9,9
80,neutrino_G4,,-1,1,83,2,10,4,9,9,1,-1,product,N,81,8,9,3,0,-1,0,0,6,8,9
80,neutrino_G4,,-1,1,84,3,10,4,8,9,1,-1,torsion,STAY,9,0,9,3,0,-1,0,0,6,8,9
80,neutrino_G4,,-1,1,85,4,10,4,8,9,1,-1,sum,E,17,1,8,2,2,-1,0,0,6,8,1
80,neutrino_G4,,-1,1,86,5,10,4,8,1,1,-1,product,N,8,0,8,2,2,-1,0,0,6,7,1
80,neutrino_G4,,-1,1,87,6,10,4,7,1,1,-1,torsion,STAY,9,0,9,3,0,-1,0,1,6,7,1
80,neutrino_G4,,-1,1,88,7,10,4,7,1,1,-1,sum,E,8,0,8,2,2,-1,0,0,7,7,2
80,neutrino_G4,,-1,1,89,8,10,4,7,2,1,-1,product,N,14,1,5,1,2,-1,0,0,6,6,2
80,neutrino_G4,,-1,1,90,9,10,4,6,2,1,-1,torsion,STAY,9,0,9,3,0,-1,0,0,6,6,2
80,neutrino_G4,,-1,1,91,1,11,4,6,2,1,-1,sum,E,8,0,8,2,2,-1,0,0,6,6,3
80,neutrino_G4,,-1,1,92,2,11,4,6,3,1,-1,product,N,18,1,9,3,0,-1,0,0,6,5,3
80,neutrino_G4,,-1,1,93,3,11,4,5,3,1,-1,torsion,STAY,9,0,9,3,0,-1,0,0,6,5,3
80,neutrino_G4,,-1,1,94,4,11,4,5,3,1,-1,sum,E,8,0,8,2,2,-1,0,0,6,5,4
80,neutrino_G4,,-1,1,95,5,11,4,5,4,1,-1,product,N,20,2,2,0,2,-1,0,0,6,4,4
80,neutrino_G4,,-1,1,96,6,11,4,4,4,1,-1,torsion,STAY,9,0,9,3,0,-1,0,0,6,4,4
80,neutrino_G4,,-1,1,97,7,11,4,4,4,1,-1,sum,E,8,0,8,2,2,-1,0,0,6,4,5
80,neutrino_G4,,-1,1,98,8,11,4,4,5,1,-1,product,N,20,2,2,0,2,-1,0,0,6,3,5
80,neutrino_G4,,-1,1,99,9,11,4,3,5,1,-1,torsion,STAY,9,0,9,3,0,-1,0,0,6,3,5
80,neutrino_G4,,-1,1,100,1,12,4,3,5,1,-1,sum,E,8,0,8,2,2,-1,0,0,6,3,6
80,neutrino_G4,,-1,1,101,2,12,4,3,6,1,-1,product,N,18,1,9,3,0,-1,0,0,6,2,6
80,neutrino_G4,,-1,1,102,3,12,4,2,6,1,-1,torsion,STAY,9,0,9,3,0,-1,0,0,6,2,6
80,neutrino_G4,,-1,1,103,4,12,4,2,6,1,-1,sum,E,8,0,8,2,2,-1,0,0,6,2,7
80,neutrino_G4,,-1,1,104,5,12,4,2,7,1,-1,product,N,14,1,5,1,2,-1,0,0,6,1,7
80,neutrino_G4,,-1,1,105,6,12,4,1,7,1,-1,torsion,STAY,9,0,9,3,0,-1,0,0,6,1,7
80,neutrino_G4,,-1,1,106,7,12,4,1,7,1,-1,sum,E,8,0,8,2,2,-1,0,0,6,1,8
80,neutrino_G4,,-1,1,107,8,12,4,1,8,1,-1,product,N,8,0,8,2,2,-1,0,0,6,9,8
80,neutrino_G4,,-1,1,108,9,12,4,9,8,1,-1,torsion,STAY,9,0,9,3,0,-1,1,0,6,9,8
81,charged_lepton_G4,,-1,1,1,1,1,1,9,9,-1,1,sum,W,18,1,9,3,0,1,0,0,7,9,8
81,charged_lepton_G4,,-1,1,2,2,1,1,9,8,-1,1,product,S,72,7,9,3,0,1,0,0,6,1,8
81,charged_lepton_G4,,-1,1,3,3,1,1,1,8,-1,1,torsion,STAY,9,0,9,3,0,1,0,0,6,1,8
81,charged_lepton_G4,,-1,1,4,4,1,1,1,8,-1,1,sum,W,9,0,9,3,0,1,0,0,6,1,7
81,charged_lepton_G4,,-1,1,5,5,1,1,1,7,-1,1,product,S,7,0,7,2,1,1,0,0,6,2,7
81,charged_lepton_G4,,-1,1,6,6,1,1,2,7,-1,1,torsion,STAY,9,0,9,3,0,1,0,0,6,2,7
81,charged_lepton_G4,,-1,1,7,7,1,1,2,7,-1,1,sum,W,9,0,9,3,0,1,0,0,6,2,6
81,charged_lepton_G4,,-1,1,8,8,1,1,2,6,-1,1,product,S,12,1,3,1,0,1,0,0,6,3,6
81,charged_lepton_G4,,-1,1,9,9,1,1,3,6,-1,1,torsion,STAY,9,0,9,3,0,1,0,0,6,3,6
81,charged_lepton_G4,,-1,1,10,1,2,1,3,6,-1,1,sum,W,9,0,9,3,0,1,0,0,6,3,5
81,charged_lepton_G4,,-1,1,11,2,2,1,3,5,-1,1,product,S,15,1,6,2,0,1,0,0,6,4,5
81,charged_lepton_G4,,-1,1,12,3,2,1,4,5,-1,1,torsion,STAY,9,0,9,3,0,1,0,0,6,4,5
81,charged_lepton_G4,,-1,1,13,4,2,1,4,5,-1,1,sum,W,9,0,9,3,0,1,0,0,6,4,4
81,charged_lepton_G4,,-1,1,14,5,2,1,4,4,-1,1,product,S,16,1,7,2,1,1,0,0,6,5,4
81,charged_lepton_G4,,-1,1,15,6,2,1,5,4,-1,1,torsion,STAY,9,0,9,3,0,1,0,0,6,5,4
81,charged_lepton_G4,,-1,1,16,7,2,1,5,4,-1,1,sum,W,9,0,9,3,0,1,0,0,6,5,3
81,charged_lepton_G4,,-1,1,17,8,2,1,5,3,-1,1,product,S,15,1,6,2,0,1,0,0,6,6,3
81,charged_lepton_G4,,-1,1,18,9,2,1,6,3,-1,1,torsion,STAY,9,0,9,3,0,1,0,0,6,6,3
81,charged_lepton_G4,,-1,1,19,1,3,1,6,3,-1,1,sum,W,9,0,9,3,0,1,0,0,6,6,2
81,charged_lepton_G4,,-1,1,20,2,3,1,6,2,-1,1,product,S,12,1,3,1,0,1,0,0,6,7,2
81,charged_lepton_G4,,-1,1,21,3,3,1,7,2,-1,1,torsion,STAY,9,0,9,3,0,1,0,1,6,7,2
81,charged_lepton_G4,,-1,1,22,4,3,1,7,2,-1,1,sum,W,9,0,9,3,0,1,0,0,7,7,1
81,charged_lepton_G4,,-1,1,23,5,3,1,7,1,-1,1,product,S,7,0,7,2,1,1,0,0,6,8,1
81,charged_lepton_G4,,-1,1,24,6,3,1,8,1,-1,1,torsion,STAY,9,0,9,3,0,1,0,0,6,8,1
81,charged_lepton_G4,,-1,1,25,7,3,1,8,1,-1,1,sum,W,9,0,9,3,0,1,0,0,6,8,9
81,charged_lepton_G4,,-1,1,26,8,3,1,8,9,-1,1,product,S,72,7,9,3,0,1,0,0,6,9,9
81,charged_lepton_G4,,-1,1,27,9,3,1,9,9,-1,1,torsion,STAY,9,0,9,3,0,1,1,0,6,9,9
81,charged_lepton_G4,,-1,1,28,1,4,2,9,9,1,-1,sum,E,18,1,9,3,0,-1,0,0,6,9,1
81,charged_lepton_G4,,-1,1,29,2,4,2,9,1,1,-1,product,N,9,0,9,3,0,-1,0,0,6,8,1
81,charged_lepton_G4,,-1,1,30,3,4,2,8,1,1,-1,torsion,STAY,9,0,9,3,0,-1,0,0,6,8,1
81,charged_lepton_G4,,-1,1,31,4,4,2,8,1,1,-1,sum,E,9,0,9,3,0,-1,0,0,6,8,2
81,charged_lepton_G4,,-1,1,32,5,4,2,8,2,1,-1,product,N,16,1,7,2,1,-1,0,0,6,7,2
81,charged_lepton_G4,,-1,1,33,6,4,2,7,2,1,-1,torsion,STAY,9,0,9,3,0,-1,0,0,6,7,2
81,charged_lepton_G4,,-1,1,34,7,4,2,7,2,1,-1,sum,E,9,0,9,3,0,-1,0,0,6,7,3
81,charged_lepton_G4,,-1,1,35,8,4,2,7,3,1,-1,product,N,21,2,3,1,0,-1,0,0,6,6,3
81,charged_lepton_G4,,-1,1,36,9,4,2,6,3,1,-1,torsion,STAY,9,0,9,3,0,-1,0,0,6,6,3
81,charged_lepton_G4,,-1,1,37,1,5,2,6,3,1,-1,sum,E,9,0,9,3,0,-1,0,0,6,6,4
81,charged_lepton_G4,,-1,1,38,2,5,2,6,4,1,-1,product,N,24,2,6,2,0,-1,0,0,6,5,4
81,charged_lepton_G4,,-1,1,39,3,5,2,5,4,1,-1,torsion,STAY,9,0,9,3,0,-1,0,0,6,5,4
81,charged_lepton_G4,,-1,1,40,4,5,2,5,4,1,-1,sum,E,9,0,9,3,0,-1,0,0,6,5,5
81,charged_lepton_G4,,-1,1,41,5,5,2,5,5,1,-1,product,N,25,2,7,2,1,-1,0,0,6,4,5
81,charged_lepton_G4,,-1,1,42,6,5,2,4,5,1,-1,torsion,STAY,9,0,9,3,0,-1,0,0,6,4,5
81,charged_lepton_G4,,-1,1,43,7,5,2,4,5,1,-1,sum,E,9,0,9,3,0,-1,0,1,6,4,6
81,charged_lepton_G4,,-1,1,44,8,5,2,4,6,1,-1,product,N,24,2,6,2,0,-1,0,0,7,3,6
81,charged_lepton_G4,,-1,1,45,9,5,2,3,6,1,-1,torsion,STAY,9,0,9,3,0,-1,0,0,6,3,6
81,charged_lepton_G4,,-1,1,46,1,6,2,3,6,1,-1,sum,E,9,0,9,3,0,-1,0,0,6,3,7
81,charged_lepton_G4,,-1,1,47,2,6,2,3,7,1,-1,product,N,21,2,3,1,0,-1,0,0,6,2,7
81,charged_lepton_G4,,-1,1,48,3,6,2,2,7,1,-1,torsion,STAY,9,0,9,3,0,-1,0,0,6,2,7
81,charged_lepton_G4,,-1,1,49,4,6,2,2,7,1,-1,sum,E,9,0,9,3,0,-1,0,0,6,2,8
81,charged_lepton_G4,,-1,1,50,5,6,2,2,8,1,-1,product,N,16,1,7,2,1,-1,0,0,6,1,8
81,charged_lepton_G4,,-1,1,51,6,6,2,1,8,1,-1,torsion,STAY,9,0,9,3,0,-1,0,0,6,1,8
81,charged_lepton_G4,,-1,1,52,7,6,2,1,8,1,-1,sum,E,9,0,9,3,0,-1,0,0,6,1,9
81,charged_lepton_G4,,-1,1,53,8,6,2,1,9,1,-1,product,N,9,0,9,3,0,-1,0,0,6,9,9
81,charged_lepton_G4,,-1,1,54,9,6,2,9,9,1,-1,torsion,STAY,9,0,9,3,0,-1,1,0,6,9,9
81,charged_lepton_G4,,-1,1,55,1,7,3,9,9,-1,1,sum,W,18,1,9,3,0,1,0,0,6,9,8
81,charged_lepton_G4,,-1,1,56,2,7,3,9,8,-1,1,product,S,72,7,9,3,0,1,0,0,6,1,8
81,charged_lepton_G4,,-1,1,57,3,7,3,1,8,-1,1,torsion,STAY,9,0,9,3,0,1,0,0,6,1,8
81,charged_lepton_G4,,-1,1,58,4,7,3,1,8,-1,1,sum,W,9,0,9,3,0,1,0,0,6,1,7
81,charged_lepton_G4,,-1,1,59,5,7,3,1,7,-1,1,product,S,7,0,7,2,1,1,0,0,6,2,7
81,charged_lepton_G4,,-1,1,60,6,7,3,2,7,-1,1,torsion,STAY,9,0,9,3,0,1,0,0,6,2,7
81,charged_lepton_G4,,-1,1,61,7,7,3,2,7,-1,1,sum,W,9,0,9,3,0,1,0,0,6,2,6
81,charged_lepton_G4,,-1,1,62,8,7,3,2,6,-1,1,product,S,12,1,3,1,0,1,0,0,6,3,6
81,charged_lepton_G4,,-1,1,63,9,7,3,3,6,-1,1,torsion,STAY,9,0,9,3,0,1,0,0,6,3,6
81,charged_lepton_G4,,-1,1,64,1,8,3,3,6,-1,1,sum,W,9,0,9,3,0,1,0,0,6,3,5
81,charged_lepton_G4,,-1,1,65,2,8,3,3,5,-1,1,product,S,15,1,6,2,0,1,0,1,6,4,5
81,charged_lepton_G4,,-1,1,66,3,8,3,4,5,-1,1,torsion,STAY,9,0,9,3,0,1,0,0,7,4,5
81,charged_lepton_G4,,-1,1,67,4,8,3,4,5,-1,1,sum,W,9,0,9,3,0,1,0,0,6,4,4
81,charged_lepton_G4,,-1,1,68,5,8,3,4,4,-1,1,product,S,16,1,7,2,1,1,0,0,6,5,4
81,charged_lepton_G4,,-1,1,69,6,8,3,5,4,-1,1,torsion,STAY,9,0,9,3,0,1,0,0,6,5,4
81,charged_lepton_G4,,-1,1,70,7,8,3,5,4,-1,1,sum,W,9,0,9,3,0,1,0,0,6,5,3
81,charged_lepton_G4,,-1,1,71,8,8,3,5,3,-1,1,product,S,15,1,6,2,0,1,0,0,6,6,3
81,charged_lepton_G4,,-1,1,72,9,8,3,6,3,-1,1,torsion,STAY,9,0,9,3,0,1,0,0,6,6,3
81,charged_lepton_G4,,-1,1,73,1,9,3,6,3,-1,1,sum,W,9,0,9,3,0,1,0,0,6,6,2
81,charged_lepton_G4,,-1,1,74,2,9,3,6,2,-1,1,product,S,12,1,3,1,0,1,0,0,6,7,2
81,charged_lepton_G4,,-1,1,75,3,9,3,7,2,-1,1,torsion,STAY,9,0,9,3,0,1,0,0,6,7,2
81,charged_lepton_G4,,-1,1,76,4,9,3,7,2,-1,1,sum,W,9,0,9,3,0,1,0,0,6,7,1
81,charged_lepton_G4,,-1,1,77,5,9,3,7,1,-1,1,product,S,7,0,7,2,1,1,0,0,6,8,1
81,charged_lepton_G4,,-1,1,78,6,9,3,8,1,-1,1,torsion,STAY,9,0,9,3,0,1,0,0,6,8,1
81,charged_lepton_G4,,-1,1,79,7,9,3,8,1,-1,1,sum,W,9,0,9,3,0,1,0,0,6,8,9
81,charged_lepton_G4,,-1,1,80,8,9,3,8,9,-1,1,product,S,72,7,9,3,0,1,0,0,6,9,9
81,charged_lepton_G4,,-1,1,81,9,9,3,9,9,-1,1,torsion,STAY,9,0,9,3,0,1,1,0,6,9,9
81,charged_lepton_G4,,-1,1,82,1,10,4,9,9,1,-1,sum,E,18,1,9,3,0,-1,0,0,6,9,1
81,charged_lepton_G4,,-1,1,83,2,10,4,9,1,1,-1,product,N,9,0,9,3,0,-1,0,0,6,8,1
81,charged_lepton_G4,,-1,1,84,3,10,4,8,1,1,-1,torsion,STAY,9,0,9,3,0,-1,0,0,6,8,1
81,charged_lepton_G4,,-1,1,85,4,10,4,8,1,1,-1,sum,E,9,0,9,3,0,-1,0,0,6,8,2
81,charged_lepton_G4,,-1,1,86,5,10,4,8,2,1,-1,product,N,16,1,7,2,1,-1,0,0,6,7,2
81,charged_lepton_G4,,-1,1,87,6,10,4,7,2,1,-1,torsion,STAY,9,0,9,3,0,-1,0,1,6,7,2
81,charged_lepton_G4,,-1,1,88,7,10,4,7,2,1,-1,sum,E,9,0,9,3,0,-1,0,0,7,7,3
81,charged_lepton_G4,,-1,1,89,8,10,4,7,3,1,-1,product,N,21,2,3,1,0,-1,0,0,6,6,3
81,charged_lepton_G4,,-1,1,90,9,10,4,6,3,1,-1,torsion,STAY,9,0,9,3,0,-1,0,0,6,6,3
81,charged_lepton_G4,,-1,1,91,1,11,4,6,3,1,-1,sum,E,9,0,9,3,0,-1,0,0,6,6,4
81,charged_lepton_G4,,-1,1,92,2,11,4,6,4,1,-1,product,N,24,2,6,2,0,-1,0,0,6,5,4
81,charged_lepton_G4,,-1,1,93,3,11,4,5,4,1,-1,torsion,STAY,9,0,9,3,0,-1,0,0,6,5,4
81,charged_lepton_G4,,-1,1,94,4,11,4,5,4,1,-1,sum,E,9,0,9,3,0,-1,0,0,6,5,5
81,charged_lepton_G4,,-1,1,95,5,11,4,5,5,1,-1,product,N,25,2,7,2,1,-1,0,0,6,4,5
81,charged_lepton_G4,,-1,1,96,6,11,4,4,5,1,-1,torsion,STAY,9,0,9,3,0,-1,0,0,6,4,5
81,charged_lepton_G4,,-1,1,97,7,11,4,4,5,1,-1,sum,E,9,0,9,3,0,-1,0,0,6,4,6
81,charged_lepton_G4,,-1,1,98,8,11,4,4,6,1,-1,product,N,24,2,6,2,0,-1,0,0,6,3,6
81,charged_lepton_G4,,-1,1,99,9,11,4,3,6,1,-1,torsion,STAY,9,0,9,3,0,-1,0,0,6,3,6
81,charged_lepton_G4,,-1,1,100,1,12,4,3,6,1,-1,sum,E,9,0,9,3,0,-1,0,0,6,3,7
81,charged_lepton_G4,,-1,1,101,2,12,4,3,7,1,-1,product,N,21,2,3,1,0,-1,0,0,6,2,7
81,charged_lepton_G4,,-1,1,102,3,12,4,2,7,1,-1,torsion,STAY,9,0,9,3,0,-1,0,0,6,2,7
81,charged_lepton_G4,,-1,1,103,4,12,4,2,7,1,-1,sum,E,9,0,9,3,0,-1,0,0,6,2,8
81,charged_lepton_G4,,-1,1,104,5,12,4,2,8,1,-1,product,N,16,1,7,2,1,-1,0,0,6,1,8
81,charged_lepton_G4,,-1,1,105,6,12,4,1,8,1,-1,torsion,STAY,9,0,9,3,0,-1,0,0,6,1,8
81,charged_lepton_G4,,-1,1,106,7,12,4,1,8,1,-1,sum,E,9,0,9,3,0,-1,0,0,6,1,9
81,charged_lepton_G4,,-1,1,107,8,12,4,1,9,1,-1,product,N,9,0,9,3,0,-1,0,0,6,9,9
81,charged_lepton_G4,,-1,1,108,9,12,4,9,9,1,-1,torsion,STAY,9,0,9,3,0,-1,1,0,6,9,9
