_catalog_source,_catalog_ordinal,_catalog_role,_catalog_key_occurrence,output_id,object_name,particle_names,observable_kind,value_text,display_value,unit,scheme,scale,limit_type,confidence_level,uncertainty_positive,uncertainty_negative,HMT_target_sector,HMT_internal_status,required_forward_map,comparison_authorization,external_value_used_as_selector,source_edition,source_cutoff,source_snapshot_sha256
masas,1,EXTERNAL_MASS_INVENTORY,1,PDG2026:observable:B000:B000M:349891,Sigma(1580) MASS,Sigma(1580)- | Sigmabar(1580)+ | Sigma(1580)0 | Sigmabar(1580)0 | Sigma(1580)+ | Sigmabar(1580)-,MASS,~1580,~1580,MeV,UNAVAILABLE_IN_SNAPSHOT,UNAVAILABLE_IN_SNAPSHOT,NONE,UNAVAILABLE,UNAVAILABLE,UNAVAILABLE,COMP-BARYON,EXTERNAL_RECORD_ACCOUNTED__INDIVIDUAL_HMT_REALIZATION_NOT_YET_JOINED,named_baryon_binding_map,ONLY_AFTER_INTERNAL_FREEZE,NO,2026,2026-01-15,40dc2587d9ae912d26fafb6b41f300f341d2a1f4bd620ff5b5f03827c39453fe
masas,2,EXTERNAL_MASS_INVENTORY,1,PDG2026:observable:B004:B004M:348705,N(1895) BREIT-WIGNER MASS,N(1895)0 | Nbar(1895)0 | N(1895)+ | Nbar(1895)-,MASS,1870 to 1895 to 1920,1870 to 1920 (~1895),MeV,UNAVAILABLE_IN_SNAPSHOT,UNAVAILABLE_IN_SNAPSHOT,R,UNAVAILABLE,NOT_APPLICABLE,NOT_APPLICABLE,COMP-BARYON,EXTERNAL_RECORD_ACCOUNTED__INDIVIDUAL_HMT_REALIZATION_NOT_YET_JOINED,named_baryon_binding_map,ONLY_AFTER_INTERNAL_FREEZE,NO,2026,2026-01-15,40dc2587d9ae912d26fafb6b41f300f341d2a1f4bd620ff5b5f03827c39453fe
masas,3,EXTERNAL_MASS_INVENTORY,1,PDG2026:observable:B005:B005M:348836,N(2060) BREIT-WIGNER MASS,N(2060)0 | Nbar(2060)0 | N(2060)+ | Nbar(2060)-,MASS,2030 to 2100 to 2200,2030 to 2200 (~2100),MeV,UNAVAILABLE_IN_SNAPSHOT,UNAVAILABLE_IN_SNAPSHOT,R,UNAVAILABLE,NOT_APPLICABLE,NOT_APPLICABLE,COMP-BARYON,EXTERNAL_RECORD_ACCOUNTED__INDIVIDUAL_HMT_REALIZATION_NOT_YET_JOINED,named_baryon_binding_map,ONLY_AFTER_INTERNAL_FREEZE,NO,2026,2026-01-15,40dc2587d9ae912d26fafb6b41f300f341d2a1f4bd620ff5b5f03827c39453fe
masas,4,EXTERNAL_MASS_INVENTORY,1,PDG2026:observable:B007:B007M:349780,Lambda(2585) MASS (BUMPS),Lambda(2585)0 | Lambdabar(2585)0,MASS,~2585,~2585,MeV,UNAVAILABLE_IN_SNAPSHOT,UNAVAILABLE_IN_SNAPSHOT,NONE,UNAVAILABLE,UNAVAILABLE,UNAVAILABLE,COMP-BARYON,EXTERNAL_RECORD_ACCOUNTED__INDIVIDUAL_HMT_REALIZATION_NOT_YET_JOINED,named_baryon_binding_map,ONLY_AFTER_INTERNAL_FREEZE,NO,2026,2026-01-15,40dc2587d9ae912d26fafb6b41f300f341d2a1f4bd620ff5b5f03827c39453fe
masas,5,EXTERNAL_MASS_INVENTORY,1,PDG2026:observable:B010:B010M:349097,Delta(1700) BREIT-WIGNER MASS,Delta(1700)- | Deltabar(1700)+ | Delta(1700)0 | Deltabar(1700)0 | Delta(1700)+ | Deltabar(1700)- | Delta(1700)++ | Deltabar(1700)--,MASS,1690 to 1710 to 1730,1690 to 1730 (~1710),MeV,UNAVAILABLE_IN_SNAPSHOT,UNAVAILABLE_IN_SNAPSHOT,R,UNAVAILABLE,NOT_APPLICABLE,NOT_APPLICABLE,COMP-BARYON,EXTERNAL_RECORD_ACCOUNTED__INDIVIDUAL_HMT_REALIZATION_NOT_YET_JOINED,named_baryon_binding_map,ONLY_AFTER_INTERNAL_FREEZE,NO,2026,2026-01-15,40dc2587d9ae912d26fafb6b41f300f341d2a1f4bd620ff5b5f03827c39453fe
masas,6,EXTERNAL_MASS_INVENTORY,1,PDG2026:observable:B011:B011M:349151,Delta(1905) BREIT-WIGNER MASS,Delta(1905)- | Deltabar(1905)+ | Delta(1905)0 | Deltabar(1905)0 | Delta(1905)+ | Deltabar(1905)- | Delta(1905)++ | Deltabar(1905)--,MASS,1855 to 1880 to 1910,1855 to 1910 (~1880),MeV,UNAVAILABLE_IN_SNAPSHOT,UNAVAILABLE_IN_SNAPSHOT,R,UNAVAILABLE,NOT_APPLICABLE,NOT_APPLICABLE,COMP-BARYON,EXTERNAL_RECORD_ACCOUNTED__INDIVIDUAL_HMT_REALIZATION_NOT_YET_JOINED,named_baryon_binding_map,ONLY_AFTER_INTERNAL_FREEZE,NO,2026,2026-01-15,40dc2587d9ae912d26fafb6b41f300f341d2a1f4bd620ff5b5f03827c39453fe
masas,7,EXTERNAL_MASS_INVENTORY,1,PDG2026:observable:B012:B012M:349182,Delta(1910) BREIT-WIGNER MASS,Delta(1910)- | Deltabar(1910)+ | Delta(1910)0 | Deltabar(1910)0 | Delta(1910)+ | Deltabar(1910)- | Delta(1910)++ | Deltabar(1910)--,MASS,1850 to 1900 to 1950,1850 to 1950 (~1900),MeV,UNAVAILABLE_IN_SNAPSHOT,UNAVAILABLE_IN_SNAPSHOT,R,UNAVAILABLE,NOT_APPLICABLE,NOT_APPLICABLE,COMP-BARYON,EXTERNAL_RECORD_ACCOUNTED__INDIVIDUAL_HMT_REALIZATION_NOT_YET_JOINED,named_baryon_binding_map,ONLY_AFTER_INTERNAL_FREEZE,NO,2026,2026-01-15,40dc2587d9ae912d26fafb6b41f300f341d2a1f4bd620ff5b5f03827c39453fe
masas,8,EXTERNAL_MASS_INVENTORY,1,PDG2026:observable:B013:B013M:349249,Delta(1930) BREIT-WIGNER MASS,Delta(1930)- | Deltabar(1930)+ | Delta(1930)0 | Deltabar(1930)0 | Delta(1930)+ | Deltabar(1930)- | Delta(1930)++ | Deltabar(1930)--,MASS,1900 to 1950 to 2000,1900 to 2000 (~1950),MeV,UNAVAILABLE_IN_SNAPSHOT,UNAVAILABLE_IN_SNAPSHOT,R,UNAVAILABLE,NOT_APPLICABLE,NOT_APPLICABLE,COMP-BARYON,EXTERNAL_RECORD_ACCOUNTED__INDIVIDUAL_HMT_REALIZATION_NOT_YET_JOINED,named_baryon_binding_map,ONLY_AFTER_INTERNAL_FREEZE,NO,2026,2026-01-15,40dc2587d9ae912d26fafb6b41f300f341d2a1f4bd620ff5b5f03827c39453fe
masas,9,EXTERNAL_MASS_INVENTORY,1,PDG2026:observable:B014:B014M:348535,N(1710) BREIT-WIGNER MASS,N(1710)0 | Nbar(1710)0 | N(1710)+ | Nbar(1710)-,MASS,1680 TO 1710 TO 1740,1680 to 1740 (~1710),MeV,UNAVAILABLE_IN_SNAPSHOT,UNAVAILABLE_IN_SNAPSHOT,R,UNAVAILABLE,NOT_APPLICABLE,NOT_APPLICABLE,COMP-BARYON,EXTERNAL_RECORD_ACCOUNTED__INDIVIDUAL_HMT_REALIZATION_NOT_YET_JOINED,named_baryon_binding_map,ONLY_AFTER_INTERNAL_FREEZE,NO,2026,2026-01-15,40dc2587d9ae912d26fafb6b41f300f341d2a1f4bd620ff5b5f03827c39453fe
masas,10,EXTERNAL_MASS_INVENTORY,1,PDG2026:observable:B015:B015M:348569,N(1720) BREIT-WIGNER MASS,N(1720)0 | Nbar(1720)0 | N(1720)+ | Nbar(1720)-,MASS,1680 to 1720 to 1750,1680 to 1750 (~1720),MeV,UNAVAILABLE_IN_SNAPSHOT,UNAVAILABLE_IN_SNAPSHOT,R,UNAVAILABLE,NOT_APPLICABLE,NOT_APPLICABLE,COMP-BARYON,EXTERNAL_RECORD_ACCOUNTED__INDIVIDUAL_HMT_REALIZATION_NOT_YET_JOINED,named_baryon_binding_map,ONLY_AFTER_INTERNAL_FREEZE,NO,2026,2026-01-15,40dc2587d9ae912d26fafb6b41f300f341d2a1f4bd620ff5b5f03827c39453fe
masas,11,EXTERNAL_MASS_INVENTORY,1,PDG2026:observable:B016:B016M:348633,N(1875) BREIT-WIGNER MASS,N(1875)0 | Nbar(1875)0 | N(1875)+ | Nbar(1875)-,MASS,1850 to 1875 to 1920,1850 to 1920 (~1875),MeV,UNAVAILABLE_IN_SNAPSHOT,UNAVAILABLE_IN_SNAPSHOT,R,UNAVAILABLE,NOT_APPLICABLE,NOT_APPLICABLE,COMP-BARYON,EXTERNAL_RECORD_ACCOUNTED__INDIVIDUAL_HMT_REALIZATION_NOT_YET_JOINED,named_baryon_binding_map,ONLY_AFTER_INTERNAL_FREEZE,NO,2026,2026-01-15,40dc2587d9ae912d26fafb6b41f300f341d2a1f4bd620ff5b5f03827c39453fe
masas,12,EXTERNAL_MASS_INVENTORY,1,PDG2026:observable:B017:B017M:348778,N(1990) BREIT-WIGNER MASS,N(1990)0 | Nbar(1990)0 | N(1990)+ | Nbar(1990)-,MASS,1950 to 2020 to 2100,1950 to 2100 (~2020),MeV,UNAVAILABLE_IN_SNAPSHOT,UNAVAILABLE_IN_SNAPSHOT,R,UNAVAILABLE,NOT_APPLICABLE,NOT_APPLICABLE,COMP-BARYON,EXTERNAL_RECORD_ACCOUNTED__INDIVIDUAL_HMT_REALIZATION_NOT_YET_JOINED,named_baryon_binding_map,ONLY_AFTER_INTERNAL_FREEZE,NO,2026,2026-01-15,40dc2587d9ae912d26fafb6b41f300f341d2a1f4bd620ff5b5f03827c39453fe
masas,13,EXTERNAL_MASS_INVENTORY,1,PDG2026:observable:B018:B018M:348499,N(1700) BREIT-WIGNER MASS,N(1700)0 | Nbar(1700)0 | N(1700)+ | Nbar(1700)-,MASS,1650 to 1720 to 1800,1650 to 1800 (~1720),MeV,UNAVAILABLE_IN_SNAPSHOT,UNAVAILABLE_IN_SNAPSHOT,R,UNAVAILABLE,NOT_APPLICABLE,NOT_APPLICABLE,COMP-BARYON,EXTERNAL_RECORD_ACCOUNTED__INDIVIDUAL_HMT_REALIZATION_NOT_YET_JOINED,named_baryon_binding_map,ONLY_AFTER_INTERNAL_FREEZE,NO,2026,2026-01-15,40dc2587d9ae912d26fafb6b41f300f341d2a1f4bd620ff5b5f03827c39453fe
masas,14,EXTERNAL_MASS_INVENTORY,1,PDG2026:observable:B019:B019M:349050,Delta(1600) BREIT-WIGNER MASS,Delta(1600)- | Deltabar(1600)+ | Delta(1600)0 | Deltabar(1600)0 | Delta(1600)+ | Deltabar(1600)- | Delta(1600)++ | Deltabar(1600)--,MASS,1500 to 1570 to 1640,1500 to 1640 (~1570),MeV,UNAVAILABLE_IN_SNAPSHOT,UNAVAILABLE_IN_SNAPSHOT,R,UNAVAILABLE,NOT_APPLICABLE,NOT_APPLICABLE,COMP-BARYON,EXTERNAL_RECORD_ACCOUNTED__INDIVIDUAL_HMT_REALIZATION_NOT_YET_JOINED,named_baryon_binding_map,ONLY_AFTER_INTERNAL_FREEZE,NO,2026,2026-01-15,40dc2587d9ae912d26fafb6b41f300f341d2a1f4bd620ff5b5f03827c39453fe
masas,15,EXTERNAL_MASS_INVENTORY,1,PDG2026:observable:B021:B021M:350410,Xi(1620) MASS,Xi(1620)- | Xibar(1620)+ | Xi(1620)0 | Xibar(1620)0,MASS,~1620,~1620,MeV,UNAVAILABLE_IN_SNAPSHOT,UNAVAILABLE_IN_SNAPSHOT,NONE,UNAVAILABLE,UNAVAILABLE,UNAVAILABLE,COMP-BARYON,EXTERNAL_RECORD_ACCOUNTED__INDIVIDUAL_HMT_REALIZATION_NOT_YET_JOINED,named_baryon_binding_map,ONLY_AFTER_INTERNAL_FREEZE,NO,2026,2026-01-15,40dc2587d9ae912d26fafb6b41f300f341d2a1f4bd620ff5b5f03827c39453fe
masas,16,EXTERNAL_MASS_INVENTORY,1,PDG2026:observable:B022:B022M:350457,Xi(2250) MASS,Xi(2250)- | Xibar(2250)+ | Xi(2250)0 | Xibar(2250)0,MASS,~2250,~2250,MeV,UNAVAILABLE_IN_SNAPSHOT,UNAVAILABLE_IN_SNAPSHOT,NONE,UNAVAILABLE,UNAVAILABLE,UNAVAILABLE,COMP-BARYON,EXTERNAL_RECORD_ACCOUNTED__INDIVIDUAL_HMT_REALIZATION_NOT_YET_JOINED,named_baryon_binding_map,ONLY_AFTER_INTERNAL_FREEZE,NO,2026,2026-01-15,40dc2587d9ae912d26fafb6b41f300f341d2a1f4bd620ff5b5f03827c39453fe
masas,17,EXTERNAL_MASS_INVENTORY,1,PDG2026:observable:B024:B024M:348906,N(2120) BREIT-WIGNER MASS,N(2120)0 | Nbar(2120)0 | N(2120)+ | Nbar(2120)-,MASS,2060 to 2120 to 2160,2060 to 2160 (~2120),MeV,UNAVAILABLE_IN_SNAPSHOT,UNAVAILABLE_IN_SNAPSHOT,R,UNAVAILABLE,NOT_APPLICABLE,NOT_APPLICABLE,COMP-BARYON,EXTERNAL_RECORD_ACCOUNTED__INDIVIDUAL_HMT_REALIZATION_NOT_YET_JOINED,named_baryon_binding_map,ONLY_AFTER_INTERNAL_FREEZE,NO,2026,2026-01-15,40dc2587d9ae912d26fafb6b41f300f341d2a1f4bd620ff5b5f03827c39453fe
masas,18,EXTERNAL_MASS_INVENTORY,1,PDG2026:observable:B026:B026M:350202,Sigma(2100) MASS,Sigma(2100)- | Sigmabar(2100)+ | Sigma(2100)0 | Sigmabar(2100)0 | Sigma(2100)+ | Sigmabar(2100)-,MASS,~2100,~2100,MeV,UNAVAILABLE_IN_SNAPSHOT,UNAVAILABLE_IN_SNAPSHOT,NONE,UNAVAILABLE,UNAVAILABLE,UNAVAILABLE,COMP-BARYON,EXTERNAL_RECORD_ACCOUNTED__INDIVIDUAL_HMT_REALIZATION_NOT_YET_JOINED,named_baryon_binding_map,ONLY_AFTER_INTERNAL_FREEZE,NO,2026,2026-01-15,40dc2587d9ae912d26fafb6b41f300f341d2a1f4bd620ff5b5f03827c39453fe
masas,19,EXTERNAL_MASS_INVENTORY,1,PDG2026:observable:B027:B027M:349731,Lambda(2085) MASS,Lambda(2085)0 | Lambdabar(2085)0,MASS,~2020,~2020,MeV,UNAVAILABLE_IN_SNAPSHOT,UNAVAILABLE_IN_SNAPSHOT,NONE,UNAVAILABLE,UNAVAILABLE,UNAVAILABLE,COMP-BARYON,EXTERNAL_RECORD_ACCOUNTED__INDIVIDUAL_HMT_REALIZATION_NOT_YET_JOINED,named_baryon_binding_map,ONLY_AFTER_INTERNAL_FREEZE,NO,2026,2026-01-15,40dc2587d9ae912d26fafb6b41f300f341d2a1f4bd620ff5b5f03827c39453fe
masas,20,EXTERNAL_MASS_INVENTORY,1,PDG2026:observable:B030:B030M:349126,Delta(1900) BREIT-WIGNER MASS,Delta(1900)- | Deltabar(1900)+ | Delta(1900)0 | Deltabar(1900)0 | Delta(1900)+ | Deltabar(1900)- | Delta(1900)++ | Deltabar(1900)--,MASS,1840 TO 1860 TO 1920,1840 to 1920 (~1860),MeV,UNAVAILABLE_IN_SNAPSHOT,UNAVAILABLE_IN_SNAPSHOT,R,UNAVAILABLE,NOT_APPLICABLE,NOT_APPLICABLE,COMP-BARYON,EXTERNAL_RECORD_ACCOUNTED__INDIVIDUAL_HMT_REALIZATION_NOT_YET_JOINED,named_baryon_binding_map,ONLY_AFTER_INTERNAL_FREEZE,NO,2026,2026-01-15,40dc2587d9ae912d26fafb6b41f300f341d2a1f4bd620ff5b5f03827c39453fe
masas,21,EXTERNAL_MASS_INVENTORY,1,PDG2026:observable:B032:B032M:349902,Sigma(1620) MASS,Sigma(1620)- | Sigmabar(1620)+ | Sigma(1620)0 | Sigmabar(1620)0 | Sigma(1620)+ | Sigmabar(1620)-,MASS,1600 to 1620 to 1650,1600 to 1650 (~1620),MeV,UNAVAILABLE_IN_SNAPSHOT,UNAVAILABLE_IN_SNAPSHOT,R,UNAVAILABLE,NOT_APPLICABLE,NOT_APPLICABLE,COMP-BARYON,EXTERNAL_RECORD_ACCOUNTED__INDIVIDUAL_HMT_REALIZATION_NOT_YET_JOINED,named_baryon_binding_map,ONLY_AFTER_INTERNAL_FREEZE,NO,2026,2026-01-15,40dc2587d9ae912d26fafb6b41f300f341d2a1f4bd620ff5b5f03827c39453fe
masas,22,EXTERNAL_MASS_INVENTORY,1,PDG2026:observable:B033:B033M:349034,MIXED CHARGES,Delta(1232)- | Deltabar(1232)+ | Delta(1232)0 | Deltabar(1232)0 | Delta(1232)+ | Deltabar(1232)- | Delta(1232)++ | Deltabar(1232)--,MASS,1230 TO 1232 TO 1234,1230 to 1234 (~1232),MeV,UNAVAILABLE_IN_SNAPSHOT,UNAVAILABLE_IN_SNAPSHOT,R,UNAVAILABLE,NOT_APPLICABLE,NOT_APPLICABLE,COMP-BARYON,EXTERNAL_RECORD_ACCOUNTED__INDIVIDUAL_HMT_REALIZATION_NOT_YET_JOINED,named_baryon_binding_map,ONLY_AFTER_INTERNAL_FREEZE,NO,2026,2026-01-15,40dc2587d9ae912d26fafb6b41f300f341d2a1f4bd620ff5b5f03827c39453fe
masas,23,EXTERNAL_MASS_INVENTORY,1,PDG2026:observable:B034:B034M:350186,Sigma(2070) MASS,Sigma(2070)- | Sigmabar(2070)+ | Sigma(2070)0 | Sigmabar(2070)0 | Sigma(2070)+ | Sigmabar(2070)-,MASS,2020 to 2060 to 2100,2020 to 2100 (~2060),MeV,UNAVAILABLE_IN_SNAPSHOT,UNAVAILABLE_IN_SNAPSHOT,R,UNAVAILABLE,NOT_APPLICABLE,NOT_APPLICABLE,COMP-BARYON,EXTERNAL_RECORD_ACCOUNTED__INDIVIDUAL_HMT_REALIZATION_NOT_YET_JOINED,named_baryon_binding_map,ONLY_AFTER_INTERNAL_FREEZE,NO,2026,2026-01-15,40dc2587d9ae912d26fafb6b41f300f341d2a1f4bd620ff5b5f03827c39453fe
masas,24,EXTERNAL_MASS_INVENTORY,1,PDG2026:observable:B035:B035M:349763,Lambda(2110) MASS,Lambda(2110)0 | Lambdabar(2110)0,MASS,2050 to 2090 to 2130,2050 to 2130 (~2090),MeV,UNAVAILABLE_IN_SNAPSHOT,UNAVAILABLE_IN_SNAPSHOT,R,UNAVAILABLE,NOT_APPLICABLE,NOT_APPLICABLE,COMP-BARYON,EXTERNAL_RECORD_ACCOUNTED__INDIVIDUAL_HMT_REALIZATION_NOT_YET_JOINED,named_baryon_binding_map,ONLY_AFTER_INTERNAL_FREEZE,NO,2026,2026-01-15,40dc2587d9ae912d26fafb6b41f300f341d2a1f4bd620ff5b5f03827c39453fe
masas,25,EXTERNAL_MASS_INVENTORY,1,PDG2026:observable:B036:B036M:349555,Lambda(1800) MASS,Lambda(1800)0 | Lambdabar(1800)0,MASS,1750 to 1800 to 1850,1750 to 1850 (~1800),MeV,UNAVAILABLE_IN_SNAPSHOT,UNAVAILABLE_IN_SNAPSHOT,R,UNAVAILABLE,NOT_APPLICABLE,NOT_APPLICABLE,COMP-BARYON,EXTERNAL_RECORD_ACCOUNTED__INDIVIDUAL_HMT_REALIZATION_NOT_YET_JOINED,named_baryon_binding_map,ONLY_AFTER_INTERNAL_FREEZE,NO,2026,2026-01-15,40dc2587d9ae912d26fafb6b41f300f341d2a1f4bd620ff5b5f03827c39453fe
masas,26,EXTERNAL_MASS_INVENTORY,1,PDG2026:observable:B037:B037M1:349427,PRODUCTION EXPERIMENTS,Lambda(1405)0 | Lambdabar(1405)0,MASS,1405.1+1.3-1.0,1405.1+1.3-1.0,MeV,UNAVAILABLE_IN_SNAPSHOT,UNAVAILABLE_IN_SNAPSHOT,NONE,UNAVAILABLE,1.3119693539575821,0.96455487987763788,COMP-BARYON,EXTERNAL_RECORD_ACCOUNTED__INDIVIDUAL_HMT_REALIZATION_NOT_YET_JOINED,named_baryon_binding_map,ONLY_AFTER_INTERNAL_FREEZE,NO,2026,2026-01-15,40dc2587d9ae912d26fafb6b41f300f341d2a1f4bd620ff5b5f03827c39453fe
masas,27,EXTERNAL_MASS_INVENTORY,1,PDG2026:observable:B038:B038M:349437,Lambda(1520) MASS,Lambda(1520)0 | Lambdabar(1520)0,MASS,1518 to 1519 to 1520,1518 to 1520 (~1519),MeV,UNAVAILABLE_IN_SNAPSHOT,UNAVAILABLE_IN_SNAPSHOT,R,UNAVAILABLE,NOT_APPLICABLE,NOT_APPLICABLE,COMP-BARYON,EXTERNAL_RECORD_ACCOUNTED__INDIVIDUAL_HMT_REALIZATION_NOT_YET_JOINED,named_baryon_binding_map,ONLY_AFTER_INTERNAL_FREEZE,NO,2026,2026-01-15,40dc2587d9ae912d26fafb6b41f300f341d2a1f4bd620ff5b5f03827c39453fe
masas,28,EXTERNAL_MASS_INVENTORY,1,PDG2026:observable:B039:B039M:349594,Lambda(1820) MASS,Lambda(1820)0 | Lambdabar(1820)0,MASS,1815 TO 1820 TO 1825,1815 to 1825 (~1820),MeV,UNAVAILABLE_IN_SNAPSHOT,UNAVAILABLE_IN_SNAPSHOT,R,UNAVAILABLE,NOT_APPLICABLE,NOT_APPLICABLE,COMP-BARYON,EXTERNAL_RECORD_ACCOUNTED__INDIVIDUAL_HMT_REALIZATION_NOT_YET_JOINED,named_baryon_binding_map,ONLY_AFTER_INTERNAL_FREEZE,NO,2026,2026-01-15,40dc2587d9ae912d26fafb6b41f300f341d2a1f4bd620ff5b5f03827c39453fe
masas,29,EXTERNAL_MASS_INVENTORY,1,PDG2026:observable:B040:B040M:349494,Lambda(1670) MASS,Lambda(1670)0 | Lambdabar(1670)0,MASS,1670 to 1674 to 1678,1670 to 1678 (~1674),MeV,UNAVAILABLE_IN_SNAPSHOT,UNAVAILABLE_IN_SNAPSHOT,R,UNAVAILABLE,NOT_APPLICABLE,NOT_APPLICABLE,COMP-BARYON,EXTERNAL_RECORD_ACCOUNTED__INDIVIDUAL_HMT_REALIZATION_NOT_YET_JOINED,named_baryon_binding_map,ONLY_AFTER_INTERNAL_FREEZE,NO,2026,2026-01-15,40dc2587d9ae912d26fafb6b41f300f341d2a1f4bd620ff5b5f03827c39453fe
masas,30,EXTERNAL_MASS_INVENTORY,1,PDG2026:observable:B041:B041M:349741,Lambda(2100) MASS,Lambda(2100)0 | Lambdabar(2100)0,MASS,2090 TO 2100 TO 2110,2090 to 2110 (~2100),MeV,UNAVAILABLE_IN_SNAPSHOT,UNAVAILABLE_IN_SNAPSHOT,R,UNAVAILABLE,NOT_APPLICABLE,NOT_APPLICABLE,COMP-BARYON,EXTERNAL_RECORD_ACCOUNTED__INDIVIDUAL_HMT_REALIZATION_NOT_YET_JOINED,named_baryon_binding_map,ONLY_AFTER_INTERNAL_FREEZE,NO,2026,2026-01-15,40dc2587d9ae912d26fafb6b41f300f341d2a1f4bd620ff5b5f03827c39453fe
masas,31,EXTERNAL_MASS_INVENTORY,1,PDG2026:observable:B042:B042M:349775,Lambda(2350) MASS,Lambda(2350)0 | Lambdabar(2350)0,MASS,2340 TO 2350 TO 2370,2340 to 2370 (~2350),MeV,UNAVAILABLE_IN_SNAPSHOT,UNAVAILABLE_IN_SNAPSHOT,R,UNAVAILABLE,NOT_APPLICABLE,NOT_APPLICABLE,COMP-BARYON,EXTERNAL_RECORD_ACCOUNTED__INDIVIDUAL_HMT_REALIZATION_NOT_YET_JOINED,named_baryon_binding_map,ONLY_AFTER_INTERNAL_FREEZE,NO,2026,2026-01-15,40dc2587d9ae912d26fafb6b41f300f341d2a1f4bd620ff5b5f03827c39453fe
masas,32,EXTERNAL_MASS_INVENTORY,1,PDG2026:observable:B043:B043M+:349876,Sigma(1385)+ MASS,Sigma(1385)- | Sigmabar(1385)+ | Sigma(1385)0 | Sigmabar(1385)0 | Sigma(1385)+ | Sigmabar(1385)-,MASS,1382.83+-0.34,1382.83+-0.34,MeV,UNAVAILABLE_IN_SNAPSHOT,UNAVAILABLE_IN_SNAPSHOT,NONE,UNAVAILABLE,0.33905435517601018,0.34419099315609542,COMP-BARYON,EXTERNAL_RECORD_ACCOUNTED__INDIVIDUAL_HMT_REALIZATION_NOT_YET_JOINED,named_baryon_binding_map,ONLY_AFTER_INTERNAL_FREEZE,NO,2026,2026-01-15,40dc2587d9ae912d26fafb6b41f300f341d2a1f4bd620ff5b5f03827c39453fe
masas,33,EXTERNAL_MASS_INVENTORY,1,PDG2026:observable:B043:B043M0:349877,Sigma(1385)0 MASS,Sigma(1385)- | Sigmabar(1385)+ | Sigma(1385)0 | Sigmabar(1385)0 | Sigma(1385)+ | Sigmabar(1385)-,MASS,1383.8+-0.9,1383.8+-0.9,MeV,UNAVAILABLE_IN_SNAPSHOT,UNAVAILABLE_IN_SNAPSHOT,NONE,UNAVAILABLE,0.93514404403237228,0.93514404403237228,COMP-BARYON,EXTERNAL_RECORD_ACCOUNTED__INDIVIDUAL_HMT_REALIZATION_NOT_YET_JOINED,named_baryon_binding_map,ONLY_AFTER_INTERNAL_FREEZE,NO,2026,2026-01-15,40dc2587d9ae912d26fafb6b41f300f341d2a1f4bd620ff5b5f03827c39453fe
masas,34,EXTERNAL_MASS_INVENTORY,1,PDG2026:observable:B043:B043M-:349878,Sigma(1385)- MASS,Sigma(1385)- | Sigmabar(1385)+ | Sigma(1385)0 | Sigmabar(1385)0 | Sigma(1385)+ | Sigmabar(1385)-,MASS,1387.2+-0.5,1387.2+-0.5,MeV,UNAVAILABLE_IN_SNAPSHOT,UNAVAILABLE_IN_SNAPSHOT,NONE,UNAVAILABLE,0.5465370328051361,0.5465370328051361,COMP-BARYON,EXTERNAL_RECORD_ACCOUNTED__INDIVIDUAL_HMT_REALIZATION_NOT_YET_JOINED,named_baryon_binding_map,ONLY_AFTER_INTERNAL_FREEZE,NO,2026,2026-01-15,40dc2587d9ae912d26fafb6b41f300f341d2a1f4bd620ff5b5f03827c39453fe
masas,35,EXTERNAL_MASS_INVENTORY,1,PDG2026:observable:B044:B044M:349946,Sigma(1670) MASS,Sigma(1670)- | Sigmabar(1670)+ | Sigma(1670)0 | Sigmabar(1670)0 | Sigma(1670)+ | Sigmabar(1670)-,MASS,1665 to 1675 to 1685,1665 to 1685 (~1675),MeV,UNAVAILABLE_IN_SNAPSHOT,UNAVAILABLE_IN_SNAPSHOT,R,UNAVAILABLE,NOT_APPLICABLE,NOT_APPLICABLE,COMP-BARYON,EXTERNAL_RECORD_ACCOUNTED__INDIVIDUAL_HMT_REALIZATION_NOT_YET_JOINED,named_baryon_binding_map,ONLY_AFTER_INTERNAL_FREEZE,NO,2026,2026-01-15,40dc2587d9ae912d26fafb6b41f300f341d2a1f4bd620ff5b5f03827c39453fe
masas,36,EXTERNAL_MASS_INVENTORY,1,PDG2026:observable:B045:B045M:349983,Sigma(1775) MASS,Sigma(1775)- | Sigmabar(1775)+ | Sigma(1775)0 | Sigmabar(1775)0 | Sigma(1775)+ | Sigmabar(1775)-,MASS,1770 TO 1775 TO 1780,1770 to 1780 (~1775),MeV,UNAVAILABLE_IN_SNAPSHOT,UNAVAILABLE_IN_SNAPSHOT,R,UNAVAILABLE,NOT_APPLICABLE,NOT_APPLICABLE,COMP-BARYON,EXTERNAL_RECORD_ACCOUNTED__INDIVIDUAL_HMT_REALIZATION_NOT_YET_JOINED,named_baryon_binding_map,ONLY_AFTER_INTERNAL_FREEZE,NO,2026,2026-01-15,40dc2587d9ae912d26fafb6b41f300f341d2a1f4bd620ff5b5f03827c39453fe
masas,37,EXTERNAL_MASS_INVENTORY,1,PDG2026:observable:B046:B046M:350080,Sigma(1915) MASS,Sigma(1915)- | Sigmabar(1915)+ | Sigma(1915)0 | Sigmabar(1915)0 | Sigma(1915)+ | Sigmabar(1915)-,MASS,1900 TO 1915 TO 1935,1900 to 1935 (~1915),MeV,UNAVAILABLE_IN_SNAPSHOT,UNAVAILABLE_IN_SNAPSHOT,R,UNAVAILABLE,NOT_APPLICABLE,NOT_APPLICABLE,COMP-BARYON,EXTERNAL_RECORD_ACCOUNTED__INDIVIDUAL_HMT_REALIZATION_NOT_YET_JOINED,named_baryon_binding_map,ONLY_AFTER_INTERNAL_FREEZE,NO,2026,2026-01-15,40dc2587d9ae912d26fafb6b41f300f341d2a1f4bd620ff5b5f03827c39453fe
masas,38,EXTERNAL_MASS_INVENTORY,1,PDG2026:observable:B047:B047M:350166,Sigma(2030) MASS,Sigma(2030)- | Sigmabar(2030)+ | Sigma(2030)0 | Sigmabar(2030)0 | Sigma(2030)+ | Sigmabar(2030)-,MASS,2025 TO 2030 TO 2040,2025 to 2040 (~2030),MeV,UNAVAILABLE_IN_SNAPSHOT,UNAVAILABLE_IN_SNAPSHOT,R,UNAVAILABLE,NOT_APPLICABLE,NOT_APPLICABLE,COMP-BARYON,EXTERNAL_RECORD_ACCOUNTED__INDIVIDUAL_HMT_REALIZATION_NOT_YET_JOINED,named_baryon_binding_map,ONLY_AFTER_INTERNAL_FREEZE,NO,2026,2026-01-15,40dc2587d9ae912d26fafb6b41f300f341d2a1f4bd620ff5b5f03827c39453fe
masas,39,EXTERNAL_MASS_INVENTORY,1,PDG2026:observable:B048:B048M:350277,Sigma(2250) MASS,Sigma(2250)- | Sigmabar(2250)+ | Sigma(2250)0 | Sigmabar(2250)0 | Sigma(2250)+ | Sigmabar(2250)-,MASS,2210 TO 2250 TO 2280,2210 to 2280 (~2250),MeV,UNAVAILABLE_IN_SNAPSHOT,UNAVAILABLE_IN_SNAPSHOT,R,UNAVAILABLE,NOT_APPLICABLE,NOT_APPLICABLE,COMP-BARYON,EXTERNAL_RECORD_ACCOUNTED__INDIVIDUAL_HMT_REALIZATION_NOT_YET_JOINED,named_baryon_binding_map,ONLY_AFTER_INTERNAL_FREEZE,NO,2026,2026-01-15,40dc2587d9ae912d26fafb6b41f300f341d2a1f4bd620ff5b5f03827c39453fe
masas,40,EXTERNAL_MASS_INVENTORY,1,PDG2026:observable:B049:B049M0:350399,Xi(1530)0 MASS,Xi(1530)- | Xibar(1530)+ | Xi(1530)0 | Xibar(1530)0,MASS,1531.80+-0.32,1531.80+-0.32,MeV,UNAVAILABLE_IN_SNAPSHOT,UNAVAILABLE_IN_SNAPSHOT,NONE,UNAVAILABLE,0.31575272391181958,0.31575272391181958,COMP-BARYON,EXTERNAL_RECORD_ACCOUNTED__INDIVIDUAL_HMT_REALIZATION_NOT_YET_JOINED,named_baryon_binding_map,ONLY_AFTER_INTERNAL_FREEZE,NO,2026,2026-01-15,40dc2587d9ae912d26fafb6b41f300f341d2a1f4bd620ff5b5f03827c39453fe
masas,41,EXTERNAL_MASS_INVENTORY,1,PDG2026:observable:B049:B049M-:350401,Xi(1530)- MASS,Xi(1530)- | Xibar(1530)+ | Xi(1530)0 | Xibar(1530)0,MASS,1535.0+-0.6,1535.0+-0.6,MeV,UNAVAILABLE_IN_SNAPSHOT,UNAVAILABLE_IN_SNAPSHOT,NONE,UNAVAILABLE,0.63202166316087116,0.63202166316087116,COMP-BARYON,EXTERNAL_RECORD_ACCOUNTED__INDIVIDUAL_HMT_REALIZATION_NOT_YET_JOINED,named_baryon_binding_map,ONLY_AFTER_INTERNAL_FREEZE,NO,2026,2026-01-15,40dc2587d9ae912d26fafb6b41f300f341d2a1f4bd620ff5b5f03827c39453fe
masas,42,EXTERNAL_MASS_INVENTORY,1,PDG2026:observable:B050:B050M:350420,Xi(1820) MASS,Xi(1820)- | Xibar(1820)+ | Xi(1820)0 | Xibar(1820)0,MASS,1823+-5,1823+-5,MeV,UNAVAILABLE_IN_SNAPSHOT,UNAVAILABLE_IN_SNAPSHOT,NONE,UNAVAILABLE,5,5,COMP-BARYON,EXTERNAL_RECORD_ACCOUNTED__INDIVIDUAL_HMT_REALIZATION_NOT_YET_JOINED,named_baryon_binding_map,ONLY_AFTER_INTERNAL_FREEZE,NO,2026,2026-01-15,40dc2587d9ae912d26fafb6b41f300f341d2a1f4bd620ff5b5f03827c39453fe
masas,43,EXTERNAL_MASS_INVENTORY,1,PDG2026:observable:B052:B052M:350437,Xi(1950) MASS,Xi(1950)- | Xibar(1950)+ | Xi(1950)0 | Xibar(1950)0,MASS,1950+-15,1950+-15,MeV,UNAVAILABLE_IN_SNAPSHOT,UNAVAILABLE_IN_SNAPSHOT,NONE,UNAVAILABLE,15,15,COMP-BARYON,EXTERNAL_RECORD_ACCOUNTED__INDIVIDUAL_HMT_REALIZATION_NOT_YET_JOINED,named_baryon_binding_map,ONLY_AFTER_INTERNAL_FREEZE,NO,2026,2026-01-15,40dc2587d9ae912d26fafb6b41f300f341d2a1f4bd620ff5b5f03827c39453fe
masas,44,EXTERNAL_MASS_INVENTORY,1,PDG2026:observable:B053:B053M:350283,Sigma(2455) MASS,Sigma(2455)- | Sigmabar(2455)+ | Sigma(2455)0 | Sigmabar(2455)0 | Sigma(2455)+ | Sigmabar(2455)-,MASS,~2455,~2455,MeV,UNAVAILABLE_IN_SNAPSHOT,UNAVAILABLE_IN_SNAPSHOT,NONE,UNAVAILABLE,UNAVAILABLE,UNAVAILABLE,COMP-BARYON,EXTERNAL_RECORD_ACCOUNTED__INDIVIDUAL_HMT_REALIZATION_NOT_YET_JOINED,named_baryon_binding_map,ONLY_AFTER_INTERNAL_FREEZE,NO,2026,2026-01-15,40dc2587d9ae912d26fafb6b41f300f341d2a1f4bd620ff5b5f03827c39453fe
masas,45,EXTERNAL_MASS_INVENTORY,1,PDG2026:observable:B054:B054M:350284,Sigma(2620) MASS,Sigma(2620)- | Sigmabar(2620)+ | Sigma(2620)0 | Sigmabar(2620)0 | Sigma(2620)+ | Sigmabar(2620)-,MASS,~2620,~2620,MeV,UNAVAILABLE_IN_SNAPSHOT,UNAVAILABLE_IN_SNAPSHOT,NONE,UNAVAILABLE,UNAVAILABLE,UNAVAILABLE,COMP-BARYON,EXTERNAL_RECORD_ACCOUNTED__INDIVIDUAL_HMT_REALIZATION_NOT_YET_JOINED,named_baryon_binding_map,ONLY_AFTER_INTERNAL_FREEZE,NO,2026,2026-01-15,40dc2587d9ae912d26fafb6b41f300f341d2a1f4bd620ff5b5f03827c39453fe
masas,46,EXTERNAL_MASS_INVENTORY,1,PDG2026:observable:B055:B055M:349518,Lambda(1690) MASS,Lambda(1690)0 | Lambdabar(1690)0,MASS,1685 to 1690 to 1695,1685 to 1695 (~1690),MeV,UNAVAILABLE_IN_SNAPSHOT,UNAVAILABLE_IN_SNAPSHOT,R,UNAVAILABLE,NOT_APPLICABLE,NOT_APPLICABLE,COMP-BARYON,EXTERNAL_RECORD_ACCOUNTED__INDIVIDUAL_HMT_REALIZATION_NOT_YET_JOINED,named_baryon_binding_map,ONLY_AFTER_INTERNAL_FREEZE,NO,2026,2026-01-15,40dc2587d9ae912d26fafb6b41f300f341d2a1f4bd620ff5b5f03827c39453fe
masas,47,EXTERNAL_MASS_INVENTORY,1,PDG2026:observable:B056:B056M:349614,Lambda(1830) MASS,Lambda(1830)0 | Lambdabar(1830)0,MASS,1820 to 1825 to 1830,1820 to 1830 (~1825),MeV,UNAVAILABLE_IN_SNAPSHOT,UNAVAILABLE_IN_SNAPSHOT,R,UNAVAILABLE,NOT_APPLICABLE,NOT_APPLICABLE,COMP-BARYON,EXTERNAL_RECORD_ACCOUNTED__INDIVIDUAL_HMT_REALIZATION_NOT_YET_JOINED,named_baryon_binding_map,ONLY_AFTER_INTERNAL_FREEZE,NO,2026,2026-01-15,40dc2587d9ae912d26fafb6b41f300f341d2a1f4bd620ff5b5f03827c39453fe
masas,48,EXTERNAL_MASS_INVENTORY,1,PDG2026:observable:B057:B057M:349966,Sigma(1750) MASS,Sigma(1750)- | Sigmabar(1750)+ | Sigma(1750)0 | Sigmabar(1750)0 | Sigma(1750)+ | Sigmabar(1750)-,MASS,1700 to 1750 to 1800,1700 to 1800 (~1750),MeV,UNAVAILABLE_IN_SNAPSHOT,UNAVAILABLE_IN_SNAPSHOT,R,UNAVAILABLE,NOT_APPLICABLE,NOT_APPLICABLE,COMP-BARYON,EXTERNAL_RECORD_ACCOUNTED__INDIVIDUAL_HMT_REALIZATION_NOT_YET_JOINED,named_baryon_binding_map,ONLY_AFTER_INTERNAL_FREEZE,NO,2026,2026-01-15,40dc2587d9ae912d26fafb6b41f300f341d2a1f4bd620ff5b5f03827c39453fe
masas,49,EXTERNAL_MASS_INVENTORY,1,PDG2026:observable:B059:B059M:350285,Sigma(3000) MASS,Sigma(3000)- | Sigmabar(3000)+ | Sigma(3000)0 | Sigmabar(3000)0 | Sigma(3000)+ | Sigmabar(3000)-,MASS,~3000,~3000,MeV,UNAVAILABLE_IN_SNAPSHOT,UNAVAILABLE_IN_SNAPSHOT,NONE,UNAVAILABLE,UNAVAILABLE,UNAVAILABLE,COMP-BARYON,EXTERNAL_RECORD_ACCOUNTED__INDIVIDUAL_HMT_REALIZATION_NOT_YET_JOINED,named_baryon_binding_map,ONLY_AFTER_INTERNAL_FREEZE,NO,2026,2026-01-15,40dc2587d9ae912d26fafb6b41f300f341d2a1f4bd620ff5b5f03827c39453fe
masas,50,EXTERNAL_MASS_INVENTORY,1,PDG2026:observable:B060:B060M:349635,Lambda(1890) MASS,Lambda(1890)0 | Lambdabar(1890)0,MASS,1870 to 1890 to 1910,1870 to 1910 (~1890),MeV,UNAVAILABLE_IN_SNAPSHOT,UNAVAILABLE_IN_SNAPSHOT,R,UNAVAILABLE,NOT_APPLICABLE,NOT_APPLICABLE,COMP-BARYON,EXTERNAL_RECORD_ACCOUNTED__INDIVIDUAL_HMT_REALIZATION_NOT_YET_JOINED,named_baryon_binding_map,ONLY_AFTER_INTERNAL_FREEZE,NO,2026,2026-01-15,40dc2587d9ae912d26fafb6b41f300f341d2a1f4bd620ff5b5f03827c39453fe
masas,51,EXTERNAL_MASS_INVENTORY,1,PDG2026:observable:B061:B061M:348326,N(1440) BREIT-WIGNER MASS,N(1440)0 | Nbar(1440)0 | N(1440)+ | Nbar(1440)-,MASS,1410 to 1440 to 1470,1410 to 1470 (~1440),MeV,UNAVAILABLE_IN_SNAPSHOT,UNAVAILABLE_IN_SNAPSHOT,R,UNAVAILABLE,NOT_APPLICABLE,NOT_APPLICABLE,COMP-BARYON,EXTERNAL_RECORD_ACCOUNTED__INDIVIDUAL_HMT_REALIZATION_NOT_YET_JOINED,named_baryon_binding_map,ONLY_AFTER_INTERNAL_FREEZE,NO,2026,2026-01-15,40dc2587d9ae912d26fafb6b41f300f341d2a1f4bd620ff5b5f03827c39453fe
masas,52,EXTERNAL_MASS_INVENTORY,1,PDG2026:observable:B062:B062M:348349,N(1520) BREIT-WIGNER MASS,N(1520)0 | Nbar(1520)0 | N(1520)+ | Nbar(1520)-,MASS,1510 TO 1515 TO 1520,1510 to 1520 (~1515),MeV,UNAVAILABLE_IN_SNAPSHOT,UNAVAILABLE_IN_SNAPSHOT,R,UNAVAILABLE,NOT_APPLICABLE,NOT_APPLICABLE,COMP-BARYON,EXTERNAL_RECORD_ACCOUNTED__INDIVIDUAL_HMT_REALIZATION_NOT_YET_JOINED,named_baryon_binding_map,ONLY_AFTER_INTERNAL_FREEZE,NO,2026,2026-01-15,40dc2587d9ae912d26fafb6b41f300f341d2a1f4bd620ff5b5f03827c39453fe
masas,53,EXTERNAL_MASS_INVENTORY,1,PDG2026:observable:B063:B063M:348383,N(1535) BREIT-WIGNER MASS,N(1535)0 | Nbar(1535)0 | N(1535)+ | Nbar(1535)-,MASS,1515 to 1530 to 1545,1515 to 1545 (~1530),MeV,UNAVAILABLE_IN_SNAPSHOT,UNAVAILABLE_IN_SNAPSHOT,R,UNAVAILABLE,NOT_APPLICABLE,NOT_APPLICABLE,COMP-BARYON,EXTERNAL_RECORD_ACCOUNTED__INDIVIDUAL_HMT_REALIZATION_NOT_YET_JOINED,named_baryon_binding_map,ONLY_AFTER_INTERNAL_FREEZE,NO,2026,2026-01-15,40dc2587d9ae912d26fafb6b41f300f341d2a1f4bd620ff5b5f03827c39453fe
masas,54,EXTERNAL_MASS_INVENTORY,1,PDG2026:observable:B064:B064M:348435,N(1675) BREIT-WIGNER MASS,N(1675)0 | Nbar(1675)0 | N(1675)+ | Nbar(1675)-,MASS,1665 to 1675 to 1680,1665 to 1680 (~1675),MeV,UNAVAILABLE_IN_SNAPSHOT,UNAVAILABLE_IN_SNAPSHOT,R,UNAVAILABLE,NOT_APPLICABLE,NOT_APPLICABLE,COMP-BARYON,EXTERNAL_RECORD_ACCOUNTED__INDIVIDUAL_HMT_REALIZATION_NOT_YET_JOINED,named_baryon_binding_map,ONLY_AFTER_INTERNAL_FREEZE,NO,2026,2026-01-15,40dc2587d9ae912d26fafb6b41f300f341d2a1f4bd620ff5b5f03827c39453fe
masas,55,EXTERNAL_MASS_INVENTORY,1,PDG2026:observable:B065:B065M:348467,N(1680) BREIT-WIGNER MASS,N(1680)0 | Nbar(1680)0 | N(1680)+ | Nbar(1680)-,MASS,1680 TO 1685 TO 1690,1680 to 1690 (~1685),MeV,UNAVAILABLE_IN_SNAPSHOT,UNAVAILABLE_IN_SNAPSHOT,R,UNAVAILABLE,NOT_APPLICABLE,NOT_APPLICABLE,COMP-BARYON,EXTERNAL_RECORD_ACCOUNTED__INDIVIDUAL_HMT_REALIZATION_NOT_YET_JOINED,named_baryon_binding_map,ONLY_AFTER_INTERNAL_FREEZE,NO,2026,2026-01-15,40dc2587d9ae912d26fafb6b41f300f341d2a1f4bd620ff5b5f03827c39453fe
masas,56,EXTERNAL_MASS_INVENTORY,1,PDG2026:observable:B066:B066M:348410,N(1650) BREIT-WIGNER MASS,N(1650)0 | Nbar(1650)0 | N(1650)+ | Nbar(1650)-,MASS,1635 to 1650 to 1665,1635 to 1665 (~1650),MeV,UNAVAILABLE_IN_SNAPSHOT,UNAVAILABLE_IN_SNAPSHOT,R,UNAVAILABLE,NOT_APPLICABLE,NOT_APPLICABLE,COMP-BARYON,EXTERNAL_RECORD_ACCOUNTED__INDIVIDUAL_HMT_REALIZATION_NOT_YET_JOINED,named_baryon_binding_map,ONLY_AFTER_INTERNAL_FREEZE,NO,2026,2026-01-15,40dc2587d9ae912d26fafb6b41f300f341d2a1f4bd620ff5b5f03827c39453fe
masas,57,EXTERNAL_MASS_INVENTORY,1,PDG2026:observable:B067:B067M:349999,Sigma(1880) MASS,Sigma(1880)- | Sigmabar(1880)+ | Sigma(1880)0 | Sigmabar(1880)0 | Sigma(1880)+ | Sigmabar(1880)-,MASS,1820 to 1880 to 1940,1820 to 1940 (~1880),MeV,UNAVAILABLE_IN_SNAPSHOT,UNAVAILABLE_IN_SNAPSHOT,R,UNAVAILABLE,NOT_APPLICABLE,NOT_APPLICABLE,COMP-BARYON,EXTERNAL_RECORD_ACCOUNTED__INDIVIDUAL_HMT_REALIZATION_NOT_YET_JOINED,named_baryon_binding_map,ONLY_AFTER_INTERNAL_FREEZE,NO,2026,2026-01-15,40dc2587d9ae912d26fafb6b41f300f341d2a1f4bd620ff5b5f03827c39453fe
masas,58,EXTERNAL_MASS_INVENTORY,1,PDG2026:observable:B068:B068M:350443,Xi(2030) MASS,Xi(2030)- | Xibar(2030)+ | Xi(2030)0 | Xibar(2030)0,MASS,2025+-5,2025+-5,MeV,UNAVAILABLE_IN_SNAPSHOT,UNAVAILABLE_IN_SNAPSHOT,NONE,UNAVAILABLE,5,5,COMP-BARYON,EXTERNAL_RECORD_ACCOUNTED__INDIVIDUAL_HMT_REALIZATION_NOT_YET_JOINED,named_baryon_binding_map,ONLY_AFTER_INTERNAL_FREEZE,NO,2026,2026-01-15,40dc2587d9ae912d26fafb6b41f300f341d2a1f4bd620ff5b5f03827c39453fe
masas,59,EXTERNAL_MASS_INVENTORY,1,PDG2026:observable:B071:B071M:348953,N(2190) BREIT-WIGNER MASS,N(2190)0 | Nbar(2190)0 | N(2190)+ | Nbar(2190)-,MASS,2140 to 2180 to 2220,2140 to 2220 (~2180),MeV,UNAVAILABLE_IN_SNAPSHOT,UNAVAILABLE_IN_SNAPSHOT,R,UNAVAILABLE,NOT_APPLICABLE,NOT_APPLICABLE,COMP-BARYON,EXTERNAL_RECORD_ACCOUNTED__INDIVIDUAL_HMT_REALIZATION_NOT_YET_JOINED,named_baryon_binding_map,ONLY_AFTER_INTERNAL_FREEZE,NO,2026,2026-01-15,40dc2587d9ae912d26fafb6b41f300f341d2a1f4bd620ff5b5f03827c39453fe
masas,60,EXTERNAL_MASS_INVENTORY,1,PDG2026:observable:B077:B077M:349576,Lambda(1810) MASS,Lambda(1810)0 | Lambdabar(1810)0,MASS,1740 to 1790 to 1840,1740 to 1840 (~1790),MeV,UNAVAILABLE_IN_SNAPSHOT,UNAVAILABLE_IN_SNAPSHOT,R,UNAVAILABLE,NOT_APPLICABLE,NOT_APPLICABLE,COMP-BARYON,EXTERNAL_RECORD_ACCOUNTED__INDIVIDUAL_HMT_REALIZATION_NOT_YET_JOINED,named_baryon_binding_map,ONLY_AFTER_INTERNAL_FREEZE,NO,2026,2026-01-15,40dc2587d9ae912d26fafb6b41f300f341d2a1f4bd620ff5b5f03827c39453fe
masas,61,EXTERNAL_MASS_INVENTORY,1,PDG2026:observable:B079:B079M:349920,Sigma(1660) MASS,Sigma(1660)- | Sigmabar(1660)+ | Sigma(1660)0 | Sigmabar(1660)0 | Sigma(1660)+ | Sigmabar(1660)-,MASS,1640 to 1660 to 1680,1640 to 1680 (~1660),MeV,UNAVAILABLE_IN_SNAPSHOT,UNAVAILABLE_IN_SNAPSHOT,R,UNAVAILABLE,NOT_APPLICABLE,NOT_APPLICABLE,COMP-BARYON,EXTERNAL_RECORD_ACCOUNTED__INDIVIDUAL_HMT_REALIZATION_NOT_YET_JOINED,named_baryon_binding_map,ONLY_AFTER_INTERNAL_FREEZE,NO,2026,2026-01-15,40dc2587d9ae912d26fafb6b41f300f341d2a1f4bd620ff5b5f03827c39453fe
masas,62,EXTERNAL_MASS_INVENTORY,1,PDG2026:observable:B082:B082M:349078,Delta(1620) BREIT-WIGNER MASS,Delta(1620)- | Deltabar(1620)+ | Delta(1620)0 | Deltabar(1620)0 | Delta(1620)+ | Deltabar(1620)- | Delta(1620)++ | Deltabar(1620)--,MASS,1590 to 1610 to 1630,1590 to 1630 (~1610),MeV,UNAVAILABLE_IN_SNAPSHOT,UNAVAILABLE_IN_SNAPSHOT,R,UNAVAILABLE,NOT_APPLICABLE,NOT_APPLICABLE,COMP-BARYON,EXTERNAL_RECORD_ACCOUNTED__INDIVIDUAL_HMT_REALIZATION_NOT_YET_JOINED,named_baryon_binding_map,ONLY_AFTER_INTERNAL_FREEZE,NO,2026,2026-01-15,40dc2587d9ae912d26fafb6b41f300f341d2a1f4bd620ff5b5f03827c39453fe
masas,63,EXTERNAL_MASS_INVENTORY,1,PDG2026:observable:B083:B083M:349308,Delta(1950) BREIT-WIGNER MASS,Delta(1950)- | Deltabar(1950)+ | Delta(1950)0 | Deltabar(1950)0 | Delta(1950)+ | Deltabar(1950)- | Delta(1950)++ | Deltabar(1950)--,MASS,1915 to 1930 to 1950,1915 to 1950 (~1930),MeV,UNAVAILABLE_IN_SNAPSHOT,UNAVAILABLE_IN_SNAPSHOT,R,UNAVAILABLE,NOT_APPLICABLE,NOT_APPLICABLE,COMP-BARYON,EXTERNAL_RECORD_ACCOUNTED__INDIVIDUAL_HMT_REALIZATION_NOT_YET_JOINED,named_baryon_binding_map,ONLY_AFTER_INTERNAL_FREEZE,NO,2026,2026-01-15,40dc2587d9ae912d26fafb6b41f300f341d2a1f4bd620ff5b5f03827c39453fe
masas,64,EXTERNAL_MASS_INVENTORY,1,PDG2026:observable:B084:B084M:349359,Delta(2420) BREIT-WIGNER MASS,Delta(2420)- | Deltabar(2420)+ | Delta(2420)0 | Deltabar(2420)0 | Delta(2420)+ | Deltabar(2420)- | Delta(2420)++ | Deltabar(2420)--,MASS,2300 to 2450 to 2600,2300 to 2600 (~2450),MeV,UNAVAILABLE_IN_SNAPSHOT,UNAVAILABLE_IN_SNAPSHOT,R,UNAVAILABLE,NOT_APPLICABLE,NOT_APPLICABLE,COMP-BARYON,EXTERNAL_RECORD_ACCOUNTED__INDIVIDUAL_HMT_REALIZATION_NOT_YET_JOINED,named_baryon_binding_map,ONLY_AFTER_INTERNAL_FREEZE,NO,2026,2026-01-15,40dc2587d9ae912d26fafb6b41f300f341d2a1f4bd620ff5b5f03827c39453fe
masas,65,EXTERNAL_MASS_INVENTORY,1,PDG2026:observable:B087:B087M:348671,N(1880) BREIT-WIGNER MASS,N(1880)0 | Nbar(1880)0 | N(1880)+ | Nbar(1880)-,MASS,1830 to 1880 to 1930,1830 to 1930 (~1880),MeV,UNAVAILABLE_IN_SNAPSHOT,UNAVAILABLE_IN_SNAPSHOT,R,UNAVAILABLE,NOT_APPLICABLE,NOT_APPLICABLE,COMP-BARYON,EXTERNAL_RECORD_ACCOUNTED__INDIVIDUAL_HMT_REALIZATION_NOT_YET_JOINED,named_baryon_binding_map,ONLY_AFTER_INTERNAL_FREEZE,NO,2026,2026-01-15,40dc2587d9ae912d26fafb6b41f300f341d2a1f4bd620ff5b5f03827c39453fe
masas,66,EXTERNAL_MASS_INVENTORY,1,PDG2026:observable:B088:B088M:350188,Sigma(2080) MASS,Sigma(2080)- | Sigmabar(2080)+ | Sigma(2080)0 | Sigmabar(2080)0 | Sigma(2080)+ | Sigmabar(2080)-,MASS,2060 to 2090 to 2120,2060 to 2120 (~2090),MeV,UNAVAILABLE_IN_SNAPSHOT,UNAVAILABLE_IN_SNAPSHOT,R,UNAVAILABLE,NOT_APPLICABLE,NOT_APPLICABLE,COMP-BARYON,EXTERNAL_RECORD_ACCOUNTED__INDIVIDUAL_HMT_REALIZATION_NOT_YET_JOINED,named_baryon_binding_map,ONLY_AFTER_INTERNAL_FREEZE,NO,2026,2026-01-15,40dc2587d9ae912d26fafb6b41f300f341d2a1f4bd620ff5b5f03827c39453fe
masas,67,EXTERNAL_MASS_INVENTORY,1,PDG2026:observable:B089:B089M:349646,Lambda(2000) MASS,Lambda(2000)0 | Lambdabar(2000)0,MASS,~2000,~2000,MeV,UNAVAILABLE_IN_SNAPSHOT,UNAVAILABLE_IN_SNAPSHOT,NONE,UNAVAILABLE,UNAVAILABLE,UNAVAILABLE,COMP-BARYON,EXTERNAL_RECORD_ACCOUNTED__INDIVIDUAL_HMT_REALIZATION_NOT_YET_JOINED,named_baryon_binding_map,ONLY_AFTER_INTERNAL_FREEZE,NO,2026,2026-01-15,40dc2587d9ae912d26fafb6b41f300f341d2a1f4bd620ff5b5f03827c39453fe
masas,68,EXTERNAL_MASS_INVENTORY,1,PDG2026:observable:B090:B090M:348986,N(2220) BREIT-WIGNER MASS,N(2220)0 | Nbar(2220)0 | N(2220)+ | Nbar(2220)-,MASS,2200 TO 2250 TO 2300,2200 to 2300 (~2250),MeV,UNAVAILABLE_IN_SNAPSHOT,UNAVAILABLE_IN_SNAPSHOT,R,UNAVAILABLE,NOT_APPLICABLE,NOT_APPLICABLE,COMP-BARYON,EXTERNAL_RECORD_ACCOUNTED__INDIVIDUAL_HMT_REALIZATION_NOT_YET_JOINED,named_baryon_binding_map,ONLY_AFTER_INTERNAL_FREEZE,NO,2026,2026-01-15,40dc2587d9ae912d26fafb6b41f300f341d2a1f4bd620ff5b5f03827c39453fe
masas,69,EXTERNAL_MASS_INVENTORY,1,PDG2026:observable:B098:B098M:350050,Sigma(1910) MASS,Sigma(1910)- | Sigmabar(1910)+ | Sigma(1910)0 | Sigmabar(1910)0 | Sigma(1910)+ | Sigmabar(1910)-,MASS,1870 to 1910 to 1950,1870 to 1950 (~1910),MeV,UNAVAILABLE_IN_SNAPSHOT,UNAVAILABLE_IN_SNAPSHOT,R,UNAVAILABLE,NOT_APPLICABLE,NOT_APPLICABLE,COMP-BARYON,EXTERNAL_RECORD_ACCOUNTED__INDIVIDUAL_HMT_REALIZATION_NOT_YET_JOINED,named_baryon_binding_map,ONLY_AFTER_INTERNAL_FREEZE,NO,2026,2026-01-15,40dc2587d9ae912d26fafb6b41f300f341d2a1f4bd620ff5b5f03827c39453fe
masas,70,EXTERNAL_MASS_INVENTORY,1,PDG2026:observable:B099:B099M:350464,Xi(2500) MASS,Xi(2500)- | Xibar(2500)+ | Xi(2500)0 | Xibar(2500)0,MASS,~2500,~2500,MeV,UNAVAILABLE_IN_SNAPSHOT,UNAVAILABLE_IN_SNAPSHOT,NONE,UNAVAILABLE,UNAVAILABLE,UNAVAILABLE,COMP-BARYON,EXTERNAL_RECORD_ACCOUNTED__INDIVIDUAL_HMT_REALIZATION_NOT_YET_JOINED,named_baryon_binding_map,ONLY_AFTER_INTERNAL_FREEZE,NO,2026,2026-01-15,40dc2587d9ae912d26fafb6b41f300f341d2a1f4bd620ff5b5f03827c39453fe
masas,71,EXTERNAL_MASS_INVENTORY,1,PDG2026:observable:B101:B101M:349472,Lambda(1600) MASS,Lambda(1600)0 | Lambdabar(1600)0,MASS,1570 to 1600 to 1630,1570 to 1630 (~1600),MeV,UNAVAILABLE_IN_SNAPSHOT,UNAVAILABLE_IN_SNAPSHOT,R,UNAVAILABLE,NOT_APPLICABLE,NOT_APPLICABLE,COMP-BARYON,EXTERNAL_RECORD_ACCOUNTED__INDIVIDUAL_HMT_REALIZATION_NOT_YET_JOINED,named_baryon_binding_map,ONLY_AFTER_INTERNAL_FREEZE,NO,2026,2026-01-15,40dc2587d9ae912d26fafb6b41f300f341d2a1f4bd620ff5b5f03827c39453fe
masas,72,EXTERNAL_MASS_INVENTORY,1,PDG2026:observable:B102:B102M:350934,Lambda_c(2625)+ MASS,Lambda_c(2625)+ | Lambdabar_c(2625)-,MASS,2628.00+-0.15,2628.00+-0.15,MeV,UNAVAILABLE_IN_SNAPSHOT,UNAVAILABLE_IN_SNAPSHOT,NONE,UNAVAILABLE,0.14735968814977221,0.14735968814977221,COMP-BARYON,EXTERNAL_RECORD_ACCOUNTED__INDIVIDUAL_HMT_REALIZATION_NOT_YET_JOINED,named_baryon_binding_map,ONLY_AFTER_INTERNAL_FREEZE,NO,2026,2026-01-15,40dc2587d9ae912d26fafb6b41f300f341d2a1f4bd620ff5b5f03827c39453fe
masas,73,EXTERNAL_MASS_INVENTORY,1,PDG2026:observable:B103:B103M:350454,Xi(2120) MASS,Xi(2120)- | Xibar(2120)+ | Xi(2120)0 | Xibar(2120)0,MASS,~2120,~2120,MeV,UNAVAILABLE_IN_SNAPSHOT,UNAVAILABLE_IN_SNAPSHOT,NONE,UNAVAILABLE,UNAVAILABLE,UNAVAILABLE,COMP-BARYON,EXTERNAL_RECORD_ACCOUNTED__INDIVIDUAL_HMT_REALIZATION_NOT_YET_JOINED,named_baryon_binding_map,ONLY_AFTER_INTERNAL_FREEZE,NO,2026,2026-01-15,40dc2587d9ae912d26fafb6b41f300f341d2a1f4bd620ff5b5f03827c39453fe
masas,74,EXTERNAL_MASS_INVENTORY,1,PDG2026:observable:B104:B104M++:350985,Sigma_c(2455)++ MASS,Sigma_c(2455)0 | Sigmabar_c(2455)0 | Sigma_c(2455)+ | Sigmabar_c(2455)- | Sigma_c(2455)++ | Sigmabar_c(2455)--,MASS,2453.97+-0.14,2453.97+-0.14,MeV,UNAVAILABLE_IN_SNAPSHOT,UNAVAILABLE_IN_SNAPSHOT,NONE,UNAVAILABLE,0.14100978554010379,0.14100978554010379,COMP-BARYON,EXTERNAL_RECORD_ACCOUNTED__INDIVIDUAL_HMT_REALIZATION_NOT_YET_JOINED,named_baryon_binding_map,ONLY_AFTER_INTERNAL_FREEZE,NO,2026,2026-01-15,40dc2587d9ae912d26fafb6b41f300f341d2a1f4bd620ff5b5f03827c39453fe
masas,75,EXTERNAL_MASS_INVENTORY,1,PDG2026:observable:B104:B104M+:350986,Sigma_c(2455)+ MASS,Sigma_c(2455)0 | Sigmabar_c(2455)0 | Sigma_c(2455)+ | Sigmabar_c(2455)- | Sigma_c(2455)++ | Sigmabar_c(2455)--,MASS,2452.65+0.22-0.16,2452.65+0.22-0.16,MeV,UNAVAILABLE_IN_SNAPSHOT,UNAVAILABLE_IN_SNAPSHOT,NONE,UNAVAILABLE,0.2179325720612677,0.15750625023659159,COMP-BARYON,EXTERNAL_RECORD_ACCOUNTED__INDIVIDUAL_HMT_REALIZATION_NOT_YET_JOINED,named_baryon_binding_map,ONLY_AFTER_INTERNAL_FREEZE,NO,2026,2026-01-15,40dc2587d9ae912d26fafb6b41f300f341d2a1f4bd620ff5b5f03827c39453fe
masas,76,EXTERNAL_MASS_INVENTORY,1,PDG2026:observable:B104:B104M0:350987,Sigma_c(2455)0 MASS,Sigma_c(2455)0 | Sigmabar_c(2455)0 | Sigma_c(2455)+ | Sigmabar_c(2455)- | Sigma_c(2455)++ | Sigmabar_c(2455)--,MASS,2453.75+-0.14,2453.75+-0.14,MeV,UNAVAILABLE_IN_SNAPSHOT,UNAVAILABLE_IN_SNAPSHOT,NONE,UNAVAILABLE,0.14100937832457261,0.14100937832457261,COMP-BARYON,EXTERNAL_RECORD_ACCOUNTED__INDIVIDUAL_HMT_REALIZATION_NOT_YET_JOINED,named_baryon_binding_map,ONLY_AFTER_INTERNAL_FREEZE,NO,2026,2026-01-15,40dc2587d9ae912d26fafb6b41f300f341d2a1f4bd620ff5b5f03827c39453fe
masas,77,EXTERNAL_MASS_INVENTORY,1,PDG2026:observable:B105:B105M:350412,MIXED CHARGES,Xi(1690)- | Xibar(1690)+ | Xi(1690)0 | Xibar(1690)0,MASS,1690+-10,1690+-10,MeV,UNAVAILABLE_IN_SNAPSHOT,UNAVAILABLE_IN_SNAPSHOT,NONE,UNAVAILABLE,10,10,COMP-BARYON,EXTERNAL_RECORD_ACCOUNTED__INDIVIDUAL_HMT_REALIZATION_NOT_YET_JOINED,named_baryon_binding_map,ONLY_AFTER_INTERNAL_FREEZE,NO,2026,2026-01-15,40dc2587d9ae912d26fafb6b41f300f341d2a1f4bd620ff5b5f03827c39453fe
masas,78,EXTERNAL_MASS_INVENTORY,1,PDG2026:observable:B112:B112M:349774,Lambda(2325) MASS,Lambda(2325)0 | Lambdabar(2325)0,MASS,~2325,~2325,MeV,UNAVAILABLE_IN_SNAPSHOT,UNAVAILABLE_IN_SNAPSHOT,NONE,UNAVAILABLE,UNAVAILABLE,UNAVAILABLE,COMP-BARYON,EXTERNAL_RECORD_ACCOUNTED__INDIVIDUAL_HMT_REALIZATION_NOT_YET_JOINED,named_baryon_binding_map,ONLY_AFTER_INTERNAL_FREEZE,NO,2026,2026-01-15,40dc2587d9ae912d26fafb6b41f300f341d2a1f4bd620ff5b5f03827c39453fe
masas,79,EXTERNAL_MASS_INVENTORY,1,PDG2026:observable:B113:B113M:349004,N(2250) BREIT-WIGNER MASS,N(2250)0 | Nbar(2250)0 | N(2250)+ | Nbar(2250)-,MASS,2250 to 2280 to 2320,2250 to 2320 (~2280),MeV,UNAVAILABLE_IN_SNAPSHOT,UNAVAILABLE_IN_SNAPSHOT,R,UNAVAILABLE,NOT_APPLICABLE,NOT_APPLICABLE,COMP-BARYON,EXTERNAL_RECORD_ACCOUNTED__INDIVIDUAL_HMT_REALIZATION_NOT_YET_JOINED,named_baryon_binding_map,ONLY_AFTER_INTERNAL_FREEZE,NO,2026,2026-01-15,40dc2587d9ae912d26fafb6b41f300f341d2a1f4bd620ff5b5f03827c39453fe
masas,80,EXTERNAL_MASS_INVENTORY,1,PDG2026:observable:B115:B115M++:351001,Sigma_c(2520)++ MASS,Sigma_c(2520)0 | Sigmabar_c(2520)0 | Sigma_c(2520)+ | Sigmabar_c(2520)- | Sigma_c(2520)++ | Sigmabar_c(2520)--,MASS,2518.41+-0.22,2518.41+-0.22,MeV,UNAVAILABLE_IN_SNAPSHOT,UNAVAILABLE_IN_SNAPSHOT,NONE,UNAVAILABLE,0.22441420873039311,0.22441420873039311,COMP-BARYON,EXTERNAL_RECORD_ACCOUNTED__INDIVIDUAL_HMT_REALIZATION_NOT_YET_JOINED,named_baryon_binding_map,ONLY_AFTER_INTERNAL_FREEZE,NO,2026,2026-01-15,40dc2587d9ae912d26fafb6b41f300f341d2a1f4bd620ff5b5f03827c39453fe
masas,81,EXTERNAL_MASS_INVENTORY,1,PDG2026:observable:B115:B115M+:351002,Sigma_c(2520)+ MASS,Sigma_c(2520)0 | Sigmabar_c(2520)0 | Sigma_c(2520)+ | Sigmabar_c(2520)- | Sigma_c(2520)++ | Sigmabar_c(2520)--,MASS,2517.4+0.7-0.5,2517.4+0.7-0.5,MeV,UNAVAILABLE_IN_SNAPSHOT,UNAVAILABLE_IN_SNAPSHOT,NONE,UNAVAILABLE,0.68505102093303338,0.52419384686487569,COMP-BARYON,EXTERNAL_RECORD_ACCOUNTED__INDIVIDUAL_HMT_REALIZATION_NOT_YET_JOINED,named_baryon_binding_map,ONLY_AFTER_INTERNAL_FREEZE,NO,2026,2026-01-15,40dc2587d9ae912d26fafb6b41f300f341d2a1f4bd620ff5b5f03827c39453fe
masas,82,EXTERNAL_MASS_INVENTORY,1,PDG2026:observable:B115:B115M0:351003,Sigma_c(2520)0 MASS,Sigma_c(2520)0 | Sigmabar_c(2520)0 | Sigma_c(2520)+ | Sigmabar_c(2520)- | Sigma_c(2520)++ | Sigmabar_c(2520)--,MASS,2518.48+-0.21,2518.48+-0.21,MeV,UNAVAILABLE_IN_SNAPSHOT,UNAVAILABLE_IN_SNAPSHOT,NONE,UNAVAILABLE,0.20795724066290969,0.20795724066290969,COMP-BARYON,EXTERNAL_RECORD_ACCOUNTED__INDIVIDUAL_HMT_REALIZATION_NOT_YET_JOINED,named_baryon_binding_map,ONLY_AFTER_INTERNAL_FREEZE,NO,2026,2026-01-15,40dc2587d9ae912d26fafb6b41f300f341d2a1f4bd620ff5b5f03827c39453fe
masas,83,EXTERNAL_MASS_INVENTORY,1,PDG2026:observable:B117:B117M:349208,Delta(1920) BREIT-WIGNER MASS,Delta(1920)- | Deltabar(1920)+ | Delta(1920)0 | Deltabar(1920)0 | Delta(1920)+ | Deltabar(1920)- | Delta(1920)++ | Deltabar(1920)--,MASS,1870 to 1920 to 1970,1870 to 1970 (~1920),MeV,UNAVAILABLE_IN_SNAPSHOT,UNAVAILABLE_IN_SNAPSHOT,R,UNAVAILABLE,NOT_APPLICABLE,NOT_APPLICABLE,COMP-BARYON,EXTERNAL_RECORD_ACCOUNTED__INDIVIDUAL_HMT_REALIZATION_NOT_YET_JOINED,named_baryon_binding_map,ONLY_AFTER_INTERNAL_FREEZE,NO,2026,2026-01-15,40dc2587d9ae912d26fafb6b41f300f341d2a1f4bd620ff5b5f03827c39453fe
masas,84,EXTERNAL_MASS_INVENTORY,1,PDG2026:observable:B118:B118M:350286,Sigma(3170) MASS (PRODUCTION EXPERIMENTS),Sigma(3170)- | Sigmabar(3170)+ | Sigma(3170)0 | Sigmabar(3170)0 | Sigma(3170)+ | Sigmabar(3170)-,MASS,~3170,~3170,MeV,UNAVAILABLE_IN_SNAPSHOT,UNAVAILABLE_IN_SNAPSHOT,NONE,UNAVAILABLE,UNAVAILABLE,UNAVAILABLE,COMP-BARYON,EXTERNAL_RECORD_ACCOUNTED__INDIVIDUAL_HMT_REALIZATION_NOT_YET_JOINED,named_baryon_binding_map,ONLY_AFTER_INTERNAL_FREEZE,NO,2026,2026-01-15,40dc2587d9ae912d26fafb6b41f300f341d2a1f4bd620ff5b5f03827c39453fe
masas,85,EXTERNAL_MASS_INVENTORY,1,PDG2026:observable:B119:B119M:350917,Lambda_c(2595)+ MASS,Lambda_c(2595)+ | Lambdabar_c(2595)-,MASS,2592.25+-0.28,2592.25+-0.28,MeV,UNAVAILABLE_IN_SNAPSHOT,UNAVAILABLE_IN_SNAPSHOT,NONE,UNAVAILABLE,0.28142494558940517,0.28142494558940517,COMP-BARYON,EXTERNAL_RECORD_ACCOUNTED__INDIVIDUAL_HMT_REALIZATION_NOT_YET_JOINED,named_baryon_binding_map,ONLY_AFTER_INTERNAL_FREEZE,NO,2026,2026-01-15,40dc2587d9ae912d26fafb6b41f300f341d2a1f4bd620ff5b5f03827c39453fe
masas,86,EXTERNAL_MASS_INVENTORY,1,PDG2026:observable:B120:B120M:349022,N(2600) BREIT-WIGNER MASS,N(2600)0 | Nbar(2600)0 | N(2600)+ | Nbar(2600)-,MASS,2550 TO 2600 TO 2750,2550 to 2750 (~2600),MeV,UNAVAILABLE_IN_SNAPSHOT,UNAVAILABLE_IN_SNAPSHOT,R,UNAVAILABLE,NOT_APPLICABLE,NOT_APPLICABLE,COMP-BARYON,EXTERNAL_RECORD_ACCOUNTED__INDIVIDUAL_HMT_REALIZATION_NOT_YET_JOINED,named_baryon_binding_map,ONLY_AFTER_INTERNAL_FREEZE,NO,2026,2026-01-15,40dc2587d9ae912d26fafb6b41f300f341d2a1f4bd620ff5b5f03827c39453fe
masas,87,EXTERNAL_MASS_INVENTORY,1,PDG2026:observable:B122:B122M:350979,Lambda_c(2940)+ MASS,Lambda_c(2940)0 | Lambdabar_c(2940)0,MASS,2939.6+1.3-1.5,2939.6+1.3-1.5,MeV,UNAVAILABLE_IN_SNAPSHOT,UNAVAILABLE_IN_SNAPSHOT,NONE,UNAVAILABLE,1.261876684475213,1.467184985071428,COMP-BARYON,EXTERNAL_RECORD_ACCOUNTED__INDIVIDUAL_HMT_REALIZATION_NOT_YET_JOINED,named_baryon_binding_map,ONLY_AFTER_INTERNAL_FREEZE,NO,2026,2026-01-15,40dc2587d9ae912d26fafb6b41f300f341d2a1f4bd620ff5b5f03827c39453fe
masas,88,EXTERNAL_MASS_INVENTORY,1,PDG2026:observable:B128:B128M:349027,N(~3000) BREIT-WIGNER MASS,N(~3000)0 | Nbar(~3000)0 | N(~3000)+ | Nbar(~3000)-,MASS,~3000,~3000,MeV,UNAVAILABLE_IN_SNAPSHOT,UNAVAILABLE_IN_SNAPSHOT,NONE,UNAVAILABLE,UNAVAILABLE,UNAVAILABLE,COMP-BARYON,EXTERNAL_RECORD_ACCOUNTED__INDIVIDUAL_HMT_REALIZATION_NOT_YET_JOINED,named_baryon_binding_map,ONLY_AFTER_INTERNAL_FREEZE,NO,2026,2026-01-15,40dc2587d9ae912d26fafb6b41f300f341d2a1f4bd620ff5b5f03827c39453fe
masas,89,EXTERNAL_MASS_INVENTORY,1,PDG2026:observable:B130:B130M+:351271,Xi_c(2970)+ MASS,Xi_c(2970)0 | Xibar_c(2970)0,MASS,2965.2+-1.0,2965.2+-1.0,MeV,UNAVAILABLE_IN_SNAPSHOT,UNAVAILABLE_IN_SNAPSHOT,NONE,UNAVAILABLE,1.0156810603859041,1.0156810603859041,COMP-BARYON,EXTERNAL_RECORD_ACCOUNTED__INDIVIDUAL_HMT_REALIZATION_NOT_YET_JOINED,named_baryon_binding_map,ONLY_AFTER_INTERNAL_FREEZE,NO,2026,2026-01-15,40dc2587d9ae912d26fafb6b41f300f341d2a1f4bd620ff5b5f03827c39453fe
masas,90,EXTERNAL_MASS_INVENTORY,1,PDG2026:observable:B130:B130M0:351273,Xi_c(2970)0 MASS,Xi_c(2970)0 | Xibar_c(2970)0,MASS,2967.3+-1.9,2967.3+-1.9,MeV,UNAVAILABLE_IN_SNAPSHOT,UNAVAILABLE_IN_SNAPSHOT,NONE,UNAVAILABLE,1.850084394808527,1.850084394808527,COMP-BARYON,EXTERNAL_RECORD_ACCOUNTED__INDIVIDUAL_HMT_REALIZATION_NOT_YET_JOINED,named_baryon_binding_map,ONLY_AFTER_INTERNAL_FREEZE,NO,2026,2026-01-15,40dc2587d9ae912d26fafb6b41f300f341d2a1f4bd620ff5b5f03827c39453fe
masas,91,EXTERNAL_MASS_INVENTORY,1,PDG2026:observable:B131:B131M:350458,Xi(2370) MASS,Xi(2370)- | Xibar(2370)+ | Xi(2370)0 | Xibar(2370)0,MASS,~2370,~2370,MeV,UNAVAILABLE_IN_SNAPSHOT,UNAVAILABLE_IN_SNAPSHOT,NONE,UNAVAILABLE,UNAVAILABLE,UNAVAILABLE,COMP-BARYON,EXTERNAL_RECORD_ACCOUNTED__INDIVIDUAL_HMT_REALIZATION_NOT_YET_JOINED,named_baryon_binding_map,ONLY_AFTER_INTERNAL_FREEZE,NO,2026,2026-01-15,40dc2587d9ae912d26fafb6b41f300f341d2a1f4bd620ff5b5f03827c39453fe
masas,92,EXTERNAL_MASS_INVENTORY,1,PDG2026:observable:B132:B132M:348871,N(2100) BREIT-WIGNER MASS,N(2100)0 | Nbar(2100)0 | N(2100)+ | Nbar(2100)-,MASS,2050 to 2100 to 2150,2050 to 2150 (~2100),MeV,UNAVAILABLE_IN_SNAPSHOT,UNAVAILABLE_IN_SNAPSHOT,R,UNAVAILABLE,NOT_APPLICABLE,NOT_APPLICABLE,COMP-BARYON,EXTERNAL_RECORD_ACCOUNTED__INDIVIDUAL_HMT_REALIZATION_NOT_YET_JOINED,named_baryon_binding_map,ONLY_AFTER_INTERNAL_FREEZE,NO,2026,2026-01-15,40dc2587d9ae912d26fafb6b41f300f341d2a1f4bd620ff5b5f03827c39453fe
masas,93,EXTERNAL_MASS_INVENTORY,1,PDG2026:observable:B135:B135M:349339,Delta(2200) BREIT-WIGNER MASS,Delta(2200)- | Deltabar(2200)+ | Delta(2200)0 | Deltabar(2200)0 | Delta(2200)+ | Deltabar(2200)- | Delta(2200)++ | Deltabar(2200)--,MASS,2150 to 2200 to 2250,2150 to 2250 (~2200),MeV,UNAVAILABLE_IN_SNAPSHOT,UNAVAILABLE_IN_SNAPSHOT,R,UNAVAILABLE,NOT_APPLICABLE,NOT_APPLICABLE,COMP-BARYON,EXTERNAL_RECORD_ACCOUNTED__INDIVIDUAL_HMT_REALIZATION_NOT_YET_JOINED,named_baryon_binding_map,ONLY_AFTER_INTERNAL_FREEZE,NO,2026,2026-01-15,40dc2587d9ae912d26fafb6b41f300f341d2a1f4bd620ff5b5f03827c39453fe
masas,94,EXTERNAL_MASS_INVENTORY,1,PDG2026:observable:B136:B136M:349272,Delta(1940) BREIT-WIGNER MASS,Delta(1940)- | Deltabar(1940)+ | Delta(1940)0 | Deltabar(1940)0 | Delta(1940)+ | Deltabar(1940)- | Delta(1940)++ | Deltabar(1940)--,MASS,1940 to 2000 to 2060,1940 to 2060 (~2000),MeV,UNAVAILABLE_IN_SNAPSHOT,UNAVAILABLE_IN_SNAPSHOT,R,UNAVAILABLE,NOT_APPLICABLE,NOT_APPLICABLE,COMP-BARYON,EXTERNAL_RECORD_ACCOUNTED__INDIVIDUAL_HMT_REALIZATION_NOT_YET_JOINED,named_baryon_binding_map,ONLY_AFTER_INTERNAL_FREEZE,NO,2026,2026-01-15,40dc2587d9ae912d26fafb6b41f300f341d2a1f4bd620ff5b5f03827c39453fe
masas,95,EXTERNAL_MASS_INVENTORY,1,PDG2026:observable:B141:B141M:350516,Omega(2250)- MASS,Omega(2250)- | Omegabar(2250)+,MASS,2252+-9,2252+-9,MeV,UNAVAILABLE_IN_SNAPSHOT,UNAVAILABLE_IN_SNAPSHOT,NONE,UNAVAILABLE,8.8341044409654419,8.8341044409654419,COMP-BARYON,EXTERNAL_RECORD_ACCOUNTED__INDIVIDUAL_HMT_REALIZATION_NOT_YET_JOINED,named_baryon_binding_map,ONLY_AFTER_INTERNAL_FREEZE,NO,2026,2026-01-15,40dc2587d9ae912d26fafb6b41f300f341d2a1f4bd620ff5b5f03827c39453fe
masas,96,EXTERNAL_MASS_INVENTORY,1,PDG2026:observable:B142:B142M:350520,Omega(2380)- MASS,Omega(2380)- | Omegabar(2380)+,MASS,~2380,~2380,MeV,UNAVAILABLE_IN_SNAPSHOT,UNAVAILABLE_IN_SNAPSHOT,NONE,UNAVAILABLE,UNAVAILABLE,UNAVAILABLE,COMP-BARYON,EXTERNAL_RECORD_ACCOUNTED__INDIVIDUAL_HMT_REALIZATION_NOT_YET_JOINED,named_baryon_binding_map,ONLY_AFTER_INTERNAL_FREEZE,NO,2026,2026-01-15,40dc2587d9ae912d26fafb6b41f300f341d2a1f4bd620ff5b5f03827c39453fe
masas,97,EXTERNAL_MASS_INVENTORY,1,PDG2026:observable:B143:B143M:350523,Omega(2470)- MASS,Omega(2470)- | Omegabar(2470)+,MASS,2474+-12,2474+-12,MeV,UNAVAILABLE_IN_SNAPSHOT,UNAVAILABLE_IN_SNAPSHOT,NONE,UNAVAILABLE,12,12,COMP-BARYON,EXTERNAL_RECORD_ACCOUNTED__INDIVIDUAL_HMT_REALIZATION_NOT_YET_JOINED,named_baryon_binding_map,ONLY_AFTER_INTERNAL_FREEZE,NO,2026,2026-01-15,40dc2587d9ae912d26fafb6b41f300f341d2a1f4bd620ff5b5f03827c39453fe
masas,98,EXTERNAL_MASS_INVENTORY,1,PDG2026:observable:B144:B144M:348740,N(1900) BREIT-WIGNER MASS,N(1900)0 | Nbar(1900)0 | N(1900)+ | Nbar(1900)-,MASS,1890 to 1920 to 1950,1890 to 1950 (~1920),MeV,UNAVAILABLE_IN_SNAPSHOT,UNAVAILABLE_IN_SNAPSHOT,R,UNAVAILABLE,NOT_APPLICABLE,NOT_APPLICABLE,COMP-BARYON,EXTERNAL_RECORD_ACCOUNTED__INDIVIDUAL_HMT_REALIZATION_NOT_YET_JOINED,named_baryon_binding_map,ONLY_AFTER_INTERNAL_FREEZE,NO,2026,2026-01-15,40dc2587d9ae912d26fafb6b41f300f341d2a1f4bd620ff5b5f03827c39453fe
masas,99,EXTERNAL_MASS_INVENTORY,1,PDG2026:observable:B146:B146M+:351204,Xi_c(2645)+ MASS,Xi_c(2645)0 | Xibar_c(2645)0 | Xi_c(2645)+ | Xibar_c(2645)-,MASS,2645.17+-0.27,2645.17+-0.27,MeV,UNAVAILABLE_IN_SNAPSHOT,UNAVAILABLE_IN_SNAPSHOT,NONE,UNAVAILABLE,0.26281213522405311,0.275224526580374,COMP-BARYON,EXTERNAL_RECORD_ACCOUNTED__INDIVIDUAL_HMT_REALIZATION_NOT_YET_JOINED,named_baryon_binding_map,ONLY_AFTER_INTERNAL_FREEZE,NO,2026,2026-01-15,40dc2587d9ae912d26fafb6b41f300f341d2a1f4bd620ff5b5f03827c39453fe
masas,100,EXTERNAL_MASS_INVENTORY,1,PDG2026:observable:B146:B146M0:351206,Xi_c(2645)0 MASS,Xi_c(2645)0 | Xibar_c(2645)0 | Xi_c(2645)+ | Xibar_c(2645)-,MASS,2646.24+-0.18,2646.24+-0.18,MeV,UNAVAILABLE_IN_SNAPSHOT,UNAVAILABLE_IN_SNAPSHOT,NONE,UNAVAILABLE,0.17792728963027479,0.1809798944958548,COMP-BARYON,EXTERNAL_RECORD_ACCOUNTED__INDIVIDUAL_HMT_REALIZATION_NOT_YET_JOINED,named_baryon_binding_map,ONLY_AFTER_INTERNAL_FREEZE,NO,2026,2026-01-15,40dc2587d9ae912d26fafb6b41f300f341d2a1f4bd620ff5b5f03827c39453fe
masas,101,EXTERNAL_MASS_INVENTORY,1,PDG2026:observable:B147:B147M+:351307,Xi_c(3080)+ MASS,Xi_c(3080)0 | Xibar_c(3080)0,MASS,3077.2+-0.4,3077.2+-0.4,MeV,UNAVAILABLE_IN_SNAPSHOT,UNAVAILABLE_IN_SNAPSHOT,NONE,UNAVAILABLE,0.38652749298648748,0.38652749298648748,COMP-BARYON,EXTERNAL_RECORD_ACCOUNTED__INDIVIDUAL_HMT_REALIZATION_NOT_YET_JOINED,named_baryon_binding_map,ONLY_AFTER_INTERNAL_FREEZE,NO,2026,2026-01-15,40dc2587d9ae912d26fafb6b41f300f341d2a1f4bd620ff5b5f03827c39453fe
masas,102,EXTERNAL_MASS_INVENTORY,1,PDG2026:observable:B147:B147M0:351308,Xi_c(3080)0 MASS,Xi_c(3080)0 | Xibar_c(3080)0,MASS,3079.9+-1.4,3079.9+-1.4,MeV,UNAVAILABLE_IN_SNAPSHOT,UNAVAILABLE_IN_SNAPSHOT,NONE,UNAVAILABLE,1.3603458501256609,1.3603458501256609,COMP-BARYON,EXTERNAL_RECORD_ACCOUNTED__INDIVIDUAL_HMT_REALIZATION_NOT_YET_JOINED,named_baryon_binding_map,ONLY_AFTER_INTERNAL_FREEZE,NO,2026,2026-01-15,40dc2587d9ae912d26fafb6b41f300f341d2a1f4bd620ff5b5f03827c39453fe
masas,103,EXTERNAL_MASS_INVENTORY,1,PDG2026:observable:B148:B148M+:351232,Xi_c(2815)+ MASS,Xi_c(2815)0 | Xibar_c(2815)0 | Xi_c(2815)+ | Xibar_c(2815)-,MASS,2816.60+-0.16,2816.60+-0.16,MeV,UNAVAILABLE_IN_SNAPSHOT,UNAVAILABLE_IN_SNAPSHOT,NONE,UNAVAILABLE,0.15517126784005561,0.157672307586397,COMP-BARYON,EXTERNAL_RECORD_ACCOUNTED__INDIVIDUAL_HMT_REALIZATION_NOT_YET_JOINED,named_baryon_binding_map,ONLY_AFTER_INTERNAL_FREEZE,NO,2026,2026-01-15,40dc2587d9ae912d26fafb6b41f300f341d2a1f4bd620ff5b5f03827c39453fe
masas,104,EXTERNAL_MASS_INVENTORY,1,PDG2026:observable:B148:B148M0:351234,Xi_c(2815)0 MASS,Xi_c(2815)0 | Xibar_c(2815)0 | Xi_c(2815)+ | Xibar_c(2815)-,MASS,2819.85+-0.27,2819.85+-0.27,MeV,UNAVAILABLE_IN_SNAPSHOT,UNAVAILABLE_IN_SNAPSHOT,NONE,UNAVAILABLE,0.26809134636591098,0.28025492882096131,COMP-BARYON,EXTERNAL_RECORD_ACCOUNTED__INDIVIDUAL_HMT_REALIZATION_NOT_YET_JOINED,named_baryon_binding_map,ONLY_AFTER_INTERNAL_FREEZE,NO,2026,2026-01-15,40dc2587d9ae912d26fafb6b41f300f341d2a1f4bd620ff5b5f03827c39453fe
masas,105,EXTERNAL_MASS_INVENTORY,1,PDG2026:observable:B149:B149M+:351217,Xi_c(2790)+ MASS,Xi_c(2790)0 | Xibar_c(2790)0 | Xi_c(2790)+ | Xibar_c(2790)-,MASS,2792.0+-0.5,2792.0+-0.5,MeV,UNAVAILABLE_IN_SNAPSHOT,UNAVAILABLE_IN_SNAPSHOT,NONE,UNAVAILABLE,0.52973897333377062,0.53585270924116923,COMP-BARYON,EXTERNAL_RECORD_ACCOUNTED__INDIVIDUAL_HMT_REALIZATION_NOT_YET_JOINED,named_baryon_binding_map,ONLY_AFTER_INTERNAL_FREEZE,NO,2026,2026-01-15,40dc2587d9ae912d26fafb6b41f300f341d2a1f4bd620ff5b5f03827c39453fe
masas,106,EXTERNAL_MASS_INVENTORY,1,PDG2026:observable:B149:B149M0:351218,Xi_c(2790)0 MASS,Xi_c(2790)0 | Xibar_c(2790)0 | Xi_c(2790)+ | Xibar_c(2790)-,MASS,2794.0+-0.5,2794.0+-0.5,MeV,UNAVAILABLE_IN_SNAPSHOT,UNAVAILABLE_IN_SNAPSHOT,NONE,UNAVAILABLE,0.49234423994343779,0.49234423994343779,COMP-BARYON,EXTERNAL_RECORD_ACCOUNTED__INDIVIDUAL_HMT_REALIZATION_NOT_YET_JOINED,named_baryon_binding_map,ONLY_AFTER_INTERNAL_FREEZE,NO,2026,2026-01-15,40dc2587d9ae912d26fafb6b41f300f341d2a1f4bd620ff5b5f03827c39453fe
masas,107,EXTERNAL_MASS_INVENTORY,1,PDG2026:observable:B150:B150M:350951,Lambda_c(2765)+ MASS,Lambda_c(2765)0 | Lambdabar_c(2765)0,MASS,2766.6+-2.4,2766.6+-2.4,MeV,UNAVAILABLE_IN_SNAPSHOT,UNAVAILABLE_IN_SNAPSHOT,NONE,UNAVAILABLE,2.404079865561874,2.404079865561874,COMP-BARYON,EXTERNAL_RECORD_ACCOUNTED__INDIVIDUAL_HMT_REALIZATION_NOT_YET_JOINED,named_baryon_binding_map,ONLY_AFTER_INTERNAL_FREEZE,NO,2026,2026-01-15,40dc2587d9ae912d26fafb6b41f300f341d2a1f4bd620ff5b5f03827c39453fe
masas,108,EXTERNAL_MASS_INVENTORY,1,PDG2026:observable:B151:B151M:350960,Lambda_c(2880)+ MASS,Lambda_c(2880)+ | Lambdabar_c(2880)-,MASS,2881.63+-0.24,2881.63+-0.24,MeV,UNAVAILABLE_IN_SNAPSHOT,UNAVAILABLE_IN_SNAPSHOT,NONE,UNAVAILABLE,0.23613203643473499,0.2455586841443336,COMP-BARYON,EXTERNAL_RECORD_ACCOUNTED__INDIVIDUAL_HMT_REALIZATION_NOT_YET_JOINED,named_baryon_binding_map,ONLY_AFTER_INTERNAL_FREEZE,NO,2026,2026-01-15,40dc2587d9ae912d26fafb6b41f300f341d2a1f4bd620ff5b5f03827c39453fe
masas,109,EXTERNAL_MASS_INVENTORY,1,PDG2026:observable:B155:B155M++:351015,Sigma_c(2800)++ MASS,Sigma_c(2800)0 | Sigmabar_c(2800)0,MASS,2801+4-6,2801+4-6,MeV,UNAVAILABLE_IN_SNAPSHOT,UNAVAILABLE_IN_SNAPSHOT,NONE,UNAVAILABLE,4.4067675227993526,5.7999655171389852,COMP-BARYON,EXTERNAL_RECORD_ACCOUNTED__INDIVIDUAL_HMT_REALIZATION_NOT_YET_JOINED,named_baryon_binding_map,ONLY_AFTER_INTERNAL_FREEZE,NO,2026,2026-01-15,40dc2587d9ae912d26fafb6b41f300f341d2a1f4bd620ff5b5f03827c39453fe
masas,110,EXTERNAL_MASS_INVENTORY,1,PDG2026:observable:B155:B155M+:351016,Sigma_c(2800)+ MASS,Sigma_c(2800)0 | Sigmabar_c(2800)0,MASS,2792+14-5,2792+14-5,MeV,UNAVAILABLE_IN_SNAPSHOT,UNAVAILABLE_IN_SNAPSHOT,NONE,UNAVAILABLE,13.69012782993611,5.01792785918669,COMP-BARYON,EXTERNAL_RECORD_ACCOUNTED__INDIVIDUAL_HMT_REALIZATION_NOT_YET_JOINED,named_baryon_binding_map,ONLY_AFTER_INTERNAL_FREEZE,NO,2026,2026-01-15,40dc2587d9ae912d26fafb6b41f300f341d2a1f4bd620ff5b5f03827c39453fe
masas,111,EXTERNAL_MASS_INVENTORY,1,PDG2026:observable:B155:B155M0:351017,Sigma_c(2800)0 MASS,Sigma_c(2800)0 | Sigmabar_c(2800)0,MASS,2806+5-7,2806+5-7,MeV,UNAVAILABLE_IN_SNAPSHOT,UNAVAILABLE_IN_SNAPSHOT,NONE,UNAVAILABLE,4.8590019921640533,7.3871442628294739,COMP-BARYON,EXTERNAL_RECORD_ACCOUNTED__INDIVIDUAL_HMT_REALIZATION_NOT_YET_JOINED,named_baryon_binding_map,ONLY_AFTER_INTERNAL_FREEZE,NO,2026,2026-01-15,40dc2587d9ae912d26fafb6b41f300f341d2a1f4bd620ff5b5f03827c39453fe
masas,112,EXTERNAL_MASS_INVENTORY,1,PDG2026:observable:B156:B156A03:351263,Xi_c(2930)+ MASS,Xi_c(2930)0 | Xibar_c(2930)0,MASS,2942+-5,2942+-5,MeV,UNAVAILABLE_IN_SNAPSHOT,UNAVAILABLE_IN_SNAPSHOT,NONE,UNAVAILABLE,4.6486557196677838,4.6486557196677838,COMP-BARYON,EXTERNAL_RECORD_ACCOUNTED__INDIVIDUAL_HMT_REALIZATION_NOT_YET_JOINED,named_baryon_binding_map,ONLY_AFTER_INTERNAL_FREEZE,NO,2026,2026-01-15,40dc2587d9ae912d26fafb6b41f300f341d2a1f4bd620ff5b5f03827c39453fe
masas,113,EXTERNAL_MASS_INVENTORY,1,PDG2026:observable:B156:B156A04:351264,Xi_c(2930)0 MASS,Xi_c(2930)0 | Xibar_c(2930)0,MASS,2938.55+-0.30,2938.55+-0.30,MeV,UNAVAILABLE_IN_SNAPSHOT,UNAVAILABLE_IN_SNAPSHOT,NONE,UNAVAILABLE,0.30185805977630881,0.30185805977630881,COMP-BARYON,EXTERNAL_RECORD_ACCOUNTED__INDIVIDUAL_HMT_REALIZATION_NOT_YET_JOINED,named_baryon_binding_map,ONLY_AFTER_INTERNAL_FREEZE,NO,2026,2026-01-15,40dc2587d9ae912d26fafb6b41f300f341d2a1f4bd620ff5b5f03827c39453fe
masas,114,EXTERNAL_MASS_INVENTORY,1,PDG2026:observable:B157:B157M+:351297,Xi_c(3055)+ MASS,Xi_c(3055)0 | Xibar_c(3055)0,MASS,3055.2+-0.7,3055.2+-0.7,MeV,UNAVAILABLE_IN_SNAPSHOT,UNAVAILABLE_IN_SNAPSHOT,NONE,UNAVAILABLE,0.68999235826894623,0.68999235826894623,COMP-BARYON,EXTERNAL_RECORD_ACCOUNTED__INDIVIDUAL_HMT_REALIZATION_NOT_YET_JOINED,named_baryon_binding_map,ONLY_AFTER_INTERNAL_FREEZE,NO,2026,2026-01-15,40dc2587d9ae912d26fafb6b41f300f341d2a1f4bd620ff5b5f03827c39453fe
masas,115,EXTERNAL_MASS_INVENTORY,1,PDG2026:observable:B157:B157M:351298,Xi_c(3055)0 MASS,Xi_c(3055)0 | Xibar_c(3055)0,MASS,3061.0+-0.8,3061.0+-0.8,MeV,UNAVAILABLE_IN_SNAPSHOT,UNAVAILABLE_IN_SNAPSHOT,NONE,UNAVAILABLE,0.83240615086627034,0.83240615086627034,COMP-BARYON,EXTERNAL_RECORD_ACCOUNTED__INDIVIDUAL_HMT_REALIZATION_NOT_YET_JOINED,named_baryon_binding_map,ONLY_AFTER_INTERNAL_FREEZE,NO,2026,2026-01-15,40dc2587d9ae912d26fafb6b41f300f341d2a1f4bd620ff5b5f03827c39453fe
masas,116,EXTERNAL_MASS_INVENTORY,1,PDG2026:observable:B158:B158M+:351325,Xi_c(3123)+ MASS,Xi_c(3123)0 | Xibar_c(3123)0,MASS,3122.9+-1.3,3122.9+-1.3,MeV,UNAVAILABLE_IN_SNAPSHOT,UNAVAILABLE_IN_SNAPSHOT,NONE,UNAVAILABLE,1.334166406412634,1.334166406412634,COMP-BARYON,EXTERNAL_RECORD_ACCOUNTED__INDIVIDUAL_HMT_REALIZATION_NOT_YET_JOINED,named_baryon_binding_map,ONLY_AFTER_INTERNAL_FREEZE,NO,2026,2026-01-15,40dc2587d9ae912d26fafb6b41f300f341d2a1f4bd620ff5b5f03827c39453fe
masas,117,EXTERNAL_MASS_INVENTORY,1,PDG2026:observable:B161:B161M:351844,Xi_b(5945)0 MASS,Xi_b(5945)0 | Xibar_b(5945)0,MASS,5952.3+-0.6,5952.3+-0.6,MeV,UNAVAILABLE_IN_SNAPSHOT,UNAVAILABLE_IN_SNAPSHOT,NONE,UNAVAILABLE,0.57765272773906229,0.57765272773906229,COMP-BARYON,EXTERNAL_RECORD_ACCOUNTED__INDIVIDUAL_HMT_REALIZATION_NOT_YET_JOINED,named_baryon_binding_map,ONLY_AFTER_INTERNAL_FREEZE,NO,2026,2026-01-15,40dc2587d9ae912d26fafb6b41f300f341d2a1f4bd620ff5b5f03827c39453fe
masas,118,EXTERNAL_MASS_INVENTORY,1,PDG2026:observable:B162:B162M:351694,Lambda_b(5912)0 MASS,Lambda_b(5912)0 | Lambdabar_b(5912)0,MASS,5912.16+-0.16,5912.16+-0.16,MeV,UNAVAILABLE_IN_SNAPSHOT,UNAVAILABLE_IN_SNAPSHOT,NONE,UNAVAILABLE,0.16007003100330261,0.16007003100330261,COMP-BARYON,EXTERNAL_RECORD_ACCOUNTED__INDIVIDUAL_HMT_REALIZATION_NOT_YET_JOINED,named_baryon_binding_map,ONLY_AFTER_INTERNAL_FREEZE,NO,2026,2026-01-15,40dc2587d9ae912d26fafb6b41f300f341d2a1f4bd620ff5b5f03827c39453fe
masas,119,EXTERNAL_MASS_INVENTORY,1,PDG2026:observable:B163:B163M:351698,Lambda_b(5920)0 MASS,Lambda_b(5920)0 | Lambdabar_b(5920)0,MASS,5920.07+-0.16,5920.07+-0.16,MeV,UNAVAILABLE_IN_SNAPSHOT,UNAVAILABLE_IN_SNAPSHOT,NONE,UNAVAILABLE,0.15862170338385659,0.15862170338385659,COMP-BARYON,EXTERNAL_RECORD_ACCOUNTED__INDIVIDUAL_HMT_REALIZATION_NOT_YET_JOINED,named_baryon_binding_map,ONLY_AFTER_INTERNAL_FREEZE,NO,2026,2026-01-15,40dc2587d9ae912d26fafb6b41f300f341d2a1f4bd620ff5b5f03827c39453fe
masas,120,EXTERNAL_MASS_INVENTORY,1,PDG2026:observable:B164:B164M:349532,Lambda(1710) MASS,Lambda(1710)0 | Lambdabar(1710)0,MASS,1713+-13,1713+-13,MeV,UNAVAILABLE_IN_SNAPSHOT,UNAVAILABLE_IN_SNAPSHOT,NONE,UNAVAILABLE,13,13,COMP-BARYON,EXTERNAL_RECORD_ACCOUNTED__INDIVIDUAL_HMT_REALIZATION_NOT_YET_JOINED,named_baryon_binding_map,ONLY_AFTER_INTERNAL_FREEZE,NO,2026,2026-01-15,40dc2587d9ae912d26fafb6b41f300f341d2a1f4bd620ff5b5f03827c39453fe
masas,121,EXTERNAL_MASS_INVENTORY,1,PDG2026:observable:B165:B165M:349651,Lambda(2050) MASS,Lambda(2050)0 | Lambdabar(2050)0,MASS,2056+-22,2056+-22,MeV,UNAVAILABLE_IN_SNAPSHOT,UNAVAILABLE_IN_SNAPSHOT,NONE,UNAVAILABLE,22,22,COMP-BARYON,EXTERNAL_RECORD_ACCOUNTED__INDIVIDUAL_HMT_REALIZATION_NOT_YET_JOINED,named_baryon_binding_map,ONLY_AFTER_INTERNAL_FREEZE,NO,2026,2026-01-15,40dc2587d9ae912d26fafb6b41f300f341d2a1f4bd620ff5b5f03827c39453fe
masas,122,EXTERNAL_MASS_INVENTORY,1,PDG2026:observable:B166:B166M:349991,Sigma(1780) MASS,Sigma(1780)- | Sigmabar(1780)+ | Sigma(1780)0 | Sigmabar(1780)0 | Sigma(1780)+ | Sigmabar(1780)-,MASS,1730 to 1780 to 1830,1730 to 1830 (~1780),MeV,UNAVAILABLE_IN_SNAPSHOT,UNAVAILABLE_IN_SNAPSHOT,R,UNAVAILABLE,NOT_APPLICABLE,NOT_APPLICABLE,COMP-BARYON,EXTERNAL_RECORD_ACCOUNTED__INDIVIDUAL_HMT_REALIZATION_NOT_YET_JOINED,named_baryon_binding_map,ONLY_AFTER_INTERNAL_FREEZE,NO,2026,2026-01-15,40dc2587d9ae912d26fafb6b41f300f341d2a1f4bd620ff5b5f03827c39453fe
masas,123,EXTERNAL_MASS_INVENTORY,1,PDG2026:observable:B167:B167M:350019,Sigma(1900) MASS,Sigma(1900)- | Sigmabar(1900)+ | Sigma(1900)0 | Sigmabar(1900)0 | Sigma(1900)+ | Sigmabar(1900)-,MASS,1900 to 1925 to 1950,1900 to 1950 (~1925),MeV,UNAVAILABLE_IN_SNAPSHOT,UNAVAILABLE_IN_SNAPSHOT,R,UNAVAILABLE,NOT_APPLICABLE,NOT_APPLICABLE,COMP-BARYON,EXTERNAL_RECORD_ACCOUNTED__INDIVIDUAL_HMT_REALIZATION_NOT_YET_JOINED,named_baryon_binding_map,ONLY_AFTER_INTERNAL_FREEZE,NO,2026,2026-01-15,40dc2587d9ae912d26fafb6b41f300f341d2a1f4bd620ff5b5f03827c39453fe
masas,124,EXTERNAL_MASS_INVENTORY,1,PDG2026:observable:B168:B168M:350102,Sigma(1940) MASS,Sigma(1940)- | Sigmabar(1940)+ | Sigma(1940)0 | Sigmabar(1940)0 | Sigma(1940)+ | Sigmabar(1940)-,MASS,1920 to 1940 to 1960,1920 to 1960 (~1940),MeV,UNAVAILABLE_IN_SNAPSHOT,UNAVAILABLE_IN_SNAPSHOT,R,UNAVAILABLE,NOT_APPLICABLE,NOT_APPLICABLE,COMP-BARYON,EXTERNAL_RECORD_ACCOUNTED__INDIVIDUAL_HMT_REALIZATION_NOT_YET_JOINED,named_baryon_binding_map,ONLY_AFTER_INTERNAL_FREEZE,NO,2026,2026-01-15,40dc2587d9ae912d26fafb6b41f300f341d2a1f4bd620ff5b5f03827c39453fe
masas,125,EXTERNAL_MASS_INVENTORY,1,PDG2026:observable:B169:B169M:351840,Xi_b'(5935)- MASS,Xi_b^'(5935)- | Xibar_b^'(5935)+,MASS,5934.9+-0.4,5934.9+-0.4,MeV,UNAVAILABLE_IN_SNAPSHOT,UNAVAILABLE_IN_SNAPSHOT,NONE,UNAVAILABLE,0.4135242970782354,0.4135242970782354,COMP-BARYON,EXTERNAL_RECORD_ACCOUNTED__INDIVIDUAL_HMT_REALIZATION_NOT_YET_JOINED,named_baryon_binding_map,ONLY_AFTER_INTERNAL_FREEZE,NO,2026,2026-01-15,40dc2587d9ae912d26fafb6b41f300f341d2a1f4bd620ff5b5f03827c39453fe
masas,126,EXTERNAL_MASS_INVENTORY,1,PDG2026:observable:B170:B170M:351848,Xi_b(5955)- MASS,Xi_b(5955)- | Xibar_b(5955)+,MASS,5955.5+-0.4,5955.5+-0.4,MeV,UNAVAILABLE_IN_SNAPSHOT,UNAVAILABLE_IN_SNAPSHOT,NONE,UNAVAILABLE,0.41457381951292599,0.41457381951292599,COMP-BARYON,EXTERNAL_RECORD_ACCOUNTED__INDIVIDUAL_HMT_REALIZATION_NOT_YET_JOINED,named_baryon_binding_map,ONLY_AFTER_INTERNAL_FREEZE,NO,2026,2026-01-15,40dc2587d9ae912d26fafb6b41f300f341d2a1f4bd620ff5b5f03827c39453fe
masas,127,EXTERNAL_MASS_INVENTORY,1,PDG2026:observable:B171:B171M:351951,P_c_cbar(4380)+ MASS,P_c_cbar(4380)+,MASS,4380+-30,4380+-30,MeV,UNAVAILABLE_IN_SNAPSHOT,UNAVAILABLE_IN_SNAPSHOT,NONE,UNAVAILABLE,30.083217912982651,30.083217912982651,COMP-BARYON,EXTERNAL_RECORD_ACCOUNTED__INDIVIDUAL_HMT_REALIZATION_NOT_YET_JOINED,named_baryon_binding_map,ONLY_AFTER_INTERNAL_FREEZE,NO,2026,2026-01-15,40dc2587d9ae912d26fafb6b41f300f341d2a1f4bd620ff5b5f03827c39453fe
masas,128,EXTERNAL_MASS_INVENTORY,1,PDG2026:observable:B172:B172M:351977,P_c_cbar(4457)+ MASS,P_c_cbar(4457)+,MASS,4457.3+4.0-1.8,4457.3+4.0-1.8,MeV,UNAVAILABLE_IN_SNAPSHOT,UNAVAILABLE_IN_SNAPSHOT,NONE,UNAVAILABLE,4.1436698710201316,1.802775637731995,COMP-BARYON,EXTERNAL_RECORD_ACCOUNTED__INDIVIDUAL_HMT_REALIZATION_NOT_YET_JOINED,named_baryon_binding_map,ONLY_AFTER_INTERNAL_FREEZE,NO,2026,2026-01-15,40dc2587d9ae912d26fafb6b41f300f341d2a1f4bd620ff5b5f03827c39453fe
masas,129,EXTERNAL_MASS_INVENTORY,1,PDG2026:observable:B173:B173M:351376,Omega_c(3000)0 MASS,Omega_c(3000)0 | Omegabar_c(3000)0,MASS,3000.46+-0.25,3000.46+-0.25,MeV,UNAVAILABLE_IN_SNAPSHOT,UNAVAILABLE_IN_SNAPSHOT,NONE,UNAVAILABLE,0.2431765836192144,0.26399637894382499,COMP-BARYON,EXTERNAL_RECORD_ACCOUNTED__INDIVIDUAL_HMT_REALIZATION_NOT_YET_JOINED,named_baryon_binding_map,ONLY_AFTER_INTERNAL_FREEZE,NO,2026,2026-01-15,40dc2587d9ae912d26fafb6b41f300f341d2a1f4bd620ff5b5f03827c39453fe
masas,130,EXTERNAL_MASS_INVENTORY,1,PDG2026:observable:B174:B174M:351380,Omega_c(3050)0 MASS,Omega_c(3050)0 | Omegabar_c(3050)0,MASS,3050.17+-0.19,3050.17+-0.19,MeV,UNAVAILABLE_IN_SNAPSHOT,UNAVAILABLE_IN_SNAPSHOT,NONE,UNAVAILABLE,0.18820356358563539,0.19089950264325409,COMP-BARYON,EXTERNAL_RECORD_ACCOUNTED__INDIVIDUAL_HMT_REALIZATION_NOT_YET_JOINED,named_baryon_binding_map,ONLY_AFTER_INTERNAL_FREEZE,NO,2026,2026-01-15,40dc2587d9ae912d26fafb6b41f300f341d2a1f4bd620ff5b5f03827c39453fe
masas,131,EXTERNAL_MASS_INVENTORY,1,PDG2026:observable:B175:B175M:351384,Omega_c(3065)0 MASS,Omega_c(3065)0 | Omegabar_c(3065)0,MASS,3065.58+-0.21,3065.58+-0.21,MeV,UNAVAILABLE_IN_SNAPSHOT,UNAVAILABLE_IN_SNAPSHOT,NONE,UNAVAILABLE,0.21345733449248469,0.2139147501137518,COMP-BARYON,EXTERNAL_RECORD_ACCOUNTED__INDIVIDUAL_HMT_REALIZATION_NOT_YET_JOINED,named_baryon_binding_map,ONLY_AFTER_INTERNAL_FREEZE,NO,2026,2026-01-15,40dc2587d9ae912d26fafb6b41f300f341d2a1f4bd620ff5b5f03827c39453fe
masas,132,EXTERNAL_MASS_INVENTORY,1,PDG2026:observable:B176:B176M:351388,Omega_c(3090)0 MASS,Omega_c(3090)0 | Omegabar_c(3090)0,MASS,3090.15+-0.26,3090.15+-0.26,MeV,UNAVAILABLE_IN_SNAPSHOT,UNAVAILABLE_IN_SNAPSHOT,NONE,UNAVAILABLE,0.25239209275859231,0.26305043429981828,COMP-BARYON,EXTERNAL_RECORD_ACCOUNTED__INDIVIDUAL_HMT_REALIZATION_NOT_YET_JOINED,named_baryon_binding_map,ONLY_AFTER_INTERNAL_FREEZE,NO,2026,2026-01-15,40dc2587d9ae912d26fafb6b41f300f341d2a1f4bd620ff5b5f03827c39453fe
masas,133,EXTERNAL_MASS_INVENTORY,1,PDG2026:observable:B177:B177M:351392,Omega_c(3120)0 MASS,Omega_c(3120)0 | Omegabar_c(3120)0,MASS,3118.98+0.27-0.35,3118.98+0.27-0.35,MeV,UNAVAILABLE_IN_SNAPSHOT,UNAVAILABLE_IN_SNAPSHOT,NONE,UNAVAILABLE,0.27459060435491961,0.34669871646719441,COMP-BARYON,EXTERNAL_RECORD_ACCOUNTED__INDIVIDUAL_HMT_REALIZATION_NOT_YET_JOINED,named_baryon_binding_map,ONLY_AFTER_INTERNAL_FREEZE,NO,2026,2026-01-15,40dc2587d9ae912d26fafb6b41f300f341d2a1f4bd620ff5b5f03827c39453fe
masas,134,EXTERNAL_MASS_INVENTORY,1,PDG2026:observable:B178:B178M:350956,Lambda_c(2860)+ MASS,Lambda_c(2860)0 | Lambdabar_c(2860)0,MASS,2856.1+2.3-6.0,2856.1+2.3-6.0,MeV,UNAVAILABLE_IN_SNAPSHOT,UNAVAILABLE_IN_SNAPSHOT,NONE,UNAVAILABLE,2.336664289109585,5.873670062235365,COMP-BARYON,EXTERNAL_RECORD_ACCOUNTED__INDIVIDUAL_HMT_REALIZATION_NOT_YET_JOINED,named_baryon_binding_map,ONLY_AFTER_INTERNAL_FREEZE,NO,2026,2026-01-15,40dc2587d9ae912d26fafb6b41f300f341d2a1f4bd620ff5b5f03827c39453fe
masas,135,EXTERNAL_MASS_INVENTORY,1,PDG2026:observable:B179:B179M:350506,Omega(2012)- MASS,Omega(2012)- | Omegabar(2012)+,MASS,2012.9+-0.4,2012.9+-0.4,MeV,UNAVAILABLE_IN_SNAPSHOT,UNAVAILABLE_IN_SNAPSHOT,NONE,UNAVAILABLE,0.44536259664740679,0.44536259664740679,COMP-BARYON,EXTERNAL_RECORD_ACCOUNTED__INDIVIDUAL_HMT_REALIZATION_NOT_YET_JOINED,named_baryon_binding_map,ONLY_AFTER_INTERNAL_FREEZE,NO,2026,2026-01-15,40dc2587d9ae912d26fafb6b41f300f341d2a1f4bd620ff5b5f03827c39453fe
masas,136,EXTERNAL_MASS_INVENTORY,1,PDG2026:observable:B180:B180M:351864,Xi_b(6227)- MASS,Xi_b(6227)- | Xi_b(6227)+,MASS,6227.9+-0.9,6227.9+-0.9,MeV,UNAVAILABLE_IN_SNAPSHOT,UNAVAILABLE_IN_SNAPSHOT,NONE,UNAVAILABLE,0.90815128746094542,0.90815128746094542,COMP-BARYON,EXTERNAL_RECORD_ACCOUNTED__INDIVIDUAL_HMT_REALIZATION_NOT_YET_JOINED,named_baryon_binding_map,ONLY_AFTER_INTERNAL_FREEZE,NO,2026,2026-01-15,40dc2587d9ae912d26fafb6b41f300f341d2a1f4bd620ff5b5f03827c39453fe
masas,137,EXTERNAL_MASS_INVENTORY,1,PDG2026:observable:B181:B181M:351734,Sigma_b(6097)+ MASS,Sigma_b(6097)+ | Sigmabar_b(6097)-,MASS,6095.8+-1.7,6095.8+-1.7,MeV,UNAVAILABLE_IN_SNAPSHOT,UNAVAILABLE_IN_SNAPSHOT,NONE,UNAVAILABLE,1.7464249196572981,1.7464249196572981,COMP-BARYON,EXTERNAL_RECORD_ACCOUNTED__INDIVIDUAL_HMT_REALIZATION_NOT_YET_JOINED,named_baryon_binding_map,ONLY_AFTER_INTERNAL_FREEZE,NO,2026,2026-01-15,40dc2587d9ae912d26fafb6b41f300f341d2a1f4bd620ff5b5f03827c39453fe
masas,138,EXTERNAL_MASS_INVENTORY,1,PDG2026:observable:B182:B182M:351738,Sigma_b(6097)- MASS,Sigma_b(6097)- | Sigmabar_b(6097)+,MASS,6098.0+-1.8,6098.0+-1.8,MeV,UNAVAILABLE_IN_SNAPSHOT,UNAVAILABLE_IN_SNAPSHOT,NONE,UNAVAILABLE,1.772004514666935,1.772004514666935,COMP-BARYON,EXTERNAL_RECORD_ACCOUNTED__INDIVIDUAL_HMT_REALIZATION_NOT_YET_JOINED,named_baryon_binding_map,ONLY_AFTER_INTERNAL_FREEZE,NO,2026,2026-01-15,40dc2587d9ae912d26fafb6b41f300f341d2a1f4bd620ff5b5f03827c39453fe
masas,139,EXTERNAL_MASS_INVENTORY,1,PDG2026:observable:B183:B183M:350228,Sigma(2110) MASS,Sigma(2110)- | Sigmabar(2110)+ | Sigma(2110)0 | Sigmabar(2110)0 | Sigma(2110)+ | Sigmabar(2110)-,MASS,2110+-50,2110+-50,MeV,UNAVAILABLE_IN_SNAPSHOT,UNAVAILABLE_IN_SNAPSHOT,NONE,UNAVAILABLE,51.991387525520771,51.991387525520771,COMP-BARYON,EXTERNAL_RECORD_ACCOUNTED__INDIVIDUAL_HMT_REALIZATION_NOT_YET_JOINED,named_baryon_binding_map,ONLY_AFTER_INTERNAL_FREEZE,NO,2026,2026-01-15,40dc2587d9ae912d26fafb6b41f300f341d2a1f4bd620ff5b5f03827c39453fe
masas,140,EXTERNAL_MASS_INVENTORY,1,PDG2026:observable:B184:B184M:350253,Sigma(2230) MASS,Sigma(2230)- | Sigmabar(2230)+ | Sigma(2230)0 | Sigmabar(2230)0 | Sigma(2230)+ | Sigmabar(2230)-,MASS,2240+-27,2240+-27,MeV,UNAVAILABLE_IN_SNAPSHOT,UNAVAILABLE_IN_SNAPSHOT,NONE,UNAVAILABLE,27,27,COMP-BARYON,EXTERNAL_RECORD_ACCOUNTED__INDIVIDUAL_HMT_REALIZATION_NOT_YET_JOINED,named_baryon_binding_map,ONLY_AFTER_INTERNAL_FREEZE,NO,2026,2026-01-15,40dc2587d9ae912d26fafb6b41f300f341d2a1f4bd620ff5b5f03827c39453fe
masas,141,EXTERNAL_MASS_INVENTORY,1,PDG2026:observable:B185:B185M:351935,P_c_cbar(4312)+ MASS,P_c_cbar(4312)+,MASS,4311.9+7.0-0.9,4311.9+7.0-0.9,MeV,UNAVAILABLE_IN_SNAPSHOT,UNAVAILABLE_IN_SNAPSHOT,NONE,UNAVAILABLE,6.8359344642850397,0.92195444572928864,COMP-BARYON,EXTERNAL_RECORD_ACCOUNTED__INDIVIDUAL_HMT_REALIZATION_NOT_YET_JOINED,named_baryon_binding_map,ONLY_AFTER_INTERNAL_FREEZE,NO,2026,2026-01-15,40dc2587d9ae912d26fafb6b41f300f341d2a1f4bd620ff5b5f03827c39453fe
masas,142,EXTERNAL_MASS_INVENTORY,1,PDG2026:observable:B186:B186M:351955,P_c_cbar(4440)+ MASS,P_c_cbar(4440)+,MASS,4440+4-5,4440+4-5,MeV,UNAVAILABLE_IN_SNAPSHOT,UNAVAILABLE_IN_SNAPSHOT,NONE,UNAVAILABLE,4.3011626335213133,4.876474136094644,COMP-BARYON,EXTERNAL_RECORD_ACCOUNTED__INDIVIDUAL_HMT_REALIZATION_NOT_YET_JOINED,named_baryon_binding_map,ONLY_AFTER_INTERNAL_FREEZE,NO,2026,2026-01-15,40dc2587d9ae912d26fafb6b41f300f341d2a1f4bd620ff5b5f03827c39453fe
masas,143,EXTERNAL_MASS_INVENTORY,1,PDG2026:observable:B187:B187M:351706,Lambda_b(6146)0 MASS,Lambda_b(6146)0 | Lambdabar_b(6146)0,MASS,6146.2+-0.4,6146.2+-0.4,MeV,UNAVAILABLE_IN_SNAPSHOT,UNAVAILABLE_IN_SNAPSHOT,NONE,UNAVAILABLE,0.41759268734261917,0.41759268734261917,COMP-BARYON,EXTERNAL_RECORD_ACCOUNTED__INDIVIDUAL_HMT_REALIZATION_NOT_YET_JOINED,named_baryon_binding_map,ONLY_AFTER_INTERNAL_FREEZE,NO,2026,2026-01-15,40dc2587d9ae912d26fafb6b41f300f341d2a1f4bd620ff5b5f03827c39453fe
masas,144,EXTERNAL_MASS_INVENTORY,1,PDG2026:observable:B188:B188M:351711,Lambda_b(6152)0 MASS,Lambda_b(6152)0 | Lambdabar_b(6152)0,MASS,6152.5+-0.4,6152.5+-0.4,MeV,UNAVAILABLE_IN_SNAPSHOT,UNAVAILABLE_IN_SNAPSHOT,NONE,UNAVAILABLE,0.35727006911778508,0.35727006911778508,COMP-BARYON,EXTERNAL_RECORD_ACCOUNTED__INDIVIDUAL_HMT_REALIZATION_NOT_YET_JOINED,named_baryon_binding_map,ONLY_AFTER_INTERNAL_FREEZE,NO,2026,2026-01-15,40dc2587d9ae912d26fafb6b41f300f341d2a1f4bd620ff5b5f03827c39453fe
masas,145,EXTERNAL_MASS_INVENTORY,1,PDG2026:observable:B190:B190M:349676,Lambda(2070) MASS,Lambda(2070)0 | Lambdabar(2070)0,MASS,2070+-24,2070+-24,MeV,UNAVAILABLE_IN_SNAPSHOT,UNAVAILABLE_IN_SNAPSHOT,NONE,UNAVAILABLE,24,24,COMP-BARYON,EXTERNAL_RECORD_ACCOUNTED__INDIVIDUAL_HMT_REALIZATION_NOT_YET_JOINED,named_baryon_binding_map,ONLY_AFTER_INTERNAL_FREEZE,NO,2026,2026-01-15,40dc2587d9ae912d26fafb6b41f300f341d2a1f4bd620ff5b5f03827c39453fe
masas,146,EXTERNAL_MASS_INVENTORY,1,PDG2026:observable:B191:B191M:349711,Lambda(2080) MASS,Lambda(2080)0 | Lambdabar(2080)0,MASS,2082+-13,2082+-13,MeV,UNAVAILABLE_IN_SNAPSHOT,UNAVAILABLE_IN_SNAPSHOT,NONE,UNAVAILABLE,13,13,COMP-BARYON,EXTERNAL_RECORD_ACCOUNTED__INDIVIDUAL_HMT_REALIZATION_NOT_YET_JOINED,named_baryon_binding_map,ONLY_AFTER_INTERNAL_FREEZE,NO,2026,2026-01-15,40dc2587d9ae912d26fafb6b41f300f341d2a1f4bd620ff5b5f03827c39453fe
masas,147,EXTERNAL_MASS_INVENTORY,1,PDG2026:observable:B192:B192M0:351255,Xi_c(2923)0 MASS,Xi_c(2923)0 | Xibar_c(2923)0,MASS,2923.2+-0.4,2923.2+-0.4,MeV,UNAVAILABLE_IN_SNAPSHOT,UNAVAILABLE_IN_SNAPSHOT,NONE,UNAVAILABLE,0.39743785839914991,0.39743785839914991,COMP-BARYON,EXTERNAL_RECORD_ACCOUNTED__INDIVIDUAL_HMT_REALIZATION_NOT_YET_JOINED,named_baryon_binding_map,ONLY_AFTER_INTERNAL_FREEZE,NO,2026,2026-01-15,40dc2587d9ae912d26fafb6b41f300f341d2a1f4bd620ff5b5f03827c39453fe
masas,148,EXTERNAL_MASS_INVENTORY,1,PDG2026:observable:B192:B192MP:351256,Xi_c(2923)+ MASS,Xi_c(2923)0 | Xibar_c(2923)0,MASS,2922.8+-0.6,2922.8+-0.6,MeV,UNAVAILABLE_IN_SNAPSHOT,UNAVAILABLE_IN_SNAPSHOT,NONE,UNAVAILABLE,0.61644140029689765,0.61644140029689765,COMP-BARYON,EXTERNAL_RECORD_ACCOUNTED__INDIVIDUAL_HMT_REALIZATION_NOT_YET_JOINED,named_baryon_binding_map,ONLY_AFTER_INTERNAL_FREEZE,NO,2026,2026-01-15,40dc2587d9ae912d26fafb6b41f300f341d2a1f4bd620ff5b5f03827c39453fe
masas,149,EXTERNAL_MASS_INVENTORY,1,PDG2026:observable:B193:B193M:351905,Omega_b(6316)- MASS,Omega_b(6316)- | Omegabar_b(6316)+,MASS,6315.6+-0.6,6315.6+-0.6,MeV,UNAVAILABLE_IN_SNAPSHOT,UNAVAILABLE_IN_SNAPSHOT,NONE,UNAVAILABLE,0.58048724929847628,0.58048724929847628,COMP-BARYON,EXTERNAL_RECORD_ACCOUNTED__INDIVIDUAL_HMT_REALIZATION_NOT_YET_JOINED,named_baryon_binding_map,ONLY_AFTER_INTERNAL_FREEZE,NO,2026,2026-01-15,40dc2587d9ae912d26fafb6b41f300f341d2a1f4bd620ff5b5f03827c39453fe
masas,150,EXTERNAL_MASS_INVENTORY,1,PDG2026:observable:B194:B194M:351909,Omega_b(6330)- MASS,Omega_b(6330)- | Omegabar_b(6330)+,MASS,6330.3+-0.6,6330.3+-0.6,MeV,UNAVAILABLE_IN_SNAPSHOT,UNAVAILABLE_IN_SNAPSHOT,NONE,UNAVAILABLE,0.56503579231594825,0.56503579231594825,COMP-BARYON,EXTERNAL_RECORD_ACCOUNTED__INDIVIDUAL_HMT_REALIZATION_NOT_YET_JOINED,named_baryon_binding_map,ONLY_AFTER_INTERNAL_FREEZE,NO,2026,2026-01-15,40dc2587d9ae912d26fafb6b41f300f341d2a1f4bd620ff5b5f03827c39453fe
masas,151,EXTERNAL_MASS_INVENTORY,1,PDG2026:observable:B195:B195M:351913,Omega_b(6340)- MASS,Omega_b(6340)- | Omegabar_b(6340)+,MASS,6339.7+-0.6,6339.7+-0.6,MeV,UNAVAILABLE_IN_SNAPSHOT,UNAVAILABLE_IN_SNAPSHOT,NONE,UNAVAILABLE,0.55323181994360315,0.55323181994360315,COMP-BARYON,EXTERNAL_RECORD_ACCOUNTED__INDIVIDUAL_HMT_REALIZATION_NOT_YET_JOINED,named_baryon_binding_map,ONLY_AFTER_INTERNAL_FREEZE,NO,2026,2026-01-15,40dc2587d9ae912d26fafb6b41f300f341d2a1f4bd620ff5b5f03827c39453fe
masas,152,EXTERNAL_MASS_INVENTORY,1,PDG2026:observable:B196:B196M:351917,Omega_b(6350)- MASS,Omega_b(6350)- | Omegabar_b(6350)+,MASS,6349.8+-0.6,6349.8+-0.6,MeV,UNAVAILABLE_IN_SNAPSHOT,UNAVAILABLE_IN_SNAPSHOT,NONE,UNAVAILABLE,0.60080400015155633,0.60080400015155633,COMP-BARYON,EXTERNAL_RECORD_ACCOUNTED__INDIVIDUAL_HMT_REALIZATION_NOT_YET_JOINED,named_baryon_binding_map,ONLY_AFTER_INTERNAL_FREEZE,NO,2026,2026-01-15,40dc2587d9ae912d26fafb6b41f300f341d2a1f4bd620ff5b5f03827c39453fe
masas,153,EXTERNAL_MASS_INVENTORY,1,PDG2026:observable:B197:B197M:351702,Lambda_b(6070)0 MASS,Lambda_b(6070)0 | Lambdabar_b(6070)0,MASS,6072.3+-2.9,6072.3+-2.9,MeV,UNAVAILABLE_IN_SNAPSHOT,UNAVAILABLE_IN_SNAPSHOT,NONE,UNAVAILABLE,2.9469880829275459,2.9469880829275459,COMP-BARYON,EXTERNAL_RECORD_ACCOUNTED__INDIVIDUAL_HMT_REALIZATION_NOT_YET_JOINED,named_baryon_binding_map,ONLY_AFTER_INTERNAL_FREEZE,NO,2026,2026-01-15,40dc2587d9ae912d26fafb6b41f300f341d2a1f4bd620ff5b5f03827c39453fe
masas,154,EXTERNAL_MASS_INVENTORY,1,PDG2026:observable:B199:B199M:351870,Xi_b(6227)0 MASS,Xi_b(6227)0 | Xibar_b(6227)0,MASS,6226.8+-1.6,6226.8+-1.6,MeV,UNAVAILABLE_IN_SNAPSHOT,UNAVAILABLE_IN_SNAPSHOT,NONE,UNAVAILABLE,1.543777840252847,1.6350076513752909,COMP-BARYON,EXTERNAL_RECORD_ACCOUNTED__INDIVIDUAL_HMT_REALIZATION_NOT_YET_JOINED,named_baryon_binding_map,ONLY_AFTER_INTERNAL_FREEZE,NO,2026,2026-01-15,40dc2587d9ae912d26fafb6b41f300f341d2a1f4bd620ff5b5f03827c39453fe
masas,155,EXTERNAL_MASS_INVENTORY,1,PDG2026:observable:B200:B200M:351860,Xi_b(6100)- MASS,Xi_b(6100)- | Xibar_b(6100)+,MASS,6099.8+-0.4,6099.8+-0.4,MeV,UNAVAILABLE_IN_SNAPSHOT,UNAVAILABLE_IN_SNAPSHOT,NONE,UNAVAILABLE,0.44830769038414819,0.44830769038414819,COMP-BARYON,EXTERNAL_RECORD_ACCOUNTED__INDIVIDUAL_HMT_REALIZATION_NOT_YET_JOINED,named_baryon_binding_map,ONLY_AFTER_INTERNAL_FREEZE,NO,2026,2026-01-15,40dc2587d9ae912d26fafb6b41f300f341d2a1f4bd620ff5b5f03827c39453fe
masas,156,EXTERNAL_MASS_INVENTORY,1,PDG2026:observable:B201:B201M:351874,Xi_b(6327)0 MASS,Xi_b(6327)0 | Xibar_b(6327)0,MASS,6327.28+-0.35,6327.28+-0.35,MeV,UNAVAILABLE_IN_SNAPSHOT,UNAVAILABLE_IN_SNAPSHOT,NONE,UNAVAILABLE,0.35468295701936398,0.34205262752974142,COMP-BARYON,EXTERNAL_RECORD_ACCOUNTED__INDIVIDUAL_HMT_REALIZATION_NOT_YET_JOINED,named_baryon_binding_map,ONLY_AFTER_INTERNAL_FREEZE,NO,2026,2026-01-15,40dc2587d9ae912d26fafb6b41f300f341d2a1f4bd620ff5b5f03827c39453fe
masas,157,EXTERNAL_MASS_INVENTORY,1,PDG2026:observable:B202:B202M:351878,Xi_b(6333)0 MASS,Xi_b(6333)0 | Xibar_b(6333)0,MASS,6332.69+-0.28,6332.69+-0.28,MeV,UNAVAILABLE_IN_SNAPSHOT,UNAVAILABLE_IN_SNAPSHOT,NONE,UNAVAILABLE,0.27802877548915689,0.28425340807103788,COMP-BARYON,EXTERNAL_RECORD_ACCOUNTED__INDIVIDUAL_HMT_REALIZATION_NOT_YET_JOINED,named_baryon_binding_map,ONLY_AFTER_INTERNAL_FREEZE,NO,2026,2026-01-15,40dc2587d9ae912d26fafb6b41f300f341d2a1f4bd620ff5b5f03827c39453fe
masas,158,EXTERNAL_MASS_INVENTORY,1,PDG2026:observable:B203:B203M0:351251,Xi_c(2882) MASS,Xi_c(2882)0 | Xibar_c(2882)0,MASS,2882+-9,2882+-9,MeV,UNAVAILABLE_IN_SNAPSHOT,UNAVAILABLE_IN_SNAPSHOT,NONE,UNAVAILABLE,9.0476516290140179,9.0476516290140179,COMP-BARYON,EXTERNAL_RECORD_ACCOUNTED__INDIVIDUAL_HMT_REALIZATION_NOT_YET_JOINED,named_baryon_binding_map,ONLY_AFTER_INTERNAL_FREEZE,NO,2026,2026-01-15,40dc2587d9ae912d26fafb6b41f300f341d2a1f4bd620ff5b5f03827c39453fe
masas,159,EXTERNAL_MASS_INVENTORY,1,PDG2026:observable:B204:B204M:351945,P_c_cbar_s(4338)0 MASS,P_c_cbar_s(4338)+,MASS,4338.2+-0.8,4338.2+-0.8,MeV,UNAVAILABLE_IN_SNAPSHOT,UNAVAILABLE_IN_SNAPSHOT,NONE,UNAVAILABLE,0.80622577482985491,0.80622577482985491,COMP-BARYON,EXTERNAL_RECORD_ACCOUNTED__INDIVIDUAL_HMT_REALIZATION_NOT_YET_JOINED,named_baryon_binding_map,ONLY_AFTER_INTERNAL_FREEZE,NO,2026,2026-01-15,40dc2587d9ae912d26fafb6b41f300f341d2a1f4bd620ff5b5f03827c39453fe
masas,160,EXTERNAL_MASS_INVENTORY,1,PDG2026:observable:B205:B205M:351999,P_c_cbar(4312)+ MASS,P_c_cbar(4312)+,MASS,4466+6-5,4466+6-5,MeV,UNAVAILABLE_IN_SNAPSHOT,UNAVAILABLE_IN_SNAPSHOT,NONE,UNAVAILABLE,6.3937962412886078,4.5877765420030174,COMP-BARYON,EXTERNAL_RECORD_ACCOUNTED__INDIVIDUAL_HMT_REALIZATION_NOT_YET_JOINED,named_baryon_binding_map,ONLY_AFTER_INTERNAL_FREEZE,NO,2026,2026-01-15,40dc2587d9ae912d26fafb6b41f300f341d2a1f4bd620ff5b5f03827c39453fe
masas,161,EXTERNAL_MASS_INVENTORY,1,PDG2026:observable:B206:B206M:350973,Lambda_c(2910)+ MASS,Lambda_c(2910)0 | Lambdabar_c(2910)0,MASS,2914+-7,2914+-7,MeV,UNAVAILABLE_IN_SNAPSHOT,UNAVAILABLE_IN_SNAPSHOT,NONE,UNAVAILABLE,6.7675697262754522,6.7675697262754522,COMP-BARYON,EXTERNAL_RECORD_ACCOUNTED__INDIVIDUAL_HMT_REALIZATION_NOT_YET_JOINED,named_baryon_binding_map,ONLY_AFTER_INTERNAL_FREEZE,NO,2026,2026-01-15,40dc2587d9ae912d26fafb6b41f300f341d2a1f4bd620ff5b5f03827c39453fe
masas,162,EXTERNAL_MASS_INVENTORY,1,PDG2026:observable:B207:B207M:351852,Xi_b(6087)0 MASS,Xi_b(6087),MASS,6087.0+-0.5,6087.0+-0.5,MeV,UNAVAILABLE_IN_SNAPSHOT,UNAVAILABLE_IN_SNAPSHOT,NONE,UNAVAILABLE,0.463167553682577,0.463167553682577,COMP-BARYON,EXTERNAL_RECORD_ACCOUNTED__INDIVIDUAL_HMT_REALIZATION_NOT_YET_JOINED,named_baryon_binding_map,ONLY_AFTER_INTERNAL_FREEZE,NO,2026,2026-01-15,40dc2587d9ae912d26fafb6b41f300f341d2a1f4bd620ff5b5f03827c39453fe
masas,163,EXTERNAL_MASS_INVENTORY,1,PDG2026:observable:B208:B208M:351856,Xi_b(6095)0 MASS,Xi_b(6095),MASS,6095.1+-0.4,6095.1+-0.4,MeV,UNAVAILABLE_IN_SNAPSHOT,UNAVAILABLE_IN_SNAPSHOT,NONE,UNAVAILABLE,0.44082216684770159,0.44082216684770159,COMP-BARYON,EXTERNAL_RECORD_ACCOUNTED__INDIVIDUAL_HMT_REALIZATION_NOT_YET_JOINED,named_baryon_binding_map,ONLY_AFTER_INTERNAL_FREEZE,NO,2026,2026-01-15,40dc2587d9ae912d26fafb6b41f300f341d2a1f4bd620ff5b5f03827c39453fe
masas,164,EXTERNAL_MASS_INVENTORY,1,PDG2026:observable:B209:B209M:351396,Omega_c(3185)0 MASS,Omega_c(3185)0 | Omegabar_c(3185)0,MASS,3185+7.6-1.9,3185+7.6-1.9,MeV,UNAVAILABLE_IN_SNAPSHOT,UNAVAILABLE_IN_SNAPSHOT,NONE,UNAVAILABLE,7.5953933407032981,1.933907960581372,COMP-BARYON,EXTERNAL_RECORD_ACCOUNTED__INDIVIDUAL_HMT_REALIZATION_NOT_YET_JOINED,named_baryon_binding_map,ONLY_AFTER_INTERNAL_FREEZE,NO,2026,2026-01-15,40dc2587d9ae912d26fafb6b41f300f341d2a1f4bd620ff5b5f03827c39453fe
masas,165,EXTERNAL_MASS_INVENTORY,1,PDG2026:observable:B210:B210M:351400,Omega_c(3327)0 MASS,Omega_c(3327)0 | Omegabar_c(3327)0,MASS,3327.1+1.2-1.8,3327.1+1.2-1.8,MeV,UNAVAILABLE_IN_SNAPSHOT,UNAVAILABLE_IN_SNAPSHOT,NONE,UNAVAILABLE,1.2206555615733701,1.7804493814764859,COMP-BARYON,EXTERNAL_RECORD_ACCOUNTED__INDIVIDUAL_HMT_REALIZATION_NOT_YET_JOINED,named_baryon_binding_map,ONLY_AFTER_INTERNAL_FREEZE,NO,2026,2026-01-15,40dc2587d9ae912d26fafb6b41f300f341d2a1f4bd620ff5b5f03827c39453fe
masas,166,EXTERNAL_MASS_INVENTORY,1,PDG2026:observable:B211:B211M:350514,Omega(2109)- MASS,Omega(2109)- | Omegabar(2109)+,MASS,2108+-5,2108+-5,MeV,UNAVAILABLE_IN_SNAPSHOT,UNAVAILABLE_IN_SNAPSHOT,NONE,UNAVAILABLE,5.2773099207835052,5.2773099207835052,COMP-BARYON,EXTERNAL_RECORD_ACCOUNTED__INDIVIDUAL_HMT_REALIZATION_NOT_YET_JOINED,named_baryon_binding_map,ONLY_AFTER_INTERNAL_FREEZE,NO,2026,2026-01-15,40dc2587d9ae912d26fafb6b41f300f341d2a1f4bd620ff5b5f03827c39453fe
masas,167,EXTERNAL_MASS_INVENTORY,1,PDG2026:observable:G033:G033M:332463,graviton MASS,graviton,MASS,<1.76 E-23,<1.76E-23,eV,UNAVAILABLE_IN_SNAPSHOT,UNAVAILABLE_IN_SNAPSHOT,U,UNAVAILABLE,NOT_APPLICABLE,NOT_APPLICABLE,GRAVITATIONAL_OR_HYPOTHETICAL,EXTERNAL_RECORD_ACCOUNTED__INDIVIDUAL_HMT_REALIZATION_NOT_YET_JOINED,typed_gravitational_representation_map,ONLY_AFTER_INTERNAL_FREEZE,NO,2026,2026-01-15,40dc2587d9ae912d26fafb6b41f300f341d2a1f4bd620ff5b5f03827c39453fe
masas,168,EXTERNAL_MASS_INVENTORY,1,PDG2026:observable:M001:M001M:333932,omega(782) MASS,omega(782)0,MASS,782.66+-0.13,782.66+-0.13,MeV,UNAVAILABLE_IN_SNAPSHOT,UNAVAILABLE_IN_SNAPSHOT,NONE,UNAVAILABLE,0.12901268855075981,0.12899704603475121,COMP-MESON,EXTERNAL_RECORD_ACCOUNTED__INDIVIDUAL_HMT_REALIZATION_NOT_YET_JOINED,named_meson_binding_map,ONLY_AFTER_INTERNAL_FREEZE,NO,2026,2026-01-15,40dc2587d9ae912d26fafb6b41f300f341d2a1f4bd620ff5b5f03827c39453fe
masas,169,EXTERNAL_MASS_INVENTORY,1,PDG2026:observable:M002:M002M:334006,eta'(958) MASS,eta^'(958)0,MASS,957.78+-0.06,957.78+-0.06,MeV,UNAVAILABLE_IN_SNAPSHOT,UNAVAILABLE_IN_SNAPSHOT,NONE,UNAVAILABLE,0.062631506813104018,0.062631506813104018,COMP-MESON,EXTERNAL_RECORD_ACCOUNTED__INDIVIDUAL_HMT_REALIZATION_NOT_YET_JOINED,named_meson_binding_map,ONLY_AFTER_INTERNAL_FREEZE,NO,2026,2026-01-15,40dc2587d9ae912d26fafb6b41f300f341d2a1f4bd620ff5b5f03827c39453fe
masas,170,EXTERNAL_MASS_INVENTORY,1,PDG2026:observable:M003:M003M1:334163,f_0(980) MASS,f_0(980)0,MASS,990+-20,990+-20,MeV,UNAVAILABLE_IN_SNAPSHOT,UNAVAILABLE_IN_SNAPSHOT,NONE,UNAVAILABLE,20,20,COMP-MESON,EXTERNAL_RECORD_ACCOUNTED__INDIVIDUAL_HMT_REALIZATION_NOT_YET_JOINED,named_meson_binding_map,ONLY_AFTER_INTERNAL_FREEZE,NO,2026,2026-01-15,40dc2587d9ae912d26fafb6b41f300f341d2a1f4bd620ff5b5f03827c39453fe
masas,171,EXTERNAL_MASS_INVENTORY,1,PDG2026:observable:M004:M004M:334182,phi(1020) MASS,phi(1020)0,MASS,1019.460+-0.016,1019.460+-0.016,MeV,UNAVAILABLE_IN_SNAPSHOT,UNAVAILABLE_IN_SNAPSHOT,NONE,UNAVAILABLE,0.0155652966373344,0.0155652966373344,COMP-MESON,EXTERNAL_RECORD_ACCOUNTED__INDIVIDUAL_HMT_REALIZATION_NOT_YET_JOINED,named_meson_binding_map,ONLY_AFTER_INTERNAL_FREEZE,NO,2026,2026-01-15,40dc2587d9ae912d26fafb6b41f300f341d2a1f4bd620ff5b5f03827c39453fe
masas,172,EXTERNAL_MASS_INVENTORY,1,PDG2026:observable:M005:M005M:334354,f_2(1270) MASS,f_2(1270)0,MASS,1275.4+-0.8,1275.4+-0.8,MeV,UNAVAILABLE_IN_SNAPSHOT,UNAVAILABLE_IN_SNAPSHOT,NONE,UNAVAILABLE,0.83226160812299765,0.83243720122632603,COMP-MESON,EXTERNAL_RECORD_ACCOUNTED__INDIVIDUAL_HMT_REALIZATION_NOT_YET_JOINED,named_meson_binding_map,ONLY_AFTER_INTERNAL_FREEZE,NO,2026,2026-01-15,40dc2587d9ae912d26fafb6b41f300f341d2a1f4bd620ff5b5f03827c39453fe
masas,173,EXTERNAL_MASS_INVENTORY,1,PDG2026:observable:M006:M006M2:334554,f_1(1420) MASS,f_1(1420)0,MASS,1427.7+1.7-1.4,1427.7+1.7-1.4,MeV,UNAVAILABLE_IN_SNAPSHOT,UNAVAILABLE_IN_SNAPSHOT,NONE,UNAVAILABLE,1.669286801641032,1.4373229857894489,COMP-MESON,EXTERNAL_RECORD_ACCOUNTED__INDIVIDUAL_HMT_REALIZATION_NOT_YET_JOINED,named_meson_binding_map,ONLY_AFTER_INTERNAL_FREEZE,NO,2026,2026-01-15,40dc2587d9ae912d26fafb6b41f300f341d2a1f4bd620ff5b5f03827c39453fe
masas,174,EXTERNAL_MASS_INVENTORY,1,PDG2026:observable:M008:M008M:334403,f_1(1285) MASS,f_1(1285)0,MASS,1281.8+-0.5,1281.8+-0.5,MeV,UNAVAILABLE_IN_SNAPSHOT,UNAVAILABLE_IN_SNAPSHOT,NONE,UNAVAILABLE,0.45740251642395002,0.45001100251184373,COMP-MESON,EXTERNAL_RECORD_ACCOUNTED__INDIVIDUAL_HMT_REALIZATION_NOT_YET_JOINED,named_meson_binding_map,ONLY_AFTER_INTERNAL_FREEZE,NO,2026,2026-01-15,40dc2587d9ae912d26fafb6b41f300f341d2a1f4bd620ff5b5f03827c39453fe
masas,175,EXTERNAL_MASS_INVENTORY,1,PDG2026:observable:M009:M009M0:333862,"NEUTRAL ONLY, e+ e-",rho(770)0 | rho(770)+ | rho(770)-,MASS,775.26+-0.23,775.26+-0.23,MeV,UNAVAILABLE_IN_SNAPSHOT,UNAVAILABLE_IN_SNAPSHOT,NONE,UNAVAILABLE,0.23429187483587821,0.23429187483587821,COMP-MESON,EXTERNAL_RECORD_ACCOUNTED__INDIVIDUAL_HMT_REALIZATION_NOT_YET_JOINED,named_meson_binding_map,ONLY_AFTER_INTERNAL_FREEZE,NO,2026,2026-01-15,40dc2587d9ae912d26fafb6b41f300f341d2a1f4bd620ff5b5f03827c39453fe
masas,176,EXTERNAL_MASS_INVENTORY,1,PDG2026:observable:M009:M009M5:333863,"CHARGED ONLY, tau DECAYS and e+ e-",rho(770)0 | rho(770)+ | rho(770)-,MASS,775.11+-0.34,775.11+-0.34,MeV,UNAVAILABLE_IN_SNAPSHOT,UNAVAILABLE_IN_SNAPSHOT,NONE,UNAVAILABLE,0.34073877998562979,0.34073877998562979,COMP-MESON,EXTERNAL_RECORD_ACCOUNTED__INDIVIDUAL_HMT_REALIZATION_NOT_YET_JOINED,named_meson_binding_map,ONLY_AFTER_INTERNAL_FREEZE,NO,2026,2026-01-15,40dc2587d9ae912d26fafb6b41f300f341d2a1f4bd620ff5b5f03827c39453fe
masas,177,EXTERNAL_MASS_INVENTORY,1,PDG2026:observable:M009:M009M7:333864,"MIXED CHARGES, OTHER REACTIONS",rho(770)0 | rho(770)+ | rho(770)-,MASS,763.0+-1.2,763.0+-1.2,MeV,UNAVAILABLE_IN_SNAPSHOT,UNAVAILABLE_IN_SNAPSHOT,NONE,UNAVAILABLE,1.236931687685298,1.236931687685298,COMP-MESON,EXTERNAL_RECORD_ACCOUNTED__INDIVIDUAL_HMT_REALIZATION_NOT_YET_JOINED,named_meson_binding_map,ONLY_AFTER_INTERNAL_FREEZE,NO,2026,2026-01-15,40dc2587d9ae912d26fafb6b41f300f341d2a1f4bd620ff5b5f03827c39453fe
masas,178,EXTERNAL_MASS_INVENTORY,1,PDG2026:observable:M009:M009M2:333865,"CHARGED ONLY, HADROPRODUCED",rho(770)0 | rho(770)+ | rho(770)-,MASS,766.5+-1.1,766.5+-1.1,MeV,UNAVAILABLE_IN_SNAPSHOT,UNAVAILABLE_IN_SNAPSHOT,NONE,UNAVAILABLE,1.106853523344296,1.106853523344296,COMP-MESON,EXTERNAL_RECORD_ACCOUNTED__INDIVIDUAL_HMT_REALIZATION_NOT_YET_JOINED,named_meson_binding_map,ONLY_AFTER_INTERNAL_FREEZE,NO,2026,2026-01-15,40dc2587d9ae912d26fafb6b41f300f341d2a1f4bd620ff5b5f03827c39453fe
masas,179,EXTERNAL_MASS_INVENTORY,1,PDG2026:observable:M009:M009M0P:333866,"NEUTRAL ONLY, PHOTOPRODUCED",rho(770)0 | rho(770)+ | rho(770)-,MASS,769.6+-0.8,769.6+-0.8,MeV,UNAVAILABLE_IN_SNAPSHOT,UNAVAILABLE_IN_SNAPSHOT,NONE,UNAVAILABLE,0.84746260647359306,0.82807525956483763,COMP-MESON,EXTERNAL_RECORD_ACCOUNTED__INDIVIDUAL_HMT_REALIZATION_NOT_YET_JOINED,named_meson_binding_map,ONLY_AFTER_INTERNAL_FREEZE,NO,2026,2026-01-15,40dc2587d9ae912d26fafb6b41f300f341d2a1f4bd620ff5b5f03827c39453fe
masas,180,EXTERNAL_MASS_INVENTORY,1,PDG2026:observable:M009:M009M0R:333867,"NEUTRAL ONLY, OTHER REACTIONS",rho(770)0 | rho(770)+ | rho(770)-,MASS,769.0+-0.9,769.0+-0.9,MeV,UNAVAILABLE_IN_SNAPSHOT,UNAVAILABLE_IN_SNAPSHOT,NONE,UNAVAILABLE,0.85061998301285813,0.85061998301285813,COMP-MESON,EXTERNAL_RECORD_ACCOUNTED__INDIVIDUAL_HMT_REALIZATION_NOT_YET_JOINED,named_meson_binding_map,ONLY_AFTER_INTERNAL_FREEZE,NO,2026,2026-01-15,40dc2587d9ae912d26fafb6b41f300f341d2a1f4bd620ff5b5f03827c39453fe
masas,181,EXTERNAL_MASS_INVENTORY,1,PDG2026:observable:M010:M010M:334331,a_1(1260) MASS,a_1(1260)0 | a_1(1260)+ | a_1(1260)-,MASS,1230+-40,1230+-40,MeV,UNAVAILABLE_IN_SNAPSHOT,UNAVAILABLE_IN_SNAPSHOT,NONE,UNAVAILABLE,40,40,COMP-MESON,EXTERNAL_RECORD_ACCOUNTED__INDIVIDUAL_HMT_REALIZATION_NOT_YET_JOINED,named_meson_binding_map,ONLY_AFTER_INTERNAL_FREEZE,NO,2026,2026-01-15,40dc2587d9ae912d26fafb6b41f300f341d2a1f4bd620ff5b5f03827c39453fe
masas,182,EXTERNAL_MASS_INVENTORY,1,PDG2026:observable:M011:M011M:334309,b_1(1235) MASS,b_1(1235)0 | b_1(1235)+ | b_1(1235)-,MASS,1229.5+-3.2,1229.5+-3.2,MeV,UNAVAILABLE_IN_SNAPSHOT,UNAVAILABLE_IN_SNAPSHOT,NONE,UNAVAILABLE,3.169161296684385,3.169161296684385,COMP-MESON,EXTERNAL_RECORD_ACCOUNTED__INDIVIDUAL_HMT_REALIZATION_NOT_YET_JOINED,named_meson_binding_map,ONLY_AFTER_INTERNAL_FREEZE,NO,2026,2026-01-15,40dc2587d9ae912d26fafb6b41f300f341d2a1f4bd620ff5b5f03827c39453fe
masas,183,EXTERNAL_MASS_INVENTORY,1,PDG2026:observable:M012:M012M0:334469,a_2(1320) MASS,a_2(1320)0 | a_2(1320)+ | a_2(1320)-,MASS,1318.2+-0.6,1318.2+-0.6,MeV,UNAVAILABLE_IN_SNAPSHOT,UNAVAILABLE_IN_SNAPSHOT,NONE,UNAVAILABLE,0.60920186906481122,0.60699292355954471,COMP-MESON,EXTERNAL_RECORD_ACCOUNTED__INDIVIDUAL_HMT_REALIZATION_NOT_YET_JOINED,named_meson_binding_map,ONLY_AFTER_INTERNAL_FREEZE,NO,2026,2026-01-15,40dc2587d9ae912d26fafb6b41f300f341d2a1f4bd620ff5b5f03827c39453fe
masas,184,EXTERNAL_MASS_INVENTORY,1,PDG2026:observable:M012:M012M1:334470,3pi MODE,a_2(1320)0 | a_2(1320)+ | a_2(1320)-,MASS,1318.6+-1.3,1318.6+-1.3,MeV,UNAVAILABLE_IN_SNAPSHOT,UNAVAILABLE_IN_SNAPSHOT,NONE,UNAVAILABLE,1.3253834593734439,1.308467953256981,COMP-MESON,EXTERNAL_RECORD_ACCOUNTED__INDIVIDUAL_HMT_REALIZATION_NOT_YET_JOINED,named_meson_binding_map,ONLY_AFTER_INTERNAL_FREEZE,NO,2026,2026-01-15,40dc2587d9ae912d26fafb6b41f300f341d2a1f4bd620ff5b5f03827c39453fe
masas,185,EXTERNAL_MASS_INVENTORY,1,PDG2026:observable:M012:M012M2:334471,K Kbar MODE,a_2(1320)0 | a_2(1320)+ | a_2(1320)-,MASS,1318.1+-0.7,1318.1+-0.7,MeV,UNAVAILABLE_IN_SNAPSHOT,UNAVAILABLE_IN_SNAPSHOT,NONE,UNAVAILABLE,0.69776876905725704,0.69776876905725704,COMP-MESON,EXTERNAL_RECORD_ACCOUNTED__INDIVIDUAL_HMT_REALIZATION_NOT_YET_JOINED,named_meson_binding_map,ONLY_AFTER_INTERNAL_FREEZE,NO,2026,2026-01-15,40dc2587d9ae912d26fafb6b41f300f341d2a1f4bd620ff5b5f03827c39453fe
masas,186,EXTERNAL_MASS_INVENTORY,1,PDG2026:observable:M012:M012M3:334472,eta pi MODE,a_2(1320)0 | a_2(1320)+ | a_2(1320)-,MASS,1317.7+-1.4,1317.7+-1.4,MeV,UNAVAILABLE_IN_SNAPSHOT,UNAVAILABLE_IN_SNAPSHOT,NONE,UNAVAILABLE,1.44182788627946,1.44182788627946,COMP-MESON,EXTERNAL_RECORD_ACCOUNTED__INDIVIDUAL_HMT_REALIZATION_NOT_YET_JOINED,named_meson_binding_map,ONLY_AFTER_INTERNAL_FREEZE,NO,2026,2026-01-15,40dc2587d9ae912d26fafb6b41f300f341d2a1f4bd620ff5b5f03827c39453fe
masas,187,EXTERNAL_MASS_INVENTORY,1,PDG2026:observable:M012:M012M4:334473,eta' pi MODE,a_2(1320)0 | a_2(1320)+ | a_2(1320)-,MASS,1322+-7,1322+-7,MeV,UNAVAILABLE_IN_SNAPSHOT,UNAVAILABLE_IN_SNAPSHOT,NONE,UNAVAILABLE,6.6766122233790837,7.0763164332234849,COMP-MESON,EXTERNAL_RECORD_ACCOUNTED__INDIVIDUAL_HMT_REALIZATION_NOT_YET_JOINED,named_meson_binding_map,ONLY_AFTER_INTERNAL_FREEZE,NO,2026,2026-01-15,40dc2587d9ae912d26fafb6b41f300f341d2a1f4bd620ff5b5f03827c39453fe
masas,188,EXTERNAL_MASS_INVENTORY,1,PDG2026:observable:M013:M013MX:334665,f_2'(1525) MASS,f_2^'(1525)0,MASS,1517.3+-2.4,1517.3+-2.4,MeV,UNAVAILABLE_IN_SNAPSHOT,UNAVAILABLE_IN_SNAPSHOT,NONE,UNAVAILABLE,2.434665632478874,2.3241526996293991,COMP-MESON,EXTERNAL_RECORD_ACCOUNTED__INDIVIDUAL_HMT_REALIZATION_NOT_YET_JOINED,named_meson_binding_map,ONLY_AFTER_INTERNAL_FREEZE,NO,2026,2026-01-15,40dc2587d9ae912d26fafb6b41f300f341d2a1f4bd620ff5b5f03827c39453fe
masas,189,EXTERNAL_MASS_INVENTORY,1,PDG2026:observable:M013:M013M2:334666,PRODUCED BY K+- BEAM,f_2^'(1525)0,MASS,1518.0+-2.7,1518.0+-2.7,MeV,UNAVAILABLE_IN_SNAPSHOT,UNAVAILABLE_IN_SNAPSHOT,NONE,UNAVAILABLE,2.757522740444236,2.6326327611784479,COMP-MESON,EXTERNAL_RECORD_ACCOUNTED__INDIVIDUAL_HMT_REALIZATION_NOT_YET_JOINED,named_meson_binding_map,ONLY_AFTER_INTERNAL_FREEZE,NO,2026,2026-01-15,40dc2587d9ae912d26fafb6b41f300f341d2a1f4bd620ff5b5f03827c39453fe
masas,190,EXTERNAL_MASS_INVENTORY,1,PDG2026:observable:M013:M013M3:334667,PRODUCED IN e+ e- ANNIHILATION AND PARTICLE DECAYS,f_2^'(1525)0,MASS,1514+-4,1514+-4,MeV,UNAVAILABLE_IN_SNAPSHOT,UNAVAILABLE_IN_SNAPSHOT,NONE,UNAVAILABLE,4.4245859881758847,4.0897154586322664,COMP-MESON,EXTERNAL_RECORD_ACCOUNTED__INDIVIDUAL_HMT_REALIZATION_NOT_YET_JOINED,named_meson_binding_map,ONLY_AFTER_INTERNAL_FREEZE,NO,2026,2026-01-15,40dc2587d9ae912d26fafb6b41f300f341d2a1f4bd620ff5b5f03827c39453fe
masas,191,EXTERNAL_MASS_INVENTORY,1,PDG2026:observable:M013:M013M9:334668,PRODUCED IN pbar p ANNIHILATION,f_2^'(1525)0,MASS,1512+-4,1512+-4,MeV,UNAVAILABLE_IN_SNAPSHOT,UNAVAILABLE_IN_SNAPSHOT,NONE,UNAVAILABLE,3.6552461944810291,3.6552461944810291,COMP-MESON,EXTERNAL_RECORD_ACCOUNTED__INDIVIDUAL_HMT_REALIZATION_NOT_YET_JOINED,named_meson_binding_map,ONLY_AFTER_INTERNAL_FREEZE,NO,2026,2026-01-15,40dc2587d9ae912d26fafb6b41f300f341d2a1f4bd620ff5b5f03827c39453fe
masas,192,EXTERNAL_MASS_INVENTORY,1,PDG2026:observable:M013:M013M4:334669,CENTRAL PRODUCTION,f_2^'(1525)0,MASS,1515+-15,1515+-15,MeV,UNAVAILABLE_IN_SNAPSHOT,UNAVAILABLE_IN_SNAPSHOT,NONE,UNAVAILABLE,15,15,COMP-MESON,EXTERNAL_RECORD_ACCOUNTED__INDIVIDUAL_HMT_REALIZATION_NOT_YET_JOINED,named_meson_binding_map,ONLY_AFTER_INTERNAL_FREEZE,NO,2026,2026-01-15,40dc2587d9ae912d26fafb6b41f300f341d2a1f4bd620ff5b5f03827c39453fe
masas,193,EXTERNAL_MASS_INVENTORY,1,PDG2026:observable:M013:M013M10:334670,PRODUCED IN e p COLLISIONS,f_2^'(1525)0,MASS,1512+-3.2,1512+-3.2,MeV,UNAVAILABLE_IN_SNAPSHOT,UNAVAILABLE_IN_SNAPSHOT,NONE,UNAVAILABLE,3.3105890714493702,3.0413812651491101,COMP-MESON,EXTERNAL_RECORD_ACCOUNTED__INDIVIDUAL_HMT_REALIZATION_NOT_YET_JOINED,named_meson_binding_map,ONLY_AFTER_INTERNAL_FREEZE,NO,2026,2026-01-15,40dc2587d9ae912d26fafb6b41f300f341d2a1f4bd620ff5b5f03827c39453fe
masas,194,EXTERNAL_MASS_INVENTORY,1,PDG2026:observable:M014:M014M:333857,f_0(500) BREIT-WIGNER MASS,f_0(500)0,MASS,400 to 800,400 to 800,MeV,UNAVAILABLE_IN_SNAPSHOT,UNAVAILABLE_IN_SNAPSHOT,R,UNAVAILABLE,NOT_APPLICABLE,NOT_APPLICABLE,COMP-MESON,EXTERNAL_RECORD_ACCOUNTED__INDIVIDUAL_HMT_REALIZATION_NOT_YET_JOINED,named_meson_binding_map,ONLY_AFTER_INTERNAL_FREEZE,NO,2026,2026-01-15,40dc2587d9ae912d26fafb6b41f300f341d2a1f4bd620ff5b5f03827c39453fe
masas,195,EXTERNAL_MASS_INVENTORY,1,PDG2026:observable:M015:M015M:334842,rho_3(1690) MASS,rho_3(1690)0 | rho_3(1690)+ | rho_3(1690)-,MASS,1688.8+-2.1,1688.8+-2.1,MeV,UNAVAILABLE_IN_SNAPSHOT,UNAVAILABLE_IN_SNAPSHOT,NONE,UNAVAILABLE,2.0985516723695361,2.0985516723695361,COMP-MESON,EXTERNAL_RECORD_ACCOUNTED__INDIVIDUAL_HMT_REALIZATION_NOT_YET_JOINED,named_meson_binding_map,ONLY_AFTER_INTERNAL_FREEZE,NO,2026,2026-01-15,40dc2587d9ae912d26fafb6b41f300f341d2a1f4bd620ff5b5f03827c39453fe
masas,196,EXTERNAL_MASS_INVENTORY,1,PDG2026:observable:M015:M015M1:334843,2pi MODE,rho_3(1690)0 | rho_3(1690)+ | rho_3(1690)-,MASS,1686+-4,1686+-4,MeV,UNAVAILABLE_IN_SNAPSHOT,UNAVAILABLE_IN_SNAPSHOT,NONE,UNAVAILABLE,3.9750025108542628,3.9750025108542628,COMP-MESON,EXTERNAL_RECORD_ACCOUNTED__INDIVIDUAL_HMT_REALIZATION_NOT_YET_JOINED,named_meson_binding_map,ONLY_AFTER_INTERNAL_FREEZE,NO,2026,2026-01-15,40dc2587d9ae912d26fafb6b41f300f341d2a1f4bd620ff5b5f03827c39453fe
masas,197,EXTERNAL_MASS_INVENTORY,1,PDG2026:observable:M015:M015M2:334844,K Kbar AND K Kbar pi MODES,rho_3(1690)0 | rho_3(1690)+ | rho_3(1690)-,MASS,1696+-4,1696+-4,MeV,UNAVAILABLE_IN_SNAPSHOT,UNAVAILABLE_IN_SNAPSHOT,NONE,UNAVAILABLE,3.566236013260232,3.566236013260232,COMP-MESON,EXTERNAL_RECORD_ACCOUNTED__INDIVIDUAL_HMT_REALIZATION_NOT_YET_JOINED,named_meson_binding_map,ONLY_AFTER_INTERNAL_FREEZE,NO,2026,2026-01-15,40dc2587d9ae912d26fafb6b41f300f341d2a1f4bd620ff5b5f03827c39453fe
masas,198,EXTERNAL_MASS_INVENTORY,1,PDG2026:observable:M015:M015M3:334845,(4pi)+- MODE,rho_3(1690)0 | rho_3(1690)+ | rho_3(1690)-,MASS,1686+-5,1686+-5,MeV,UNAVAILABLE_IN_SNAPSHOT,UNAVAILABLE_IN_SNAPSHOT,NONE,UNAVAILABLE,4.6428485030430204,4.6428485030430204,COMP-MESON,EXTERNAL_RECORD_ACCOUNTED__INDIVIDUAL_HMT_REALIZATION_NOT_YET_JOINED,named_meson_binding_map,ONLY_AFTER_INTERNAL_FREEZE,NO,2026,2026-01-15,40dc2587d9ae912d26fafb6b41f300f341d2a1f4bd620ff5b5f03827c39453fe
masas,199,EXTERNAL_MASS_INVENTORY,1,PDG2026:observable:M015:M015M5:334846,omega pi MODE,rho_3(1690)0 | rho_3(1690)+ | rho_3(1690)-,MASS,1681+-7,1681+-7,MeV,UNAVAILABLE_IN_SNAPSHOT,UNAVAILABLE_IN_SNAPSHOT,NONE,UNAVAILABLE,6.5243685482430793,6.5243685482430793,COMP-MESON,EXTERNAL_RECORD_ACCOUNTED__INDIVIDUAL_HMT_REALIZATION_NOT_YET_JOINED,named_meson_binding_map,ONLY_AFTER_INTERNAL_FREEZE,NO,2026,2026-01-15,40dc2587d9ae912d26fafb6b41f300f341d2a1f4bd620ff5b5f03827c39453fe
masas,200,EXTERNAL_MASS_INVENTORY,1,PDG2026:observable:M015:M015M6:334847,eta pi+ pi- MODE,rho_3(1690)0 | rho_3(1690)+ | rho_3(1690)-,MASS,1682+-12,1682+-12,MeV,UNAVAILABLE_IN_SNAPSHOT,UNAVAILABLE_IN_SNAPSHOT,NONE,UNAVAILABLE,12.456821978061001,12.456821978061001,COMP-MESON,EXTERNAL_RECORD_ACCOUNTED__INDIVIDUAL_HMT_REALIZATION_NOT_YET_JOINED,named_meson_binding_map,ONLY_AFTER_INTERNAL_FREEZE,NO,2026,2026-01-15,40dc2587d9ae912d26fafb6b41f300f341d2a1f4bd620ff5b5f03827c39453fe
masas,201,EXTERNAL_MASS_INVENTORY,1,PDG2026:observable:M016:M016M:335130,f_4(2050) MASS,f_4(2050)0,MASS,2018+-11,2018+-11,MeV,UNAVAILABLE_IN_SNAPSHOT,UNAVAILABLE_IN_SNAPSHOT,NONE,UNAVAILABLE,11.36985618415634,11.505626326952621,COMP-MESON,EXTERNAL_RECORD_ACCOUNTED__INDIVIDUAL_HMT_REALIZATION_NOT_YET_JOINED,named_meson_binding_map,ONLY_AFTER_INTERNAL_FREEZE,NO,2026,2026-01-15,40dc2587d9ae912d26fafb6b41f300f341d2a1f4bd620ff5b5f03827c39453fe
masas,202,EXTERNAL_MASS_INVENTORY,1,PDG2026:observable:M017:M017M:335090,a_4(1970) MASS,a_4(1970)0 | a_4(1970)+ | a_4(1970)-,MASS,1967+-16,1967+-16,MeV,UNAVAILABLE_IN_SNAPSHOT,UNAVAILABLE_IN_SNAPSHOT,NONE,UNAVAILABLE,16.038876268934711,15.89171260745924,COMP-MESON,EXTERNAL_RECORD_ACCOUNTED__INDIVIDUAL_HMT_REALIZATION_NOT_YET_JOINED,named_meson_binding_map,ONLY_AFTER_INTERNAL_FREEZE,NO,2026,2026-01-15,40dc2587d9ae912d26fafb6b41f300f341d2a1f4bd620ff5b5f03827c39453fe
masas,203,EXTERNAL_MASS_INVENTORY,1,PDG2026:observable:M018:M018TMP:335789,K*(892) T-Matrix Pole sqrt(s),K^*(892)0 | Kbar^*(892)0 | K^*(892)+ | K^*(892)-,MASS,(890+-14) - i (26+-6),890+-14,MeV,UNAVAILABLE_IN_SNAPSHOT,UNAVAILABLE_IN_SNAPSHOT,NONE,UNAVAILABLE,UNAVAILABLE,UNAVAILABLE,COMP-MESON,EXTERNAL_RECORD_ACCOUNTED__INDIVIDUAL_HMT_REALIZATION_NOT_YET_JOINED,named_meson_binding_map,ONLY_AFTER_INTERNAL_FREEZE,NO,2026,2026-01-15,40dc2587d9ae912d26fafb6b41f300f341d2a1f4bd620ff5b5f03827c39453fe
masas,204,EXTERNAL_MASS_INVENTORY,1,PDG2026:observable:M018:M018M1:335790,"CHARGED ONLY, HADROPRODUCED",K^*(892)0 | Kbar^*(892)0 | K^*(892)+ | K^*(892)-,MASS,891.88+-0.23,891.88+-0.23,MeV,UNAVAILABLE_IN_SNAPSHOT,UNAVAILABLE_IN_SNAPSHOT,NONE,UNAVAILABLE,0.2311072255904166,0.2311072255904166,COMP-MESON,EXTERNAL_RECORD_ACCOUNTED__INDIVIDUAL_HMT_REALIZATION_NOT_YET_JOINED,named_meson_binding_map,ONLY_AFTER_INTERNAL_FREEZE,NO,2026,2026-01-15,40dc2587d9ae912d26fafb6b41f300f341d2a1f4bd620ff5b5f03827c39453fe
masas,205,EXTERNAL_MASS_INVENTORY,1,PDG2026:observable:M018:M018MCT:335791,"CHARGED ONLY, PRODUCED IN tau LEPTON DECAYS",K^*(892)0 | Kbar^*(892)0 | K^*(892)+ | K^*(892)-,MASS,895.5+-0.8,895.5+-0.8,MeV,UNAVAILABLE_IN_SNAPSHOT,UNAVAILABLE_IN_SNAPSHOT,NONE,UNAVAILABLE,0.76655071586947199,0.76655071586947199,COMP-MESON,EXTERNAL_RECORD_ACCOUNTED__INDIVIDUAL_HMT_REALIZATION_NOT_YET_JOINED,named_meson_binding_map,ONLY_AFTER_INTERNAL_FREEZE,NO,2026,2026-01-15,40dc2587d9ae912d26fafb6b41f300f341d2a1f4bd620ff5b5f03827c39453fe
masas,206,EXTERNAL_MASS_INVENTORY,1,PDG2026:observable:M018:M018M2:335792,NEUTRAL ONLY,K^*(892)0 | Kbar^*(892)0 | K^*(892)+ | K^*(892)-,MASS,895.56+-0.20,895.56+-0.20,MeV,UNAVAILABLE_IN_SNAPSHOT,UNAVAILABLE_IN_SNAPSHOT,NONE,UNAVAILABLE,0.2035793881115591,0.20506335702397691,COMP-MESON,EXTERNAL_RECORD_ACCOUNTED__INDIVIDUAL_HMT_REALIZATION_NOT_YET_JOINED,named_meson_binding_map,ONLY_AFTER_INTERNAL_FREEZE,NO,2026,2026-01-15,40dc2587d9ae912d26fafb6b41f300f341d2a1f4bd620ff5b5f03827c39453fe
masas,207,EXTERNAL_MASS_INVENTORY,1,PDG2026:observable:M019:M019M:335878,K_0*(1430) MASS,K_0^*(1430)0 | Kbar_0^*(1430)0 | K_0^*(1430)+ | K_0^*(1430)-,MASS,1425+-50,1425+-50,MeV,UNAVAILABLE_IN_SNAPSHOT,UNAVAILABLE_IN_SNAPSHOT,NONE,UNAVAILABLE,50,50,COMP-MESON,EXTERNAL_RECORD_ACCOUNTED__INDIVIDUAL_HMT_REALIZATION_NOT_YET_JOINED,named_meson_binding_map,ONLY_AFTER_INTERNAL_FREEZE,NO,2026,2026-01-15,40dc2587d9ae912d26fafb6b41f300f341d2a1f4bd620ff5b5f03827c39453fe
masas,208,EXTERNAL_MASS_INVENTORY,1,PDG2026:observable:M020:M020M:335146,pi_2(2100) MASS,pi_2(2100)0 | pi_2(2100)+ | pi_2(2100)-,MASS,2090+-29,2090+-29,MeV,UNAVAILABLE_IN_SNAPSHOT,UNAVAILABLE_IN_SNAPSHOT,NONE,UNAVAILABLE,29.4174202707276,29.4174202707276,COMP-MESON,EXTERNAL_RECORD_ACCOUNTED__INDIVIDUAL_HMT_REALIZATION_NOT_YET_JOINED,named_meson_binding_map,ONLY_AFTER_INTERNAL_FREEZE,NO,2026,2026-01-15,40dc2587d9ae912d26fafb6b41f300f341d2a1f4bd620ff5b5f03827c39453fe
masas,209,EXTERNAL_MASS_INVENTORY,1,PDG2026:observable:M022:M022M1:335888,"CHARGED ONLY, WITH FINAL STATE K pi",K_2^*(1430)0 | Kbar_2^*(1430)0 | K_2^*(1430)+ | K_2^*(1430)-,MASS,1427.3+-1.5,1427.3+-1.5,MeV,UNAVAILABLE_IN_SNAPSHOT,UNAVAILABLE_IN_SNAPSHOT,NONE,UNAVAILABLE,1.50306501170133,1.5176464822711819,COMP-MESON,EXTERNAL_RECORD_ACCOUNTED__INDIVIDUAL_HMT_REALIZATION_NOT_YET_JOINED,named_meson_binding_map,ONLY_AFTER_INTERNAL_FREEZE,NO,2026,2026-01-15,40dc2587d9ae912d26fafb6b41f300f341d2a1f4bd620ff5b5f03827c39453fe
masas,210,EXTERNAL_MASS_INVENTORY,1,PDG2026:observable:M022:M022M4:335889,NEUTRAL ONLY,K_2^*(1430)0 | Kbar_2^*(1430)0 | K_2^*(1430)+ | K_2^*(1430)-,MASS,1432.4+-1.3,1432.4+-1.3,MeV,UNAVAILABLE_IN_SNAPSHOT,UNAVAILABLE_IN_SNAPSHOT,NONE,UNAVAILABLE,1.2576940808242421,1.2576940808242421,COMP-MESON,EXTERNAL_RECORD_ACCOUNTED__INDIVIDUAL_HMT_REALIZATION_NOT_YET_JOINED,named_meson_binding_map,ONLY_AFTER_INTERNAL_FREEZE,NO,2026,2026-01-15,40dc2587d9ae912d26fafb6b41f300f341d2a1f4bd620ff5b5f03827c39453fe
masas,211,EXTERNAL_MASS_INVENTORY,1,PDG2026:observable:M023:M023M:335963,K_2(1770) MASS,K_2(1770)0 | Kbar_2(1770)0 | K_2(1770)+ | K_2(1770)-,MASS,1773+-8,1773+-8,MeV,UNAVAILABLE_IN_SNAPSHOT,UNAVAILABLE_IN_SNAPSHOT,NONE,UNAVAILABLE,7.9841554588538504,7.9644541424158186,COMP-MESON,EXTERNAL_RECORD_ACCOUNTED__INDIVIDUAL_HMT_REALIZATION_NOT_YET_JOINED,named_meson_binding_map,ONLY_AFTER_INTERNAL_FREEZE,NO,2026,2026-01-15,40dc2587d9ae912d26fafb6b41f300f341d2a1f4bd620ff5b5f03827c39453fe
masas,212,EXTERNAL_MASS_INVENTORY,1,PDG2026:observable:M025:M025M:346343,psi(4160) MASS,psi(4160),MASS,4191+-5,4191+-5,MeV,UNAVAILABLE_IN_SNAPSHOT,UNAVAILABLE_IN_SNAPSHOT,NONE,UNAVAILABLE,5.1959983332711133,4.9802084626429108,COMP-MESON,EXTERNAL_RECORD_ACCOUNTED__INDIVIDUAL_HMT_REALIZATION_NOT_YET_JOINED,named_meson_binding_map,ONLY_AFTER_INTERNAL_FREEZE,NO,2026,2026-01-15,40dc2587d9ae912d26fafb6b41f300f341d2a1f4bd620ff5b5f03827c39453fe
masas,213,EXTERNAL_MASS_INVENTORY,1,PDG2026:observable:M026:M026M:343286,eta_c(1S) MASS,eta_c(1S),MASS,2984.09+-0.30,2984.09+-0.30,MeV,UNAVAILABLE_IN_SNAPSHOT,UNAVAILABLE_IN_SNAPSHOT,NONE,UNAVAILABLE,0.29677104771232732,0.30021031998551229,COMP-MESON,EXTERNAL_RECORD_ACCOUNTED__INDIVIDUAL_HMT_REALIZATION_NOT_YET_JOINED,named_meson_binding_map,ONLY_AFTER_INTERNAL_FREEZE,NO,2026,2026-01-15,40dc2587d9ae912d26fafb6b41f300f341d2a1f4bd620ff5b5f03827c39453fe
masas,214,EXTERNAL_MASS_INVENTORY,1,PDG2026:observable:M027:M027MX:334525,eta(1405) MASS,eta(1405)0,MASS,1408.0+1.8-1.2,1408.0+1.8-1.2,MeV,UNAVAILABLE_IN_SNAPSHOT,UNAVAILABLE_IN_SNAPSHOT,NONE,UNAVAILABLE,1.817274601784945,1.231728539767738,COMP-MESON,EXTERNAL_RECORD_ACCOUNTED__INDIVIDUAL_HMT_REALIZATION_NOT_YET_JOINED,named_meson_binding_map,ONLY_AFTER_INTERNAL_FREEZE,NO,2026,2026-01-15,40dc2587d9ae912d26fafb6b41f300f341d2a1f4bd620ff5b5f03827c39453fe
masas,215,EXTERNAL_MASS_INVENTORY,1,PDG2026:observable:M027:M027M1:334526,eta pi pi MODE,eta(1405)0,MASS,1405.5+-2.3,1405.5+-2.3,MeV,UNAVAILABLE_IN_SNAPSHOT,UNAVAILABLE_IN_SNAPSHOT,NONE,UNAVAILABLE,2.2617401948054172,2.353950701102808,COMP-MESON,EXTERNAL_RECORD_ACCOUNTED__INDIVIDUAL_HMT_REALIZATION_NOT_YET_JOINED,named_meson_binding_map,ONLY_AFTER_INTERNAL_FREEZE,NO,2026,2026-01-15,40dc2587d9ae912d26fafb6b41f300f341d2a1f4bd620ff5b5f03827c39453fe
masas,216,EXTERNAL_MASS_INVENTORY,1,PDG2026:observable:M027:M027M4:334527,K Kbar pi MODE (a_0(980) pi or direct K Kbar pi),eta(1405)0,MASS,1413.5+2.0-0.9,1413.5+2.0-0.9,MeV,UNAVAILABLE_IN_SNAPSHOT,UNAVAILABLE_IN_SNAPSHOT,NONE,UNAVAILABLE,1.9652283255103979,0.88864461966865371,COMP-MESON,EXTERNAL_RECORD_ACCOUNTED__INDIVIDUAL_HMT_REALIZATION_NOT_YET_JOINED,named_meson_binding_map,ONLY_AFTER_INTERNAL_FREEZE,NO,2026,2026-01-15,40dc2587d9ae912d26fafb6b41f300f341d2a1f4bd620ff5b5f03827c39453fe
masas,217,EXTERNAL_MASS_INVENTORY,1,PDG2026:observable:M027:M027M2:334528,pi pi gamma MODE,eta(1405)0,MASS,1403+-17,1403+-17,MeV,UNAVAILABLE_IN_SNAPSHOT,UNAVAILABLE_IN_SNAPSHOT,NONE,UNAVAILABLE,16.617414327881129,16.617414327881129,COMP-MESON,EXTERNAL_RECORD_ACCOUNTED__INDIVIDUAL_HMT_REALIZATION_NOT_YET_JOINED,named_meson_binding_map,ONLY_AFTER_INTERNAL_FREEZE,NO,2026,2026-01-15,40dc2587d9ae912d26fafb6b41f300f341d2a1f4bd620ff5b5f03827c39453fe
masas,218,EXTERNAL_MASS_INVENTORY,1,PDG2026:observable:M027:M027M7:334529,phi gamma MODE,eta(1405)0,MASS,1422+6-8,1422+6-8,MeV,UNAVAILABLE_IN_SNAPSHOT,UNAVAILABLE_IN_SNAPSHOT,NONE,UNAVAILABLE,6.2625873247404709,8.0777472107017552,COMP-MESON,EXTERNAL_RECORD_ACCOUNTED__INDIVIDUAL_HMT_REALIZATION_NOT_YET_JOINED,named_meson_binding_map,ONLY_AFTER_INTERNAL_FREEZE,NO,2026,2026-01-15,40dc2587d9ae912d26fafb6b41f300f341d2a1f4bd620ff5b5f03827c39453fe
masas,219,EXTERNAL_MASS_INVENTORY,1,PDG2026:observable:M028:M028MX:335817,K_1(1270) MASS,K_1(1270)0 | Kbar_1(1270)0 | K_1(1270)+ | K_1(1270)-,MASS,1256+-6,1256+-6,MeV,UNAVAILABLE_IN_SNAPSHOT,UNAVAILABLE_IN_SNAPSHOT,NONE,UNAVAILABLE,6.4239824760278736,6.4239824760278736,COMP-MESON,EXTERNAL_RECORD_ACCOUNTED__INDIVIDUAL_HMT_REALIZATION_NOT_YET_JOINED,named_meson_binding_map,ONLY_AFTER_INTERNAL_FREEZE,NO,2026,2026-01-15,40dc2587d9ae912d26fafb6b41f300f341d2a1f4bd620ff5b5f03827c39453fe
masas,220,EXTERNAL_MASS_INVENTORY,1,PDG2026:observable:M028:M028M2:335818,"PRODUCED BY K-, BACKWARD SCATTERING, HYPERON EXCHANGE",K_1(1270)0 | Kbar_1(1270)0 | K_1(1270)+ | K_1(1270)-,MASS,1275+-10,1275+-10,MeV,UNAVAILABLE_IN_SNAPSHOT,UNAVAILABLE_IN_SNAPSHOT,NONE,UNAVAILABLE,10,10,COMP-MESON,EXTERNAL_RECORD_ACCOUNTED__INDIVIDUAL_HMT_REALIZATION_NOT_YET_JOINED,named_meson_binding_map,ONLY_AFTER_INTERNAL_FREEZE,NO,2026,2026-01-15,40dc2587d9ae912d26fafb6b41f300f341d2a1f4bd620ff5b5f03827c39453fe
masas,221,EXTERNAL_MASS_INVENTORY,1,PDG2026:observable:M028:M028M3:335819,PRODUCED BY K BEAMS,K_1(1270)0 | Kbar_1(1270)0 | K_1(1270)+ | K_1(1270)-,MASS,1270+-10,1270+-10,MeV,UNAVAILABLE_IN_SNAPSHOT,UNAVAILABLE_IN_SNAPSHOT,NONE,UNAVAILABLE,10,10,COMP-MESON,EXTERNAL_RECORD_ACCOUNTED__INDIVIDUAL_HMT_REALIZATION_NOT_YET_JOINED,named_meson_binding_map,ONLY_AFTER_INTERNAL_FREEZE,NO,2026,2026-01-15,40dc2587d9ae912d26fafb6b41f300f341d2a1f4bd620ff5b5f03827c39453fe
masas,222,EXTERNAL_MASS_INVENTORY,1,PDG2026:observable:M028:M028M1:335820,PRODUCED BY BEAMS OTHER THAN K MESONS,K_1(1270)0 | Kbar_1(1270)0 | K_1(1270)+ | K_1(1270)-,MASS,1252+-9,1252+-9,MeV,UNAVAILABLE_IN_SNAPSHOT,UNAVAILABLE_IN_SNAPSHOT,NONE,UNAVAILABLE,8.8239123358673819,8.8239123358673819,COMP-MESON,EXTERNAL_RECORD_ACCOUNTED__INDIVIDUAL_HMT_REALIZATION_NOT_YET_JOINED,named_meson_binding_map,ONLY_AFTER_INTERNAL_FREEZE,NO,2026,2026-01-15,40dc2587d9ae912d26fafb6b41f300f341d2a1f4bd620ff5b5f03827c39453fe
masas,223,EXTERNAL_MASS_INVENTORY,1,PDG2026:observable:M028:M028MT:335821,PRODUCED IN tau LEPTON DECAYS,K_1(1270)0 | Kbar_1(1270)0 | K_1(1270)+ | K_1(1270)-,MASS,1250+-50,1250+-50,MeV,UNAVAILABLE_IN_SNAPSHOT,UNAVAILABLE_IN_SNAPSHOT,NONE,UNAVAILABLE,47.381430961928537,47.381430961928537,COMP-MESON,EXTERNAL_RECORD_ACCOUNTED__INDIVIDUAL_HMT_REALIZATION_NOT_YET_JOINED,named_meson_binding_map,ONLY_AFTER_INTERNAL_FREEZE,NO,2026,2026-01-15,40dc2587d9ae912d26fafb6b41f300f341d2a1f4bd620ff5b5f03827c39453fe
masas,224,EXTERNAL_MASS_INVENTORY,1,PDG2026:observable:M029:M029M:346244,X(3940) MASS,X(3940),MASS,3942+-9,3942+-9,MeV,UNAVAILABLE_IN_SNAPSHOT,UNAVAILABLE_IN_SNAPSHOT,NONE,UNAVAILABLE,9.0427689971016019,8.2141639308556176,COMP-MESON,EXTERNAL_RECORD_ACCOUNTED__INDIVIDUAL_HMT_REALIZATION_NOT_YET_JOINED,named_meson_binding_map,ONLY_AFTER_INTERNAL_FREEZE,NO,2026,2026-01-15,40dc2587d9ae912d26fafb6b41f300f341d2a1f4bd620ff5b5f03827c39453fe
masas,225,EXTERNAL_MASS_INVENTORY,1,PDG2026:observable:M030:M030M:334306,h_1(1170) MASS,h_1(1170)0,MASS,1166+-6,1166+-6,MeV,UNAVAILABLE_IN_SNAPSHOT,UNAVAILABLE_IN_SNAPSHOT,NONE,UNAVAILABLE,5.8309518948453007,5.8309518948453007,COMP-MESON,EXTERNAL_RECORD_ACCOUNTED__INDIVIDUAL_HMT_REALIZATION_NOT_YET_JOINED,named_meson_binding_map,ONLY_AFTER_INTERNAL_FREEZE,NO,2026,2026-01-15,40dc2587d9ae912d26fafb6b41f300f341d2a1f4bd620ff5b5f03827c39453fe
masas,226,EXTERNAL_MASS_INVENTORY,1,PDG2026:observable:M033:M033M3:335259,pi- p --> omega pi0 n,rho_5(2350)0 | rho_5(2350)+ | rho_5(2350)-,MASS,2330+-35,2330+-35,MeV,UNAVAILABLE_IN_SNAPSHOT,UNAVAILABLE_IN_SNAPSHOT,NONE,UNAVAILABLE,35,35,COMP-MESON,EXTERNAL_RECORD_ACCOUNTED__INDIVIDUAL_HMT_REALIZATION_NOT_YET_JOINED,named_meson_binding_map,ONLY_AFTER_INTERNAL_FREEZE,NO,2026,2026-01-15,40dc2587d9ae912d26fafb6b41f300f341d2a1f4bd620ff5b5f03827c39453fe
masas,227,EXTERNAL_MASS_INVENTORY,1,PDG2026:observable:M034:M034M:334783,pi_2(1670) MASS,pi_2(1670)0 | pi_2(1670)+ | pi_2(1670)-,MASS,1670.6+2.9-1.2,1670.6+2.9-1.2,MeV,UNAVAILABLE_IN_SNAPSHOT,UNAVAILABLE_IN_SNAPSHOT,NONE,UNAVAILABLE,2.92487285188664,1.1987692041830089,COMP-MESON,EXTERNAL_RECORD_ACCOUNTED__INDIVIDUAL_HMT_REALIZATION_NOT_YET_JOINED,named_meson_binding_map,ONLY_AFTER_INTERNAL_FREEZE,NO,2026,2026-01-15,40dc2587d9ae912d26fafb6b41f300f341d2a1f4bd620ff5b5f03827c39453fe
masas,228,EXTERNAL_MASS_INVENTORY,1,PDG2026:observable:M035:M035M:336016,K_4*(2045) MASS,K_4^*(2045)0 | Kbar_4^*(2045)0 | K_4^*(2045)+ | K_4^*(2045)-,MASS,2048+8-9,2048+8-9,MeV,UNAVAILABLE_IN_SNAPSHOT,UNAVAILABLE_IN_SNAPSHOT,NONE,UNAVAILABLE,8.0644653972191538,8.9483400524220826,COMP-MESON,EXTERNAL_RECORD_ACCOUNTED__INDIVIDUAL_HMT_REALIZATION_NOT_YET_JOINED,named_meson_binding_map,ONLY_AFTER_INTERNAL_FREEZE,NO,2026,2026-01-15,40dc2587d9ae912d26fafb6b41f300f341d2a1f4bd620ff5b5f03827c39453fe
masas,229,EXTERNAL_MASS_INVENTORY,1,PDG2026:observable:M036:M036MX:334171,a_0(980) MASS,a_0(980)0 | a_0(980)+ | a_0(980)-,MASS,980+-20,980+-20,MeV,UNAVAILABLE_IN_SNAPSHOT,UNAVAILABLE_IN_SNAPSHOT,NONE,UNAVAILABLE,20,20,COMP-MESON,EXTERNAL_RECORD_ACCOUNTED__INDIVIDUAL_HMT_REALIZATION_NOT_YET_JOINED,named_meson_binding_map,ONLY_AFTER_INTERNAL_FREEZE,NO,2026,2026-01-15,40dc2587d9ae912d26fafb6b41f300f341d2a1f4bd620ff5b5f03827c39453fe
masas,230,EXTERNAL_MASS_INVENTORY,1,PDG2026:observable:M037:M037M:334451,eta(1295) MASS,eta(1295)0,MASS,1294+-4,1294+-4,MeV,UNAVAILABLE_IN_SNAPSHOT,UNAVAILABLE_IN_SNAPSHOT,NONE,UNAVAILABLE,3.892110114334967,3.892110114334967,COMP-MESON,EXTERNAL_RECORD_ACCOUNTED__INDIVIDUAL_HMT_REALIZATION_NOT_YET_JOINED,named_meson_binding_map,ONLY_AFTER_INTERNAL_FREEZE,NO,2026,2026-01-15,40dc2587d9ae912d26fafb6b41f300f341d2a1f4bd620ff5b5f03827c39453fe
masas,231,EXTERNAL_MASS_INVENTORY,1,PDG2026:observable:M038:M038M:335002,f_2(1810) MASS,f_2(1810)0,MASS,1815+-12,1815+-12,MeV,UNAVAILABLE_IN_SNAPSHOT,UNAVAILABLE_IN_SNAPSHOT,NONE,UNAVAILABLE,12.52864229025908,11.9803740701169,COMP-MESON,EXTERNAL_RECORD_ACCOUNTED__INDIVIDUAL_HMT_REALIZATION_NOT_YET_JOINED,named_meson_binding_map,ONLY_AFTER_INTERNAL_FREEZE,NO,2026,2026-01-15,40dc2587d9ae912d26fafb6b41f300f341d2a1f4bd620ff5b5f03827c39453fe
masas,232,EXTERNAL_MASS_INVENTORY,1,PDG2026:observable:M040:M040M:336032,K_2(2250) MASS,K_2(2250)0 | Kbar_2(2250)0 | K_2(2250)+ | K_2(2250)-,MASS,2247+-17,2247+-17,MeV,UNAVAILABLE_IN_SNAPSHOT,UNAVAILABLE_IN_SNAPSHOT,NONE,UNAVAILABLE,16.84303842133038,16.84303842133038,COMP-MESON,EXTERNAL_RECORD_ACCOUNTED__INDIVIDUAL_HMT_REALIZATION_NOT_YET_JOINED,named_meson_binding_map,ONLY_AFTER_INTERNAL_FREEZE,NO,2026,2026-01-15,40dc2587d9ae912d26fafb6b41f300f341d2a1f4bd620ff5b5f03827c39453fe
masas,233,EXTERNAL_MASS_INVENTORY,1,PDG2026:observable:M041:M041M4:335244,p p CENTRAL PRODUCTION,f_4(2300)0,MASS,2320+-60,2320+-60,MeV,UNAVAILABLE_IN_SNAPSHOT,UNAVAILABLE_IN_SNAPSHOT,NONE,UNAVAILABLE,60,60,COMP-MESON,EXTERNAL_RECORD_ACCOUNTED__INDIVIDUAL_HMT_REALIZATION_NOT_YET_JOINED,named_meson_binding_map,ONLY_AFTER_INTERNAL_FREEZE,NO,2026,2026-01-15,40dc2587d9ae912d26fafb6b41f300f341d2a1f4bd620ff5b5f03827c39453fe
masas,234,EXTERNAL_MASS_INVENTORY,1,PDG2026:observable:M042:M042M:335158,"f_2(2150) MASS, COMBINED MODES",f_2(2150)0,MASS,2157+-12,2157+-12,MeV,UNAVAILABLE_IN_SNAPSHOT,UNAVAILABLE_IN_SNAPSHOT,NONE,UNAVAILABLE,11.76667948645094,11.76667948645094,COMP-MESON,EXTERNAL_RECORD_ACCOUNTED__INDIVIDUAL_HMT_REALIZATION_NOT_YET_JOINED,named_meson_binding_map,ONLY_AFTER_INTERNAL_FREEZE,NO,2026,2026-01-15,40dc2587d9ae912d26fafb6b41f300f341d2a1f4bd620ff5b5f03827c39453fe
masas,235,EXTERNAL_MASS_INVENTORY,1,PDG2026:observable:M042:M042M3:335159,eta eta MODE,f_2(2150)0,MASS,2157+-12,2157+-12,MeV,UNAVAILABLE_IN_SNAPSHOT,UNAVAILABLE_IN_SNAPSHOT,NONE,UNAVAILABLE,11.76667948645094,11.76667948645094,COMP-MESON,EXTERNAL_RECORD_ACCOUNTED__INDIVIDUAL_HMT_REALIZATION_NOT_YET_JOINED,named_meson_binding_map,ONLY_AFTER_INTERNAL_FREEZE,NO,2026,2026-01-15,40dc2587d9ae912d26fafb6b41f300f341d2a1f4bd620ff5b5f03827c39453fe
masas,236,EXTERNAL_MASS_INVENTORY,1,PDG2026:observable:M045:M045M:334778,omega_3(1670) MASS,omega_3(1670)0,MASS,1667+-4,1667+-4,MeV,UNAVAILABLE_IN_SNAPSHOT,UNAVAILABLE_IN_SNAPSHOT,NONE,UNAVAILABLE,3.9911056080338438,3.9911056080338438,COMP-MESON,EXTERNAL_RECORD_ACCOUNTED__INDIVIDUAL_HMT_REALIZATION_NOT_YET_JOINED,named_meson_binding_map,ONLY_AFTER_INTERNAL_FREEZE,NO,2026,2026-01-15,40dc2587d9ae912d26fafb6b41f300f341d2a1f4bd620ff5b5f03827c39453fe
masas,237,EXTERNAL_MASS_INVENTORY,1,PDG2026:observable:M047:M047M:347744,Upsilon(4S) MASS,Upsilon(4S),MASS,10579.4+-1.2,10579.4+-1.2,MeV,UNAVAILABLE_IN_SNAPSHOT,UNAVAILABLE_IN_SNAPSHOT,NONE,UNAVAILABLE,1.1896060082538451,1.1896060082538451,COMP-MESON,EXTERNAL_RECORD_ACCOUNTED__INDIVIDUAL_HMT_REALIZATION_NOT_YET_JOINED,named_meson_binding_map,ONLY_AFTER_INTERNAL_FREEZE,NO,2026,2026-01-15,40dc2587d9ae912d26fafb6b41f300f341d2a1f4bd620ff5b5f03827c39453fe
masas,238,EXTERNAL_MASS_INVENTORY,1,PDG2026:observable:M048:M048M:347659,Upsilon(3S) MASS,Upsilon(3S),MASS,10355.1+-0.5,10355.1+-0.5,MeV,UNAVAILABLE_IN_SNAPSHOT,UNAVAILABLE_IN_SNAPSHOT,NONE,UNAVAILABLE,0.5,0.5,COMP-MESON,EXTERNAL_RECORD_ACCOUNTED__INDIVIDUAL_HMT_REALIZATION_NOT_YET_JOINED,named_meson_binding_map,ONLY_AFTER_INTERNAL_FREEZE,NO,2026,2026-01-15,40dc2587d9ae912d26fafb6b41f300f341d2a1f4bd620ff5b5f03827c39453fe
masas,239,EXTERNAL_MASS_INVENTORY,1,PDG2026:observable:M049:M049M:346837,Upsilon(1S) MASS,Upsilon(1S),MASS,9460.40+-0.10,9460.40+-0.10,MeV,UNAVAILABLE_IN_SNAPSHOT,UNAVAILABLE_IN_SNAPSHOT,NONE,UNAVAILABLE,0.098429823160610927,0.098429823160610927,COMP-MESON,EXTERNAL_RECORD_ACCOUNTED__INDIVIDUAL_HMT_REALIZATION_NOT_YET_JOINED,named_meson_binding_map,ONLY_AFTER_INTERNAL_FREEZE,NO,2026,2026-01-15,40dc2587d9ae912d26fafb6b41f300f341d2a1f4bd620ff5b5f03827c39453fe
masas,240,EXTERNAL_MASS_INVENTORY,1,PDG2026:observable:M050:M050M:346228,chi_c2(3930) MASS,chi_c2(3930),MASS,3922.5+-1.0,3922.5+-1.0,MeV,UNAVAILABLE_IN_SNAPSHOT,UNAVAILABLE_IN_SNAPSHOT,NONE,UNAVAILABLE,1.0198944899855971,1.0198944899855971,COMP-MESON,EXTERNAL_RECORD_ACCOUNTED__INDIVIDUAL_HMT_REALIZATION_NOT_YET_JOINED,named_meson_binding_map,ONLY_AFTER_INTERNAL_FREEZE,NO,2026,2026-01-15,40dc2587d9ae912d26fafb6b41f300f341d2a1f4bd620ff5b5f03827c39453fe
masas,241,EXTERNAL_MASS_INVENTORY,1,PDG2026:observable:M052:M052M:347286,Upsilon(2S) MASS,Upsilon(2S),MASS,10023.4+-0.5,10023.4+-0.5,MeV,UNAVAILABLE_IN_SNAPSHOT,UNAVAILABLE_IN_SNAPSHOT,NONE,UNAVAILABLE,0.5,0.5,COMP-MESON,EXTERNAL_RECORD_ACCOUNTED__INDIVIDUAL_HMT_REALIZATION_NOT_YET_JOINED,named_meson_binding_map,ONLY_AFTER_INTERNAL_FREEZE,NO,2026,2026-01-15,40dc2587d9ae912d26fafb6b41f300f341d2a1f4bd620ff5b5f03827c39453fe
masas,242,EXTERNAL_MASS_INVENTORY,1,PDG2026:observable:M053:M053M:345866,psi(3770) MASS,psi(3770),MASS,3773.7+-0.7,3773.7+-0.7,MeV,UNAVAILABLE_IN_SNAPSHOT,UNAVAILABLE_IN_SNAPSHOT,NONE,UNAVAILABLE,0.69575116407149418,0.69575116407149418,COMP-MESON,EXTERNAL_RECORD_ACCOUNTED__INDIVIDUAL_HMT_REALIZATION_NOT_YET_JOINED,named_meson_binding_map,ONLY_AFTER_INTERNAL_FREEZE,NO,2026,2026-01-15,40dc2587d9ae912d26fafb6b41f300f341d2a1f4bd620ff5b5f03827c39453fe
masas,243,EXTERNAL_MASS_INVENTORY,1,PDG2026:observable:M054:M054M:335023,phi_3(1850) MASS,phi_3(1850)0,MASS,1854+-7,1854+-7,MeV,UNAVAILABLE_IN_SNAPSHOT,UNAVAILABLE_IN_SNAPSHOT,NONE,UNAVAILABLE,6.8824720161168527,6.666666666666667,COMP-MESON,EXTERNAL_RECORD_ACCOUNTED__INDIVIDUAL_HMT_REALIZATION_NOT_YET_JOINED,named_meson_binding_map,ONLY_AFTER_INTERNAL_FREEZE,NO,2026,2026-01-15,40dc2587d9ae912d26fafb6b41f300f341d2a1f4bd620ff5b5f03827c39453fe
masas,244,EXTERNAL_MASS_INVENTORY,1,PDG2026:observable:M055:M055M:344598,chi_c1(1P) MASS,chi_c1(1P),MASS,3510.67+-0.05,3510.67+-0.05,MeV,UNAVAILABLE_IN_SNAPSHOT,UNAVAILABLE_IN_SNAPSHOT,NONE,UNAVAILABLE,0.050739750770671888,0.050739750770671888,COMP-MESON,EXTERNAL_RECORD_ACCOUNTED__INDIVIDUAL_HMT_REALIZATION_NOT_YET_JOINED,named_meson_binding_map,ONLY_AFTER_INTERNAL_FREEZE,NO,2026,2026-01-15,40dc2587d9ae912d26fafb6b41f300f341d2a1f4bd620ff5b5f03827c39453fe
masas,245,EXTERNAL_MASS_INVENTORY,1,PDG2026:observable:M056:M056M:344304,chi_c0(1P) MASS,chi_c0(1P),MASS,3415.50+-0.19,3415.50+-0.19,MeV,UNAVAILABLE_IN_SNAPSHOT,UNAVAILABLE_IN_SNAPSHOT,NONE,UNAVAILABLE,0.1931182921033357,0.19240527880424149,COMP-MESON,EXTERNAL_RECORD_ACCOUNTED__INDIVIDUAL_HMT_REALIZATION_NOT_YET_JOINED,named_meson_binding_map,ONLY_AFTER_INTERNAL_FREEZE,NO,2026,2026-01-15,40dc2587d9ae912d26fafb6b41f300f341d2a1f4bd620ff5b5f03827c39453fe
masas,246,EXTERNAL_MASS_INVENTORY,1,PDG2026:observable:M057:M057M:344926,chi_c2(1P) MASS,chi_c2(1P),MASS,3556.17+-0.07,3556.17+-0.07,MeV,UNAVAILABLE_IN_SNAPSHOT,UNAVAILABLE_IN_SNAPSHOT,NONE,UNAVAILABLE,0.071612032462911895,0.071612032462911895,COMP-MESON,EXTERNAL_RECORD_ACCOUNTED__INDIVIDUAL_HMT_REALIZATION_NOT_YET_JOINED,named_meson_binding_map,ONLY_AFTER_INTERNAL_FREEZE,NO,2026,2026-01-15,40dc2587d9ae912d26fafb6b41f300f341d2a1f4bd620ff5b5f03827c39453fe
masas,247,EXTERNAL_MASS_INVENTORY,1,PDG2026:observable:M058:M058M:334463,pi(1300) MASS,pi(1300)0 | pi(1300)+ | pi(1300)-,MASS,1300+-100,1300+-100,MeV,UNAVAILABLE_IN_SNAPSHOT,UNAVAILABLE_IN_SNAPSHOT,NONE,UNAVAILABLE,100,100,COMP-MESON,EXTERNAL_RECORD_ACCOUNTED__INDIVIDUAL_HMT_REALIZATION_NOT_YET_JOINED,named_meson_binding_map,ONLY_AFTER_INTERNAL_FREEZE,NO,2026,2026-01-15,40dc2587d9ae912d26fafb6b41f300f341d2a1f4bd620ff5b5f03827c39453fe
masas,248,EXTERNAL_MASS_INVENTORY,1,PDG2026:observable:M059:M059M:345228,eta_c(2S) MASS,eta_c(2S),MASS,3637.8+-0.6,3637.8+-0.6,MeV,UNAVAILABLE_IN_SNAPSHOT,UNAVAILABLE_IN_SNAPSHOT,NONE,UNAVAILABLE,0.61759763649141219,0.62004876788434371,COMP-MESON,EXTERNAL_RECORD_ACCOUNTED__INDIVIDUAL_HMT_REALIZATION_NOT_YET_JOINED,named_meson_binding_map,ONLY_AFTER_INTERNAL_FREEZE,NO,2026,2026-01-15,40dc2587d9ae912d26fafb6b41f300f341d2a1f4bd620ff5b5f03827c39453fe
masas,249,EXTERNAL_MASS_INVENTORY,1,PDG2026:observable:M060:M060M:335975,K_3*(1780) MASS,K_3^*(1780)0 | Kbar_3^*(1780)0 | K_3^*(1780)+ | K_3^*(1780)-,MASS,1779+-8,1779+-8,MeV,UNAVAILABLE_IN_SNAPSHOT,UNAVAILABLE_IN_SNAPSHOT,NONE,UNAVAILABLE,7.821524428845243,7.5450193870464446,COMP-MESON,EXTERNAL_RECORD_ACCOUNTED__INDIVIDUAL_HMT_REALIZATION_NOT_YET_JOINED,named_meson_binding_map,ONLY_AFTER_INTERNAL_FREEZE,NO,2026,2026-01-15,40dc2587d9ae912d26fafb6b41f300f341d2a1f4bd620ff5b5f03827c39453fe
masas,250,EXTERNAL_MASS_INVENTORY,1,PDG2026:observable:M061:M061M:337777,D*(2007)0 MASS,D^*(2007)0 | Dbar^*(2007)0,MASS,2006.86+-0.05,2006.86+-0.05,MeV,UNAVAILABLE_IN_SNAPSHOT,UNAVAILABLE_IN_SNAPSHOT,NONE,UNAVAILABLE,0.053769014750598178,0.053769014750598178,COMP-MESON,EXTERNAL_RECORD_ACCOUNTED__INDIVIDUAL_HMT_REALIZATION_NOT_YET_JOINED,named_meson_binding_map,ONLY_AFTER_INTERNAL_FREEZE,NO,2026,2026-01-15,40dc2587d9ae912d26fafb6b41f300f341d2a1f4bd620ff5b5f03827c39453fe
masas,251,EXTERNAL_MASS_INVENTORY,1,PDG2026:observable:M062:M062M:337794,D*(2010)+- MASS,D^*(2010)+ | D^*(2010)-,MASS,2010.27+-0.04,2010.27+-0.04,MeV,UNAVAILABLE_IN_SNAPSHOT,UNAVAILABLE_IN_SNAPSHOT,NONE,UNAVAILABLE,0.044491245593188788,0.044491245593188788,COMP-MESON,EXTERNAL_RECORD_ACCOUNTED__INDIVIDUAL_HMT_REALIZATION_NOT_YET_JOINED,named_meson_binding_map,ONLY_AFTER_INTERNAL_FREEZE,NO,2026,2026-01-15,40dc2587d9ae912d26fafb6b41f300f341d2a1f4bd620ff5b5f03827c39453fe
masas,252,EXTERNAL_MASS_INVENTORY,1,PDG2026:observable:M064:M064M:335845,K_1(1400) MASS,K_1(1400)0 | Kbar_1(1400)0 | K_1(1400)+ | K_1(1400)-,MASS,1403+-7,1403+-7,MeV,UNAVAILABLE_IN_SNAPSHOT,UNAVAILABLE_IN_SNAPSHOT,NONE,UNAVAILABLE,6.8731168328374306,6.8731168328374306,COMP-MESON,EXTERNAL_RECORD_ACCOUNTED__INDIVIDUAL_HMT_REALIZATION_NOT_YET_JOINED,named_meson_binding_map,ONLY_AFTER_INTERNAL_FREEZE,NO,2026,2026-01-15,40dc2587d9ae912d26fafb6b41f300f341d2a1f4bd620ff5b5f03827c39453fe
masas,253,EXTERNAL_MASS_INVENTORY,1,PDG2026:observable:M065:M065M0:334880,eta rho0 AND pi+ pi- MODES,rho(1700)0 | rho(1700)+ | rho(1700)-,MASS,1720+-20,1720+-20,MeV,UNAVAILABLE_IN_SNAPSHOT,UNAVAILABLE_IN_SNAPSHOT,NONE,UNAVAILABLE,20,20,COMP-MESON,EXTERNAL_RECORD_ACCOUNTED__INDIVIDUAL_HMT_REALIZATION_NOT_YET_JOINED,named_meson_binding_map,ONLY_AFTER_INTERNAL_FREEZE,NO,2026,2026-01-15,40dc2587d9ae912d26fafb6b41f300f341d2a1f4bd620ff5b5f03827c39453fe
masas,254,EXTERNAL_MASS_INVENTORY,1,PDG2026:observable:M066:M066M1:334577,f_2(1430) MASS,f_2(1430)0,MASS,~1430,~1430,MeV,UNAVAILABLE_IN_SNAPSHOT,UNAVAILABLE_IN_SNAPSHOT,NONE,UNAVAILABLE,UNAVAILABLE,UNAVAILABLE,COMP-MESON,EXTERNAL_RECORD_ACCOUNTED__INDIVIDUAL_HMT_REALIZATION_NOT_YET_JOINED,named_meson_binding_map,ONLY_AFTER_INTERNAL_FREEZE,NO,2026,2026-01-15,40dc2587d9ae912d26fafb6b41f300f341d2a1f4bd620ff5b5f03827c39453fe
masas,255,EXTERNAL_MASS_INVENTORY,1,PDG2026:observable:M067:M067M1:334825,e+ e- PRODUCTION,phi(1680)0,MASS,1680+-20,1680+-20,MeV,UNAVAILABLE_IN_SNAPSHOT,UNAVAILABLE_IN_SNAPSHOT,NONE,UNAVAILABLE,20,20,COMP-MESON,EXTERNAL_RECORD_ACCOUNTED__INDIVIDUAL_HMT_REALIZATION_NOT_YET_JOINED,named_meson_binding_map,ONLY_AFTER_INTERNAL_FREEZE,NO,2026,2026-01-15,40dc2587d9ae912d26fafb6b41f300f341d2a1f4bd620ff5b5f03827c39453fe
masas,256,EXTERNAL_MASS_INVENTORY,1,PDG2026:observable:M068:M068M:334927,f_0(1710) Breit-Wigner MASS,f_0(1710)0,MASS,1723+7-6,1723+7-6,MeV,UNAVAILABLE_IN_SNAPSHOT,UNAVAILABLE_IN_SNAPSHOT,NONE,UNAVAILABLE,6.7390813885535801,5.5617775425136911,COMP-MESON,EXTERNAL_RECORD_ACCOUNTED__INDIVIDUAL_HMT_REALIZATION_NOT_YET_JOINED,named_meson_binding_map,ONLY_AFTER_INTERNAL_FREEZE,NO,2026,2026-01-15,40dc2587d9ae912d26fafb6b41f300f341d2a1f4bd620ff5b5f03827c39453fe
masas,257,EXTERNAL_MASS_INVENTORY,1,PDG2026:observable:M070:M070M:343505,J/psi(1S) MASS,J/psi(1S),MASS,3096.900+-0.006,3096.900+-0.006,MeV,UNAVAILABLE_IN_SNAPSHOT,UNAVAILABLE_IN_SNAPSHOT,NONE,UNAVAILABLE,0.0061858811299374487,0.0061858811299374487,COMP-MESON,EXTERNAL_RECORD_ACCOUNTED__INDIVIDUAL_HMT_REALIZATION_NOT_YET_JOINED,named_meson_binding_map,ONLY_AFTER_INTERNAL_FREEZE,NO,2026,2026-01-15,40dc2587d9ae912d26fafb6b41f300f341d2a1f4bd620ff5b5f03827c39453fe
masas,258,EXTERNAL_MASS_INVENTORY,1,PDG2026:observable:M071:M071M:345299,psi(2S) MASS,psi(2S),MASS,3686.097+-0.011,3686.097+-0.011,MeV,UNAVAILABLE_IN_SNAPSHOT,UNAVAILABLE_IN_SNAPSHOT,NONE,UNAVAILABLE,0.01055310115798376,0.01055310115798376,COMP-MESON,EXTERNAL_RECORD_ACCOUNTED__INDIVIDUAL_HMT_REALIZATION_NOT_YET_JOINED,named_meson_binding_map,ONLY_AFTER_INTERNAL_FREEZE,NO,2026,2026-01-15,40dc2587d9ae912d26fafb6b41f300f341d2a1f4bd620ff5b5f03827c39453fe
masas,259,EXTERNAL_MASS_INVENTORY,1,PDG2026:observable:M072:M072M:346249,psi(4040) MASS,psi(4040),MASS,4040+-4,4040+-4,MeV,UNAVAILABLE_IN_SNAPSHOT,UNAVAILABLE_IN_SNAPSHOT,NONE,UNAVAILABLE,4.2999999999999998,4.2999999999999998,COMP-MESON,EXTERNAL_RECORD_ACCOUNTED__INDIVIDUAL_HMT_REALIZATION_NOT_YET_JOINED,named_meson_binding_map,ONLY_AFTER_INTERNAL_FREEZE,NO,2026,2026-01-15,40dc2587d9ae912d26fafb6b41f300f341d2a1f4bd620ff5b5f03827c39453fe
masas,260,EXTERNAL_MASS_INVENTORY,1,PDG2026:observable:M073:M073M:346684,psi(4415) MASS,psi(4415),MASS,4415+-5,4415+-5,MeV,UNAVAILABLE_IN_SNAPSHOT,UNAVAILABLE_IN_SNAPSHOT,NONE,UNAVAILABLE,4.5278832533731954,4.5278832533731954,COMP-MESON,EXTERNAL_RECORD_ACCOUNTED__INDIVIDUAL_HMT_REALIZATION_NOT_YET_JOINED,named_meson_binding_map,ONLY_AFTER_INTERNAL_FREEZE,NO,2026,2026-01-15,40dc2587d9ae912d26fafb6b41f300f341d2a1f4bd620ff5b5f03827c39453fe
masas,261,EXTERNAL_MASS_INVENTORY,1,PDG2026:observable:M074:M074M:346460,psi(4230) MASS,psi(4230),MASS,4221.7+-2.5,4221.7+-2.5,MeV,UNAVAILABLE_IN_SNAPSHOT,UNAVAILABLE_IN_SNAPSHOT,NONE,UNAVAILABLE,2.4568685085110582,2.454400623477099,COMP-MESON,EXTERNAL_RECORD_ACCOUNTED__INDIVIDUAL_HMT_REALIZATION_NOT_YET_JOINED,named_meson_binding_map,ONLY_AFTER_INTERNAL_FREEZE,NO,2026,2026-01-15,40dc2587d9ae912d26fafb6b41f300f341d2a1f4bd620ff5b5f03827c39453fe
masas,262,EXTERNAL_MASS_INVENTORY,1,PDG2026:observable:M075:M075M:334966,pi(1800) MASS,pi(1800)0 | pi(1800)+ | pi(1800)-,MASS,1810+9-11,1810+9-11,MeV,UNAVAILABLE_IN_SNAPSHOT,UNAVAILABLE_IN_SNAPSHOT,NONE,UNAVAILABLE,9.4045949221033531,11.027513999271919,COMP-MESON,EXTERNAL_RECORD_ACCOUNTED__INDIVIDUAL_HMT_REALIZATION_NOT_YET_JOINED,named_meson_binding_map,ONLY_AFTER_INTERNAL_FREEZE,NO,2026,2026-01-15,40dc2587d9ae912d26fafb6b41f300f341d2a1f4bd620ff5b5f03827c39453fe
masas,263,EXTERNAL_MASS_INVENTORY,1,PDG2026:observable:M076:M076M:347129,chi_b0(1P) MASS,chi_b0(1P),MASS,9859.44+-0.42+-0.31,9859.44+-0.42+-0.31,MeV,UNAVAILABLE_IN_SNAPSHOT,UNAVAILABLE_IN_SNAPSHOT,NONE,UNAVAILABLE,0.41999999999999998,0.41999999999999998,COMP-MESON,EXTERNAL_RECORD_ACCOUNTED__INDIVIDUAL_HMT_REALIZATION_NOT_YET_JOINED,named_meson_binding_map,ONLY_AFTER_INTERNAL_FREEZE,NO,2026,2026-01-15,40dc2587d9ae912d26fafb6b41f300f341d2a1f4bd620ff5b5f03827c39453fe
masas,264,EXTERNAL_MASS_INVENTORY,1,PDG2026:observable:M077:M077M:347175,chi_b1(1P) MASS,chi_b1(1P),MASS,9892.78+-0.26+-0.31,9892.78+-0.26+-0.31,MeV,UNAVAILABLE_IN_SNAPSHOT,UNAVAILABLE_IN_SNAPSHOT,NONE,UNAVAILABLE,0.26000000000000001,0.26000000000000001,COMP-MESON,EXTERNAL_RECORD_ACCOUNTED__INDIVIDUAL_HMT_REALIZATION_NOT_YET_JOINED,named_meson_binding_map,ONLY_AFTER_INTERNAL_FREEZE,NO,2026,2026-01-15,40dc2587d9ae912d26fafb6b41f300f341d2a1f4bd620ff5b5f03827c39453fe
masas,265,EXTERNAL_MASS_INVENTORY,1,PDG2026:observable:M078:M078M:347234,chi_b2(1P) MASS,chi_b2(1P),MASS,9912.21+-0.26+-0.31,9912.21+-0.26+-0.31,MeV,UNAVAILABLE_IN_SNAPSHOT,UNAVAILABLE_IN_SNAPSHOT,NONE,UNAVAILABLE,0.26000000000000001,0.26000000000000001,COMP-MESON,EXTERNAL_RECORD_ACCOUNTED__INDIVIDUAL_HMT_REALIZATION_NOT_YET_JOINED,named_meson_binding_map,ONLY_AFTER_INTERNAL_FREEZE,NO,2026,2026-01-15,40dc2587d9ae912d26fafb6b41f300f341d2a1f4bd620ff5b5f03827c39453fe
masas,266,EXTERNAL_MASS_INVENTORY,1,PDG2026:observable:M079:M079M:347497,chi_b0(2P) MASS,chi_b0(2P),MASS,10232.5+-0.4+-0.5,10232.5+-0.4+-0.5,MeV,UNAVAILABLE_IN_SNAPSHOT,UNAVAILABLE_IN_SNAPSHOT,NONE,UNAVAILABLE,0.40000000000000002,0.40000000000000002,COMP-MESON,EXTERNAL_RECORD_ACCOUNTED__INDIVIDUAL_HMT_REALIZATION_NOT_YET_JOINED,named_meson_binding_map,ONLY_AFTER_INTERNAL_FREEZE,NO,2026,2026-01-15,40dc2587d9ae912d26fafb6b41f300f341d2a1f4bd620ff5b5f03827c39453fe
masas,267,EXTERNAL_MASS_INVENTORY,1,PDG2026:observable:M080:M080M:347543,chi_b1(2P) MASS,chi_b1(2P),MASS,10255.46+-0.22+-0.50,10255.46+-0.22+-0.50,MeV,UNAVAILABLE_IN_SNAPSHOT,UNAVAILABLE_IN_SNAPSHOT,NONE,UNAVAILABLE,0.22,0.22,COMP-MESON,EXTERNAL_RECORD_ACCOUNTED__INDIVIDUAL_HMT_REALIZATION_NOT_YET_JOINED,named_meson_binding_map,ONLY_AFTER_INTERNAL_FREEZE,NO,2026,2026-01-15,40dc2587d9ae912d26fafb6b41f300f341d2a1f4bd620ff5b5f03827c39453fe
masas,268,EXTERNAL_MASS_INVENTORY,1,PDG2026:observable:M081:M081M:347610,chi_b2(2P) MASS,chi_b2(2P),MASS,10268.65+-0.22+-0.50,10268.65+-0.22+-0.50,MeV,UNAVAILABLE_IN_SNAPSHOT,UNAVAILABLE_IN_SNAPSHOT,NONE,UNAVAILABLE,0.22,0.22,COMP-MESON,EXTERNAL_RECORD_ACCOUNTED__INDIVIDUAL_HMT_REALIZATION_NOT_YET_JOINED,named_meson_binding_map,ONLY_AFTER_INTERNAL_FREEZE,NO,2026,2026-01-15,40dc2587d9ae912d26fafb6b41f300f341d2a1f4bd620ff5b5f03827c39453fe
masas,269,EXTERNAL_MASS_INVENTORY,1,PDG2026:observable:M082:M082M:335203,f_J(2220) MASS,f_J(2220)0,MASS,2231.1+-3.5,2231.1+-3.5,MeV,UNAVAILABLE_IN_SNAPSHOT,UNAVAILABLE_IN_SNAPSHOT,NONE,UNAVAILABLE,3.5335248107562318,3.5214610779100788,COMP-MESON,EXTERNAL_RECORD_ACCOUNTED__INDIVIDUAL_HMT_REALIZATION_NOT_YET_JOINED,named_meson_binding_map,ONLY_AFTER_INTERNAL_FREEZE,NO,2026,2026-01-15,40dc2587d9ae912d26fafb6b41f300f341d2a1f4bd620ff5b5f03827c39453fe
masas,270,EXTERNAL_MASS_INVENTORY,1,PDG2026:observable:M084:M084M:334658,f_1(1510) MASS,f_1(1510)0,MASS,1518+-5,1518+-5,MeV,UNAVAILABLE_IN_SNAPSHOT,UNAVAILABLE_IN_SNAPSHOT,NONE,UNAVAILABLE,5.2162953426963403,5.2162953426963403,COMP-MESON,EXTERNAL_RECORD_ACCOUNTED__INDIVIDUAL_HMT_REALIZATION_NOT_YET_JOINED,named_meson_binding_map,ONLY_AFTER_INTERNAL_FREEZE,NO,2026,2026-01-15,40dc2587d9ae912d26fafb6b41f300f341d2a1f4bd620ff5b5f03827c39453fe
masas,271,EXTERNAL_MASS_INVENTORY,1,PDG2026:observable:M085:M085M:335011,X(1835) MASS,X(1835)0,MASS,1834.0+4.0-3.0,1834.0+4.0-3.0,MeV,UNAVAILABLE_IN_SNAPSHOT,UNAVAILABLE_IN_SNAPSHOT,NONE,UNAVAILABLE,4.1178707457023851,2.9844075950960041,COMP-MESON,EXTERNAL_RECORD_ACCOUNTED__INDIVIDUAL_HMT_REALIZATION_NOT_YET_JOINED,named_meson_binding_map,ONLY_AFTER_INTERNAL_FREEZE,NO,2026,2026-01-15,40dc2587d9ae912d26fafb6b41f300f341d2a1f4bd620ff5b5f03827c39453fe
masas,272,EXTERNAL_MASS_INVENTORY,1,PDG2026:observable:M089:M089M:335277,f_6(2510) MASS,f_6(2510)0,MASS,2470+-50,2470+-50,MeV,UNAVAILABLE_IN_SNAPSHOT,UNAVAILABLE_IN_SNAPSHOT,NONE,UNAVAILABLE,44.999997965452351,44.999997965452351,COMP-MESON,EXTERNAL_RECORD_ACCOUNTED__INDIVIDUAL_HMT_REALIZATION_NOT_YET_JOINED,named_meson_binding_map,ONLY_AFTER_INTERNAL_FREEZE,NO,2026,2026-01-15,40dc2587d9ae912d26fafb6b41f300f341d2a1f4bd620ff5b5f03827c39453fe
masas,273,EXTERNAL_MASS_INVENTORY,1,PDG2026:observable:M090:M090M:336034,K_3(2320) MASS,K_3(2320)0 | Kbar_3(2320)0 | K_3(2320)+ | K_3(2320)-,MASS,2324+-24,2324+-24,MeV,UNAVAILABLE_IN_SNAPSHOT,UNAVAILABLE_IN_SNAPSHOT,NONE,UNAVAILABLE,24,24,COMP-MESON,EXTERNAL_RECORD_ACCOUNTED__INDIVIDUAL_HMT_REALIZATION_NOT_YET_JOINED,named_meson_binding_map,ONLY_AFTER_INTERNAL_FREEZE,NO,2026,2026-01-15,40dc2587d9ae912d26fafb6b41f300f341d2a1f4bd620ff5b5f03827c39453fe
masas,274,EXTERNAL_MASS_INVENTORY,1,PDG2026:observable:M091:M091M:336040,K_4(2500) MASS,K_4(2500)0 | Kbar_4(2500)0 | K_4(2500)+ | K_4(2500)-,MASS,2490+-20,2490+-20,MeV,UNAVAILABLE_IN_SNAPSHOT,UNAVAILABLE_IN_SNAPSHOT,NONE,UNAVAILABLE,20,20,COMP-MESON,EXTERNAL_RECORD_ACCOUNTED__INDIVIDUAL_HMT_REALIZATION_NOT_YET_JOINED,named_meson_binding_map,ONLY_AFTER_INTERNAL_FREEZE,NO,2026,2026-01-15,40dc2587d9ae912d26fafb6b41f300f341d2a1f4bd620ff5b5f03827c39453fe
masas,275,EXTERNAL_MASS_INVENTORY,1,PDG2026:observable:M092:M092M:347804,Upsilon(10860) MASS,Upsilon(10860),MASS,10885.2+2.6-1.6,10885.2+2.6-1.6,MeV,UNAVAILABLE_IN_SNAPSHOT,UNAVAILABLE_IN_SNAPSHOT,NONE,UNAVAILABLE,2.5658471171469732,1.5686101402474319,COMP-MESON,EXTERNAL_RECORD_ACCOUNTED__INDIVIDUAL_HMT_REALIZATION_NOT_YET_JOINED,named_meson_binding_map,ONLY_AFTER_INTERNAL_FREEZE,NO,2026,2026-01-15,40dc2587d9ae912d26fafb6b41f300f341d2a1f4bd620ff5b5f03827c39453fe
masas,276,EXTERNAL_MASS_INVENTORY,1,PDG2026:observable:M093:M093M:347905,Upsilon(11020) MASS,Upsilon(11020),MASS,11000+-4,11000+-4,MeV,UNAVAILABLE_IN_SNAPSHOT,UNAVAILABLE_IN_SNAPSHOT,NONE,UNAVAILABLE,4.0234281589264329,4.0242307387762244,COMP-MESON,EXTERNAL_RECORD_ACCOUNTED__INDIVIDUAL_HMT_REALIZATION_NOT_YET_JOINED,named_meson_binding_map,ONLY_AFTER_INTERNAL_FREEZE,NO,2026,2026-01-15,40dc2587d9ae912d26fafb6b41f300f341d2a1f4bd620ff5b5f03827c39453fe
masas,277,EXTERNAL_MASS_INVENTORY,1,PDG2026:observable:M094:M094M:335865,K*(1410) MASS,K^*(1410)0 | Kbar^*(1410)0 | K^*(1410)+ | K^*(1410)-,MASS,1414+-15,1414+-15,MeV,UNAVAILABLE_IN_SNAPSHOT,UNAVAILABLE_IN_SNAPSHOT,NONE,UNAVAILABLE,14.53984543474516,14.53984543474516,COMP-MESON,EXTERNAL_RECORD_ACCOUNTED__INDIVIDUAL_HMT_REALIZATION_NOT_YET_JOINED,named_meson_binding_map,ONLY_AFTER_INTERNAL_FREEZE,NO,2026,2026-01-15,40dc2587d9ae912d26fafb6b41f300f341d2a1f4bd620ff5b5f03827c39453fe
masas,278,EXTERNAL_MASS_INVENTORY,1,PDG2026:observable:M095:M095M:335946,K*(1680) MASS,K^*(1680)0 | Kbar^*(1680)0 | K^*(1680)+ | K^*(1680)-,MASS,1718+-18,1718+-18,MeV,UNAVAILABLE_IN_SNAPSHOT,UNAVAILABLE_IN_SNAPSHOT,NONE,UNAVAILABLE,17.07872691654519,18.698162672594339,COMP-MESON,EXTERNAL_RECORD_ACCOUNTED__INDIVIDUAL_HMT_REALIZATION_NOT_YET_JOINED,named_meson_binding_map,ONLY_AFTER_INTERNAL_FREEZE,NO,2026,2026-01-15,40dc2587d9ae912d26fafb6b41f300f341d2a1f4bd620ff5b5f03827c39453fe
masas,279,EXTERNAL_MASS_INVENTORY,1,PDG2026:observable:M098:M098M:336036,K_5*(2380) MASS,K_5^*(2380)0 | Kbar_5^*(2380)0 | K_5^*(2380)+ | K_5^*(2380)-,MASS,2382+-24,2382+-24,MeV,UNAVAILABLE_IN_SNAPSHOT,UNAVAILABLE_IN_SNAPSHOT,NONE,UNAVAILABLE,23.60084744241189,23.60084744241189,COMP-MESON,EXTERNAL_RECORD_ACCOUNTED__INDIVIDUAL_HMT_REALIZATION_NOT_YET_JOINED,named_meson_binding_map,ONLY_AFTER_INTERNAL_FREEZE,NO,2026,2026-01-15,40dc2587d9ae912d26fafb6b41f300f341d2a1f4bd620ff5b5f03827c39453fe
masas,280,EXTERNAL_MASS_INVENTORY,1,PDG2026:observable:M099:M099M:335944,K_1(1650) MASS,K_1(1650)0 | Kbar_1(1650)0 | K_1(1650)+ | K_1(1650)-,MASS,1650+-50,1650+-50,MeV,UNAVAILABLE_IN_SNAPSHOT,UNAVAILABLE_IN_SNAPSHOT,NONE,UNAVAILABLE,50,50,COMP-MESON,EXTERNAL_RECORD_ACCOUNTED__INDIVIDUAL_HMT_REALIZATION_NOT_YET_JOINED,named_meson_binding_map,ONLY_AFTER_INTERNAL_FREEZE,NO,2026,2026-01-15,40dc2587d9ae912d26fafb6b41f300f341d2a1f4bd620ff5b5f03827c39453fe
masas,281,EXTERNAL_MASS_INVENTORY,1,PDG2026:observable:M101:M101M:335032,eta_2(1870) MASS,eta_2(1870)0,MASS,1842+-8,1842+-8,MeV,UNAVAILABLE_IN_SNAPSHOT,UNAVAILABLE_IN_SNAPSHOT,NONE,UNAVAILABLE,8.0430753075960109,8.0430753075960109,COMP-MESON,EXTERNAL_RECORD_ACCOUNTED__INDIVIDUAL_HMT_REALIZATION_NOT_YET_JOINED,named_meson_binding_map,ONLY_AFTER_INTERNAL_FREEZE,NO,2026,2026-01-15,40dc2587d9ae912d26fafb6b41f300f341d2a1f4bd620ff5b5f03827c39453fe
masas,282,EXTERNAL_MASS_INVENTORY,1,PDG2026:observable:M103:M103M:335180,phi(2170) MASS,phi(2170)0 | phi(2170)+ | phi(2170)-,MASS,2164+-5,2164+-5,MeV,UNAVAILABLE_IN_SNAPSHOT,UNAVAILABLE_IN_SNAPSHOT,NONE,UNAVAILABLE,5.1132736001610546,5.1132736001610546,COMP-MESON,EXTERNAL_RECORD_ACCOUNTED__INDIVIDUAL_HMT_REALIZATION_NOT_YET_JOINED,named_meson_binding_map,ONLY_AFTER_INTERNAL_FREEZE,NO,2026,2026-01-15,40dc2587d9ae912d26fafb6b41f300f341d2a1f4bd620ff5b5f03827c39453fe
masas,283,EXTERNAL_MASS_INVENTORY,1,PDG2026:observable:M104:M104M:336003,K_2*(1980) MASS,K_2^*(1980)0 | Kbar_2^*(1980)0 | K_2^*(1980)+ | K_2^*(1980)-,MASS,1990+60-50,1990+60-50,MeV,UNAVAILABLE_IN_SNAPSHOT,UNAVAILABLE_IN_SNAPSHOT,NONE,UNAVAILABLE,59.105152569706007,45.405772247239312,COMP-MESON,EXTERNAL_RECORD_ACCOUNTED__INDIVIDUAL_HMT_REALIZATION_NOT_YET_JOINED,named_meson_binding_map,ONLY_AFTER_INTERNAL_FREEZE,NO,2026,2026-01-15,40dc2587d9ae912d26fafb6b41f300f341d2a1f4bd620ff5b5f03827c39453fe
masas,284,EXTERNAL_MASS_INVENTORY,1,PDG2026:observable:M105:M105M0:334592,rho(1450) MASS,rho(1450)0 | rho(1450)+ | rho(1450)-,MASS,1465 +-25,1465+-25,MeV,UNAVAILABLE_IN_SNAPSHOT,UNAVAILABLE_IN_SNAPSHOT,NONE,UNAVAILABLE,25,25,COMP-MESON,EXTERNAL_RECORD_ACCOUNTED__INDIVIDUAL_HMT_REALIZATION_NOT_YET_JOINED,named_meson_binding_map,ONLY_AFTER_INTERNAL_FREEZE,NO,2026,2026-01-15,40dc2587d9ae912d26fafb6b41f300f341d2a1f4bd620ff5b5f03827c39453fe
masas,285,EXTERNAL_MASS_INVENTORY,1,PDG2026:observable:M106:M106M:335112,f_2(2010) MASS,f_2(2010)0,MASS,2010+60-80,2010+60-80,MeV,UNAVAILABLE_IN_SNAPSHOT,UNAVAILABLE_IN_SNAPSHOT,NONE,UNAVAILABLE,62,76,COMP-MESON,EXTERNAL_RECORD_ACCOUNTED__INDIVIDUAL_HMT_REALIZATION_NOT_YET_JOINED,named_meson_binding_map,ONLY_AFTER_INTERNAL_FREEZE,NO,2026,2026-01-15,40dc2587d9ae912d26fafb6b41f300f341d2a1f4bd620ff5b5f03827c39453fe
masas,286,EXTERNAL_MASS_INVENTORY,1,PDG2026:observable:M107:M107M:335234,f_2(2300) MASS,f_2(2300)0,MASS,2297+-28,2297+-28,MeV,UNAVAILABLE_IN_SNAPSHOT,UNAVAILABLE_IN_SNAPSHOT,NONE,UNAVAILABLE,28,28,COMP-MESON,EXTERNAL_RECORD_ACCOUNTED__INDIVIDUAL_HMT_REALIZATION_NOT_YET_JOINED,named_meson_binding_map,ONLY_AFTER_INTERNAL_FREEZE,NO,2026,2026-01-15,40dc2587d9ae912d26fafb6b41f300f341d2a1f4bd620ff5b5f03827c39453fe
masas,287,EXTERNAL_MASS_INVENTORY,1,PDG2026:observable:M108:M108M:335252,f_2(2340) MASS,f_2(2340)0,MASS,2346+21-10,2346+21-10,MeV,UNAVAILABLE_IN_SNAPSHOT,UNAVAILABLE_IN_SNAPSHOT,NONE,UNAVAILABLE,21.300562489710181,9.7423326379963484,COMP-MESON,EXTERNAL_RECORD_ACCOUNTED__INDIVIDUAL_HMT_REALIZATION_NOT_YET_JOINED,named_meson_binding_map,ONLY_AFTER_INTERNAL_FREEZE,NO,2026,2026-01-15,40dc2587d9ae912d26fafb6b41f300f341d2a1f4bd620ff5b5f03827c39453fe
masas,288,EXTERNAL_MASS_INVENTORY,1,PDG2026:observable:M109:M109M:334552,h_1(1415) MASS,h_1(1415)0,MASS,1409+9-8,1409+9-8,MeV,UNAVAILABLE_IN_SNAPSHOT,UNAVAILABLE_IN_SNAPSHOT,NONE,UNAVAILABLE,9.4194068122733494,7.776226726894202,COMP-MESON,EXTERNAL_RECORD_ACCOUNTED__INDIVIDUAL_HMT_REALIZATION_NOT_YET_JOINED,named_meson_binding_map,ONLY_AFTER_INTERNAL_FREEZE,NO,2026,2026-01-15,40dc2587d9ae912d26fafb6b41f300f341d2a1f4bd620ff5b5f03827c39453fe
masas,289,EXTERNAL_MASS_INVENTORY,1,PDG2026:observable:M112:M112M:335199,f_0(2200) MASS,f_0(2200)0,MASS,2187+-14,2187+-14,MeV,UNAVAILABLE_IN_SNAPSHOT,UNAVAILABLE_IN_SNAPSHOT,NONE,UNAVAILABLE,13.53304175951927,14.057750535181979,COMP-MESON,EXTERNAL_RECORD_ACCOUNTED__INDIVIDUAL_HMT_REALIZATION_NOT_YET_JOINED,named_meson_binding_map,ONLY_AFTER_INTERNAL_FREEZE,NO,2026,2026-01-15,40dc2587d9ae912d26fafb6b41f300f341d2a1f4bd620ff5b5f03827c39453fe
masas,290,EXTERNAL_MASS_INVENTORY,1,PDG2026:observable:M114:M114M:334950,eta(1760) MASS,eta(1760)0,MASS,1751+-15,1751+-15,MeV,UNAVAILABLE_IN_SNAPSHOT,UNAVAILABLE_IN_SNAPSHOT,NONE,UNAVAILABLE,14.814874939752929,14.980145590239159,COMP-MESON,EXTERNAL_RECORD_ACCOUNTED__INDIVIDUAL_HMT_REALIZATION_NOT_YET_JOINED,named_meson_binding_map,ONLY_AFTER_INTERNAL_FREEZE,NO,2026,2026-01-15,40dc2587d9ae912d26fafb6b41f300f341d2a1f4bd620ff5b5f03827c39453fe
masas,291,EXTERNAL_MASS_INVENTORY,1,PDG2026:observable:M115:M115M:335232,eta(2225) MASS,eta(2225)0,MASS,2221+13-10,2221+13-10,MeV,UNAVAILABLE_IN_SNAPSHOT,UNAVAILABLE_IN_SNAPSHOT,NONE,UNAVAILABLE,13.27133387053455,9.5202460778307483,COMP-MESON,EXTERNAL_RECORD_ACCOUNTED__INDIVIDUAL_HMT_REALIZATION_NOT_YET_JOINED,named_meson_binding_map,ONLY_AFTER_INTERNAL_FREEZE,NO,2026,2026-01-15,40dc2587d9ae912d26fafb6b41f300f341d2a1f4bd620ff5b5f03827c39453fe
masas,292,EXTERNAL_MASS_INVENTORY,1,PDG2026:observable:M117:M117M:334752,f_2(1640) MASS,f_2(1640)0,MASS,1639+-6,1639+-6,MeV,UNAVAILABLE_IN_SNAPSHOT,UNAVAILABLE_IN_SNAPSHOT,NONE,UNAVAILABLE,5.8313784211153239,5.8313784211153239,COMP-MESON,EXTERNAL_RECORD_ACCOUNTED__INDIVIDUAL_HMT_REALIZATION_NOT_YET_JOINED,named_meson_binding_map,ONLY_AFTER_INTERNAL_FREEZE,NO,2026,2026-01-15,40dc2587d9ae912d26fafb6b41f300f341d2a1f4bd620ff5b5f03827c39453fe
masas,293,EXTERNAL_MASS_INVENTORY,1,PDG2026:observable:M121:M121M:338481,D_s1(2536)+- MASS,D_s1(2536)+ | D_s1(2536)-,MASS,2535.12+-0.06,2535.12+-0.06,MeV,UNAVAILABLE_IN_SNAPSHOT,UNAVAILABLE_IN_SNAPSHOT,NONE,UNAVAILABLE,0.060350977470898563,0.060350977470898563,COMP-MESON,EXTERNAL_RECORD_ACCOUNTED__INDIVIDUAL_HMT_REALIZATION_NOT_YET_JOINED,named_meson_binding_map,ONLY_AFTER_INTERNAL_FREEZE,NO,2026,2026-01-15,40dc2587d9ae912d26fafb6b41f300f341d2a1f4bd620ff5b5f03827c39453fe
masas,294,EXTERNAL_MASS_INVENTORY,1,PDG2026:observable:M123:M123M:334703,f_2(1565) MASS,f_2(1565)0,MASS,1571+-13,1571+-13,MeV,UNAVAILABLE_IN_SNAPSHOT,UNAVAILABLE_IN_SNAPSHOT,NONE,UNAVAILABLE,13.379294632448991,13.379294632448991,COMP-MESON,EXTERNAL_RECORD_ACCOUNTED__INDIVIDUAL_HMT_REALIZATION_NOT_YET_JOINED,named_meson_binding_map,ONLY_AFTER_INTERNAL_FREEZE,NO,2026,2026-01-15,40dc2587d9ae912d26fafb6b41f300f341d2a1f4bd620ff5b5f03827c39453fe
masas,295,EXTERNAL_MASS_INVENTORY,1,PDG2026:observable:M125:M125M:334567,omega(1420) MASS,omega(1420)0,MASS,1410+-60,1410+-60,MeV,UNAVAILABLE_IN_SNAPSHOT,UNAVAILABLE_IN_SNAPSHOT,NONE,UNAVAILABLE,60,60,COMP-MESON,EXTERNAL_RECORD_ACCOUNTED__INDIVIDUAL_HMT_REALIZATION_NOT_YET_JOINED,named_meson_binding_map,ONLY_AFTER_INTERNAL_FREEZE,NO,2026,2026-01-15,40dc2587d9ae912d26fafb6b41f300f341d2a1f4bd620ff5b5f03827c39453fe
masas,296,EXTERNAL_MASS_INVENTORY,1,PDG2026:observable:M126:M126M:334768,omega(1650) MASS,omega(1650)0,MASS,1670+-30,1670+-30,MeV,UNAVAILABLE_IN_SNAPSHOT,UNAVAILABLE_IN_SNAPSHOT,NONE,UNAVAILABLE,30,30,COMP-MESON,EXTERNAL_RECORD_ACCOUNTED__INDIVIDUAL_HMT_REALIZATION_NOT_YET_JOINED,named_meson_binding_map,ONLY_AFTER_INTERNAL_FREEZE,NO,2026,2026-01-15,40dc2587d9ae912d26fafb6b41f300f341d2a1f4bd620ff5b5f03827c39453fe
masas,297,EXTERNAL_MASS_INVENTORY,1,PDG2026:observable:M129:M129M:336041,K(3100) MASS,K(3100)0 | Kbar(3100)0 | K(3100)+ | K(3100)-,MASS,~3100,~3100,MeV,UNAVAILABLE_IN_SNAPSHOT,UNAVAILABLE_IN_SNAPSHOT,NONE,UNAVAILABLE,UNAVAILABLE,UNAVAILABLE,COMP-MESON,EXTERNAL_RECORD_ACCOUNTED__INDIVIDUAL_HMT_REALIZATION_NOT_YET_JOINED,named_meson_binding_map,ONLY_AFTER_INTERNAL_FREEZE,NO,2026,2026-01-15,40dc2587d9ae912d26fafb6b41f300f341d2a1f4bd620ff5b5f03827c39453fe
masas,298,EXTERNAL_MASS_INVENTORY,1,PDG2026:observable:M129:M129M1:336042,3-BODY DECAYS,K(3100)0 | Kbar(3100)0 | K(3100)+ | K(3100)-,MASS,3054+-11,3054+-11,MeV,UNAVAILABLE_IN_SNAPSHOT,UNAVAILABLE_IN_SNAPSHOT,NONE,UNAVAILABLE,10.68148842445026,10.68148842445026,COMP-MESON,EXTERNAL_RECORD_ACCOUNTED__INDIVIDUAL_HMT_REALIZATION_NOT_YET_JOINED,named_meson_binding_map,ONLY_AFTER_INTERNAL_FREEZE,NO,2026,2026-01-15,40dc2587d9ae912d26fafb6b41f300f341d2a1f4bd620ff5b5f03827c39453fe
masas,299,EXTERNAL_MASS_INVENTORY,1,PDG2026:observable:M129:M129M2:336043,4-BODY DECAYS,K(3100)0 | Kbar(3100)0 | K(3100)+ | K(3100)-,MASS,3059+-11,3059+-11,MeV,UNAVAILABLE_IN_SNAPSHOT,UNAVAILABLE_IN_SNAPSHOT,NONE,UNAVAILABLE,10.641252264801439,10.641252264801439,COMP-MESON,EXTERNAL_RECORD_ACCOUNTED__INDIVIDUAL_HMT_REALIZATION_NOT_YET_JOINED,named_meson_binding_map,ONLY_AFTER_INTERNAL_FREEZE,NO,2026,2026-01-15,40dc2587d9ae912d26fafb6b41f300f341d2a1f4bd620ff5b5f03827c39453fe
masas,300,EXTERNAL_MASS_INVENTORY,1,PDG2026:observable:M134:M134M:335999,K_0*(1950) MASS,K_0^*(1950)0 | Kbar_0^*(1950)0 | K_0^*(1950)+ | K_0^*(1950)-,MASS,1957+-14,1957+-14,MeV,UNAVAILABLE_IN_SNAPSHOT,UNAVAILABLE_IN_SNAPSHOT,NONE,UNAVAILABLE,14.320221981073329,14.320221981073329,COMP-MESON,EXTERNAL_RECORD_ACCOUNTED__INDIVIDUAL_HMT_REALIZATION_NOT_YET_JOINED,named_meson_binding_map,ONLY_AFTER_INTERNAL_FREEZE,NO,2026,2026-01-15,40dc2587d9ae912d26fafb6b41f300f341d2a1f4bd620ff5b5f03827c39453fe
masas,301,EXTERNAL_MASS_INVENTORY,1,PDG2026:observable:M135:M135M:335075,f_2(1950) MASS,f_2(1950)0,MASS,1936+-12,1936+-12,MeV,UNAVAILABLE_IN_SNAPSHOT,UNAVAILABLE_IN_SNAPSHOT,NONE,UNAVAILABLE,11.73086748275699,11.73086748275699,COMP-MESON,EXTERNAL_RECORD_ACCOUNTED__INDIVIDUAL_HMT_REALIZATION_NOT_YET_JOINED,named_meson_binding_map,ONLY_AFTER_INTERNAL_FREEZE,NO,2026,2026-01-15,40dc2587d9ae912d26fafb6b41f300f341d2a1f4bd620ff5b5f03827c39453fe
masas,302,EXTERNAL_MASS_INVENTORY,1,PDG2026:observable:M142:M142M2:335057,f_2(1910) omega omega MODE,f_2(1910)0,MASS,1900+-9,1900+-9,MeV,UNAVAILABLE_IN_SNAPSHOT,UNAVAILABLE_IN_SNAPSHOT,NONE,UNAVAILABLE,9.266557494580514,9.266557494580514,COMP-MESON,EXTERNAL_RECORD_ACCOUNTED__INDIVIDUAL_HMT_REALIZATION_NOT_YET_JOINED,named_meson_binding_map,ONLY_AFTER_INTERNAL_FREEZE,NO,2026,2026-01-15,40dc2587d9ae912d26fafb6b41f300f341d2a1f4bd620ff5b5f03827c39453fe
masas,303,EXTERNAL_MASS_INVENTORY,1,PDG2026:observable:M144:M144M:344851,h_c(1P) MASS,h_c(1P),MASS,3525.37+-0.14,3525.37+-0.14,MeV,UNAVAILABLE_IN_SNAPSHOT,UNAVAILABLE_IN_SNAPSHOT,NONE,UNAVAILABLE,0.14473463841322931,0.14473463841322931,COMP-MESON,EXTERNAL_RECORD_ACCOUNTED__INDIVIDUAL_HMT_REALIZATION_NOT_YET_JOINED,named_meson_binding_map,ONLY_AFTER_INTERNAL_FREEZE,NO,2026,2026-01-15,40dc2587d9ae912d26fafb6b41f300f341d2a1f4bd620ff5b5f03827c39453fe
masas,304,EXTERNAL_MASS_INVENTORY,1,PDG2026:observable:M146:M146M:335990,K_2(1820) MASS,K_2(1820)0 | Kbar_2(1820)0 | K_2(1820)+ | K_2(1820)-,MASS,1819+-12,1819+-12,MeV,UNAVAILABLE_IN_SNAPSHOT,UNAVAILABLE_IN_SNAPSHOT,NONE,UNAVAILABLE,12.067628581227879,12.471842992923371,COMP-MESON,EXTERNAL_RECORD_ACCOUNTED__INDIVIDUAL_HMT_REALIZATION_NOT_YET_JOINED,named_meson_binding_map,ONLY_AFTER_INTERNAL_FREEZE,NO,2026,2026-01-15,40dc2587d9ae912d26fafb6b41f300f341d2a1f4bd620ff5b5f03827c39453fe
masas,305,EXTERNAL_MASS_INVENTORY,1,PDG2026:observable:M147:M147M:334506,Mass (Breit-Wigner),f_0(1370)0,MASS,1200 to 1500,1200 to 1500,MeV,UNAVAILABLE_IN_SNAPSHOT,UNAVAILABLE_IN_SNAPSHOT,R,UNAVAILABLE,NOT_APPLICABLE,NOT_APPLICABLE,COMP-MESON,EXTERNAL_RECORD_ACCOUNTED__INDIVIDUAL_HMT_REALIZATION_NOT_YET_JOINED,named_meson_binding_map,ONLY_AFTER_INTERNAL_FREEZE,NO,2026,2026-01-15,40dc2587d9ae912d26fafb6b41f300f341d2a1f4bd620ff5b5f03827c39453fe
masas,306,EXTERNAL_MASS_INVENTORY,1,PDG2026:observable:M148:M148M:338509,D_s2*(2573) MASS,D_s2^*(2573)+ | D_s2^*(2573)-,MASS,2569.1+-0.8,2569.1+-0.8,MeV,UNAVAILABLE_IN_SNAPSHOT,UNAVAILABLE_IN_SNAPSHOT,NONE,UNAVAILABLE,0.82780630176758352,0.82649831496169768,COMP-MESON,EXTERNAL_RECORD_ACCOUNTED__INDIVIDUAL_HMT_REALIZATION_NOT_YET_JOINED,named_meson_binding_map,ONLY_AFTER_INTERNAL_FREEZE,NO,2026,2026-01-15,40dc2587d9ae912d26fafb6b41f300f341d2a1f4bd620ff5b5f03827c39453fe
masas,307,EXTERNAL_MASS_INVENTORY,1,PDG2026:observable:M149:M149M:334579,a_0(1450) MASS,a_0(1450)0 | a_0(1450)+ | a_0(1450)-,MASS,1439+-34,1439+-34,MeV,UNAVAILABLE_IN_SNAPSHOT,UNAVAILABLE_IN_SNAPSHOT,NONE,UNAVAILABLE,34.426230116735738,34.426230116735738,COMP-MESON,EXTERNAL_RECORD_ACCOUNTED__INDIVIDUAL_HMT_REALIZATION_NOT_YET_JOINED,named_meson_binding_map,ONLY_AFTER_INTERNAL_FREEZE,NO,2026,2026-01-15,40dc2587d9ae912d26fafb6b41f300f341d2a1f4bd620ff5b5f03827c39453fe
masas,308,EXTERNAL_MASS_INVENTORY,1,PDG2026:observable:M151:M151M:342551,B_J*(5732) MASS,B_J^*(5732)0 | Bbar_J^*(5732)0 | B_J^*(5732)+ | B_J^*(5732)-,MASS,5698+-8,5698+-8,MeV,UNAVAILABLE_IN_SNAPSHOT,UNAVAILABLE_IN_SNAPSHOT,NONE,UNAVAILABLE,7.5869468243446372,7.6930254688839934,COMP-MESON,EXTERNAL_RECORD_ACCOUNTED__INDIVIDUAL_HMT_REALIZATION_NOT_YET_JOINED,named_meson_binding_map,ONLY_AFTER_INTERNAL_FREEZE,NO,2026,2026-01-15,40dc2587d9ae912d26fafb6b41f300f341d2a1f4bd620ff5b5f03827c39453fe
masas,309,EXTERNAL_MASS_INVENTORY,1,PDG2026:observable:M152:M152M:334628,f_0(1500) MASS,f_0(1500)0,MASS,1522+-25,1522+-25,MeV,UNAVAILABLE_IN_SNAPSHOT,UNAVAILABLE_IN_SNAPSHOT,NONE,UNAVAILABLE,25,25,COMP-MESON,EXTERNAL_RECORD_ACCOUNTED__INDIVIDUAL_HMT_REALIZATION_NOT_YET_JOINED,named_meson_binding_map,ONLY_AFTER_INTERNAL_FREEZE,NO,2026,2026-01-15,40dc2587d9ae912d26fafb6b41f300f341d2a1f4bd620ff5b5f03827c39453fe
masas,310,EXTERNAL_MASS_INVENTORY,1,PDG2026:observable:M153:M153M:343151,B_sJ*(5850) MASS,B_sJ^*(5850)0 | Bbar_sJ^*(5850)0,MASS,5853+-15,5853+-15,MeV,UNAVAILABLE_IN_SNAPSHOT,UNAVAILABLE_IN_SNAPSHOT,NONE,UNAVAILABLE,15,15,COMP-MESON,EXTERNAL_RECORD_ACCOUNTED__INDIVIDUAL_HMT_REALIZATION_NOT_YET_JOINED,named_meson_binding_map,ONLY_AFTER_INTERNAL_FREEZE,NO,2026,2026-01-15,40dc2587d9ae912d26fafb6b41f300f341d2a1f4bd620ff5b5f03827c39453fe
masas,311,EXTERNAL_MASS_INVENTORY,1,PDG2026:observable:M154:M154M:334758,eta_2(1645) MASS,eta_2(1645)0,MASS,1617+-5,1617+-5,MeV,UNAVAILABLE_IN_SNAPSHOT,UNAVAILABLE_IN_SNAPSHOT,NONE,UNAVAILABLE,5.2613147962640197,5.2613147962640197,COMP-MESON,EXTERNAL_RECORD_ACCOUNTED__INDIVIDUAL_HMT_REALIZATION_NOT_YET_JOINED,named_meson_binding_map,ONLY_AFTER_INTERNAL_FREEZE,NO,2026,2026-01-15,40dc2587d9ae912d26fafb6b41f300f341d2a1f4bd620ff5b5f03827c39453fe
masas,312,EXTERNAL_MASS_INVENTORY,1,PDG2026:observable:M156:M156M:335120,f_0(2020) MASS,f_0(2020)0,MASS,1982+54.1-3.0,1982+54.1-3.0,MeV,UNAVAILABLE_IN_SNAPSHOT,UNAVAILABLE_IN_SNAPSHOT,NONE,UNAVAILABLE,54.083269131959838,3,COMP-MESON,EXTERNAL_RECORD_ACCOUNTED__INDIVIDUAL_HMT_REALIZATION_NOT_YET_JOINED,named_meson_binding_map,ONLY_AFTER_INTERNAL_FREEZE,NO,2026,2026-01-15,40dc2587d9ae912d26fafb6b41f300f341d2a1f4bd620ff5b5f03827c39453fe
masas,313,EXTERNAL_MASS_INVENTORY,1,PDG2026:observable:M158:M158M:337854,D*(2640)+- MASS,D^*(2640)0 | Dbar^*(2640)0 | D^*(2640)+ | D^*(2640)-,MASS,2637+-6,2637+-6,MeV,UNAVAILABLE_IN_SNAPSHOT,UNAVAILABLE_IN_SNAPSHOT,NONE,UNAVAILABLE,6.324555320336759,6.324555320336759,COMP-MESON,EXTERNAL_RECORD_ACCOUNTED__INDIVIDUAL_HMT_REALIZATION_NOT_YET_JOINED,named_meson_binding_map,ONLY_AFTER_INTERNAL_FREEZE,NO,2026,2026-01-15,40dc2587d9ae912d26fafb6b41f300f341d2a1f4bd620ff5b5f03827c39453fe
masas,314,EXTERNAL_MASS_INVENTORY,1,PDG2026:observable:M159:M159M:346204,chi_c0(3915) MASS,chi_c0(3915),MASS,3922.1+-1.8,3922.1+-1.8,MeV,UNAVAILABLE_IN_SNAPSHOT,UNAVAILABLE_IN_SNAPSHOT,NONE,UNAVAILABLE,1.7730705038425429,1.7603618343080081,COMP-MESON,EXTERNAL_RECORD_ACCOUNTED__INDIVIDUAL_HMT_REALIZATION_NOT_YET_JOINED,named_meson_binding_map,ONLY_AFTER_INTERNAL_FREEZE,NO,2026,2026-01-15,40dc2587d9ae912d26fafb6b41f300f341d2a1f4bd620ff5b5f03827c39453fe
masas,315,EXTERNAL_MASS_INVENTORY,1,PDG2026:observable:M160:M160M:335942,K(1630) MASS,K(1630)0 | Kbar(1630)0 | K(1630)+ | K(1630)-,MASS,1629+-7,1629+-7,MeV,UNAVAILABLE_IN_SNAPSHOT,UNAVAILABLE_IN_SNAPSHOT,NONE,UNAVAILABLE,7,7,COMP-MESON,EXTERNAL_RECORD_ACCOUNTED__INDIVIDUAL_HMT_REALIZATION_NOT_YET_JOINED,named_meson_binding_map,ONLY_AFTER_INTERNAL_FREEZE,NO,2026,2026-01-15,40dc2587d9ae912d26fafb6b41f300f341d2a1f4bd620ff5b5f03827c39453fe
masas,316,EXTERNAL_MASS_INVENTORY,1,PDG2026:observable:M161:M161M:334740,a_1(1640) MASS,a_1(1640)0 | a_1(1640)+ | a_1(1640)-,MASS,1655+-16,1655+-16,MeV,UNAVAILABLE_IN_SNAPSHOT,UNAVAILABLE_IN_SNAPSHOT,NONE,UNAVAILABLE,15.615362458792911,16.742904840572461,COMP-MESON,EXTERNAL_RECORD_ACCOUNTED__INDIVIDUAL_HMT_REALIZATION_NOT_YET_JOINED,named_meson_binding_map,ONLY_AFTER_INTERNAL_FREEZE,NO,2026,2026-01-15,40dc2587d9ae912d26fafb6b41f300f341d2a1f4bd620ff5b5f03827c39453fe
masas,317,EXTERNAL_MASS_INVENTORY,1,PDG2026:observable:M162:M162M:334903,a_2(1700) MASS,a_2(1700)0 | a_2(1700)+ | a_2(1700)-,MASS,1706+-14,1706+-14,MeV,UNAVAILABLE_IN_SNAPSHOT,UNAVAILABLE_IN_SNAPSHOT,NONE,UNAVAILABLE,13.50144093159982,14.839074467455429,COMP-MESON,EXTERNAL_RECORD_ACCOUNTED__INDIVIDUAL_HMT_REALIZATION_NOT_YET_JOINED,named_meson_binding_map,ONLY_AFTER_INTERNAL_FREEZE,NO,2026,2026-01-15,40dc2587d9ae912d26fafb6b41f300f341d2a1f4bd620ff5b5f03827c39453fe
masas,318,EXTERNAL_MASS_INVENTORY,1,PDG2026:observable:M164:M164TMP:334723,pi_1(1600) T-Matrix Pole sqrt(s),pi_1(1600)0 | pi_1(1600)+ | pi_1(1600)-,MASS,(1480 -- 1680) - i (150 -- 300),(1480--1680)-i(150--300),MeV,UNAVAILABLE_IN_SNAPSHOT,UNAVAILABLE_IN_SNAPSHOT,R,UNAVAILABLE,NOT_APPLICABLE,NOT_APPLICABLE,COMP-MESON,EXTERNAL_RECORD_ACCOUNTED__INDIVIDUAL_HMT_REALIZATION_NOT_YET_JOINED,named_meson_binding_map,ONLY_AFTER_INTERNAL_FREEZE,NO,2026,2026-01-15,40dc2587d9ae912d26fafb6b41f300f341d2a1f4bd620ff5b5f03827c39453fe
masas,319,EXTERNAL_MASS_INVENTORY,1,PDG2026:observable:M164:M164MEP:334724,pi_1(1600) MASS (eta pi mode),pi_1(1600)0 | pi_1(1600)+ | pi_1(1600)-,MASS,1354+-25,1354+-25,MeV,UNAVAILABLE_IN_SNAPSHOT,UNAVAILABLE_IN_SNAPSHOT,NONE,UNAVAILABLE,25.620371427579411,24.3777786955451,COMP-MESON,EXTERNAL_RECORD_ACCOUNTED__INDIVIDUAL_HMT_REALIZATION_NOT_YET_JOINED,named_meson_binding_map,ONLY_AFTER_INTERNAL_FREEZE,NO,2026,2026-01-15,40dc2587d9ae912d26fafb6b41f300f341d2a1f4bd620ff5b5f03827c39453fe
masas,320,EXTERNAL_MASS_INVENTORY,1,PDG2026:observable:M164:M164M:334725,pi_1(1600) MASS (non-eta pi mode),pi_1(1600)0 | pi_1(1600)+ | pi_1(1600)-,MASS,1645+40-17,1645+40-17,MeV,UNAVAILABLE_IN_SNAPSHOT,UNAVAILABLE_IN_SNAPSHOT,NONE,UNAVAILABLE,39.719756226750718,16.575679876304068,COMP-MESON,EXTERNAL_RECORD_ACCOUNTED__INDIVIDUAL_HMT_REALIZATION_NOT_YET_JOINED,named_meson_binding_map,ONLY_AFTER_INTERNAL_FREEZE,NO,2026,2026-01-15,40dc2587d9ae912d26fafb6b41f300f341d2a1f4bd620ff5b5f03827c39453fe
masas,321,EXTERNAL_MASS_INVENTORY,1,PDG2026:observable:M166:M166M:334720,h_1(1595) MASS,h_1(1595)0,MASS,1594+18-60,1594+18-60,MeV,UNAVAILABLE_IN_SNAPSHOT,UNAVAILABLE_IN_SNAPSHOT,NONE,UNAVAILABLE,18.02775637731995,61.846584384264908,COMP-MESON,EXTERNAL_RECORD_ACCOUNTED__INDIVIDUAL_HMT_REALIZATION_NOT_YET_JOINED,named_meson_binding_map,ONLY_AFTER_INTERNAL_FREEZE,NO,2026,2026-01-15,40dc2587d9ae912d26fafb6b41f300f341d2a1f4bd620ff5b5f03827c39453fe
masas,322,EXTERNAL_MASS_INVENTORY,1,PDG2026:observable:M168:M168M:335156,f_0(2100) MASS,f_0(2100)0,MASS,2095+17-19,2095+17-19,MeV,UNAVAILABLE_IN_SNAPSHOT,UNAVAILABLE_IN_SNAPSHOT,NONE,UNAVAILABLE,17.060496688737981,18.979661007438018,COMP-MESON,EXTERNAL_RECORD_ACCOUNTED__INDIVIDUAL_HMT_REALIZATION_NOT_YET_JOINED,named_meson_binding_map,ONLY_AFTER_INTERNAL_FREEZE,NO,2026,2026-01-15,40dc2587d9ae912d26fafb6b41f300f341d2a1f4bd620ff5b5f03827c39453fe
masas,323,EXTERNAL_MASS_INVENTORY,1,PDG2026:observable:M171:M171M:346822,eta_b(1S) MASS,eta_b(1S),MASS,9398.7+-2.0,9398.7+-2.0,MeV,UNAVAILABLE_IN_SNAPSHOT,UNAVAILABLE_IN_SNAPSHOT,NONE,UNAVAILABLE,2.081610145729452,2.00237037046477,COMP-MESON,EXTERNAL_RECORD_ACCOUNTED__INDIVIDUAL_HMT_REALIZATION_NOT_YET_JOINED,named_meson_binding_map,ONLY_AFTER_INTERNAL_FREEZE,NO,2026,2026-01-15,40dc2587d9ae912d26fafb6b41f300f341d2a1f4bd620ff5b5f03827c39453fe
masas,324,EXTERNAL_MASS_INVENTORY,1,PDG2026:observable:M172:M172M:338429,D_s0*(2317)+- MASS,D_s0^*(2317)+ | D_s0^*(2317)-,MASS,2317.8+-0.5,2317.8+-0.5,MeV,UNAVAILABLE_IN_SNAPSHOT,UNAVAILABLE_IN_SNAPSHOT,NONE,UNAVAILABLE,0.51003296350202032,0.51003296350202032,COMP-MESON,EXTERNAL_RECORD_ACCOUNTED__INDIVIDUAL_HMT_REALIZATION_NOT_YET_JOINED,named_meson_binding_map,ONLY_AFTER_INTERNAL_FREEZE,NO,2026,2026-01-15,40dc2587d9ae912d26fafb6b41f300f341d2a1f4bd620ff5b5f03827c39453fe
masas,325,EXTERNAL_MASS_INVENTORY,1,PDG2026:observable:M173:M173M:338448,D_s1(2460)+- MASS,D_s1(2460)+ | D_s1(2460)-,MASS,2459.5+-0.6,2459.5+-0.6,MeV,UNAVAILABLE_IN_SNAPSHOT,UNAVAILABLE_IN_SNAPSHOT,NONE,UNAVAILABLE,0.63443027023618292,0.63443027023618292,COMP-MESON,EXTERNAL_RECORD_ACCOUNTED__INDIVIDUAL_HMT_REALIZATION_NOT_YET_JOINED,named_meson_binding_map,ONLY_AFTER_INTERNAL_FREEZE,NO,2026,2026-01-15,40dc2587d9ae912d26fafb6b41f300f341d2a1f4bd620ff5b5f03827c39453fe
masas,326,EXTERNAL_MASS_INVENTORY,1,PDG2026:observable:M174:M174TMP:335785,K_0*(700) T-Matrix Pole sqrt(s),K_0^*(700)0 | Kbar_0^*(700)0 | K_0^*(700)+ | K_0^*(700)-,MASS,(630 -- 730) - i (260 -- 340),(630--730)-i(260--340),MeV,UNAVAILABLE_IN_SNAPSHOT,UNAVAILABLE_IN_SNAPSHOT,R,UNAVAILABLE,NOT_APPLICABLE,NOT_APPLICABLE,COMP-MESON,EXTERNAL_RECORD_ACCOUNTED__INDIVIDUAL_HMT_REALIZATION_NOT_YET_JOINED,named_meson_binding_map,ONLY_AFTER_INTERNAL_FREEZE,NO,2026,2026-01-15,40dc2587d9ae912d26fafb6b41f300f341d2a1f4bd620ff5b5f03827c39453fe
masas,327,EXTERNAL_MASS_INVENTORY,1,PDG2026:observable:M174:M174M:335786,K_0*(700) Breit-Wigner Mass,K_0^*(700)0 | Kbar_0^*(700)0 | K_0^*(700)+ | K_0^*(700)-,MASS,838+-11,838+-11,MeV,UNAVAILABLE_IN_SNAPSHOT,UNAVAILABLE_IN_SNAPSHOT,NONE,UNAVAILABLE,11.38790407901941,11.2973395209359,COMP-MESON,EXTERNAL_RECORD_ACCOUNTED__INDIVIDUAL_HMT_REALIZATION_NOT_YET_JOINED,named_meson_binding_map,ONLY_AFTER_INTERNAL_FREEZE,NO,2026,2026-01-15,40dc2587d9ae912d26fafb6b41f300f341d2a1f4bd620ff5b5f03827c39453fe
masas,328,EXTERNAL_MASS_INVENTORY,1,PDG2026:observable:M175:M175M5:334616,eta(1475) MASS,eta(1475)0,MASS,1476+-4,1476+-4,MeV,UNAVAILABLE_IN_SNAPSHOT,UNAVAILABLE_IN_SNAPSHOT,NONE,UNAVAILABLE,3.9290750275045658,4.0103127348477026,COMP-MESON,EXTERNAL_RECORD_ACCOUNTED__INDIVIDUAL_HMT_REALIZATION_NOT_YET_JOINED,named_meson_binding_map,ONLY_AFTER_INTERNAL_FREEZE,NO,2026,2026-01-15,40dc2587d9ae912d26fafb6b41f300f341d2a1f4bd620ff5b5f03827c39453fe
masas,329,EXTERNAL_MASS_INVENTORY,1,PDG2026:observable:M176:M176M:346130,chi_c1(3872) MASS FROM J/psi X MODE,chi_c1(3872),MASS,3871.64+-0.06,3871.64+-0.06,MeV,UNAVAILABLE_IN_SNAPSHOT,UNAVAILABLE_IN_SNAPSHOT,NONE,UNAVAILABLE,0.057098859021772717,0.057095838437930757,COMP-MESON,EXTERNAL_RECORD_ACCOUNTED__INDIVIDUAL_HMT_REALIZATION_NOT_YET_JOINED,named_meson_binding_map,ONLY_AFTER_INTERNAL_FREEZE,NO,2026,2026-01-15,40dc2587d9ae912d26fafb6b41f300f341d2a1f4bd620ff5b5f03827c39453fe
masas,330,EXTERNAL_MASS_INVENTORY,1,PDG2026:observable:M177:M177M:347489,Upsilon_2(1D) MASS,Upsilon_2(1D),MASS,10163.7+-1.4,10163.7+-1.4,MeV,UNAVAILABLE_IN_SNAPSHOT,UNAVAILABLE_IN_SNAPSHOT,NONE,UNAVAILABLE,1.4386010588789799,1.4386010588789799,COMP-MESON,EXTERNAL_RECORD_ACCOUNTED__INDIVIDUAL_HMT_REALIZATION_NOT_YET_JOINED,named_meson_binding_map,ONLY_AFTER_INTERNAL_FREEZE,NO,2026,2026-01-15,40dc2587d9ae912d26fafb6b41f300f341d2a1f4bd620ff5b5f03827c39453fe
masas,331,EXTERNAL_MASS_INVENTORY,1,PDG2026:observable:M180:M180M:337827,D_1(2430)0 MASS,D_1(2430)0 | Dbar_1(2430)0,MASS,2412+-9,2412+-9,MeV,UNAVAILABLE_IN_SNAPSHOT,UNAVAILABLE_IN_SNAPSHOT,NONE,UNAVAILABLE,9.1747943402670877,9.1747943402670877,COMP-MESON,EXTERNAL_RECORD_ACCOUNTED__INDIVIDUAL_HMT_REALIZATION_NOT_YET_JOINED,named_meson_binding_map,ONLY_AFTER_INTERNAL_FREEZE,NO,2026,2026-01-15,40dc2587d9ae912d26fafb6b41f300f341d2a1f4bd620ff5b5f03827c39453fe
masas,332,EXTERNAL_MASS_INVENTORY,1,PDG2026:observable:M181:M181M:346635,psi(4360) MASS,psi(4360),MASS,4373+-7,4373+-7,MeV,UNAVAILABLE_IN_SNAPSHOT,UNAVAILABLE_IN_SNAPSHOT,NONE,UNAVAILABLE,7.0267029998418007,7.1263389859977933,COMP-MESON,EXTERNAL_RECORD_ACCOUNTED__INDIVIDUAL_HMT_REALIZATION_NOT_YET_JOINED,named_meson_binding_map,ONLY_AFTER_INTERNAL_FREEZE,NO,2026,2026-01-15,40dc2587d9ae912d26fafb6b41f300f341d2a1f4bd620ff5b5f03827c39453fe
masas,333,EXTERNAL_MASS_INVENTORY,1,PDG2026:observable:M182:M182M:338524,D_s1*(2700)+ MASS,D_s1^*(2700)+ | D_s1^*(2700)-,MASS,2714+-5,2714+-5,MeV,UNAVAILABLE_IN_SNAPSHOT,UNAVAILABLE_IN_SNAPSHOT,NONE,UNAVAILABLE,5.3375261860918934,4.5780472675086896,COMP-MESON,EXTERNAL_RECORD_ACCOUNTED__INDIVIDUAL_HMT_REALIZATION_NOT_YET_JOINED,named_meson_binding_map,ONLY_AFTER_INTERNAL_FREEZE,NO,2026,2026-01-15,40dc2587d9ae912d26fafb6b41f300f341d2a1f4bd620ff5b5f03827c39453fe
masas,334,EXTERNAL_MASS_INVENTORY,1,PDG2026:observable:M185:M185M:335043,pi_2(1880) MASS,pi_2(1880)0,MASS,1874+26-5,1874+26-5,MeV,UNAVAILABLE_IN_SNAPSHOT,UNAVAILABLE_IN_SNAPSHOT,NONE,UNAVAILABLE,25.897946058811009,4.7988156638370416,COMP-MESON,EXTERNAL_RECORD_ACCOUNTED__INDIVIDUAL_HMT_REALIZATION_NOT_YET_JOINED,named_meson_binding_map,ONLY_AFTER_INTERNAL_FREEZE,NO,2026,2026-01-15,40dc2587d9ae912d26fafb6b41f300f341d2a1f4bd620ff5b5f03827c39453fe
masas,335,EXTERNAL_MASS_INVENTORY,1,PDG2026:observable:M186:M186M:343137,B_s2*(5840)0 MASS,B_s2^*(5840)0 | Bbar_s2^*(5840)0,MASS,5839.88+-0.12,5839.88+-0.12,MeV,UNAVAILABLE_IN_SNAPSHOT,UNAVAILABLE_IN_SNAPSHOT,NONE,UNAVAILABLE,0.1159842277505118,0.1159842277505118,COMP-MESON,EXTERNAL_RECORD_ACCOUNTED__INDIVIDUAL_HMT_REALIZATION_NOT_YET_JOINED,named_meson_binding_map,ONLY_AFTER_INTERNAL_FREEZE,NO,2026,2026-01-15,40dc2587d9ae912d26fafb6b41f300f341d2a1f4bd620ff5b5f03827c39453fe
masas,336,EXTERNAL_MASS_INVENTORY,1,PDG2026:observable:M187:M187M:343129,B_s1(5830)0 MASS,B_s1(5830)0 | Bbar_s1(5830)0,MASS,5828.73+-0.20,5828.73+-0.20,MeV,UNAVAILABLE_IN_SNAPSHOT,UNAVAILABLE_IN_SNAPSHOT,NONE,UNAVAILABLE,0.19651551951131191,0.19651551951131191,COMP-MESON,EXTERNAL_RECORD_ACCOUNTED__INDIVIDUAL_HMT_REALIZATION_NOT_YET_JOINED,named_meson_binding_map,ONLY_AFTER_INTERNAL_FREEZE,NO,2026,2026-01-15,40dc2587d9ae912d26fafb6b41f300f341d2a1f4bd620ff5b5f03827c39453fe
masas,337,EXTERNAL_MASS_INVENTORY,1,PDG2026:observable:M188:M188M:334714,rho(1570) MASS,rho(1570)0,MASS,1570+-70,1570+-70,MeV,UNAVAILABLE_IN_SNAPSHOT,UNAVAILABLE_IN_SNAPSHOT,NONE,UNAVAILABLE,71.693793315739683,71.693793315739683,COMP-MESON,EXTERNAL_RECORD_ACCOUNTED__INDIVIDUAL_HMT_REALIZATION_NOT_YET_JOINED,named_meson_binding_map,ONLY_AFTER_INTERNAL_FREEZE,NO,2026,2026-01-15,40dc2587d9ae912d26fafb6b41f300f341d2a1f4bd620ff5b5f03827c39453fe
masas,338,EXTERNAL_MASS_INVENTORY,1,PDG2026:observable:M189:M189M:346767,psi(4660) MASS,psi(4660),MASS,4623+-10,4623+-10,MeV,UNAVAILABLE_IN_SNAPSHOT,UNAVAILABLE_IN_SNAPSHOT,NONE,UNAVAILABLE,10.20904494225131,10.127972763403161,COMP-MESON,EXTERNAL_RECORD_ACCOUNTED__INDIVIDUAL_HMT_REALIZATION_NOT_YET_JOINED,named_meson_binding_map,ONLY_AFTER_INTERNAL_FREEZE,NO,2026,2026-01-15,40dc2587d9ae912d26fafb6b41f300f341d2a1f4bd620ff5b5f03827c39453fe
masas,339,EXTERNAL_MASS_INVENTORY,1,PDG2026:observable:M190:M190M:346451,X(4160) MASS,X(4160),MASS,4153+23-21,4153+23-21,MeV,UNAVAILABLE_IN_SNAPSHOT,UNAVAILABLE_IN_SNAPSHOT,NONE,UNAVAILABLE,23.03765481878029,20.816561780400072,COMP-MESON,EXTERNAL_RECORD_ACCOUNTED__INDIVIDUAL_HMT_REALIZATION_NOT_YET_JOINED,named_meson_binding_map,ONLY_AFTER_INTERNAL_FREEZE,NO,2026,2026-01-15,40dc2587d9ae912d26fafb6b41f300f341d2a1f4bd620ff5b5f03827c39453fe
masas,340,EXTERNAL_MASS_INVENTORY,1,PDG2026:observable:M191:M191M:347990,T_c_cbar(4050)+ MASS,T_c_cbar(4050)+,MASS,4051+24-40,4051+24-40,MeV,UNAVAILABLE_IN_SNAPSHOT,UNAVAILABLE_IN_SNAPSHOT,NONE,UNAVAILABLE,24.413111231467401,43.324358044868937,COMP-MESON,EXTERNAL_RECORD_ACCOUNTED__INDIVIDUAL_HMT_REALIZATION_NOT_YET_JOINED,named_meson_binding_map,ONLY_AFTER_INTERNAL_FREEZE,NO,2026,2026-01-15,40dc2587d9ae912d26fafb6b41f300f341d2a1f4bd620ff5b5f03827c39453fe
masas,341,EXTERNAL_MASS_INVENTORY,1,PDG2026:observable:M192:M192M:348026,T_c_cbar(4250)+ MASS,T_c_cbar(4250)+,MASS,4250+190-50,4250+190-50,MeV,UNAVAILABLE_IN_SNAPSHOT,UNAVAILABLE_IN_SNAPSHOT,NONE,UNAVAILABLE,185.29975715040749,45.453272709454048,COMP-MESON,EXTERNAL_RECORD_ACCOUNTED__INDIVIDUAL_HMT_REALIZATION_NOT_YET_JOINED,named_meson_binding_map,ONLY_AFTER_INTERNAL_FREEZE,NO,2026,2026-01-15,40dc2587d9ae912d26fafb6b41f300f341d2a1f4bd620ff5b5f03827c39453fe
masas,342,EXTERNAL_MASS_INVENTORY,1,PDG2026:observable:M193:M193M:346336,chi_c1(4140) MASS,chi_c1(4140),MASS,4146.5+-3.0,4146.5+-3.0,MeV,UNAVAILABLE_IN_SNAPSHOT,UNAVAILABLE_IN_SNAPSHOT,NONE,UNAVAILABLE,2.988542411834247,3.0016153327920829,COMP-MESON,EXTERNAL_RECORD_ACCOUNTED__INDIVIDUAL_HMT_REALIZATION_NOT_YET_JOINED,named_meson_binding_map,ONLY_AFTER_INTERNAL_FREEZE,NO,2026,2026-01-15,40dc2587d9ae912d26fafb6b41f300f341d2a1f4bd620ff5b5f03827c39453fe
masas,343,EXTERNAL_MASS_INVENTORY,1,PDG2026:observable:M194:M194M:346628,X(4350) MASS,X(4350),MASS,4351+-5,4351+-5,MeV,UNAVAILABLE_IN_SNAPSHOT,UNAVAILABLE_IN_SNAPSHOT,NONE,UNAVAILABLE,4.6529560496527367,5.1478150704935004,COMP-MESON,EXTERNAL_RECORD_ACCOUNTED__INDIVIDUAL_HMT_REALIZATION_NOT_YET_JOINED,named_meson_binding_map,ONLY_AFTER_INTERNAL_FREEZE,NO,2026,2026-01-15,40dc2587d9ae912d26fafb6b41f300f341d2a1f4bd620ff5b5f03827c39453fe
masas,344,EXTERNAL_MASS_INVENTORY,1,PDG2026:observable:M195:M195M:348030,T_c_cbar_1(4430)+ MASS,T_c_cbar_1(4430)+,MASS,4478+15-17,4478+15-17,MeV,UNAVAILABLE_IN_SNAPSHOT,UNAVAILABLE_IN_SNAPSHOT,NONE,UNAVAILABLE,14.76917016091541,17.453443521646189,COMP-MESON,EXTERNAL_RECORD_ACCOUNTED__INDIVIDUAL_HMT_REALIZATION_NOT_YET_JOINED,named_meson_binding_map,ONLY_AFTER_INTERNAL_FREEZE,NO,2026,2026-01-15,40dc2587d9ae912d26fafb6b41f300f341d2a1f4bd620ff5b5f03827c39453fe
masas,345,EXTERNAL_MASS_INVENTORY,1,PDG2026:observable:M196:M196M:338533,D_s1*(2860)+ MASS,D_s1^*(2860)+ | D_s1^*(2860)-,MASS,2859+-27,2859+-27,MeV,UNAVAILABLE_IN_SNAPSHOT,UNAVAILABLE_IN_SNAPSHOT,NONE,UNAVAILABLE,26.832815729997481,26.832815729997481,COMP-MESON,EXTERNAL_RECORD_ACCOUNTED__INDIVIDUAL_HMT_REALIZATION_NOT_YET_JOINED,named_meson_binding_map,ONLY_AFTER_INTERNAL_FREEZE,NO,2026,2026-01-15,40dc2587d9ae912d26fafb6b41f300f341d2a1f4bd620ff5b5f03827c39453fe
masas,346,EXTERNAL_MASS_INVENTORY,1,PDG2026:observable:M197:M197M:338544,D_sJ(3040)+ MASS,D_sJ(3040)+ | D_sJ(3040)-,MASS,3044+31-9,3044+31-9,MeV,UNAVAILABLE_IN_SNAPSHOT,UNAVAILABLE_IN_SNAPSHOT,NONE,UNAVAILABLE,31.048349392520048,9.4339811320566032,COMP-MESON,EXTERNAL_RECORD_ACCOUNTED__INDIVIDUAL_HMT_REALIZATION_NOT_YET_JOINED,named_meson_binding_map,ONLY_AFTER_INTERNAL_FREEZE,NO,2026,2026-01-15,40dc2587d9ae912d26fafb6b41f300f341d2a1f4bd620ff5b5f03827c39453fe
masas,347,EXTERNAL_MASS_INVENTORY,1,PDG2026:observable:M198:M198M:337843,D_0(2550)0 MASS,D_0(2550)0 | Dbar_0(2550)0 | D_0(2550)+ | D_0(2550)-,MASS,2549+-19,2549+-19,MeV,UNAVAILABLE_IN_SNAPSHOT,UNAVAILABLE_IN_SNAPSHOT,NONE,UNAVAILABLE,19.004002841336341,19.004002841336341,COMP-MESON,EXTERNAL_RECORD_ACCOUNTED__INDIVIDUAL_HMT_REALIZATION_NOT_YET_JOINED,named_meson_binding_map,ONLY_AFTER_INTERNAL_FREEZE,NO,2026,2026-01-15,40dc2587d9ae912d26fafb6b41f300f341d2a1f4bd620ff5b5f03827c39453fe
masas,348,EXTERNAL_MASS_INVENTORY,1,PDG2026:observable:M199:M199M:337846,D_1*(2600)0 MASS,D_1^*(2600)0 | Dbar_1^*(2600)0 | D_1^*(2600)+ | D_1^*(2600)-,MASS,2627+-10,2627+-10,MeV,UNAVAILABLE_IN_SNAPSHOT,UNAVAILABLE_IN_SNAPSHOT,NONE,UNAVAILABLE,9.8128244436310279,9.8128244436310279,COMP-MESON,EXTERNAL_RECORD_ACCOUNTED__INDIVIDUAL_HMT_REALIZATION_NOT_YET_JOINED,named_meson_binding_map,ONLY_AFTER_INTERNAL_FREEZE,NO,2026,2026-01-15,40dc2587d9ae912d26fafb6b41f300f341d2a1f4bd620ff5b5f03827c39453fe
masas,349,EXTERNAL_MASS_INVENTORY,1,PDG2026:observable:M200:M200M:347281,eta_b(2S) MASS,eta_b(2S),MASS,9999+-4,9999+-4,MeV,UNAVAILABLE_IN_SNAPSHOT,UNAVAILABLE_IN_SNAPSHOT,NONE,UNAVAILABLE,4.4821869662029936,3.982461550347975,COMP-MESON,EXTERNAL_RECORD_ACCOUNTED__INDIVIDUAL_HMT_REALIZATION_NOT_YET_JOINED,named_meson_binding_map,ONLY_AFTER_INTERNAL_FREEZE,NO,2026,2026-01-15,40dc2587d9ae912d26fafb6b41f300f341d2a1f4bd620ff5b5f03827c39453fe
masas,350,EXTERNAL_MASS_INVENTORY,1,PDG2026:observable:M203:M203M:337860,D_3*(2750) MASS,D_3^*(2750)0 | Dbar_3^*(2750)0 | D_3^*(2750)+ | D_3^*(2750)-,MASS,2763.1+-3.2,2763.1+-3.2,MeV,UNAVAILABLE_IN_SNAPSHOT,UNAVAILABLE_IN_SNAPSHOT,NONE,UNAVAILABLE,3.1908533146781788,3.1908533146781788,COMP-MESON,EXTERNAL_RECORD_ACCOUNTED__INDIVIDUAL_HMT_REALIZATION_NOT_YET_JOINED,named_meson_binding_map,ONLY_AFTER_INTERNAL_FREEZE,NO,2026,2026-01-15,40dc2587d9ae912d26fafb6b41f300f341d2a1f4bd620ff5b5f03827c39453fe
masas,351,EXTERNAL_MASS_INVENTORY,1,PDG2026:observable:M204:M204M:347229,h_b(1P) MASS,h_b(1P),MASS,9899.3+-0.8,9899.3+-0.8,MeV,UNAVAILABLE_IN_SNAPSHOT,UNAVAILABLE_IN_SNAPSHOT,NONE,UNAVAILABLE,0.75076896116034797,0.75076896116034797,COMP-MESON,EXTERNAL_RECORD_ACCOUNTED__INDIVIDUAL_HMT_REALIZATION_NOT_YET_JOINED,named_meson_binding_map,ONLY_AFTER_INTERNAL_FREEZE,NO,2026,2026-01-15,40dc2587d9ae912d26fafb6b41f300f341d2a1f4bd620ff5b5f03827c39453fe
masas,352,EXTERNAL_MASS_INVENTORY,1,PDG2026:observable:M205:M205M:347593,h_b(2P) MASS,h_b(2P),MASS,10259.8+-1.2,10259.8+-1.2,MeV,UNAVAILABLE_IN_SNAPSHOT,UNAVAILABLE_IN_SNAPSHOT,NONE,UNAVAILABLE,1.2083045973594571,1.2083045973594571,COMP-MESON,EXTERNAL_RECORD_ACCOUNTED__INDIVIDUAL_HMT_REALIZATION_NOT_YET_JOINED,named_meson_binding_map,ONLY_AFTER_INTERNAL_FREEZE,NO,2026,2026-01-15,40dc2587d9ae912d26fafb6b41f300f341d2a1f4bd620ff5b5f03827c39453fe
masas,353,EXTERNAL_MASS_INVENTORY,1,PDG2026:observable:M206:M206M:347734,chi_b1(3P) MASS,chi_b1(3P),MASS,10513.4+-0.7,10513.4+-0.7,MeV,UNAVAILABLE_IN_SNAPSHOT,UNAVAILABLE_IN_SNAPSHOT,NONE,UNAVAILABLE,0.67007462271003815,0.67007462271003815,COMP-MESON,EXTERNAL_RECORD_ACCOUNTED__INDIVIDUAL_HMT_REALIZATION_NOT_YET_JOINED,named_meson_binding_map,ONLY_AFTER_INTERNAL_FREEZE,NO,2026,2026-01-15,40dc2587d9ae912d26fafb6b41f300f341d2a1f4bd620ff5b5f03827c39453fe
masas,354,EXTERNAL_MASS_INVENTORY,1,PDG2026:observable:M207:M207M:348052,T_b_bbar_1(10610)+- MASS,T_b_bbar_1(10610)+,MASS,10607.2+-2.0,10607.2+-2.0,MeV,UNAVAILABLE_IN_SNAPSHOT,UNAVAILABLE_IN_SNAPSHOT,NONE,UNAVAILABLE,2,2,COMP-MESON,EXTERNAL_RECORD_ACCOUNTED__INDIVIDUAL_HMT_REALIZATION_NOT_YET_JOINED,named_meson_binding_map,ONLY_AFTER_INTERNAL_FREEZE,NO,2026,2026-01-15,40dc2587d9ae912d26fafb6b41f300f341d2a1f4bd620ff5b5f03827c39453fe
masas,355,EXTERNAL_MASS_INVENTORY,1,PDG2026:observable:M207:M207M0:348053,T_b_bbar_1(10610)0 MASS,T_b_bbar_1(10610)+,MASS,10609+-6,10609+-6,MeV,UNAVAILABLE_IN_SNAPSHOT,UNAVAILABLE_IN_SNAPSHOT,NONE,UNAVAILABLE,5.6568542494923806,5.6568542494923806,COMP-MESON,EXTERNAL_RECORD_ACCOUNTED__INDIVIDUAL_HMT_REALIZATION_NOT_YET_JOINED,named_meson_binding_map,ONLY_AFTER_INTERNAL_FREEZE,NO,2026,2026-01-15,40dc2587d9ae912d26fafb6b41f300f341d2a1f4bd620ff5b5f03827c39453fe
masas,356,EXTERNAL_MASS_INVENTORY,1,PDG2026:observable:M208:M208M:348075,T_b_bbar_1(10650)+ MASS,T_b_bbar_1(10650)+,MASS,10652.2+-1.5,10652.2+-1.5,MeV,UNAVAILABLE_IN_SNAPSHOT,UNAVAILABLE_IN_SNAPSHOT,NONE,UNAVAILABLE,1.5,1.5,COMP-MESON,EXTERNAL_RECORD_ACCOUNTED__INDIVIDUAL_HMT_REALIZATION_NOT_YET_JOINED,named_meson_binding_map,ONLY_AFTER_INTERNAL_FREEZE,NO,2026,2026-01-15,40dc2587d9ae912d26fafb6b41f300f341d2a1f4bd620ff5b5f03827c39453fe
masas,357,EXTERNAL_MASS_INVENTORY,1,PDG2026:observable:M210:M210M:347938,T_c_cbar_1(3900) MASS,T_c_cbar_1(3900)+,MASS,3886.7+-2.3,3886.7+-2.3,MeV,UNAVAILABLE_IN_SNAPSHOT,UNAVAILABLE_IN_SNAPSHOT,NONE,UNAVAILABLE,2.293369197414477,2.273282289576287,COMP-MESON,EXTERNAL_RECORD_ACCOUNTED__INDIVIDUAL_HMT_REALIZATION_NOT_YET_JOINED,named_meson_binding_map,ONLY_AFTER_INTERNAL_FREEZE,NO,2026,2026-01-15,40dc2587d9ae912d26fafb6b41f300f341d2a1f4bd620ff5b5f03827c39453fe
masas,358,EXTERNAL_MASS_INVENTORY,1,PDG2026:observable:M212:M212M:346100,psi_2(3823) MASS,psi_2(3823),MASS,3823.51+-0.34,3823.51+-0.34,MeV,UNAVAILABLE_IN_SNAPSHOT,UNAVAILABLE_IN_SNAPSHOT,NONE,UNAVAILABLE,0.33904706932929501,0.33904706932929501,COMP-MESON,EXTERNAL_RECORD_ACCOUNTED__INDIVIDUAL_HMT_REALIZATION_NOT_YET_JOINED,named_meson_binding_map,ONLY_AFTER_INTERNAL_FREEZE,NO,2026,2026-01-15,40dc2587d9ae912d26fafb6b41f300f341d2a1f4bd620ff5b5f03827c39453fe
masas,359,EXTERNAL_MASS_INVENTORY,1,PDG2026:observable:M213:M213M:347976,T_c_cbar(4020) MASS,T_c_cbar(4020)+,MASS,4024.1+-1.9,4024.1+-1.9,MeV,UNAVAILABLE_IN_SNAPSHOT,UNAVAILABLE_IN_SNAPSHOT,NONE,UNAVAILABLE,1.824690634658487,1.9671623238957441,COMP-MESON,EXTERNAL_RECORD_ACCOUNTED__INDIVIDUAL_HMT_REALIZATION_NOT_YET_JOINED,named_meson_binding_map,ONLY_AFTER_INTERNAL_FREEZE,NO,2026,2026-01-15,40dc2587d9ae912d26fafb6b41f300f341d2a1f4bd620ff5b5f03827c39453fe
masas,360,EXTERNAL_MASS_INVENTORY,1,PDG2026:observable:M216:M216M:348022,T_c_cbar_0(4240)+ MASS,T_c_cbar_0(4240)0,MASS,4239+50-21,4239+50-21,MeV,UNAVAILABLE_IN_SNAPSHOT,UNAVAILABLE_IN_SNAPSHOT,NONE,UNAVAILABLE,48.466483264210538,20.591260281974002,COMP-MESON,EXTERNAL_RECORD_ACCOUNTED__INDIVIDUAL_HMT_REALIZATION_NOT_YET_JOINED,named_meson_binding_map,ONLY_AFTER_INTERNAL_FREEZE,NO,2026,2026-01-15,40dc2587d9ae912d26fafb6b41f300f341d2a1f4bd620ff5b5f03827c39453fe
masas,361,EXTERNAL_MASS_INVENTORY,1,PDG2026:observable:M217:M217M:343283,B_c(2S)+- MASS,B_c(2S)+ | B_c(2S)-,MASS,6871.2+-1.0,6871.2+-1.0,MeV,UNAVAILABLE_IN_SNAPSHOT,UNAVAILABLE_IN_SNAPSHOT,NONE,UNAVAILABLE,1.018454581927803,1.018454581927803,COMP-MESON,EXTERNAL_RECORD_ACCOUNTED__INDIVIDUAL_HMT_REALIZATION_NOT_YET_JOINED,named_meson_binding_map,ONLY_AFTER_INTERNAL_FREEZE,NO,2026,2026-01-15,40dc2587d9ae912d26fafb6b41f300f341d2a1f4bd620ff5b5f03827c39453fe
masas,362,EXTERNAL_MASS_INVENTORY,1,PDG2026:observable:M223:M223M:348000,T_c_cbar(4055)+ MASS,T_c_cbar(4055)+,MASS,4054+-3.2,4054+-3.2,MeV,UNAVAILABLE_IN_SNAPSHOT,UNAVAILABLE_IN_SNAPSHOT,NONE,UNAVAILABLE,3.16227766016838,3.16227766016838,COMP-MESON,EXTERNAL_RECORD_ACCOUNTED__INDIVIDUAL_HMT_REALIZATION_NOT_YET_JOINED,named_meson_binding_map,ONLY_AFTER_INTERNAL_FREEZE,NO,2026,2026-01-15,40dc2587d9ae912d26fafb6b41f300f341d2a1f4bd620ff5b5f03827c39453fe
masas,363,EXTERNAL_MASS_INVENTORY,1,PDG2026:observable:M226:M226M:338535,D_s3*(2860)+ MASS,D_s3^*(2860)+ | D_s3^*(2860)-,MASS,2860+-7,2860+-7,MeV,UNAVAILABLE_IN_SNAPSHOT,UNAVAILABLE_IN_SNAPSHOT,NONE,UNAVAILABLE,7.0007142492748553,7.0007142492748553,COMP-MESON,EXTERNAL_RECORD_ACCOUNTED__INDIVIDUAL_HMT_REALIZATION_NOT_YET_JOINED,named_meson_binding_map,ONLY_AFTER_INTERNAL_FREEZE,NO,2026,2026-01-15,40dc2587d9ae912d26fafb6b41f300f341d2a1f4bd620ff5b5f03827c39453fe
masas,364,EXTERNAL_MASS_INVENTORY,1,PDG2026:observable:M227:M227M:335070,a_0(1950) MASS,a_0(1950)0,MASS,1931+-26,1931+-26,MeV,UNAVAILABLE_IN_SNAPSHOT,UNAVAILABLE_IN_SNAPSHOT,NONE,UNAVAILABLE,26.0768096208106,26.0768096208106,COMP-MESON,EXTERNAL_RECORD_ACCOUNTED__INDIVIDUAL_HMT_REALIZATION_NOT_YET_JOINED,named_meson_binding_map,ONLY_AFTER_INTERNAL_FREEZE,NO,2026,2026-01-15,40dc2587d9ae912d26fafb6b41f300f341d2a1f4bd620ff5b5f03827c39453fe
masas,365,EXTERNAL_MASS_INVENTORY,1,PDG2026:observable:M228:M228M:337857,D_2(2740)0 MASS,D_2(2740)0 | Dbar_2(2740)0 | D_2(2740)+ | D_2(2740)-,MASS,2747+-6,2747+-6,MeV,UNAVAILABLE_IN_SNAPSHOT,UNAVAILABLE_IN_SNAPSHOT,NONE,UNAVAILABLE,6.3932930732238127,6.3932930732238127,COMP-MESON,EXTERNAL_RECORD_ACCOUNTED__INDIVIDUAL_HMT_REALIZATION_NOT_YET_JOINED,named_meson_binding_map,ONLY_AFTER_INTERNAL_FREEZE,NO,2026,2026-01-15,40dc2587d9ae912d26fafb6b41f300f341d2a1f4bd620ff5b5f03827c39453fe
masas,366,EXTERNAL_MASS_INVENTORY,1,PDG2026:observable:M229:M229M:337872,D_2*(3000)0 MASS,D_2^*(3000)0 | Dbar_2^*(3000)0 | D_2^*(3000)+ | D_2^*(3000)-,MASS,3210+-60,3210+-60,MeV,UNAVAILABLE_IN_SNAPSHOT,UNAVAILABLE_IN_SNAPSHOT,NONE,UNAVAILABLE,56.938563381947027,56.938563381947027,COMP-MESON,EXTERNAL_RECORD_ACCOUNTED__INDIVIDUAL_HMT_REALIZATION_NOT_YET_JOINED,named_meson_binding_map,ONLY_AFTER_INTERNAL_FREEZE,NO,2026,2026-01-15,40dc2587d9ae912d26fafb6b41f300f341d2a1f4bd620ff5b5f03827c39453fe
masas,367,EXTERNAL_MASS_INVENTORY,1,PDG2026:observable:M231:M231M:348012,T_c_cbar_1(4200)+ MASS,T_c_cbar_1(4200)+,MASS,4242+-26,4242+-26,MeV,UNAVAILABLE_IN_SNAPSHOT,UNAVAILABLE_IN_SNAPSHOT,NONE,UNAVAILABLE,26.306839009567629,25.567261845351091,COMP-MESON,EXTERNAL_RECORD_ACCOUNTED__INDIVIDUAL_HMT_REALIZATION_NOT_YET_JOINED,named_meson_binding_map,ONLY_AFTER_INTERNAL_FREEZE,NO,2026,2026-01-15,40dc2587d9ae912d26fafb6b41f300f341d2a1f4bd620ff5b5f03827c39453fe
masas,368,EXTERNAL_MASS_INVENTORY,1,PDG2026:observable:M232:M232M:348036,T_b_sbar(5568)+ MASS,T_b_sbar(5568)+,MASS,5566.9+-3.3,5566.9+-3.3,MeV,UNAVAILABLE_IN_SNAPSHOT,UNAVAILABLE_IN_SNAPSHOT,NONE,UNAVAILABLE,3.255764119219942,3.324154027718933,COMP-MESON,EXTERNAL_RECORD_ACCOUNTED__INDIVIDUAL_HMT_REALIZATION_NOT_YET_JOINED,named_meson_binding_map,ONLY_AFTER_INTERNAL_FREEZE,NO,2026,2026-01-15,40dc2587d9ae912d26fafb6b41f300f341d2a1f4bd620ff5b5f03827c39453fe
masas,369,EXTERNAL_MASS_INVENTORY,1,PDG2026:observable:M233:M233M:346624,chi_c1(4274) MASS,chi_c1(4274),MASS,4290+-6,4290+-6,MeV,UNAVAILABLE_IN_SNAPSHOT,UNAVAILABLE_IN_SNAPSHOT,NONE,UNAVAILABLE,5.6823979063752086,6.461081982391395,COMP-MESON,EXTERNAL_RECORD_ACCOUNTED__INDIVIDUAL_HMT_REALIZATION_NOT_YET_JOINED,named_meson_binding_map,ONLY_AFTER_INTERNAL_FREEZE,NO,2026,2026-01-15,40dc2587d9ae912d26fafb6b41f300f341d2a1f4bd620ff5b5f03827c39453fe
masas,370,EXTERNAL_MASS_INVENTORY,1,PDG2026:observable:M234:M234M:346755,chi_c0(4500) MASS,chi_c0(4500),MASS,4484+-12,4484+-12,MeV,UNAVAILABLE_IN_SNAPSHOT,UNAVAILABLE_IN_SNAPSHOT,NONE,UNAVAILABLE,12.002820072457739,11.985284550375541,COMP-MESON,EXTERNAL_RECORD_ACCOUNTED__INDIVIDUAL_HMT_REALIZATION_NOT_YET_JOINED,named_meson_binding_map,ONLY_AFTER_INTERNAL_FREEZE,NO,2026,2026-01-15,40dc2587d9ae912d26fafb6b41f300f341d2a1f4bd620ff5b5f03827c39453fe
masas,371,EXTERNAL_MASS_INVENTORY,1,PDG2026:observable:M235:M235M:346816,chi_c0(4700) MASS,chi_c0(4700),MASS,4708+6-4,4708+6-4,MeV,UNAVAILABLE_IN_SNAPSHOT,UNAVAILABLE_IN_SNAPSHOT,NONE,UNAVAILABLE,5.9690361844477042,3.9408505465575612,COMP-MESON,EXTERNAL_RECORD_ACCOUNTED__INDIVIDUAL_HMT_REALIZATION_NOT_YET_JOINED,named_meson_binding_map,ONLY_AFTER_INTERNAL_FREEZE,NO,2026,2026-01-15,40dc2587d9ae912d26fafb6b41f300f341d2a1f4bd620ff5b5f03827c39453fe
masas,372,EXTERNAL_MASS_INVENTORY,1,PDG2026:observable:M237:M237M:346122,chi_c0(3860) MASS,chi_c0(3860),MASS,3862+50-35,3862+50-35,MeV,UNAVAILABLE_IN_SNAPSHOT,UNAVAILABLE_IN_SNAPSHOT,NONE,UNAVAILABLE,47.707441767506253,34.539832078341092,COMP-MESON,EXTERNAL_RECORD_ACCOUNTED__INDIVIDUAL_HMT_REALIZATION_NOT_YET_JOINED,named_meson_binding_map,ONLY_AFTER_INTERNAL_FREEZE,NO,2026,2026-01-15,40dc2587d9ae912d26fafb6b41f300f341d2a1f4bd620ff5b5f03827c39453fe
masas,373,EXTERNAL_MASS_INVENTORY,1,PDG2026:observable:M238:M238M:347741,chi_b2(3P) MASS,chi_b2(3P),MASS,10524.0+-0.8,10524.0+-0.8,MeV,UNAVAILABLE_IN_SNAPSHOT,UNAVAILABLE_IN_SNAPSHOT,NONE,UNAVAILABLE,0.77833154889160183,0.77833154889160183,COMP-MESON,EXTERNAL_RECORD_ACCOUNTED__INDIVIDUAL_HMT_REALIZATION_NOT_YET_JOINED,named_meson_binding_map,ONLY_AFTER_INTERNAL_FREEZE,NO,2026,2026-01-15,40dc2587d9ae912d26fafb6b41f300f341d2a1f4bd620ff5b5f03827c39453fe
masas,374,EXTERNAL_MASS_INVENTORY,1,PDG2026:observable:M239:M239M:335106,pi_2(2005) MASS,pi_2(2005)0,MASS,1963+17-27,1963+17-27,MeV,UNAVAILABLE_IN_SNAPSHOT,UNAVAILABLE_IN_SNAPSHOT,NONE,UNAVAILABLE,16.663540525911429,27.418323182256639,COMP-MESON,EXTERNAL_RECORD_ACCOUNTED__INDIVIDUAL_HMT_REALIZATION_NOT_YET_JOINED,named_meson_binding_map,ONLY_AFTER_INTERNAL_FREEZE,NO,2026,2026-01-15,40dc2587d9ae912d26fafb6b41f300f341d2a1f4bd620ff5b5f03827c39453fe
masas,375,EXTERNAL_MASS_INVENTORY,1,PDG2026:observable:M240:M240M:348006,T_c_cbar(4100)+ MASS,T_c_cbar(4100)+,MASS,4096+-28,4096+-28,MeV,UNAVAILABLE_IN_SNAPSHOT,UNAVAILABLE_IN_SNAPSHOT,NONE,UNAVAILABLE,26.90724809414742,29.732137494637009,COMP-MESON,EXTERNAL_RECORD_ACCOUNTED__INDIVIDUAL_HMT_REALIZATION_NOT_YET_JOINED,named_meson_binding_map,ONLY_AFTER_INTERNAL_FREEZE,NO,2026,2026-01-15,40dc2587d9ae912d26fafb6b41f300f341d2a1f4bd620ff5b5f03827c39453fe
masas,376,EXTERNAL_MASS_INVENTORY,1,PDG2026:observable:M241:M241M:346116,psi_3(3842) MASS,psi_3(3842),MASS,3842.71+-0.20,3842.71+-0.20,MeV,UNAVAILABLE_IN_SNAPSHOT,UNAVAILABLE_IN_SNAPSHOT,NONE,UNAVAILABLE,0.20000000000000001,0.20000000000000001,COMP-MESON,EXTERNAL_RECORD_ACCOUNTED__INDIVIDUAL_HMT_REALIZATION_NOT_YET_JOINED,named_meson_binding_map,ONLY_AFTER_INTERNAL_FREEZE,NO,2026,2026-01-15,40dc2587d9ae912d26fafb6b41f300f341d2a1f4bd620ff5b5f03827c39453fe
masas,377,EXTERNAL_MASS_INVENTORY,1,PDG2026:observable:M243:M243M:347800,Upsilon(10753) MASS,Upsilon(10753),MASS,10756.6+-2.8,10756.6+-2.8,MeV,UNAVAILABLE_IN_SNAPSHOT,UNAVAILABLE_IN_SNAPSHOT,NONE,UNAVAILABLE,2.846049894151542,2.846049894151542,COMP-MESON,EXTERNAL_RECORD_ACCOUNTED__INDIVIDUAL_HMT_REALIZATION_NOT_YET_JOINED,named_meson_binding_map,ONLY_AFTER_INTERNAL_FREEZE,NO,2026,2026-01-15,40dc2587d9ae912d26fafb6b41f300f341d2a1f4bd620ff5b5f03827c39453fe
masas,378,EXTERNAL_MASS_INVENTORY,1,PDG2026:observable:M244:M244M+:342539,B_1(5721)+ mass,B_1(5721)0 | Bbar_1(5721)0 | B_1(5721)+ | B_1(5721)-,MASS,5726.0+2.5-2.7,5726.0+2.5-2.7,MeV,UNAVAILABLE_IN_SNAPSHOT,UNAVAILABLE_IN_SNAPSHOT,NONE,UNAVAILABLE,2.455967779831584,2.7291514082802459,COMP-MESON,EXTERNAL_RECORD_ACCOUNTED__INDIVIDUAL_HMT_REALIZATION_NOT_YET_JOINED,named_meson_binding_map,ONLY_AFTER_INTERNAL_FREEZE,NO,2026,2026-01-15,40dc2587d9ae912d26fafb6b41f300f341d2a1f4bd620ff5b5f03827c39453fe
masas,379,EXTERNAL_MASS_INVENTORY,1,PDG2026:observable:M244:M244M0:342542,B_1(5721)0 mass,B_1(5721)0 | Bbar_1(5721)0 | B_1(5721)+ | B_1(5721)-,MASS,5726.1+-1.2,5726.1+-1.2,MeV,UNAVAILABLE_IN_SNAPSHOT,UNAVAILABLE_IN_SNAPSHOT,NONE,UNAVAILABLE,1.2330295992331299,1.262925411947059,COMP-MESON,EXTERNAL_RECORD_ACCOUNTED__INDIVIDUAL_HMT_REALIZATION_NOT_YET_JOINED,named_meson_binding_map,ONLY_AFTER_INTERNAL_FREEZE,NO,2026,2026-01-15,40dc2587d9ae912d26fafb6b41f300f341d2a1f4bd620ff5b5f03827c39453fe
masas,380,EXTERNAL_MASS_INVENTORY,1,PDG2026:observable:M245:M245M+:342556,B_2*(5747)+ mass,B_2^*(5747)0 | Bbar_2^*(5747)0 | B_2^*(5747)+ | B_2^*(5747)-,MASS,5737.3+-0.7,5737.3+-0.7,MeV,UNAVAILABLE_IN_SNAPSHOT,UNAVAILABLE_IN_SNAPSHOT,NONE,UNAVAILABLE,0.7106016585520667,0.73206597699796105,COMP-MESON,EXTERNAL_RECORD_ACCOUNTED__INDIVIDUAL_HMT_REALIZATION_NOT_YET_JOINED,named_meson_binding_map,ONLY_AFTER_INTERNAL_FREEZE,NO,2026,2026-01-15,40dc2587d9ae912d26fafb6b41f300f341d2a1f4bd620ff5b5f03827c39453fe
masas,381,EXTERNAL_MASS_INVENTORY,1,PDG2026:observable:M245:M245M0:342559,B_2*(5747)0 mass,B_2^*(5747)0 | Bbar_2^*(5747)0 | B_2^*(5747)+ | B_2^*(5747)-,MASS,5739.6+-0.7,5739.6+-0.7,MeV,UNAVAILABLE_IN_SNAPSHOT,UNAVAILABLE_IN_SNAPSHOT,NONE,UNAVAILABLE,0.65346568058668519,0.65346568058668519,COMP-MESON,EXTERNAL_RECORD_ACCOUNTED__INDIVIDUAL_HMT_REALIZATION_NOT_YET_JOINED,named_meson_binding_map,ONLY_AFTER_INTERNAL_FREEZE,NO,2026,2026-01-15,40dc2587d9ae912d26fafb6b41f300f341d2a1f4bd620ff5b5f03827c39453fe
masas,382,EXTERNAL_MASS_INVENTORY,1,PDG2026:observable:M246:M246M+:342571,B_J(5840)+ MASS,B_J(5840)0 | Bbar_J(5840)0 | B_J(5840)+ | B_J(5840)-,MASS,5851+-19,5851+-19,MeV,UNAVAILABLE_IN_SNAPSHOT,UNAVAILABLE_IN_SNAPSHOT,NONE,UNAVAILABLE,19.105159421307778,19.105159421307778,COMP-MESON,EXTERNAL_RECORD_ACCOUNTED__INDIVIDUAL_HMT_REALIZATION_NOT_YET_JOINED,named_meson_binding_map,ONLY_AFTER_INTERNAL_FREEZE,NO,2026,2026-01-15,40dc2587d9ae912d26fafb6b41f300f341d2a1f4bd620ff5b5f03827c39453fe
masas,383,EXTERNAL_MASS_INVENTORY,1,PDG2026:observable:M246:M246M0:342574,B_J(5840)0 MASS,B_J(5840)0 | Bbar_J(5840)0 | B_J(5840)+ | B_J(5840)-,MASS,5863+-9,5863+-9,MeV,UNAVAILABLE_IN_SNAPSHOT,UNAVAILABLE_IN_SNAPSHOT,NONE,UNAVAILABLE,8.6026189907829647,8.6026189907829647,COMP-MESON,EXTERNAL_RECORD_ACCOUNTED__INDIVIDUAL_HMT_REALIZATION_NOT_YET_JOINED,named_meson_binding_map,ONLY_AFTER_INTERNAL_FREEZE,NO,2026,2026-01-15,40dc2587d9ae912d26fafb6b41f300f341d2a1f4bd620ff5b5f03827c39453fe
masas,384,EXTERNAL_MASS_INVENTORY,1,PDG2026:observable:M247:M247M:335261,eta(2370) MASS,eta(2370)0,MASS,2377+-9,2377+-9,MeV,UNAVAILABLE_IN_SNAPSHOT,UNAVAILABLE_IN_SNAPSHOT,NONE,UNAVAILABLE,8.807211582813899,9.65401633399925,COMP-MESON,EXTERNAL_RECORD_ACCOUNTED__INDIVIDUAL_HMT_REALIZATION_NOT_YET_JOINED,named_meson_binding_map,ONLY_AFTER_INTERNAL_FREEZE,NO,2026,2026-01-15,40dc2587d9ae912d26fafb6b41f300f341d2a1f4bd620ff5b5f03827c39453fe
masas,385,EXTERNAL_MASS_INVENTORY,1,PDG2026:observable:M248:M248M+:342583,B_J(5970)+ MASS,B_J(5970)0 | Bbar_J(5970)0 | B_J(5970)+ | B_J(5970)-,MASS,5965+-5,5965+-5,MeV,UNAVAILABLE_IN_SNAPSHOT,UNAVAILABLE_IN_SNAPSHOT,NONE,UNAVAILABLE,4.5053723109770578,4.5053723109770578,COMP-MESON,EXTERNAL_RECORD_ACCOUNTED__INDIVIDUAL_HMT_REALIZATION_NOT_YET_JOINED,named_meson_binding_map,ONLY_AFTER_INTERNAL_FREEZE,NO,2026,2026-01-15,40dc2587d9ae912d26fafb6b41f300f341d2a1f4bd620ff5b5f03827c39453fe
masas,386,EXTERNAL_MASS_INVENTORY,1,PDG2026:observable:M248:M248M0:342586,B_J(5970)0 MASS,B_J(5970)0 | Bbar_J(5970)0 | B_J(5970)+ | B_J(5970)-,MASS,5971+-5,5971+-5,MeV,UNAVAILABLE_IN_SNAPSHOT,UNAVAILABLE_IN_SNAPSHOT,NONE,UNAVAILABLE,5.3479868586791888,5.3479868586791888,COMP-MESON,EXTERNAL_RECORD_ACCOUNTED__INDIVIDUAL_HMT_REALIZATION_NOT_YET_JOINED,named_meson_binding_map,ONLY_AFTER_INTERNAL_FREEZE,NO,2026,2026-01-15,40dc2587d9ae912d26fafb6b41f300f341d2a1f4bd620ff5b5f03827c39453fe
masas,387,EXTERNAL_MASS_INVENTORY,1,PDG2026:observable:M249:M249M:337868,D_1*(2760)0 MASS,D_1^*(2760)0 | Dbar_1^*(2760)0 | D_1^*(2760)+ | D_1^*(2760)-,MASS,2781+-22,2781+-22,MeV,UNAVAILABLE_IN_SNAPSHOT,UNAVAILABLE_IN_SNAPSHOT,NONE,UNAVAILABLE,22.203603311174518,22.203603311174518,COMP-MESON,EXTERNAL_RECORD_ACCOUNTED__INDIVIDUAL_HMT_REALIZATION_NOT_YET_JOINED,named_meson_binding_map,ONLY_AFTER_INTERNAL_FREEZE,NO,2026,2026-01-15,40dc2587d9ae912d26fafb6b41f300f341d2a1f4bd620ff5b5f03827c39453fe
masas,388,EXTERNAL_MASS_INVENTORY,1,PDG2026:observable:M250:M250M:347916,T_cbar_sbar_0*(2870)0 MASS,T_cbar_sbar_0^*(2870)0,MASS,2874+-11,2874+-11,MeV,UNAVAILABLE_IN_SNAPSHOT,UNAVAILABLE_IN_SNAPSHOT,NONE,UNAVAILABLE,10.737127438402171,10.737127438402171,COMP-MESON,EXTERNAL_RECORD_ACCOUNTED__INDIVIDUAL_HMT_REALIZATION_NOT_YET_JOINED,named_meson_binding_map,ONLY_AFTER_INTERNAL_FREEZE,NO,2026,2026-01-15,40dc2587d9ae912d26fafb6b41f300f341d2a1f4bd620ff5b5f03827c39453fe
masas,389,EXTERNAL_MASS_INVENTORY,1,PDG2026:observable:M251:M251M:347922,T_cbar_sbar_1*(2900)0 MASS,T_cbar_sbar_1^*(2900)0,MASS,2904+-5,2904+-5,MeV,UNAVAILABLE_IN_SNAPSHOT,UNAVAILABLE_IN_SNAPSHOT,NONE,UNAVAILABLE,5.0990195135927836,5.0990195135927836,COMP-MESON,EXTERNAL_RECORD_ACCOUNTED__INDIVIDUAL_HMT_REALIZATION_NOT_YET_JOINED,named_meson_binding_map,ONLY_AFTER_INTERNAL_FREEZE,NO,2026,2026-01-15,40dc2587d9ae912d26fafb6b41f300f341d2a1f4bd620ff5b5f03827c39453fe
masas,390,EXTERNAL_MASS_INVENTORY,1,PDG2026:observable:M252:M252M:337813,D_0*(2300) MASS,D_0^*(2300)0 | Dbar_0^*(2300)0 | D_0^*(2300)+ | D_0^*(2300)-,MASS,2343+-10,2343+-10,MeV,UNAVAILABLE_IN_SNAPSHOT,UNAVAILABLE_IN_SNAPSHOT,NONE,UNAVAILABLE,9.6544420794461843,9.6544420794461843,COMP-MESON,EXTERNAL_RECORD_ACCOUNTED__INDIVIDUAL_HMT_REALIZATION_NOT_YET_JOINED,named_meson_binding_map,ONLY_AFTER_INTERNAL_FREEZE,NO,2026,2026-01-15,40dc2587d9ae912d26fafb6b41f300f341d2a1f4bd620ff5b5f03827c39453fe
masas,391,EXTERNAL_MASS_INVENTORY,1,PDG2026:observable:M253:M253M:337817,D_1(2420) MASS,D_1(2420)0 | Dbar_1(2420)0 | D_1(2420)+ | D_1(2420)-,MASS,2422.1+-0.6,2422.1+-0.6,MeV,UNAVAILABLE_IN_SNAPSHOT,UNAVAILABLE_IN_SNAPSHOT,NONE,UNAVAILABLE,0.57502282665337301,0.57502282665337301,COMP-MESON,EXTERNAL_RECORD_ACCOUNTED__INDIVIDUAL_HMT_REALIZATION_NOT_YET_JOINED,named_meson_binding_map,ONLY_AFTER_INTERNAL_FREEZE,NO,2026,2026-01-15,40dc2587d9ae912d26fafb6b41f300f341d2a1f4bd620ff5b5f03827c39453fe
masas,392,EXTERNAL_MASS_INVENTORY,1,PDG2026:observable:M254:M254M:337830,D_2*(2460) MASS,D_2^*(2460)0 | Dbar_2^*(2460)0 | D_2^*(2460)+ | D_2^*(2460)-,MASS,2461.1+-0.8,2461.1+-0.8,MeV,UNAVAILABLE_IN_SNAPSHOT,UNAVAILABLE_IN_SNAPSHOT,NONE,UNAVAILABLE,0.79751842909338577,0.79751842909338577,COMP-MESON,EXTERNAL_RECORD_ACCOUNTED__INDIVIDUAL_HMT_REALIZATION_NOT_YET_JOINED,named_meson_binding_map,ONLY_AFTER_INTERNAL_FREEZE,NO,2026,2026-01-15,40dc2587d9ae912d26fafb6b41f300f341d2a1f4bd620ff5b5f03827c39453fe
masas,393,EXTERNAL_MASS_INVENTORY,1,PDG2026:observable:M255:M255M:334941,X(1750) MASS,X(1750)0,MASS,1753.8+-2.7,1753.8+-2.7,MeV,UNAVAILABLE_IN_SNAPSHOT,UNAVAILABLE_IN_SNAPSHOT,NONE,UNAVAILABLE,2.676722056187673,2.7341242708038349,COMP-MESON,EXTERNAL_RECORD_ACCOUNTED__INDIVIDUAL_HMT_REALIZATION_NOT_YET_JOINED,named_meson_binding_map,ONLY_AFTER_INTERNAL_FREEZE,NO,2026,2026-01-15,40dc2587d9ae912d26fafb6b41f300f341d2a1f4bd620ff5b5f03827c39453fe
masas,394,EXTERNAL_MASS_INVENTORY,1,PDG2026:observable:M256:M256M:338520,D_s0(2590)+ MASS,D_s0(2590)+ | D_s0(2590)-,MASS,2591+-9,2591+-9,MeV,UNAVAILABLE_IN_SNAPSHOT,UNAVAILABLE_IN_SNAPSHOT,NONE,UNAVAILABLE,9.2195444572928871,9.2195444572928871,COMP-MESON,EXTERNAL_RECORD_ACCOUNTED__INDIVIDUAL_HMT_REALIZATION_NOT_YET_JOINED,named_meson_binding_map,ONLY_AFTER_INTERNAL_FREEZE,NO,2026,2026-01-15,40dc2587d9ae912d26fafb6b41f300f341d2a1f4bd620ff5b5f03827c39453fe
masas,395,EXTERNAL_MASS_INVENTORY,1,PDG2026:observable:M257:M257M:343153,B_sJ(6063)0 MASS,B_sJ(6063)0 | Bbar_sJ(6063)0,MASS,6063.5+-1.4,6063.5+-1.4,MeV,UNAVAILABLE_IN_SNAPSHOT,UNAVAILABLE_IN_SNAPSHOT,NONE,UNAVAILABLE,1.442220510185596,1.442220510185596,COMP-MESON,EXTERNAL_RECORD_ACCOUNTED__INDIVIDUAL_HMT_REALIZATION_NOT_YET_JOINED,named_meson_binding_map,ONLY_AFTER_INTERNAL_FREEZE,NO,2026,2026-01-15,40dc2587d9ae912d26fafb6b41f300f341d2a1f4bd620ff5b5f03827c39453fe
masas,396,EXTERNAL_MASS_INVENTORY,1,PDG2026:observable:M258:M258M:343157,B_sJ(6114)0 MASS,B_sJ(6114)0 | Bbar_sJ(6114)0,MASS,6114+-6,6114+-6,MeV,UNAVAILABLE_IN_SNAPSHOT,UNAVAILABLE_IN_SNAPSHOT,NONE,UNAVAILABLE,5.8309518948453007,5.8309518948453007,COMP-MESON,EXTERNAL_RECORD_ACCOUNTED__INDIVIDUAL_HMT_REALIZATION_NOT_YET_JOINED,named_meson_binding_map,ONLY_AFTER_INTERNAL_FREEZE,NO,2026,2026-01-15,40dc2587d9ae912d26fafb6b41f300f341d2a1f4bd620ff5b5f03827c39453fe
masas,397,EXTERNAL_MASS_INVENTORY,1,PDG2026:observable:M259:M259M:347963,T_c cbar sbar 1(4000) MASS,T_c_cbar_sbar_1(4000)0,MASS,3980 -- 4010,3980--4010,MeV,UNAVAILABLE_IN_SNAPSHOT,UNAVAILABLE_IN_SNAPSHOT,R,UNAVAILABLE,NOT_APPLICABLE,NOT_APPLICABLE,COMP-MESON,EXTERNAL_RECORD_ACCOUNTED__INDIVIDUAL_HMT_REALIZATION_NOT_YET_JOINED,named_meson_binding_map,ONLY_AFTER_INTERNAL_FREEZE,NO,2026,2026-01-15,40dc2587d9ae912d26fafb6b41f300f341d2a1f4bd620ff5b5f03827c39453fe
masas,398,EXTERNAL_MASS_INVENTORY,1,PDG2026:observable:M260:M260M:348018,T_c cbar sbar 1(4220)+ MASS,T_c_cbar_sbar_1(4220)+,MASS,4220+50-40,4220+50-40,MeV,UNAVAILABLE_IN_SNAPSHOT,UNAVAILABLE_IN_SNAPSHOT,NONE,UNAVAILABLE,49.244289008980523,38.418745424597091,COMP-MESON,EXTERNAL_RECORD_ACCOUNTED__INDIVIDUAL_HMT_REALIZATION_NOT_YET_JOINED,named_meson_binding_map,ONLY_AFTER_INTERNAL_FREEZE,NO,2026,2026-01-15,40dc2587d9ae912d26fafb6b41f300f341d2a1f4bd620ff5b5f03827c39453fe
masas,399,EXTERNAL_MASS_INVENTORY,1,PDG2026:observable:M261:M261M:346810,chi_c1(4685) MASS,chi_c1(4685),MASS,4677+13-15,4677+13-15,MeV,UNAVAILABLE_IN_SNAPSHOT,UNAVAILABLE_IN_SNAPSHOT,NONE,UNAVAILABLE,13.28238296721786,15.144963476323969,COMP-MESON,EXTERNAL_RECORD_ACCOUNTED__INDIVIDUAL_HMT_REALIZATION_NOT_YET_JOINED,named_meson_binding_map,ONLY_AFTER_INTERNAL_FREEZE,NO,2026,2026-01-15,40dc2587d9ae912d26fafb6b41f300f341d2a1f4bd620ff5b5f03827c39453fe
masas,400,EXTERNAL_MASS_INVENTORY,1,PDG2026:observable:M262:M262M:346761,X(4630) MASS,X(4630),MASS,4636+29-100,4636+29-100,MeV,UNAVAILABLE_IN_SNAPSHOT,UNAVAILABLE_IN_SNAPSHOT,NONE,UNAVAILABLE,29.19090743149394,102.4064255252877,COMP-MESON,EXTERNAL_RECORD_ACCOUNTED__INDIVIDUAL_HMT_REALIZATION_NOT_YET_JOINED,named_meson_binding_map,ONLY_AFTER_INTERNAL_FREEZE,NO,2026,2026-01-15,40dc2587d9ae912d26fafb6b41f300f341d2a1f4bd620ff5b5f03827c39453fe
masas,401,EXTERNAL_MASS_INVENTORY,1,PDG2026:observable:M263:M263M:334917,a_0(1710) MASS,a_0(1710)0,MASS,1713+-19,1713+-19,MeV,UNAVAILABLE_IN_SNAPSHOT,UNAVAILABLE_IN_SNAPSHOT,NONE,UNAVAILABLE,18.627574622936329,18.627574622936329,COMP-MESON,EXTERNAL_RECORD_ACCOUNTED__INDIVIDUAL_HMT_REALIZATION_NOT_YET_JOINED,named_meson_binding_map,ONLY_AFTER_INTERNAL_FREEZE,NO,2026,2026-01-15,40dc2587d9ae912d26fafb6b41f300f341d2a1f4bd620ff5b5f03827c39453fe
masas,402,EXTERNAL_MASS_INVENTORY,1,PDG2026:observable:M264:M264M:334992,f_0(1810) Breit-Wigner MASS,f_0(1810)0,MASS,1785+-13,1785+-13,MeV,UNAVAILABLE_IN_SNAPSHOT,UNAVAILABLE_IN_SNAPSHOT,NONE,UNAVAILABLE,13.478123022453611,13.30532375830475,COMP-MESON,EXTERNAL_RECORD_ACCOUNTED__INDIVIDUAL_HMT_REALIZATION_NOT_YET_JOINED,named_meson_binding_map,ONLY_AFTER_INTERNAL_FREEZE,NO,2026,2026-01-15,40dc2587d9ae912d26fafb6b41f300f341d2a1f4bd620ff5b5f03827c39453fe
masas,403,EXTERNAL_MASS_INVENTORY,1,PDG2026:observable:M265:M265TMG:347934,T_c_c(3875)+ T-Matrix Pole sqrt(s),T_c_c(3875)+,MASS,(3874.75+-0.10) - i (0.024+0.001-0.007),3874.75+-0.10,MeV,UNAVAILABLE_IN_SNAPSHOT,UNAVAILABLE_IN_SNAPSHOT,NONE,UNAVAILABLE,UNAVAILABLE,UNAVAILABLE,COMP-MESON,EXTERNAL_RECORD_ACCOUNTED__INDIVIDUAL_HMT_REALIZATION_NOT_YET_JOINED,named_meson_binding_map,ONLY_AFTER_INTERNAL_FREEZE,NO,2026,2026-01-15,40dc2587d9ae912d26fafb6b41f300f341d2a1f4bd620ff5b5f03827c39453fe
masas,404,EXTERNAL_MASS_INVENTORY,1,PDG2026:observable:M266:M266M:335273,f_0(2470) MASS,f_0(2470)0,MASS,2470+6-7,2470+6-7,MeV,UNAVAILABLE_IN_SNAPSHOT,UNAVAILABLE_IN_SNAPSHOT,NONE,UNAVAILABLE,5.6568542494923806,7.2111025509279782,COMP-MESON,EXTERNAL_RECORD_ACCOUNTED__INDIVIDUAL_HMT_REALIZATION_NOT_YET_JOINED,named_meson_binding_map,ONLY_AFTER_INTERNAL_FREEZE,NO,2026,2026-01-15,40dc2587d9ae912d26fafb6b41f300f341d2a1f4bd620ff5b5f03827c39453fe
masas,405,EXTERNAL_MASS_INVENTORY,1,PDG2026:observable:M267:M267M:335028,eta_1(1855) MASS,eta_1(1855)0,MASS,1855+11-9,1855+11-9,MeV,UNAVAILABLE_IN_SNAPSHOT,UNAVAILABLE_IN_SNAPSHOT,NONE,UNAVAILABLE,10.81665382639197,9.0553851381374173,COMP-MESON,EXTERNAL_RECORD_ACCOUNTED__INDIVIDUAL_HMT_REALIZATION_NOT_YET_JOINED,named_meson_binding_map,ONLY_AFTER_INTERNAL_FREEZE,NO,2026,2026-01-15,40dc2587d9ae912d26fafb6b41f300f341d2a1f4bd620ff5b5f03827c39453fe
masas,406,EXTERNAL_MASS_INVENTORY,1,PDG2026:observable:M268:M268M:348044,T_c_c_cbar_cbar(6900)0 MASS,T_c_c_cbar_cbar(6900)+,MASS,6898+-12,6898+-12,MeV,UNAVAILABLE_IN_SNAPSHOT,UNAVAILABLE_IN_SNAPSHOT,NONE,UNAVAILABLE,11.88793882015602,11.51955409419207,COMP-MESON,EXTERNAL_RECORD_ACCOUNTED__INDIVIDUAL_HMT_REALIZATION_NOT_YET_JOINED,named_meson_binding_map,ONLY_AFTER_INTERNAL_FREEZE,NO,2026,2026-01-15,40dc2587d9ae912d26fafb6b41f300f341d2a1f4bd620ff5b5f03827c39453fe
masas,407,EXTERNAL_MASS_INVENTORY,1,PDG2026:observable:M269:M269M:347926,T_c_sbar_0*(2900)0 MASS,T_c_sbar_0^*(2900)+,MASS,2892+-21,2892+-21,MeV,UNAVAILABLE_IN_SNAPSHOT,UNAVAILABLE_IN_SNAPSHOT,NONE,UNAVAILABLE,20.518284528683189,20.518284528683189,COMP-MESON,EXTERNAL_RECORD_ACCOUNTED__INDIVIDUAL_HMT_REALIZATION_NOT_YET_JOINED,named_meson_binding_map,ONLY_AFTER_INTERNAL_FREEZE,NO,2026,2026-01-15,40dc2587d9ae912d26fafb6b41f300f341d2a1f4bd620ff5b5f03827c39453fe
masas,408,EXTERNAL_MASS_INVENTORY,1,PDG2026:observable:M270:M270M:335221,omega(2220) MASS,omega(2220)0,MASS,2188+-21,2188+-21,MeV,UNAVAILABLE_IN_SNAPSHOT,UNAVAILABLE_IN_SNAPSHOT,NONE,UNAVAILABLE,20.57966470955094,20.57966470955094,COMP-MESON,EXTERNAL_RECORD_ACCOUNTED__INDIVIDUAL_HMT_REALIZATION_NOT_YET_JOINED,named_meson_binding_map,ONLY_AFTER_INTERNAL_FREEZE,NO,2026,2026-01-15,40dc2587d9ae912d26fafb6b41f300f341d2a1f4bd620ff5b5f03827c39453fe
masas,409,EXTERNAL_MASS_INVENTORY,1,PDG2026:observable:M272:M272M:348040,T_c c cbar cbar(6600) MASS,T_c c cbar cbar(6600)+,MASS,6646+28-25,6646+28-25,MeV,UNAVAILABLE_IN_SNAPSHOT,UNAVAILABLE_IN_SNAPSHOT,NONE,UNAVAILABLE,28.34909296526099,24.501265528141591,COMP-MESON,EXTERNAL_RECORD_ACCOUNTED__INDIVIDUAL_HMT_REALIZATION_NOT_YET_JOINED,named_meson_binding_map,ONLY_AFTER_INTERNAL_FREEZE,NO,2026,2026-01-15,40dc2587d9ae912d26fafb6b41f300f341d2a1f4bd620ff5b5f03827c39453fe
masas,410,EXTERNAL_MASS_INVENTORY,1,PDG2026:observable:M273:M273M:348048,T_c c cbar cbar(7100) MASS,T_c c cbar cbar(7100)+,MASS,7134+60-29,7134+60-29,MeV,UNAVAILABLE_IN_SNAPSHOT,UNAVAILABLE_IN_SNAPSHOT,NONE,UNAVAILABLE,63.126856408346519,29.154759474226498,COMP-MESON,EXTERNAL_RECORD_ACCOUNTED__INDIVIDUAL_HMT_REALIZATION_NOT_YET_JOINED,named_meson_binding_map,ONLY_AFTER_INTERNAL_FREEZE,NO,2026,2026-01-15,40dc2587d9ae912d26fafb6b41f300f341d2a1f4bd620ff5b5f03827c39453fe
masas,411,EXTERNAL_MASS_INVENTORY,1,PDG2026:observable:Q001:Q001M:333589,d-QUARK MASS,d | dbar,MASS,4.70+-0.07,4.70+-0.07,MeV,UNAVAILABLE_IN_SNAPSHOT,UNAVAILABLE_IN_SNAPSHOT,NONE,90,0.070000000000000007,0.070000000000000007,SM-Q-D1,EXACT_COLOR_FIBER_OPERATOR__NOMINAL_SIGNATURE_CONDITIONED__SCHEME_OPEN,flavor_color_coupling_to_spectral_projection_then_scheme_scale_transport,ONLY_AFTER_INTERNAL_FREEZE,NO,2026,2026-01-15,40dc2587d9ae912d26fafb6b41f300f341d2a1f4bd620ff5b5f03827c39453fe
masas,412,EXTERNAL_MASS_INVENTORY,1,PDG2026:observable:Q002:Q002M:333588,u-QUARK MASS,u | ubar,MASS,2.16+-0.07,2.16+-0.07,MeV,UNAVAILABLE_IN_SNAPSHOT,UNAVAILABLE_IN_SNAPSHOT,NONE,90,0.070000000000000007,0.070000000000000007,SM-Q-U1,EXACT_COLOR_FIBER_OPERATOR__NOMINAL_SIGNATURE_CONDITIONED__SCHEME_OPEN,flavor_color_coupling_to_spectral_projection_then_scheme_scale_transport,ONLY_AFTER_INTERNAL_FREEZE,NO,2026,2026-01-15,40dc2587d9ae912d26fafb6b41f300f341d2a1f4bd620ff5b5f03827c39453fe
masas,413,EXTERNAL_MASS_INVENTORY,1,PDG2026:observable:Q003:Q003M:333590,s-QUARK MASS,s | sbar,MASS,92.9 +-0.7,92.9+-0.7,MeV,UNAVAILABLE_IN_SNAPSHOT,UNAVAILABLE_IN_SNAPSHOT,NONE,90,0.69999999999999996,0.69999999999999996,SM-Q-D2,EXACT_COLOR_FIBER_OPERATOR__NOMINAL_SIGNATURE_CONDITIONED__SCHEME_OPEN,flavor_color_coupling_to_spectral_projection_then_scheme_scale_transport,ONLY_AFTER_INTERNAL_FREEZE,NO,2026,2026-01-15,40dc2587d9ae912d26fafb6b41f300f341d2a1f4bd620ff5b5f03827c39453fe
masas,414,EXTERNAL_MASS_INVENTORY,1,PDG2026:observable:Q004:Q004M:333604,c-QUARK MASS,c | cbar,MASS,1.2729+-0.0045,1.2729+-0.0045,GeV,UNAVAILABLE_IN_SNAPSHOT,UNAVAILABLE_IN_SNAPSHOT,NONE,90,0.0044999999999999997,0.0044999999999999997,SM-Q-U2,EXACT_COLOR_FIBER_OPERATOR__NOMINAL_SIGNATURE_CONDITIONED__SCHEME_OPEN,flavor_color_coupling_to_spectral_projection_then_scheme_scale_transport,ONLY_AFTER_INTERNAL_FREEZE,NO,2026,2026-01-15,40dc2587d9ae912d26fafb6b41f300f341d2a1f4bd620ff5b5f03827c39453fe
masas,415,EXTERNAL_MASS_INVENTORY,1,PDG2026:observable:Q005:Q005M:333611,b-QUARK MASS,b | bbar,MASS,4.186+-0.006,4.186+-0.006,GeV,UNAVAILABLE_IN_SNAPSHOT,UNAVAILABLE_IN_SNAPSHOT,NONE,90,0.0060000000000000001,0.0060000000000000001,SM-Q-D3,EXACT_COLOR_FIBER_OPERATOR__NOMINAL_SIGNATURE_CONDITIONED__SCHEME_OPEN,flavor_color_coupling_to_spectral_projection_then_scheme_scale_transport,ONLY_AFTER_INTERNAL_FREEZE,NO,2026,2026-01-15,40dc2587d9ae912d26fafb6b41f300f341d2a1f4bd620ff5b5f03827c39453fe
masas,416,EXTERNAL_MASS_INVENTORY,1,PDG2026:observable:Q007:Q007TP:333614,t-Quark Mass (Direct Measurements),t | tbar,MASS,172.60+-0.27,172.60+-0.27,GeV,UNAVAILABLE_IN_SNAPSHOT,UNAVAILABLE_IN_SNAPSHOT,NONE,UNAVAILABLE,0.27137500202757259,0.27304780674185603,SM-Q-U3,EXACT_COLOR_FIBER_OPERATOR__NOMINAL_SIGNATURE_CONDITIONED__SCHEME_OPEN,flavor_color_coupling_to_spectral_projection_then_scheme_scale_transport,ONLY_AFTER_INTERNAL_FREEZE,NO,2026,2026-01-15,40dc2587d9ae912d26fafb6b41f300f341d2a1f4bd620ff5b5f03827c39453fe
masas,417,EXTERNAL_MASS_INVENTORY,1,PDG2026:observable:Q007:Q007TP2:333615,t-Quark Mass from Cross-Section Measurements,t | tbar,MASS,162.5+2.1-1.5,162.5+2.1-1.5,GeV,UNAVAILABLE_IN_SNAPSHOT,UNAVAILABLE_IN_SNAPSHOT,NONE,UNAVAILABLE,2.1316137087859799,1.5324334305524001,QUARK_EXTENDED,EXTERNAL_RECORD_ACCOUNTED__INDIVIDUAL_HMT_REALIZATION_NOT_YET_JOINED,quark_identity_scheme_scale_map,ONLY_AFTER_INTERNAL_FREEZE,NO,2026,2026-01-15,40dc2587d9ae912d26fafb6b41f300f341d2a1f4bd620ff5b5f03827c39453fe
masas,418,EXTERNAL_MASS_INVENTORY,1,PDG2026:observable:Q007:Q007TP4:333616,t-Quark Pole Mass from Cross-Section Measurements,t | tbar,MASS,172.1+-0.6,172.1+-0.6,GeV,UNAVAILABLE_IN_SNAPSHOT,UNAVAILABLE_IN_SNAPSHOT,NONE,UNAVAILABLE,0.61408644700147419,0.58967762064252371,QUARK_EXTENDED,EXTERNAL_RECORD_ACCOUNTED__INDIVIDUAL_HMT_REALIZATION_NOT_YET_JOINED,quark_identity_scheme_scale_map,ONLY_AFTER_INTERNAL_FREEZE,NO,2026,2026-01-15,40dc2587d9ae912d26fafb6b41f300f341d2a1f4bd620ff5b5f03827c39453fe
masas,419,EXTERNAL_MASS_INVENTORY,1,PDG2026:observable:S000:S000M:332461,gamma MASS,gamma,MASS,<1 E-18,<1E-18,eV,UNAVAILABLE_IN_SNAPSHOT,UNAVAILABLE_IN_SNAPSHOT,U,UNAVAILABLE,NOT_APPLICABLE,NOT_APPLICABLE,SM-GA-EM,NULL_SECTION_CLOSED,NONE_FOR_MASS_NULLITY,ONLY_AFTER_INTERNAL_FREEZE,NO,2026,2026-01-15,40dc2587d9ae912d26fafb6b41f300f341d2a1f4bd620ff5b5f03827c39453fe
masas,420,EXTERNAL_MASS_INVENTORY,1,PDG2026:observable:S003:S003AMU:332837,e MASS (atomic mass units u),e- | e+,MASS,(5.48579909044+-0.00000000010)E-4,548.579909044+-0.000000010,u,UNAVAILABLE_IN_SNAPSHOT,UNAVAILABLE_IN_SNAPSHOT,NONE,UNAVAILABLE,9.6999999999999991e-15,9.6999999999999991e-15,ELEMENTARY_OR_EXTENDED,EXTERNAL_RECORD_ACCOUNTED__INDIVIDUAL_HMT_REALIZATION_NOT_YET_JOINED,identity_to_public_sector_or_new_typed_sector,ONLY_AFTER_INTERNAL_FREEZE,NO,2026,2026-01-15,40dc2587d9ae912d26fafb6b41f300f341d2a1f4bd620ff5b5f03827c39453fe
masas,421,EXTERNAL_MASS_INVENTORY,1,PDG2026:observable:S003:S003M:332838,e MASS,e- | e+,MASS,0.51099895069+-0.00000000016,0.51099895069+-0.00000000016,MeV,UNAVAILABLE_IN_SNAPSHOT,UNAVAILABLE_IN_SNAPSHOT,NONE,UNAVAILABLE,1.5999999999999999e-10,1.5999999999999999e-10,SM-LC-1,SCALAR_CLOSED_ELECTRON_BETA,NONE,ONLY_AFTER_INTERNAL_FREEZE,NO,2026,2026-01-15,40dc2587d9ae912d26fafb6b41f300f341d2a1f4bd620ff5b5f03827c39453fe
masas,422,EXTERNAL_MASS_INVENTORY,1,PDG2026:observable:S004:S004AMU:332848,mu MASS (atomic mass units u),mu- | mu+,MASS,0.1134289257+-0.0000000025,0.1134289257+-0.0000000025,u,UNAVAILABLE_IN_SNAPSHOT,UNAVAILABLE_IN_SNAPSHOT,NONE,UNAVAILABLE,2.5000000000000001e-09,2.5000000000000001e-09,ELEMENTARY_OR_EXTENDED,EXTERNAL_RECORD_ACCOUNTED__INDIVIDUAL_HMT_REALIZATION_NOT_YET_JOINED,identity_to_public_sector_or_new_typed_sector,ONLY_AFTER_INTERNAL_FREEZE,NO,2026,2026-01-15,40dc2587d9ae912d26fafb6b41f300f341d2a1f4bd620ff5b5f03827c39453fe
masas,423,EXTERNAL_MASS_INVENTORY,1,PDG2026:observable:S004:S004M:332849,mu MASS,mu- | mu+,MASS,105.6583755+-0.0000023,105.6583755+-0.0000023,MeV,UNAVAILABLE_IN_SNAPSHOT,UNAVAILABLE_IN_SNAPSHOT,NONE,UNAVAILABLE,2.3e-06,2.3e-06,SM-LC-2,EXACT_FIBER_OPERATOR__NOMINAL_SIGNATURE_CONDITIONED__SCALARIZATION_OPEN,generation_coupling_to_spectral_projection_without_mass_target,ONLY_AFTER_INTERNAL_FREEZE,NO,2026,2026-01-15,40dc2587d9ae912d26fafb6b41f300f341d2a1f4bd620ff5b5f03827c39453fe
masas,424,EXTERNAL_MASS_INVENTORY,1,PDG2026:observable:S008:S008M:333660,pi+- MASS,pi+ | pi-,MASS,139.57039+-0.00018,139.57039+-0.00018,MeV,UNAVAILABLE_IN_SNAPSHOT,UNAVAILABLE_IN_SNAPSHOT,NONE,UNAVAILABLE,0.00018200716040826009,0.00018200716040826009,ELEMENTARY_OR_EXTENDED,EXTERNAL_RECORD_ACCOUNTED__INDIVIDUAL_HMT_REALIZATION_NOT_YET_JOINED,identity_to_public_sector_or_new_typed_sector,ONLY_AFTER_INTERNAL_FREEZE,NO,2026,2026-01-15,40dc2587d9ae912d26fafb6b41f300f341d2a1f4bd620ff5b5f03827c39453fe
masas,425,EXTERNAL_MASS_INVENTORY,1,PDG2026:observable:S009:S009M:333693,pi0 MASS,pi0,MASS,134.9768+-0.0005,134.9768+-0.0005,MeV,UNAVAILABLE_IN_SNAPSHOT,UNAVAILABLE_IN_SNAPSHOT,NONE,UNAVAILABLE,0.00048567928228423351,0.00048567928228423351,ELEMENTARY_OR_EXTENDED,EXTERNAL_RECORD_ACCOUNTED__INDIVIDUAL_HMT_REALIZATION_NOT_YET_JOINED,identity_to_public_sector_or_new_typed_sector,ONLY_AFTER_INTERNAL_FREEZE,NO,2026,2026-01-15,40dc2587d9ae912d26fafb6b41f300f341d2a1f4bd620ff5b5f03827c39453fe
masas,426,EXTERNAL_MASS_INVENTORY,1,PDG2026:observable:S010:S010M:335281,K+- MASS,K+ | K-,MASS,493.677+-0.015,493.677+-0.015,MeV,UNAVAILABLE_IN_SNAPSHOT,UNAVAILABLE_IN_SNAPSHOT,NONE,UNAVAILABLE,0.015405665226071509,0.015405665226071509,ELEMENTARY_OR_EXTENDED,EXTERNAL_RECORD_ACCOUNTED__INDIVIDUAL_HMT_REALIZATION_NOT_YET_JOINED,identity_to_public_sector_or_new_typed_sector,ONLY_AFTER_INTERNAL_FREEZE,NO,2026,2026-01-15,40dc2587d9ae912d26fafb6b41f300f341d2a1f4bd620ff5b5f03827c39453fe
masas,427,EXTERNAL_MASS_INVENTORY,1,PDG2026:observable:S011:S011M:335501,K0 MASS,K0 | Kbar0,MASS,497.611+-0.013,497.611+-0.013,MeV,UNAVAILABLE_IN_SNAPSHOT,UNAVAILABLE_IN_SNAPSHOT,NONE,UNAVAILABLE,0.0129901997564242,0.0129901997564242,ELEMENTARY_OR_EXTENDED,EXTERNAL_RECORD_ACCOUNTED__INDIVIDUAL_HMT_REALIZATION_NOT_YET_JOINED,identity_to_public_sector_or_new_typed_sector,ONLY_AFTER_INTERNAL_FREEZE,NO,2026,2026-01-15,40dc2587d9ae912d26fafb6b41f300f341d2a1f4bd620ff5b5f03827c39453fe
masas,428,EXTERNAL_MASS_INVENTORY,1,PDG2026:observable:S014:S014M:333729,eta MASS,eta,MASS,547.862+-0.017,547.862+-0.017,MeV,UNAVAILABLE_IN_SNAPSHOT,UNAVAILABLE_IN_SNAPSHOT,NONE,UNAVAILABLE,0.017334213711914789,0.017334213711914789,ELEMENTARY_OR_EXTENDED,EXTERNAL_RECORD_ACCOUNTED__INDIVIDUAL_HMT_REALIZATION_NOT_YET_JOINED,identity_to_public_sector_or_new_typed_sector,ONLY_AFTER_INTERNAL_FREEZE,NO,2026,2026-01-15,40dc2587d9ae912d26fafb6b41f300f341d2a1f4bd620ff5b5f03827c39453fe
masas,429,EXTERNAL_MASS_INVENTORY,1,PDG2026:observable:S016:S016AMU:348093,p MASS (atomic mass units u),p | pbar,MASS,1.0072764665789+-0.0000000000083,1.0072764665789+-0.0000000000083,u,UNAVAILABLE_IN_SNAPSHOT,UNAVAILABLE_IN_SNAPSHOT,NONE,UNAVAILABLE,8.2999999999999998e-12,8.2999999999999998e-12,ELEMENTARY_OR_EXTENDED,EXTERNAL_RECORD_ACCOUNTED__INDIVIDUAL_HMT_REALIZATION_NOT_YET_JOINED,identity_to_public_sector_or_new_typed_sector,ONLY_AFTER_INTERNAL_FREEZE,NO,2026,2026-01-15,40dc2587d9ae912d26fafb6b41f300f341d2a1f4bd620ff5b5f03827c39453fe
masas,430,EXTERNAL_MASS_INVENTORY,1,PDG2026:observable:S016:S016M:348095,p MASS (MeV),p | pbar,MASS,938.27208943+-0.00000029,938.27208943+-0.00000029,MeV,UNAVAILABLE_IN_SNAPSHOT,UNAVAILABLE_IN_SNAPSHOT,NONE,UNAVAILABLE,2.8999999999999998e-07,2.8999999999999998e-07,ELEMENTARY_OR_EXTENDED,EXTERNAL_RECORD_ACCOUNTED__INDIVIDUAL_HMT_REALIZATION_NOT_YET_JOINED,identity_to_public_sector_or_new_typed_sector,ONLY_AFTER_INTERNAL_FREEZE,NO,2026,2026-01-15,40dc2587d9ae912d26fafb6b41f300f341d2a1f4bd620ff5b5f03827c39453fe
masas,431,EXTERNAL_MASS_INVENTORY,1,PDG2026:observable:S017:S017AMU:348291,n MASS (atomic mass units u),n | nbar,MASS,1.0086649161+-0.0000000004,1.0086649161+-0.0000000004,u,UNAVAILABLE_IN_SNAPSHOT,UNAVAILABLE_IN_SNAPSHOT,NONE,UNAVAILABLE,4.0000000000000001e-10,4.0000000000000001e-10,ELEMENTARY_OR_EXTENDED,EXTERNAL_RECORD_ACCOUNTED__INDIVIDUAL_HMT_REALIZATION_NOT_YET_JOINED,identity_to_public_sector_or_new_typed_sector,ONLY_AFTER_INTERNAL_FREEZE,NO,2026,2026-01-15,40dc2587d9ae912d26fafb6b41f300f341d2a1f4bd620ff5b5f03827c39453fe
masas,432,EXTERNAL_MASS_INVENTORY,1,PDG2026:observable:S017:S017M:348292,n MASS (MeV),n | nbar,MASS,939.5654219+-0.0000005,939.5654219+-0.0000005,MeV,UNAVAILABLE_IN_SNAPSHOT,UNAVAILABLE_IN_SNAPSHOT,NONE,UNAVAILABLE,4.7999999999999996e-07,4.7999999999999996e-07,ELEMENTARY_OR_EXTENDED,EXTERNAL_RECORD_ACCOUNTED__INDIVIDUAL_HMT_REALIZATION_NOT_YET_JOINED,identity_to_public_sector_or_new_typed_sector,ONLY_AFTER_INTERNAL_FREEZE,NO,2026,2026-01-15,40dc2587d9ae912d26fafb6b41f300f341d2a1f4bd620ff5b5f03827c39453fe
masas,433,EXTERNAL_MASS_INVENTORY,1,PDG2026:observable:S018:S018M:349367,Lambda MASS,Lambda0 | Lambdabar0,MASS,1115.683+-0.006,1115.683+-0.006,MeV,UNAVAILABLE_IN_SNAPSHOT,UNAVAILABLE_IN_SNAPSHOT,NONE,UNAVAILABLE,0.0064376377786219867,0.0064376377786219867,ELEMENTARY_OR_EXTENDED,EXTERNAL_RECORD_ACCOUNTED__INDIVIDUAL_HMT_REALIZATION_NOT_YET_JOINED,identity_to_public_sector_or_new_typed_sector,ONLY_AFTER_INTERNAL_FREEZE,NO,2026,2026-01-15,40dc2587d9ae912d26fafb6b41f300f341d2a1f4bd620ff5b5f03827c39453fe
masas,434,EXTERNAL_MASS_INVENTORY,1,PDG2026:observable:S019:S019M:349781,Sigma+ MASS,Sigma+ | Sigmabar-,MASS,1189.37+-0.07,1189.37+-0.07,MeV,UNAVAILABLE_IN_SNAPSHOT,UNAVAILABLE_IN_SNAPSHOT,NONE,UNAVAILABLE,0.069622885612207835,0.069622885612207835,ELEMENTARY_OR_EXTENDED,EXTERNAL_RECORD_ACCOUNTED__INDIVIDUAL_HMT_REALIZATION_NOT_YET_JOINED,identity_to_public_sector_or_new_typed_sector,ONLY_AFTER_INTERNAL_FREEZE,NO,2026,2026-01-15,40dc2587d9ae912d26fafb6b41f300f341d2a1f4bd620ff5b5f03827c39453fe
masas,435,EXTERNAL_MASS_INVENTORY,1,PDG2026:observable:S020:S020M:349844,Sigma- MASS,Sigma- | Sigmabar+,MASS,1197.449+-0.029,1197.449+-0.029,MeV,UNAVAILABLE_IN_SNAPSHOT,UNAVAILABLE_IN_SNAPSHOT,NONE,UNAVAILABLE,0.02915850307660851,0.02915850307660851,ELEMENTARY_OR_EXTENDED,EXTERNAL_RECORD_ACCOUNTED__INDIVIDUAL_HMT_REALIZATION_NOT_YET_JOINED,identity_to_public_sector_or_new_typed_sector,ONLY_AFTER_INTERNAL_FREEZE,NO,2026,2026-01-15,40dc2587d9ae912d26fafb6b41f300f341d2a1f4bd620ff5b5f03827c39453fe
masas,436,EXTERNAL_MASS_INVENTORY,1,PDG2026:observable:S021:S021M:349828,Sigma0 MASS,Sigma0 | Sigmabar0,MASS,1192.642+-0.024,1192.642+-0.024,MeV,UNAVAILABLE_IN_SNAPSHOT,UNAVAILABLE_IN_SNAPSHOT,NONE,UNAVAILABLE,0.023595691425754781,0.023595691425754781,ELEMENTARY_OR_EXTENDED,EXTERNAL_RECORD_ACCOUNTED__INDIVIDUAL_HMT_REALIZATION_NOT_YET_JOINED,identity_to_public_sector_or_new_typed_sector,ONLY_AFTER_INTERNAL_FREEZE,NO,2026,2026-01-15,40dc2587d9ae912d26fafb6b41f300f341d2a1f4bd620ff5b5f03827c39453fe
masas,437,EXTERNAL_MASS_INVENTORY,1,PDG2026:observable:S022:S022M:350344,Xi- MASS,Xi- | Xibar+,MASS,1321.71+-0.07,1321.71+-0.07,MeV,UNAVAILABLE_IN_SNAPSHOT,UNAVAILABLE_IN_SNAPSHOT,NONE,UNAVAILABLE,0.066535273622543412,0.066535273622543412,ELEMENTARY_OR_EXTENDED,EXTERNAL_RECORD_ACCOUNTED__INDIVIDUAL_HMT_REALIZATION_NOT_YET_JOINED,identity_to_public_sector_or_new_typed_sector,ONLY_AFTER_INTERNAL_FREEZE,NO,2026,2026-01-15,40dc2587d9ae912d26fafb6b41f300f341d2a1f4bd620ff5b5f03827c39453fe
masas,438,EXTERNAL_MASS_INVENTORY,1,PDG2026:observable:S022:S022M1:350346,Xibar+ MASS,Xi- | Xibar+,MASS,1321.71+-0.07,1321.71+-0.07,MeV,UNAVAILABLE_IN_SNAPSHOT,UNAVAILABLE_IN_SNAPSHOT,NONE,UNAVAILABLE,0.066535273622543412,0.066535273622543412,ELEMENTARY_OR_EXTENDED,EXTERNAL_RECORD_ACCOUNTED__INDIVIDUAL_HMT_REALIZATION_NOT_YET_JOINED,identity_to_public_sector_or_new_typed_sector,ONLY_AFTER_INTERNAL_FREEZE,NO,2026,2026-01-15,40dc2587d9ae912d26fafb6b41f300f341d2a1f4bd620ff5b5f03827c39453fe
masas,439,EXTERNAL_MASS_INVENTORY,1,PDG2026:observable:S023:S023M:350293,Xi0 MASS,Xi0 | Xibar0,MASS,1314.86+-0.20,1314.86+-0.20,MeV,UNAVAILABLE_IN_SNAPSHOT,UNAVAILABLE_IN_SNAPSHOT,NONE,UNAVAILABLE,0.20343194946851781,0.20343194946851781,ELEMENTARY_OR_EXTENDED,EXTERNAL_RECORD_ACCOUNTED__INDIVIDUAL_HMT_REALIZATION_NOT_YET_JOINED,identity_to_public_sector_or_new_typed_sector,ONLY_AFTER_INTERNAL_FREEZE,NO,2026,2026-01-15,40dc2587d9ae912d26fafb6b41f300f341d2a1f4bd620ff5b5f03827c39453fe
masas,440,EXTERNAL_MASS_INVENTORY,1,PDG2026:observable:S024:S024M:350469,Omega- MASS,Omega- | Omegabar+,MASS,1672.45+-0.29,1672.45+-0.29,MeV,UNAVAILABLE_IN_SNAPSHOT,UNAVAILABLE_IN_SNAPSHOT,NONE,UNAVAILABLE,0.29314631976651251,0.29314631976651251,ELEMENTARY_OR_EXTENDED,EXTERNAL_RECORD_ACCOUNTED__INDIVIDUAL_HMT_REALIZATION_NOT_YET_JOINED,identity_to_public_sector_or_new_typed_sector,ONLY_AFTER_INTERNAL_FREEZE,NO,2026,2026-01-15,40dc2587d9ae912d26fafb6b41f300f341d2a1f4bd620ff5b5f03827c39453fe
masas,441,EXTERNAL_MASS_INVENTORY,1,PDG2026:observable:S026:S026M+:351717,Sigma_b+ MASS,Sigma_b()- | Sigmabar_b()+ | Sigma_b()0 | Sigmabar_b()0 | Sigma_b()+ | Sigmabar_b()-,MASS,5810.56+-0.25,5810.56+-0.25,MeV,UNAVAILABLE_IN_SNAPSHOT,UNAVAILABLE_IN_SNAPSHOT,NONE,UNAVAILABLE,0.25274062207162651,0.25263562022485619,ELEMENTARY_OR_EXTENDED,EXTERNAL_RECORD_ACCOUNTED__INDIVIDUAL_HMT_REALIZATION_NOT_YET_JOINED,identity_to_public_sector_or_new_typed_sector,ONLY_AFTER_INTERNAL_FREEZE,NO,2026,2026-01-15,40dc2587d9ae912d26fafb6b41f300f341d2a1f4bd620ff5b5f03827c39453fe
masas,442,EXTERNAL_MASS_INVENTORY,1,PDG2026:observable:S026:S026M-:351718,Sigma_b- MASS,Sigma_b()- | Sigmabar_b()+ | Sigma_b()0 | Sigmabar_b()0 | Sigma_b()+ | Sigmabar_b()-,MASS,5815.64+-0.27,5815.64+-0.27,MeV,UNAVAILABLE_IN_SNAPSHOT,UNAVAILABLE_IN_SNAPSHOT,NONE,UNAVAILABLE,0.27460654053367178,0.27449500386905717,ELEMENTARY_OR_EXTENDED,EXTERNAL_RECORD_ACCOUNTED__INDIVIDUAL_HMT_REALIZATION_NOT_YET_JOINED,identity_to_public_sector_or_new_typed_sector,ONLY_AFTER_INTERNAL_FREEZE,NO,2026,2026-01-15,40dc2587d9ae912d26fafb6b41f300f341d2a1f4bd620ff5b5f03827c39453fe
masas,443,EXTERNAL_MASS_INVENTORY,1,PDG2026:observable:S031:S031M:336044,D+- MASS,D+ | D-,MASS,1869.66+-0.05,1869.66+-0.05,MeV,UNAVAILABLE_IN_SNAPSHOT,UNAVAILABLE_IN_SNAPSHOT,NONE,UNAVAILABLE,0.046806022411609027,0.046806022411609027,ELEMENTARY_OR_EXTENDED,EXTERNAL_RECORD_ACCOUNTED__INDIVIDUAL_HMT_REALIZATION_NOT_YET_JOINED,identity_to_public_sector_or_new_typed_sector,ONLY_AFTER_INTERNAL_FREEZE,NO,2026,2026-01-15,40dc2587d9ae912d26fafb6b41f300f341d2a1f4bd620ff5b5f03827c39453fe
masas,444,EXTERNAL_MASS_INVENTORY,1,PDG2026:observable:S032:S032M:336689,D0 MASS,D0 | Dbar0,MASS,1864.84+-0.04,1864.84+-0.04,MeV,UNAVAILABLE_IN_SNAPSHOT,UNAVAILABLE_IN_SNAPSHOT,NONE,UNAVAILABLE,0.044458705619801281,0.044458705619801281,ELEMENTARY_OR_EXTENDED,EXTERNAL_RECORD_ACCOUNTED__INDIVIDUAL_HMT_REALIZATION_NOT_YET_JOINED,identity_to_public_sector_or_new_typed_sector,ONLY_AFTER_INTERNAL_FREEZE,NO,2026,2026-01-15,40dc2587d9ae912d26fafb6b41f300f341d2a1f4bd620ff5b5f03827c39453fe
masas,445,EXTERNAL_MASS_INVENTORY,1,PDG2026:observable:S033:S033M:350527,Lambda_c+ MASS,Lambda_c()+ | Lambdabar_c()-,MASS,2286.46+-0.14,2286.46+-0.14,MeV,UNAVAILABLE_IN_SNAPSHOT,UNAVAILABLE_IN_SNAPSHOT,NONE,UNAVAILABLE,0.1399999999999989,0.1399999999999989,ELEMENTARY_OR_EXTENDED,EXTERNAL_RECORD_ACCOUNTED__INDIVIDUAL_HMT_REALIZATION_NOT_YET_JOINED,identity_to_public_sector_or_new_typed_sector,ONLY_AFTER_INTERNAL_FREEZE,NO,2026,2026-01-15,40dc2587d9ae912d26fafb6b41f300f341d2a1f4bd620ff5b5f03827c39453fe
masas,446,EXTERNAL_MASS_INVENTORY,1,PDG2026:observable:S034:S034M:337875,D_s+- MASS,D_s()+ | D_s()-,MASS,1968.35+-0.07,1968.35+-0.07,MeV,UNAVAILABLE_IN_SNAPSHOT,UNAVAILABLE_IN_SNAPSHOT,NONE,UNAVAILABLE,0.067861209529596483,0.067861209529596483,ELEMENTARY_OR_EXTENDED,EXTERNAL_RECORD_ACCOUNTED__INDIVIDUAL_HMT_REALIZATION_NOT_YET_JOINED,identity_to_public_sector_or_new_typed_sector,ONLY_AFTER_INTERNAL_FREEZE,NO,2026,2026-01-15,40dc2587d9ae912d26fafb6b41f300f341d2a1f4bd620ff5b5f03827c39453fe
masas,447,EXTERNAL_MASS_INVENTORY,1,PDG2026:observable:S035:S035M:332893,tau MASS,tau- | tau+,MASS,1776.93+-0.09,1776.93+-0.09,MeV,UNAVAILABLE_IN_SNAPSHOT,UNAVAILABLE_IN_SNAPSHOT,NONE,UNAVAILABLE,0.084914953913230548,0.087580191734114063,SM-LC-3,EXACT_FIBER_OPERATOR__NOMINAL_SIGNATURE_CONDITIONED__SCALARIZATION_OPEN,generation_coupling_to_spectral_projection_without_mass_target,ONLY_AFTER_INTERNAL_FREEZE,NO,2026,2026-01-15,40dc2587d9ae912d26fafb6b41f300f341d2a1f4bd620ff5b5f03827c39453fe
masas,448,EXTERNAL_MASS_INVENTORY,1,PDG2026:observable:S040:S040M:351420,mass(Lambda_b0),Lambda_b()0 | Lambdabar_b()0,MASS,5619.57+-0.16,5619.57+-0.16,MeV,UNAVAILABLE_IN_SNAPSHOT,UNAVAILABLE_IN_SNAPSHOT,NONE,UNAVAILABLE,0.15728560301875261,0.15728560301875261,ELEMENTARY_OR_EXTENDED,EXTERNAL_RECORD_ACCOUNTED__INDIVIDUAL_HMT_REALIZATION_NOT_YET_JOINED,identity_to_public_sector_or_new_typed_sector,ONLY_AFTER_INTERNAL_FREEZE,NO,2026,2026-01-15,40dc2587d9ae912d26fafb6b41f300f341d2a1f4bd620ff5b5f03827c39453fe
masas,449,EXTERNAL_MASS_INVENTORY,1,PDG2026:observable:S041:S041M:338546,B+- MASS,B+ | B-,MASS,5279.41+-0.07,5279.41+-0.07,MeV,UNAVAILABLE_IN_SNAPSHOT,UNAVAILABLE_IN_SNAPSHOT,NONE,UNAVAILABLE,0.071087977743437336,0.071087977743437336,ELEMENTARY_OR_EXTENDED,EXTERNAL_RECORD_ACCOUNTED__INDIVIDUAL_HMT_REALIZATION_NOT_YET_JOINED,identity_to_public_sector_or_new_typed_sector,ONLY_AFTER_INTERNAL_FREEZE,NO,2026,2026-01-15,40dc2587d9ae912d26fafb6b41f300f341d2a1f4bd620ff5b5f03827c39453fe
masas,450,EXTERNAL_MASS_INVENTORY,1,PDG2026:observable:S042:S042M:340312,B0 MASS,B0 | Bbar0,MASS,5279.72+-0.08,5279.72+-0.08,MeV,UNAVAILABLE_IN_SNAPSHOT,UNAVAILABLE_IN_SNAPSHOT,NONE,UNAVAILABLE,0.084359430922022555,0.084359430922022555,ELEMENTARY_OR_EXTENDED,EXTERNAL_RECORD_ACCOUNTED__INDIVIDUAL_HMT_REALIZATION_NOT_YET_JOINED,identity_to_public_sector_or_new_typed_sector,ONLY_AFTER_INTERNAL_FREEZE,NO,2026,2026-01-15,40dc2587d9ae912d26fafb6b41f300f341d2a1f4bd620ff5b5f03827c39453fe
masas,451,EXTERNAL_MASS_INVENTORY,1,PDG2026:observable:S043:S043M:332464,W MASS,W+ | W-,MASS,80.3625 +-0.0077,80.3625+-0.0077,GeV,UNAVAILABLE_IN_SNAPSHOT,UNAVAILABLE_IN_SNAPSHOT,NONE,UNAVAILABLE,0.0077000000000000002,0.0077000000000000002,SM-GA-W,CONDITIONED_NOMINAL_SIGNATURE__ROUTE_AND_POLE_REALIZATION_OPEN,join_named_boson_to_enriched_route_then_complex_pole_operator,ONLY_AFTER_INTERNAL_FREEZE,NO,2026,2026-01-15,40dc2587d9ae912d26fafb6b41f300f341d2a1f4bd620ff5b5f03827c39453fe
masas,452,EXTERNAL_MASS_INVENTORY,1,PDG2026:observable:S044:S044M:332513,Z MASS,Z0,MASS,91.1879+-0.0020,91.1879+-0.0020,GeV,UNAVAILABLE_IN_SNAPSHOT,UNAVAILABLE_IN_SNAPSHOT,NONE,UNAVAILABLE,0.0019668990326291501,0.0019668990326291501,SM-GA-Z,CONDITIONED_NOMINAL_SIGNATURE__ROUTE_AND_POLE_REALIZATION_OPEN,join_named_boson_to_enriched_route_then_complex_pole_operator,ONLY_AFTER_INTERNAL_FREEZE,NO,2026,2026-01-15,40dc2587d9ae912d26fafb6b41f300f341d2a1f4bd620ff5b5f03827c39453fe
masas,453,EXTERNAL_MASS_INVENTORY,1,PDG2026:observable:S045:S045M:351029,Xi_c+ MASS,Xi_c()+ | Xibar_c()-,MASS,2467.79+-0.15,2467.79+-0.15,MeV,UNAVAILABLE_IN_SNAPSHOT,UNAVAILABLE_IN_SNAPSHOT,NONE,UNAVAILABLE,0.14783797163412299,0.1515211169302543,ELEMENTARY_OR_EXTENDED,EXTERNAL_RECORD_ACCOUNTED__INDIVIDUAL_HMT_REALIZATION_NOT_YET_JOINED,identity_to_public_sector_or_new_typed_sector,ONLY_AFTER_INTERNAL_FREEZE,NO,2026,2026-01-15,40dc2587d9ae912d26fafb6b41f300f341d2a1f4bd620ff5b5f03827c39453fe
masas,454,EXTERNAL_MASS_INVENTORY,1,PDG2026:observable:S047:S047M:351327,Omega_c0 MASS,Omega_c()0 | Omegabar_c()0,MASS,2695.3+-0.4,2695.3+-0.4,MeV,UNAVAILABLE_IN_SNAPSHOT,UNAVAILABLE_IN_SNAPSHOT,NONE,UNAVAILABLE,0.40393344242041429,0.40393344242041429,ELEMENTARY_OR_EXTENDED,EXTERNAL_RECORD_ACCOUNTED__INDIVIDUAL_HMT_REALIZATION_NOT_YET_JOINED,identity_to_public_sector_or_new_typed_sector,ONLY_AFTER_INTERNAL_FREEZE,NO,2026,2026-01-15,40dc2587d9ae912d26fafb6b41f300f341d2a1f4bd620ff5b5f03827c39453fe
masas,455,EXTERNAL_MASS_INVENTORY,1,PDG2026:observable:S048:S048M:351116,Xi_c0 MASS,Xi_c()0 | Xibar_c()0,MASS,2470.50+-0.25,2470.50+-0.25,MeV,UNAVAILABLE_IN_SNAPSHOT,UNAVAILABLE_IN_SNAPSHOT,NONE,UNAVAILABLE,0.2460900310756039,0.25936293704487828,ELEMENTARY_OR_EXTENDED,EXTERNAL_RECORD_ACCOUNTED__INDIVIDUAL_HMT_REALIZATION_NOT_YET_JOINED,identity_to_public_sector_or_new_typed_sector,ONLY_AFTER_INTERNAL_FREEZE,NO,2026,2026-01-15,40dc2587d9ae912d26fafb6b41f300f341d2a1f4bd620ff5b5f03827c39453fe
masas,456,EXTERNAL_MASS_INVENTORY,1,PDG2026:observable:S053:S053M:351372,Omega_c(2770)0 MASS,Omega_c(2770)0 | Omegabar_c(2770)0,MASS,2766.0+0.9-1.0,2766.0+0.9-1.0,MeV,UNAVAILABLE_IN_SNAPSHOT,UNAVAILABLE_IN_SNAPSHOT,NONE,UNAVAILABLE,0.90442879377866114,1.024667347651941,ELEMENTARY_OR_EXTENDED,EXTERNAL_RECORD_ACCOUNTED__INDIVIDUAL_HMT_REALIZATION_NOT_YET_JOINED,identity_to_public_sector_or_new_typed_sector,ONLY_AFTER_INTERNAL_FREEZE,NO,2026,2026-01-15,40dc2587d9ae912d26fafb6b41f300f341d2a1f4bd620ff5b5f03827c39453fe
masas,457,EXTERNAL_MASS_INVENTORY,1,PDG2026:observable:S058:S058M:351195,Xi_c'+ MASS,Xi_c^'()+ | Xibar_c^'()-,MASS,2578.3+-0.4,2578.3+-0.4,MeV,UNAVAILABLE_IN_SNAPSHOT,UNAVAILABLE_IN_SNAPSHOT,NONE,UNAVAILABLE,0.43863752697991182,0.43863752697991182,ELEMENTARY_OR_EXTENDED,EXTERNAL_RECORD_ACCOUNTED__INDIVIDUAL_HMT_REALIZATION_NOT_YET_JOINED,identity_to_public_sector_or_new_typed_sector,ONLY_AFTER_INTERNAL_FREEZE,NO,2026,2026-01-15,40dc2587d9ae912d26fafb6b41f300f341d2a1f4bd620ff5b5f03827c39453fe
masas,458,EXTERNAL_MASS_INVENTORY,1,PDG2026:observable:S059:S059M:351200,Xi_c'0 MASS,Xi_c^'()0 | Xibar_c^'()0,MASS,2578.8+-0.5,2578.8+-0.5,MeV,UNAVAILABLE_IN_SNAPSHOT,UNAVAILABLE_IN_SNAPSHOT,NONE,UNAVAILABLE,0.48022871688352092,0.48697631770634259,ELEMENTARY_OR_EXTENDED,EXTERNAL_RECORD_ACCOUNTED__INDIVIDUAL_HMT_REALIZATION_NOT_YET_JOINED,identity_to_public_sector_or_new_typed_sector,ONLY_AFTER_INTERNAL_FREEZE,NO,2026,2026-01-15,40dc2587d9ae912d26fafb6b41f300f341d2a1f4bd620ff5b5f03827c39453fe
masas,459,EXTERNAL_MASS_INVENTORY,1,PDG2026:observable:S062:S062M+:351724,Sigma_b*+ MASS,Sigma_b^*()- | Sigmabar_b^*()+ | Sigma_b^*()0 | Sigmabar_b^*()0 | Sigma_b^*()+ | Sigmabar_b^*()-,MASS,5830.32+-0.27,5830.32+-0.27,MeV,UNAVAILABLE_IN_SNAPSHOT,UNAVAILABLE_IN_SNAPSHOT,NONE,UNAVAILABLE,0.27472915359118399,0.27501743053510241,ELEMENTARY_OR_EXTENDED,EXTERNAL_RECORD_ACCOUNTED__INDIVIDUAL_HMT_REALIZATION_NOT_YET_JOINED,identity_to_public_sector_or_new_typed_sector,ONLY_AFTER_INTERNAL_FREEZE,NO,2026,2026-01-15,40dc2587d9ae912d26fafb6b41f300f341d2a1f4bd620ff5b5f03827c39453fe
masas,460,EXTERNAL_MASS_INVENTORY,1,PDG2026:observable:S062:S062M-:351725,Sigma_b*- MASS,Sigma_b^*()- | Sigmabar_b^*()+ | Sigma_b^*()0 | Sigmabar_b^*()0 | Sigma_b^*()+ | Sigmabar_b^*()-,MASS,5834.74+-0.30,5834.74+-0.30,MeV,UNAVAILABLE_IN_SNAPSHOT,UNAVAILABLE_IN_SNAPSHOT,NONE,UNAVAILABLE,0.2981607994575306,0.29855805603668217,ELEMENTARY_OR_EXTENDED,EXTERNAL_RECORD_ACCOUNTED__INDIVIDUAL_HMT_REALIZATION_NOT_YET_JOINED,identity_to_public_sector_or_new_typed_sector,ONLY_AFTER_INTERNAL_FREEZE,NO,2026,2026-01-15,40dc2587d9ae912d26fafb6b41f300f341d2a1f4bd620ff5b5f03827c39453fe
masas,461,EXTERNAL_MASS_INVENTORY,1,PDG2026:observable:S063:S063M:351884,Omega_b- MASS,Omega_b()- | Omegabar_b()+,MASS,6045.8+-0.8,6045.8+-0.8,MeV,UNAVAILABLE_IN_SNAPSHOT,UNAVAILABLE_IN_SNAPSHOT,NONE,UNAVAILABLE,0.76541057086097497,0.76541057086097497,ELEMENTARY_OR_EXTENDED,EXTERNAL_RECORD_ACCOUNTED__INDIVIDUAL_HMT_REALIZATION_NOT_YET_JOINED,identity_to_public_sector_or_new_typed_sector,ONLY_AFTER_INTERNAL_FREEZE,NO,2026,2026-01-15,40dc2587d9ae912d26fafb6b41f300f341d2a1f4bd620ff5b5f03827c39453fe
masas,462,EXTERNAL_MASS_INVENTORY,1,PDG2026:observable:S065:S065M:351404,Xi_cc+ MASS,Xi_cc()+ | Xibar_cc()-,MASS,3518.9+-0.9,3518.9+-0.9,MeV,UNAVAILABLE_IN_SNAPSHOT,UNAVAILABLE_IN_SNAPSHOT,NONE,UNAVAILABLE,0.94868329805051377,0.94868329805051377,ELEMENTARY_OR_EXTENDED,EXTERNAL_RECORD_ACCOUNTED__INDIVIDUAL_HMT_REALIZATION_NOT_YET_JOINED,identity_to_public_sector_or_new_typed_sector,ONLY_AFTER_INTERNAL_FREEZE,NO,2026,2026-01-15,40dc2587d9ae912d26fafb6b41f300f341d2a1f4bd620ff5b5f03827c39453fe
masas,463,EXTERNAL_MASS_INVENTORY,1,PDG2026:observable:S068:S068M:351409,Xi_cc++ MASS,Xi_cc()++ | Xi_cc()--,MASS,3621.6+-0.4,3621.6+-0.4,MeV,UNAVAILABLE_IN_SNAPSHOT,UNAVAILABLE_IN_SNAPSHOT,NONE,UNAVAILABLE,0.378021163428716,0.378021163428716,ELEMENTARY_OR_EXTENDED,EXTERNAL_RECORD_ACCOUNTED__INDIVIDUAL_HMT_REALIZATION_NOT_YET_JOINED,identity_to_public_sector_or_new_typed_sector,ONLY_AFTER_INTERNAL_FREEZE,NO,2026,2026-01-15,40dc2587d9ae912d26fafb6b41f300f341d2a1f4bd620ff5b5f03827c39453fe
masas,464,EXTERNAL_MASS_INVENTORY,1,PDG2026:observable:S069:S069M-:351742,Xi_b- MASS,Xi_b()- | Xibar_b()+,MASS,5797.0+-0.4,5797.0+-0.4,MeV,UNAVAILABLE_IN_SNAPSHOT,UNAVAILABLE_IN_SNAPSHOT,NONE,UNAVAILABLE,0.43674265363571568,0.43674265363571568,ELEMENTARY_OR_EXTENDED,EXTERNAL_RECORD_ACCOUNTED__INDIVIDUAL_HMT_REALIZATION_NOT_YET_JOINED,identity_to_public_sector_or_new_typed_sector,ONLY_AFTER_INTERNAL_FREEZE,NO,2026,2026-01-15,40dc2587d9ae912d26fafb6b41f300f341d2a1f4bd620ff5b5f03827c39453fe
masas,465,EXTERNAL_MASS_INVENTORY,1,PDG2026:observable:S070:S070M0:351793,Xi_b0 MASS,Xi_b()0 | Xibar_b()0,MASS,5791.7+-0.4,5791.7+-0.4,MeV,UNAVAILABLE_IN_SNAPSHOT,UNAVAILABLE_IN_SNAPSHOT,NONE,UNAVAILABLE,0.41342961949753559,0.41342961949753559,ELEMENTARY_OR_EXTENDED,EXTERNAL_RECORD_ACCOUNTED__INDIVIDUAL_HMT_REALIZATION_NOT_YET_JOINED,identity_to_public_sector_or_new_typed_sector,ONLY_AFTER_INTERNAL_FREEZE,NO,2026,2026-01-15,40dc2587d9ae912d26fafb6b41f300f341d2a1f4bd620ff5b5f03827c39453fe
masas,466,EXTERNAL_MASS_INVENTORY,1,PDG2026:observable:S074:S074M:338415,D_s*+- MASS,D_s^*()+ | D_s^*()-,MASS,2112.2+-0.4,2112.2+-0.4,MeV,UNAVAILABLE_IN_SNAPSHOT,UNAVAILABLE_IN_SNAPSHOT,NONE,UNAVAILABLE,0.39518670911609538,0.39518670911609538,ELEMENTARY_OR_EXTENDED,EXTERNAL_RECORD_ACCOUNTED__INDIVIDUAL_HMT_REALIZATION_NOT_YET_JOINED,identity_to_public_sector_or_new_typed_sector,ONLY_AFTER_INTERNAL_FREEZE,NO,2026,2026-01-15,40dc2587d9ae912d26fafb6b41f300f341d2a1f4bd620ff5b5f03827c39453fe
masas,467,EXTERNAL_MASS_INVENTORY,1,PDG2026:observable:S085:S085M:342531,B* MASS,B^*0 | Bbar^*0 | B^*+ | B^*-,MASS,5324.75+-0.20,5324.75+-0.20,MeV,UNAVAILABLE_IN_SNAPSHOT,UNAVAILABLE_IN_SNAPSHOT,NONE,UNAVAILABLE,0.20338563693989911,0.20338563693989911,ELEMENTARY_OR_EXTENDED,EXTERNAL_RECORD_ACCOUNTED__INDIVIDUAL_HMT_REALIZATION_NOT_YET_JOINED,identity_to_public_sector_or_new_typed_sector,ONLY_AFTER_INTERNAL_FREEZE,NO,2026,2026-01-15,40dc2587d9ae912d26fafb6b41f300f341d2a1f4bd620ff5b5f03827c39453fe
masas,468,EXTERNAL_MASS_INVENTORY,1,PDG2026:observable:S086:S086M:342595,B_s0 MASS,B_s()0 | Bbar_s()0,MASS,5366.93+-0.10,5366.93+-0.10,MeV,UNAVAILABLE_IN_SNAPSHOT,UNAVAILABLE_IN_SNAPSHOT,NONE,UNAVAILABLE,0.09935167389588262,0.09935167389588262,ELEMENTARY_OR_EXTENDED,EXTERNAL_RECORD_ACCOUNTED__INDIVIDUAL_HMT_REALIZATION_NOT_YET_JOINED,identity_to_public_sector_or_new_typed_sector,ONLY_AFTER_INTERNAL_FREEZE,NO,2026,2026-01-15,40dc2587d9ae912d26fafb6b41f300f341d2a1f4bd620ff5b5f03827c39453fe
masas,469,EXTERNAL_MASS_INVENTORY,1,PDG2026:observable:S087:S087M:343123,B_s* MASS,B_s^*0 | Bbar_s^*0,MASS,5415.4+-1.4,5415.4+-1.4,MeV,UNAVAILABLE_IN_SNAPSHOT,UNAVAILABLE_IN_SNAPSHOT,NONE,UNAVAILABLE,1.435389239191782,1.435389239191782,ELEMENTARY_OR_EXTENDED,EXTERNAL_RECORD_ACCOUNTED__INDIVIDUAL_HMT_REALIZATION_NOT_YET_JOINED,identity_to_public_sector_or_new_typed_sector,ONLY_AFTER_INTERNAL_FREEZE,NO,2026,2026-01-15,40dc2587d9ae912d26fafb6b41f300f341d2a1f4bd620ff5b5f03827c39453fe
masas,470,EXTERNAL_MASS_INVENTORY,1,PDG2026:observable:S091:S091M:343161,B_c+ MASS,B_c()+ | B_c()-,MASS,6274.47+-0.32,6274.47+-0.32,MeV,UNAVAILABLE_IN_SNAPSHOT,UNAVAILABLE_IN_SNAPSHOT,NONE,UNAVAILABLE,0.31906112267087638,0.31906112267087638,ELEMENTARY_OR_EXTENDED,EXTERNAL_RECORD_ACCOUNTED__INDIVIDUAL_HMT_REALIZATION_NOT_YET_JOINED,identity_to_public_sector_or_new_typed_sector,ONLY_AFTER_INTERNAL_FREEZE,NO,2026,2026-01-15,40dc2587d9ae912d26fafb6b41f300f341d2a1f4bd620ff5b5f03827c39453fe
masas,471,EXTERNAL_MASS_INVENTORY,1,PDG2026:observable:S126:S126M:332733,H MASS,H,MASS,125.13+-0.11,125.13+-0.11,GeV,UNAVAILABLE_IN_SNAPSHOT,UNAVAILABLE_IN_SNAPSHOT,NONE,UNAVAILABLE,0.11172144776548799,0.11172144776548799,SM-H-1,CONDITIONED_NOMINAL_SIGNATURE__ROUTE_AND_POLE_REALIZATION_OPEN,join_named_boson_to_enriched_route_then_complex_pole_operator,ONLY_AFTER_INTERNAL_FREEZE,NO,2026,2026-01-15,40dc2587d9ae912d26fafb6b41f300f341d2a1f4bd620ff5b5f03827c39453fe
anchuras,1,EXTERNAL_WIDTH_INVENTORY,1,PDG2026:observable:B004:B004W:348706,N(1895) BREIT-WIGNER WIDTH,N(1895)0 | Nbar(1895)0 | N(1895)+ | Nbar(1895)-,WIDTH,80 to 120 to 200,80 to 200 (~120),MeV,UNAVAILABLE_IN_SNAPSHOT,UNAVAILABLE_IN_SNAPSHOT,R,UNAVAILABLE,NOT_APPLICABLE,NOT_APPLICABLE,COMP-BARYON,EXTERNAL_RECORD_ACCOUNTED__INDIVIDUAL_HMT_REALIZATION_NOT_YET_JOINED,named_baryon_binding_map,ONLY_AFTER_INTERNAL_FREEZE,NO,2026,2026-01-15,40dc2587d9ae912d26fafb6b41f300f341d2a1f4bd620ff5b5f03827c39453fe
anchuras,2,EXTERNAL_WIDTH_INVENTORY,1,PDG2026:observable:B005:B005W:348837,N(2060) BREIT-WIGNER WIDTH,N(2060)0 | Nbar(2060)0 | N(2060)+ | Nbar(2060)-,WIDTH,300 to 400 to 450,300 to 450 (~400),MeV,UNAVAILABLE_IN_SNAPSHOT,UNAVAILABLE_IN_SNAPSHOT,R,UNAVAILABLE,NOT_APPLICABLE,NOT_APPLICABLE,COMP-BARYON,EXTERNAL_RECORD_ACCOUNTED__INDIVIDUAL_HMT_REALIZATION_NOT_YET_JOINED,named_baryon_binding_map,ONLY_AFTER_INTERNAL_FREEZE,NO,2026,2026-01-15,40dc2587d9ae912d26fafb6b41f300f341d2a1f4bd620ff5b5f03827c39453fe
anchuras,3,EXTERNAL_WIDTH_INVENTORY,1,PDG2026:observable:B010:B010W:349098,Delta(1700) BREIT-WIGNER WIDTH,Delta(1700)- | Deltabar(1700)+ | Delta(1700)0 | Deltabar(1700)0 | Delta(1700)+ | Deltabar(1700)- | Delta(1700)++ | Deltabar(1700)--,WIDTH,220 to 300 to 380,220 to 380 (~300),MeV,UNAVAILABLE_IN_SNAPSHOT,UNAVAILABLE_IN_SNAPSHOT,R,UNAVAILABLE,NOT_APPLICABLE,NOT_APPLICABLE,COMP-BARYON,EXTERNAL_RECORD_ACCOUNTED__INDIVIDUAL_HMT_REALIZATION_NOT_YET_JOINED,named_baryon_binding_map,ONLY_AFTER_INTERNAL_FREEZE,NO,2026,2026-01-15,40dc2587d9ae912d26fafb6b41f300f341d2a1f4bd620ff5b5f03827c39453fe
anchuras,4,EXTERNAL_WIDTH_INVENTORY,1,PDG2026:observable:B011:B011W:349152,Delta(1905) BREIT-WIGNER WIDTH,Delta(1905)- | Deltabar(1905)+ | Delta(1905)0 | Deltabar(1905)0 | Delta(1905)+ | Deltabar(1905)- | Delta(1905)++ | Deltabar(1905)--,WIDTH,270 to 330 to 400,270 to 400 (~330),MeV,UNAVAILABLE_IN_SNAPSHOT,UNAVAILABLE_IN_SNAPSHOT,R,UNAVAILABLE,NOT_APPLICABLE,NOT_APPLICABLE,COMP-BARYON,EXTERNAL_RECORD_ACCOUNTED__INDIVIDUAL_HMT_REALIZATION_NOT_YET_JOINED,named_baryon_binding_map,ONLY_AFTER_INTERNAL_FREEZE,NO,2026,2026-01-15,40dc2587d9ae912d26fafb6b41f300f341d2a1f4bd620ff5b5f03827c39453fe
anchuras,5,EXTERNAL_WIDTH_INVENTORY,1,PDG2026:observable:B012:B012W:349183,Delta(1910) BREIT-WIGNER WIDTH,Delta(1910)- | Deltabar(1910)+ | Delta(1910)0 | Deltabar(1910)0 | Delta(1910)+ | Deltabar(1910)- | Delta(1910)++ | Deltabar(1910)--,WIDTH,200 to 300 to 400,200 to 400 (~300),MeV,UNAVAILABLE_IN_SNAPSHOT,UNAVAILABLE_IN_SNAPSHOT,R,UNAVAILABLE,NOT_APPLICABLE,NOT_APPLICABLE,COMP-BARYON,EXTERNAL_RECORD_ACCOUNTED__INDIVIDUAL_HMT_REALIZATION_NOT_YET_JOINED,named_baryon_binding_map,ONLY_AFTER_INTERNAL_FREEZE,NO,2026,2026-01-15,40dc2587d9ae912d26fafb6b41f300f341d2a1f4bd620ff5b5f03827c39453fe
anchuras,6,EXTERNAL_WIDTH_INVENTORY,1,PDG2026:observable:B013:B013W:349250,Delta(1930) BREIT-WIGNER WIDTH,Delta(1930)- | Deltabar(1930)+ | Delta(1930)0 | Deltabar(1930)0 | Delta(1930)+ | Deltabar(1930)- | Delta(1930)++ | Deltabar(1930)--,WIDTH,200 to 300 to 400,200 to 400 (~300),MeV,UNAVAILABLE_IN_SNAPSHOT,UNAVAILABLE_IN_SNAPSHOT,R,UNAVAILABLE,NOT_APPLICABLE,NOT_APPLICABLE,COMP-BARYON,EXTERNAL_RECORD_ACCOUNTED__INDIVIDUAL_HMT_REALIZATION_NOT_YET_JOINED,named_baryon_binding_map,ONLY_AFTER_INTERNAL_FREEZE,NO,2026,2026-01-15,40dc2587d9ae912d26fafb6b41f300f341d2a1f4bd620ff5b5f03827c39453fe
anchuras,7,EXTERNAL_WIDTH_INVENTORY,1,PDG2026:observable:B014:B014W:348536,N(1710) BREIT-WIGNER WIDTH,N(1710)0 | Nbar(1710)0 | N(1710)+ | Nbar(1710)-,WIDTH,80 to 140 to 200,80 to 200 (~140),MeV,UNAVAILABLE_IN_SNAPSHOT,UNAVAILABLE_IN_SNAPSHOT,R,UNAVAILABLE,NOT_APPLICABLE,NOT_APPLICABLE,COMP-BARYON,EXTERNAL_RECORD_ACCOUNTED__INDIVIDUAL_HMT_REALIZATION_NOT_YET_JOINED,named_baryon_binding_map,ONLY_AFTER_INTERNAL_FREEZE,NO,2026,2026-01-15,40dc2587d9ae912d26fafb6b41f300f341d2a1f4bd620ff5b5f03827c39453fe
anchuras,8,EXTERNAL_WIDTH_INVENTORY,1,PDG2026:observable:B015:B015W:348570,N(1720) BREIT-WIGNER WIDTH,N(1720)0 | Nbar(1720)0 | N(1720)+ | Nbar(1720)-,WIDTH,150 to 250 to 400,150 to 400 (~250),MeV,UNAVAILABLE_IN_SNAPSHOT,UNAVAILABLE_IN_SNAPSHOT,R,UNAVAILABLE,NOT_APPLICABLE,NOT_APPLICABLE,COMP-BARYON,EXTERNAL_RECORD_ACCOUNTED__INDIVIDUAL_HMT_REALIZATION_NOT_YET_JOINED,named_baryon_binding_map,ONLY_AFTER_INTERNAL_FREEZE,NO,2026,2026-01-15,40dc2587d9ae912d26fafb6b41f300f341d2a1f4bd620ff5b5f03827c39453fe
anchuras,9,EXTERNAL_WIDTH_INVENTORY,1,PDG2026:observable:B016:B016W:348634,N(1875) BREIT-WIGNER WIDTH,N(1875)0 | Nbar(1875)0 | N(1875)+ | Nbar(1875)-,WIDTH,120 to 200 to 250,120 to 250 (~200),MeV,UNAVAILABLE_IN_SNAPSHOT,UNAVAILABLE_IN_SNAPSHOT,R,UNAVAILABLE,NOT_APPLICABLE,NOT_APPLICABLE,COMP-BARYON,EXTERNAL_RECORD_ACCOUNTED__INDIVIDUAL_HMT_REALIZATION_NOT_YET_JOINED,named_baryon_binding_map,ONLY_AFTER_INTERNAL_FREEZE,NO,2026,2026-01-15,40dc2587d9ae912d26fafb6b41f300f341d2a1f4bd620ff5b5f03827c39453fe
anchuras,10,EXTERNAL_WIDTH_INVENTORY,1,PDG2026:observable:B017:B017W:348779,N(1990) BREIT-WIGNER WIDTH,N(1990)0 | Nbar(1990)0 | N(1990)+ | Nbar(1990)-,WIDTH,200 to 300 to 400,200 to 400 (~300),MeV,UNAVAILABLE_IN_SNAPSHOT,UNAVAILABLE_IN_SNAPSHOT,R,UNAVAILABLE,NOT_APPLICABLE,NOT_APPLICABLE,COMP-BARYON,EXTERNAL_RECORD_ACCOUNTED__INDIVIDUAL_HMT_REALIZATION_NOT_YET_JOINED,named_baryon_binding_map,ONLY_AFTER_INTERNAL_FREEZE,NO,2026,2026-01-15,40dc2587d9ae912d26fafb6b41f300f341d2a1f4bd620ff5b5f03827c39453fe
anchuras,11,EXTERNAL_WIDTH_INVENTORY,1,PDG2026:observable:B018:B018W:348500,N(1700) BREIT-WIGNER WIDTH,N(1700)0 | Nbar(1700)0 | N(1700)+ | Nbar(1700)-,WIDTH,100 to 200 to 300,100 to 300 (~200),MeV,UNAVAILABLE_IN_SNAPSHOT,UNAVAILABLE_IN_SNAPSHOT,R,UNAVAILABLE,NOT_APPLICABLE,NOT_APPLICABLE,COMP-BARYON,EXTERNAL_RECORD_ACCOUNTED__INDIVIDUAL_HMT_REALIZATION_NOT_YET_JOINED,named_baryon_binding_map,ONLY_AFTER_INTERNAL_FREEZE,NO,2026,2026-01-15,40dc2587d9ae912d26fafb6b41f300f341d2a1f4bd620ff5b5f03827c39453fe
anchuras,12,EXTERNAL_WIDTH_INVENTORY,1,PDG2026:observable:B019:B019W:349051,Delta(1600) BREIT-WIGNER WIDTH,Delta(1600)- | Deltabar(1600)+ | Delta(1600)0 | Deltabar(1600)0 | Delta(1600)+ | Deltabar(1600)- | Delta(1600)++ | Deltabar(1600)--,WIDTH,200 to 250 to 300,200 to 300 (~250),MeV,UNAVAILABLE_IN_SNAPSHOT,UNAVAILABLE_IN_SNAPSHOT,R,UNAVAILABLE,NOT_APPLICABLE,NOT_APPLICABLE,COMP-BARYON,EXTERNAL_RECORD_ACCOUNTED__INDIVIDUAL_HMT_REALIZATION_NOT_YET_JOINED,named_baryon_binding_map,ONLY_AFTER_INTERNAL_FREEZE,NO,2026,2026-01-15,40dc2587d9ae912d26fafb6b41f300f341d2a1f4bd620ff5b5f03827c39453fe
anchuras,13,EXTERNAL_WIDTH_INVENTORY,1,PDG2026:observable:B021:B021W:350411,Xi(1620) WIDTH,Xi(1620)- | Xibar(1620)+ | Xi(1620)0 | Xibar(1620)0,WIDTH,32+8-9,32+8-9,MeV,UNAVAILABLE_IN_SNAPSHOT,UNAVAILABLE_IN_SNAPSHOT,NONE,UNAVAILABLE,8.1499070124541788,9.4119789269834886,COMP-BARYON,EXTERNAL_RECORD_ACCOUNTED__INDIVIDUAL_HMT_REALIZATION_NOT_YET_JOINED,named_baryon_binding_map,ONLY_AFTER_INTERNAL_FREEZE,NO,2026,2026-01-15,40dc2587d9ae912d26fafb6b41f300f341d2a1f4bd620ff5b5f03827c39453fe
anchuras,14,EXTERNAL_WIDTH_INVENTORY,1,PDG2026:observable:B024:B024W:348907,N(2120) BREIT-WIGNER WIDTH,N(2120)0 | Nbar(2120)0 | N(2120)+ | Nbar(2120)-,WIDTH,260 to 300 to 360,260 to 360 (~300),MeV,UNAVAILABLE_IN_SNAPSHOT,UNAVAILABLE_IN_SNAPSHOT,R,UNAVAILABLE,NOT_APPLICABLE,NOT_APPLICABLE,COMP-BARYON,EXTERNAL_RECORD_ACCOUNTED__INDIVIDUAL_HMT_REALIZATION_NOT_YET_JOINED,named_baryon_binding_map,ONLY_AFTER_INTERNAL_FREEZE,NO,2026,2026-01-15,40dc2587d9ae912d26fafb6b41f300f341d2a1f4bd620ff5b5f03827c39453fe
anchuras,15,EXTERNAL_WIDTH_INVENTORY,1,PDG2026:observable:B030:B030W:349127,Delta(1900) BREIT-WIGNER WIDTH,Delta(1900)- | Deltabar(1900)+ | Delta(1900)0 | Deltabar(1900)0 | Delta(1900)+ | Deltabar(1900)- | Delta(1900)++ | Deltabar(1900)--,WIDTH,180 to 250 to 320,180 to 320 (~250),MeV,UNAVAILABLE_IN_SNAPSHOT,UNAVAILABLE_IN_SNAPSHOT,R,UNAVAILABLE,NOT_APPLICABLE,NOT_APPLICABLE,COMP-BARYON,EXTERNAL_RECORD_ACCOUNTED__INDIVIDUAL_HMT_REALIZATION_NOT_YET_JOINED,named_baryon_binding_map,ONLY_AFTER_INTERNAL_FREEZE,NO,2026,2026-01-15,40dc2587d9ae912d26fafb6b41f300f341d2a1f4bd620ff5b5f03827c39453fe
anchuras,16,EXTERNAL_WIDTH_INVENTORY,1,PDG2026:observable:B032:B032W:349903,Sigma(1620) WIDTH,Sigma(1620)- | Sigmabar(1620)+ | Sigma(1620)0 | Sigmabar(1620)0 | Sigma(1620)+ | Sigmabar(1620)-,WIDTH,40 to 70 to 100,40 to 100 (~70),MeV,UNAVAILABLE_IN_SNAPSHOT,UNAVAILABLE_IN_SNAPSHOT,R,UNAVAILABLE,NOT_APPLICABLE,NOT_APPLICABLE,COMP-BARYON,EXTERNAL_RECORD_ACCOUNTED__INDIVIDUAL_HMT_REALIZATION_NOT_YET_JOINED,named_baryon_binding_map,ONLY_AFTER_INTERNAL_FREEZE,NO,2026,2026-01-15,40dc2587d9ae912d26fafb6b41f300f341d2a1f4bd620ff5b5f03827c39453fe
anchuras,17,EXTERNAL_WIDTH_INVENTORY,1,PDG2026:observable:B033:B033W:349035,MIXED CHARGES,Delta(1232)- | Deltabar(1232)+ | Delta(1232)0 | Deltabar(1232)0 | Delta(1232)+ | Deltabar(1232)- | Delta(1232)++ | Deltabar(1232)--,WIDTH,114 TO 117 TO 120,114 to 120 (~117),MeV,UNAVAILABLE_IN_SNAPSHOT,UNAVAILABLE_IN_SNAPSHOT,R,UNAVAILABLE,NOT_APPLICABLE,NOT_APPLICABLE,COMP-BARYON,EXTERNAL_RECORD_ACCOUNTED__INDIVIDUAL_HMT_REALIZATION_NOT_YET_JOINED,named_baryon_binding_map,ONLY_AFTER_INTERNAL_FREEZE,NO,2026,2026-01-15,40dc2587d9ae912d26fafb6b41f300f341d2a1f4bd620ff5b5f03827c39453fe
anchuras,18,EXTERNAL_WIDTH_INVENTORY,1,PDG2026:observable:B034:B034W:350187,Sigma(2070) WIDTH,Sigma(2070)- | Sigmabar(2070)+ | Sigma(2070)0 | Sigmabar(2070)0 | Sigma(2070)+ | Sigmabar(2070)-,WIDTH,100 to 200 to 300,100 to 300 (~200),MeV,UNAVAILABLE_IN_SNAPSHOT,UNAVAILABLE_IN_SNAPSHOT,R,UNAVAILABLE,NOT_APPLICABLE,NOT_APPLICABLE,COMP-BARYON,EXTERNAL_RECORD_ACCOUNTED__INDIVIDUAL_HMT_REALIZATION_NOT_YET_JOINED,named_baryon_binding_map,ONLY_AFTER_INTERNAL_FREEZE,NO,2026,2026-01-15,40dc2587d9ae912d26fafb6b41f300f341d2a1f4bd620ff5b5f03827c39453fe
anchuras,19,EXTERNAL_WIDTH_INVENTORY,1,PDG2026:observable:B035:B035W:349764,Lambda(2110) WIDTH,Lambda(2110)0 | Lambdabar(2110)0,WIDTH,200 to 250 to 300,200 to 300 (~250),MeV,UNAVAILABLE_IN_SNAPSHOT,UNAVAILABLE_IN_SNAPSHOT,R,UNAVAILABLE,NOT_APPLICABLE,NOT_APPLICABLE,COMP-BARYON,EXTERNAL_RECORD_ACCOUNTED__INDIVIDUAL_HMT_REALIZATION_NOT_YET_JOINED,named_baryon_binding_map,ONLY_AFTER_INTERNAL_FREEZE,NO,2026,2026-01-15,40dc2587d9ae912d26fafb6b41f300f341d2a1f4bd620ff5b5f03827c39453fe
anchuras,20,EXTERNAL_WIDTH_INVENTORY,1,PDG2026:observable:B036:B036W:349556,Lambda(1800) WIDTH,Lambda(1800)0 | Lambdabar(1800)0,WIDTH,150 to 200 to 250,150 to 250 (~200),MeV,UNAVAILABLE_IN_SNAPSHOT,UNAVAILABLE_IN_SNAPSHOT,R,UNAVAILABLE,NOT_APPLICABLE,NOT_APPLICABLE,COMP-BARYON,EXTERNAL_RECORD_ACCOUNTED__INDIVIDUAL_HMT_REALIZATION_NOT_YET_JOINED,named_baryon_binding_map,ONLY_AFTER_INTERNAL_FREEZE,NO,2026,2026-01-15,40dc2587d9ae912d26fafb6b41f300f341d2a1f4bd620ff5b5f03827c39453fe
anchuras,21,EXTERNAL_WIDTH_INVENTORY,1,PDG2026:observable:B037:B037W1:349428,PRODUCTION EXPERIMENTS,Lambda(1405)0 | Lambdabar(1405)0,WIDTH,50.5+-2.0,50.5+-2.0,MeV,UNAVAILABLE_IN_SNAPSHOT,UNAVAILABLE_IN_SNAPSHOT,NONE,UNAVAILABLE,1.96116135138184,1.96116135138184,COMP-BARYON,EXTERNAL_RECORD_ACCOUNTED__INDIVIDUAL_HMT_REALIZATION_NOT_YET_JOINED,named_baryon_binding_map,ONLY_AFTER_INTERNAL_FREEZE,NO,2026,2026-01-15,40dc2587d9ae912d26fafb6b41f300f341d2a1f4bd620ff5b5f03827c39453fe
anchuras,22,EXTERNAL_WIDTH_INVENTORY,1,PDG2026:observable:B038:B038W:349439,Lambda(1520) WIDTH,Lambda(1520)0 | Lambdabar(1520)0,WIDTH,15 to 16 to 17,15 to 17 (~16),MeV,UNAVAILABLE_IN_SNAPSHOT,UNAVAILABLE_IN_SNAPSHOT,R,UNAVAILABLE,NOT_APPLICABLE,NOT_APPLICABLE,COMP-BARYON,EXTERNAL_RECORD_ACCOUNTED__INDIVIDUAL_HMT_REALIZATION_NOT_YET_JOINED,named_baryon_binding_map,ONLY_AFTER_INTERNAL_FREEZE,NO,2026,2026-01-15,40dc2587d9ae912d26fafb6b41f300f341d2a1f4bd620ff5b5f03827c39453fe
anchuras,23,EXTERNAL_WIDTH_INVENTORY,1,PDG2026:observable:B039:B039W:349595,Lambda(1820) WIDTH,Lambda(1820)0 | Lambdabar(1820)0,WIDTH,70 TO 80 TO 90,70 to 90 (~80),MeV,UNAVAILABLE_IN_SNAPSHOT,UNAVAILABLE_IN_SNAPSHOT,R,UNAVAILABLE,NOT_APPLICABLE,NOT_APPLICABLE,COMP-BARYON,EXTERNAL_RECORD_ACCOUNTED__INDIVIDUAL_HMT_REALIZATION_NOT_YET_JOINED,named_baryon_binding_map,ONLY_AFTER_INTERNAL_FREEZE,NO,2026,2026-01-15,40dc2587d9ae912d26fafb6b41f300f341d2a1f4bd620ff5b5f03827c39453fe
anchuras,24,EXTERNAL_WIDTH_INVENTORY,1,PDG2026:observable:B040:B040W:349495,Lambda(1670) WIDTH,Lambda(1670)0 | Lambdabar(1670)0,WIDTH,25 to 30 to 35,25 to 35 (~30),MeV,UNAVAILABLE_IN_SNAPSHOT,UNAVAILABLE_IN_SNAPSHOT,R,UNAVAILABLE,NOT_APPLICABLE,NOT_APPLICABLE,COMP-BARYON,EXTERNAL_RECORD_ACCOUNTED__INDIVIDUAL_HMT_REALIZATION_NOT_YET_JOINED,named_baryon_binding_map,ONLY_AFTER_INTERNAL_FREEZE,NO,2026,2026-01-15,40dc2587d9ae912d26fafb6b41f300f341d2a1f4bd620ff5b5f03827c39453fe
anchuras,25,EXTERNAL_WIDTH_INVENTORY,1,PDG2026:observable:B041:B041W:349742,Lambda(2100) WIDTH,Lambda(2100)0 | Lambdabar(2100)0,WIDTH,100 TO 200 TO 250,100 to 250 (~200),MeV,UNAVAILABLE_IN_SNAPSHOT,UNAVAILABLE_IN_SNAPSHOT,R,UNAVAILABLE,NOT_APPLICABLE,NOT_APPLICABLE,COMP-BARYON,EXTERNAL_RECORD_ACCOUNTED__INDIVIDUAL_HMT_REALIZATION_NOT_YET_JOINED,named_baryon_binding_map,ONLY_AFTER_INTERNAL_FREEZE,NO,2026,2026-01-15,40dc2587d9ae912d26fafb6b41f300f341d2a1f4bd620ff5b5f03827c39453fe
anchuras,26,EXTERNAL_WIDTH_INVENTORY,1,PDG2026:observable:B042:B042W:349776,Lambda(2350) WIDTH,Lambda(2350)0 | Lambdabar(2350)0,WIDTH,100 TO 150 TO 250,100 to 250 (~150),MeV,UNAVAILABLE_IN_SNAPSHOT,UNAVAILABLE_IN_SNAPSHOT,R,UNAVAILABLE,NOT_APPLICABLE,NOT_APPLICABLE,COMP-BARYON,EXTERNAL_RECORD_ACCOUNTED__INDIVIDUAL_HMT_REALIZATION_NOT_YET_JOINED,named_baryon_binding_map,ONLY_AFTER_INTERNAL_FREEZE,NO,2026,2026-01-15,40dc2587d9ae912d26fafb6b41f300f341d2a1f4bd620ff5b5f03827c39453fe
anchuras,27,EXTERNAL_WIDTH_INVENTORY,1,PDG2026:observable:B043:B043W+:349879,Sigma(1385)+ WIDTH,Sigma(1385)- | Sigmabar(1385)+ | Sigma(1385)0 | Sigmabar(1385)0 | Sigma(1385)+ | Sigmabar(1385)-,WIDTH,36.2+-0.7,36.2+-0.7,MeV,UNAVAILABLE_IN_SNAPSHOT,UNAVAILABLE_IN_SNAPSHOT,NONE,UNAVAILABLE,0.69132395371450484,0.70656746664477266,COMP-BARYON,EXTERNAL_RECORD_ACCOUNTED__INDIVIDUAL_HMT_REALIZATION_NOT_YET_JOINED,named_baryon_binding_map,ONLY_AFTER_INTERNAL_FREEZE,NO,2026,2026-01-15,40dc2587d9ae912d26fafb6b41f300f341d2a1f4bd620ff5b5f03827c39453fe
anchuras,28,EXTERNAL_WIDTH_INVENTORY,1,PDG2026:observable:B043:B043W0:349880,Sigma(1385)0 WIDTH,Sigma(1385)- | Sigmabar(1385)+ | Sigma(1385)0 | Sigmabar(1385)0 | Sigma(1385)+ | Sigmabar(1385)-,WIDTH,44+-8,44+-8,MeV,UNAVAILABLE_IN_SNAPSHOT,UNAVAILABLE_IN_SNAPSHOT,NONE,UNAVAILABLE,8.1680421550261997,8.1680421550261997,COMP-BARYON,EXTERNAL_RECORD_ACCOUNTED__INDIVIDUAL_HMT_REALIZATION_NOT_YET_JOINED,named_baryon_binding_map,ONLY_AFTER_INTERNAL_FREEZE,NO,2026,2026-01-15,40dc2587d9ae912d26fafb6b41f300f341d2a1f4bd620ff5b5f03827c39453fe
anchuras,29,EXTERNAL_WIDTH_INVENTORY,1,PDG2026:observable:B043:B043W-:349881,Sigma(1385)- WIDTH,Sigma(1385)- | Sigmabar(1385)+ | Sigma(1385)0 | Sigmabar(1385)0 | Sigma(1385)+ | Sigmabar(1385)-,WIDTH,39.4+-2.1,39.4+-2.1,MeV,UNAVAILABLE_IN_SNAPSHOT,UNAVAILABLE_IN_SNAPSHOT,NONE,UNAVAILABLE,2.080864718865612,2.080864718865612,COMP-BARYON,EXTERNAL_RECORD_ACCOUNTED__INDIVIDUAL_HMT_REALIZATION_NOT_YET_JOINED,named_baryon_binding_map,ONLY_AFTER_INTERNAL_FREEZE,NO,2026,2026-01-15,40dc2587d9ae912d26fafb6b41f300f341d2a1f4bd620ff5b5f03827c39453fe
anchuras,30,EXTERNAL_WIDTH_INVENTORY,1,PDG2026:observable:B044:B044W:349947,Sigma(1670) WIDTH,Sigma(1670)- | Sigmabar(1670)+ | Sigma(1670)0 | Sigmabar(1670)0 | Sigma(1670)+ | Sigmabar(1670)-,WIDTH,40 to 70 to 100,40 to 100 (~70),MeV,UNAVAILABLE_IN_SNAPSHOT,UNAVAILABLE_IN_SNAPSHOT,R,UNAVAILABLE,NOT_APPLICABLE,NOT_APPLICABLE,COMP-BARYON,EXTERNAL_RECORD_ACCOUNTED__INDIVIDUAL_HMT_REALIZATION_NOT_YET_JOINED,named_baryon_binding_map,ONLY_AFTER_INTERNAL_FREEZE,NO,2026,2026-01-15,40dc2587d9ae912d26fafb6b41f300f341d2a1f4bd620ff5b5f03827c39453fe
anchuras,31,EXTERNAL_WIDTH_INVENTORY,1,PDG2026:observable:B045:B045W:349984,Sigma(1775) WIDTH,Sigma(1775)- | Sigmabar(1775)+ | Sigma(1775)0 | Sigmabar(1775)0 | Sigma(1775)+ | Sigmabar(1775)-,WIDTH,105 TO 120 TO 135,105 to 135 (~120),MeV,UNAVAILABLE_IN_SNAPSHOT,UNAVAILABLE_IN_SNAPSHOT,R,UNAVAILABLE,NOT_APPLICABLE,NOT_APPLICABLE,COMP-BARYON,EXTERNAL_RECORD_ACCOUNTED__INDIVIDUAL_HMT_REALIZATION_NOT_YET_JOINED,named_baryon_binding_map,ONLY_AFTER_INTERNAL_FREEZE,NO,2026,2026-01-15,40dc2587d9ae912d26fafb6b41f300f341d2a1f4bd620ff5b5f03827c39453fe
anchuras,32,EXTERNAL_WIDTH_INVENTORY,1,PDG2026:observable:B046:B046W:350081,Sigma(1915) WIDTH,Sigma(1915)- | Sigmabar(1915)+ | Sigma(1915)0 | Sigmabar(1915)0 | Sigma(1915)+ | Sigmabar(1915)-,WIDTH,80 TO 120 TO 160,80 to 160 (~120),MeV,UNAVAILABLE_IN_SNAPSHOT,UNAVAILABLE_IN_SNAPSHOT,R,UNAVAILABLE,NOT_APPLICABLE,NOT_APPLICABLE,COMP-BARYON,EXTERNAL_RECORD_ACCOUNTED__INDIVIDUAL_HMT_REALIZATION_NOT_YET_JOINED,named_baryon_binding_map,ONLY_AFTER_INTERNAL_FREEZE,NO,2026,2026-01-15,40dc2587d9ae912d26fafb6b41f300f341d2a1f4bd620ff5b5f03827c39453fe
anchuras,33,EXTERNAL_WIDTH_INVENTORY,1,PDG2026:observable:B047:B047W:350167,Sigma(2030) WIDTH,Sigma(2030)- | Sigmabar(2030)+ | Sigma(2030)0 | Sigmabar(2030)0 | Sigma(2030)+ | Sigmabar(2030)-,WIDTH,150 TO 180 TO 200,150 to 200 (~180),MeV,UNAVAILABLE_IN_SNAPSHOT,UNAVAILABLE_IN_SNAPSHOT,R,UNAVAILABLE,NOT_APPLICABLE,NOT_APPLICABLE,COMP-BARYON,EXTERNAL_RECORD_ACCOUNTED__INDIVIDUAL_HMT_REALIZATION_NOT_YET_JOINED,named_baryon_binding_map,ONLY_AFTER_INTERNAL_FREEZE,NO,2026,2026-01-15,40dc2587d9ae912d26fafb6b41f300f341d2a1f4bd620ff5b5f03827c39453fe
anchuras,34,EXTERNAL_WIDTH_INVENTORY,1,PDG2026:observable:B048:B048W:350278,Sigma(2250) WIDTH,Sigma(2250)- | Sigmabar(2250)+ | Sigma(2250)0 | Sigmabar(2250)0 | Sigma(2250)+ | Sigmabar(2250)-,WIDTH,60 TO 100 TO 150,60 to 150 (~100),MeV,UNAVAILABLE_IN_SNAPSHOT,UNAVAILABLE_IN_SNAPSHOT,R,UNAVAILABLE,NOT_APPLICABLE,NOT_APPLICABLE,COMP-BARYON,EXTERNAL_RECORD_ACCOUNTED__INDIVIDUAL_HMT_REALIZATION_NOT_YET_JOINED,named_baryon_binding_map,ONLY_AFTER_INTERNAL_FREEZE,NO,2026,2026-01-15,40dc2587d9ae912d26fafb6b41f300f341d2a1f4bd620ff5b5f03827c39453fe
anchuras,35,EXTERNAL_WIDTH_INVENTORY,1,PDG2026:observable:B049:B049W0:350405,Xi(1530)0 WIDTH,Xi(1530)- | Xibar(1530)+ | Xi(1530)0 | Xibar(1530)0,WIDTH,9.1+-0.5,9.1+-0.5,MeV,UNAVAILABLE_IN_SNAPSHOT,UNAVAILABLE_IN_SNAPSHOT,NONE,UNAVAILABLE,0.48058271927942953,0.48058271927942953,COMP-BARYON,EXTERNAL_RECORD_ACCOUNTED__INDIVIDUAL_HMT_REALIZATION_NOT_YET_JOINED,named_baryon_binding_map,ONLY_AFTER_INTERNAL_FREEZE,NO,2026,2026-01-15,40dc2587d9ae912d26fafb6b41f300f341d2a1f4bd620ff5b5f03827c39453fe
anchuras,36,EXTERNAL_WIDTH_INVENTORY,1,PDG2026:observable:B049:B049W-:350406,Xi(1530)- WIDTH,Xi(1530)- | Xibar(1530)+ | Xi(1530)0 | Xibar(1530)0,WIDTH,9.9+1.7-1.9,9.9+1.7-1.9,MeV,UNAVAILABLE_IN_SNAPSHOT,UNAVAILABLE_IN_SNAPSHOT,NONE,UNAVAILABLE,1.731350237665344,1.930203247244187,COMP-BARYON,EXTERNAL_RECORD_ACCOUNTED__INDIVIDUAL_HMT_REALIZATION_NOT_YET_JOINED,named_baryon_binding_map,ONLY_AFTER_INTERNAL_FREEZE,NO,2026,2026-01-15,40dc2587d9ae912d26fafb6b41f300f341d2a1f4bd620ff5b5f03827c39453fe
anchuras,37,EXTERNAL_WIDTH_INVENTORY,1,PDG2026:observable:B050:B050W:350422,Xi(1820) WIDTH,Xi(1820)- | Xibar(1820)+ | Xi(1820)0 | Xibar(1820)0,WIDTH,24+15-10,24+15-10,MeV,UNAVAILABLE_IN_SNAPSHOT,UNAVAILABLE_IN_SNAPSHOT,NONE,UNAVAILABLE,15,10,COMP-BARYON,EXTERNAL_RECORD_ACCOUNTED__INDIVIDUAL_HMT_REALIZATION_NOT_YET_JOINED,named_baryon_binding_map,ONLY_AFTER_INTERNAL_FREEZE,NO,2026,2026-01-15,40dc2587d9ae912d26fafb6b41f300f341d2a1f4bd620ff5b5f03827c39453fe
anchuras,38,EXTERNAL_WIDTH_INVENTORY,1,PDG2026:observable:B052:B052W:350438,Xi(1950) WIDTH,Xi(1950)- | Xibar(1950)+ | Xi(1950)0 | Xibar(1950)0,WIDTH,60+-20,60+-20,MeV,UNAVAILABLE_IN_SNAPSHOT,UNAVAILABLE_IN_SNAPSHOT,NONE,UNAVAILABLE,20,20,COMP-BARYON,EXTERNAL_RECORD_ACCOUNTED__INDIVIDUAL_HMT_REALIZATION_NOT_YET_JOINED,named_baryon_binding_map,ONLY_AFTER_INTERNAL_FREEZE,NO,2026,2026-01-15,40dc2587d9ae912d26fafb6b41f300f341d2a1f4bd620ff5b5f03827c39453fe
anchuras,39,EXTERNAL_WIDTH_INVENTORY,1,PDG2026:observable:B055:B055W:349519,Lambda(1690) WIDTH,Lambda(1690)0 | Lambdabar(1690)0,WIDTH,60 to 70 to 80,60 to 80 (~70),MeV,UNAVAILABLE_IN_SNAPSHOT,UNAVAILABLE_IN_SNAPSHOT,R,UNAVAILABLE,NOT_APPLICABLE,NOT_APPLICABLE,COMP-BARYON,EXTERNAL_RECORD_ACCOUNTED__INDIVIDUAL_HMT_REALIZATION_NOT_YET_JOINED,named_baryon_binding_map,ONLY_AFTER_INTERNAL_FREEZE,NO,2026,2026-01-15,40dc2587d9ae912d26fafb6b41f300f341d2a1f4bd620ff5b5f03827c39453fe
anchuras,40,EXTERNAL_WIDTH_INVENTORY,1,PDG2026:observable:B056:B056W:349615,Lambda(1830) WIDTH,Lambda(1830)0 | Lambdabar(1830)0,WIDTH,60 to 90 to 120,60 to 120 (~90),MeV,UNAVAILABLE_IN_SNAPSHOT,UNAVAILABLE_IN_SNAPSHOT,R,UNAVAILABLE,NOT_APPLICABLE,NOT_APPLICABLE,COMP-BARYON,EXTERNAL_RECORD_ACCOUNTED__INDIVIDUAL_HMT_REALIZATION_NOT_YET_JOINED,named_baryon_binding_map,ONLY_AFTER_INTERNAL_FREEZE,NO,2026,2026-01-15,40dc2587d9ae912d26fafb6b41f300f341d2a1f4bd620ff5b5f03827c39453fe
anchuras,41,EXTERNAL_WIDTH_INVENTORY,1,PDG2026:observable:B057:B057W:349967,Sigma(1750) WIDTH,Sigma(1750)- | Sigmabar(1750)+ | Sigma(1750)0 | Sigmabar(1750)0 | Sigma(1750)+ | Sigmabar(1750)-,WIDTH,100 to 150 to 200,100 to 200 (~150),MeV,UNAVAILABLE_IN_SNAPSHOT,UNAVAILABLE_IN_SNAPSHOT,R,UNAVAILABLE,NOT_APPLICABLE,NOT_APPLICABLE,COMP-BARYON,EXTERNAL_RECORD_ACCOUNTED__INDIVIDUAL_HMT_REALIZATION_NOT_YET_JOINED,named_baryon_binding_map,ONLY_AFTER_INTERNAL_FREEZE,NO,2026,2026-01-15,40dc2587d9ae912d26fafb6b41f300f341d2a1f4bd620ff5b5f03827c39453fe
anchuras,42,EXTERNAL_WIDTH_INVENTORY,1,PDG2026:observable:B060:B060W:349636,Lambda(1890) WIDTH,Lambda(1890)0 | Lambdabar(1890)0,WIDTH,80 to 120 to 160,80 to 160 (~120),MeV,UNAVAILABLE_IN_SNAPSHOT,UNAVAILABLE_IN_SNAPSHOT,R,UNAVAILABLE,NOT_APPLICABLE,NOT_APPLICABLE,COMP-BARYON,EXTERNAL_RECORD_ACCOUNTED__INDIVIDUAL_HMT_REALIZATION_NOT_YET_JOINED,named_baryon_binding_map,ONLY_AFTER_INTERNAL_FREEZE,NO,2026,2026-01-15,40dc2587d9ae912d26fafb6b41f300f341d2a1f4bd620ff5b5f03827c39453fe
anchuras,43,EXTERNAL_WIDTH_INVENTORY,1,PDG2026:observable:B061:B061W:348327,N(1440) BREIT-WIGNER WIDTH,N(1440)0 | Nbar(1440)0 | N(1440)+ | Nbar(1440)-,WIDTH,250 to 350 to 450,250 to 450 (~350),MeV,UNAVAILABLE_IN_SNAPSHOT,UNAVAILABLE_IN_SNAPSHOT,R,UNAVAILABLE,NOT_APPLICABLE,NOT_APPLICABLE,COMP-BARYON,EXTERNAL_RECORD_ACCOUNTED__INDIVIDUAL_HMT_REALIZATION_NOT_YET_JOINED,named_baryon_binding_map,ONLY_AFTER_INTERNAL_FREEZE,NO,2026,2026-01-15,40dc2587d9ae912d26fafb6b41f300f341d2a1f4bd620ff5b5f03827c39453fe
anchuras,44,EXTERNAL_WIDTH_INVENTORY,1,PDG2026:observable:B062:B062W:348350,N(1520) BREIT-WIGNER WIDTH,N(1520)0 | Nbar(1520)0 | N(1520)+ | Nbar(1520)-,WIDTH,100 to 110 to 120,100 to 120 (~110),MeV,UNAVAILABLE_IN_SNAPSHOT,UNAVAILABLE_IN_SNAPSHOT,R,UNAVAILABLE,NOT_APPLICABLE,NOT_APPLICABLE,COMP-BARYON,EXTERNAL_RECORD_ACCOUNTED__INDIVIDUAL_HMT_REALIZATION_NOT_YET_JOINED,named_baryon_binding_map,ONLY_AFTER_INTERNAL_FREEZE,NO,2026,2026-01-15,40dc2587d9ae912d26fafb6b41f300f341d2a1f4bd620ff5b5f03827c39453fe
anchuras,45,EXTERNAL_WIDTH_INVENTORY,1,PDG2026:observable:B063:B063W:348384,N(1535) BREIT-WIGNER WIDTH,N(1535)0 | Nbar(1535)0 | N(1535)+ | Nbar(1535)-,WIDTH,125 TO 150 TO 175,125 to 175 (~150),MeV,UNAVAILABLE_IN_SNAPSHOT,UNAVAILABLE_IN_SNAPSHOT,R,UNAVAILABLE,NOT_APPLICABLE,NOT_APPLICABLE,COMP-BARYON,EXTERNAL_RECORD_ACCOUNTED__INDIVIDUAL_HMT_REALIZATION_NOT_YET_JOINED,named_baryon_binding_map,ONLY_AFTER_INTERNAL_FREEZE,NO,2026,2026-01-15,40dc2587d9ae912d26fafb6b41f300f341d2a1f4bd620ff5b5f03827c39453fe
anchuras,46,EXTERNAL_WIDTH_INVENTORY,1,PDG2026:observable:B064:B064W:348436,N(1675) BREIT-WIGNER WIDTH,N(1675)0 | Nbar(1675)0 | N(1675)+ | Nbar(1675)-,WIDTH,130 to 145 to 160,130 to 160 (~145),MeV,UNAVAILABLE_IN_SNAPSHOT,UNAVAILABLE_IN_SNAPSHOT,R,UNAVAILABLE,NOT_APPLICABLE,NOT_APPLICABLE,COMP-BARYON,EXTERNAL_RECORD_ACCOUNTED__INDIVIDUAL_HMT_REALIZATION_NOT_YET_JOINED,named_baryon_binding_map,ONLY_AFTER_INTERNAL_FREEZE,NO,2026,2026-01-15,40dc2587d9ae912d26fafb6b41f300f341d2a1f4bd620ff5b5f03827c39453fe
anchuras,47,EXTERNAL_WIDTH_INVENTORY,1,PDG2026:observable:B065:B065W:348468,N(1680) BREIT-WIGNER WIDTH,N(1680)0 | Nbar(1680)0 | N(1680)+ | Nbar(1680)-,WIDTH,115 to 120 to 130,115 to 130 (~120),MeV,UNAVAILABLE_IN_SNAPSHOT,UNAVAILABLE_IN_SNAPSHOT,R,UNAVAILABLE,NOT_APPLICABLE,NOT_APPLICABLE,COMP-BARYON,EXTERNAL_RECORD_ACCOUNTED__INDIVIDUAL_HMT_REALIZATION_NOT_YET_JOINED,named_baryon_binding_map,ONLY_AFTER_INTERNAL_FREEZE,NO,2026,2026-01-15,40dc2587d9ae912d26fafb6b41f300f341d2a1f4bd620ff5b5f03827c39453fe
anchuras,48,EXTERNAL_WIDTH_INVENTORY,1,PDG2026:observable:B066:B066W:348411,N(1650) BREIT-WIGNER WIDTH,N(1650)0 | Nbar(1650)0 | N(1650)+ | Nbar(1650)-,WIDTH,100 to 125 to 150,100 to 150 (~125),MeV,UNAVAILABLE_IN_SNAPSHOT,UNAVAILABLE_IN_SNAPSHOT,R,UNAVAILABLE,NOT_APPLICABLE,NOT_APPLICABLE,COMP-BARYON,EXTERNAL_RECORD_ACCOUNTED__INDIVIDUAL_HMT_REALIZATION_NOT_YET_JOINED,named_baryon_binding_map,ONLY_AFTER_INTERNAL_FREEZE,NO,2026,2026-01-15,40dc2587d9ae912d26fafb6b41f300f341d2a1f4bd620ff5b5f03827c39453fe
anchuras,49,EXTERNAL_WIDTH_INVENTORY,1,PDG2026:observable:B067:B067W:350000,Sigma(1880) WIDTH,Sigma(1880)- | Sigmabar(1880)+ | Sigma(1880)0 | Sigmabar(1880)0 | Sigma(1880)+ | Sigmabar(1880)-,WIDTH,100 to 200 to 300,100 to 300 (~200),MeV,UNAVAILABLE_IN_SNAPSHOT,UNAVAILABLE_IN_SNAPSHOT,R,UNAVAILABLE,NOT_APPLICABLE,NOT_APPLICABLE,COMP-BARYON,EXTERNAL_RECORD_ACCOUNTED__INDIVIDUAL_HMT_REALIZATION_NOT_YET_JOINED,named_baryon_binding_map,ONLY_AFTER_INTERNAL_FREEZE,NO,2026,2026-01-15,40dc2587d9ae912d26fafb6b41f300f341d2a1f4bd620ff5b5f03827c39453fe
anchuras,50,EXTERNAL_WIDTH_INVENTORY,1,PDG2026:observable:B068:B068W:350445,Xi(2030) WIDTH,Xi(2030)- | Xibar(2030)+ | Xi(2030)0 | Xibar(2030)0,WIDTH,20+15-5,20+15-5,MeV,UNAVAILABLE_IN_SNAPSHOT,UNAVAILABLE_IN_SNAPSHOT,NONE,UNAVAILABLE,15,5,COMP-BARYON,EXTERNAL_RECORD_ACCOUNTED__INDIVIDUAL_HMT_REALIZATION_NOT_YET_JOINED,named_baryon_binding_map,ONLY_AFTER_INTERNAL_FREEZE,NO,2026,2026-01-15,40dc2587d9ae912d26fafb6b41f300f341d2a1f4bd620ff5b5f03827c39453fe
anchuras,51,EXTERNAL_WIDTH_INVENTORY,1,PDG2026:observable:B071:B071W:348954,N(2190) BREIT-WIGNER WIDTH,N(2190)0 | Nbar(2190)0 | N(2190)+ | Nbar(2190)-,WIDTH,300 to 400 to 500,300 to 500 (~400),MeV,UNAVAILABLE_IN_SNAPSHOT,UNAVAILABLE_IN_SNAPSHOT,R,UNAVAILABLE,NOT_APPLICABLE,NOT_APPLICABLE,COMP-BARYON,EXTERNAL_RECORD_ACCOUNTED__INDIVIDUAL_HMT_REALIZATION_NOT_YET_JOINED,named_baryon_binding_map,ONLY_AFTER_INTERNAL_FREEZE,NO,2026,2026-01-15,40dc2587d9ae912d26fafb6b41f300f341d2a1f4bd620ff5b5f03827c39453fe
anchuras,52,EXTERNAL_WIDTH_INVENTORY,1,PDG2026:observable:B077:B077W:349577,Lambda(1810) WIDTH,Lambda(1810)0 | Lambdabar(1810)0,WIDTH,50 to 110 to 170,50 to 170 (~110),MeV,UNAVAILABLE_IN_SNAPSHOT,UNAVAILABLE_IN_SNAPSHOT,R,UNAVAILABLE,NOT_APPLICABLE,NOT_APPLICABLE,COMP-BARYON,EXTERNAL_RECORD_ACCOUNTED__INDIVIDUAL_HMT_REALIZATION_NOT_YET_JOINED,named_baryon_binding_map,ONLY_AFTER_INTERNAL_FREEZE,NO,2026,2026-01-15,40dc2587d9ae912d26fafb6b41f300f341d2a1f4bd620ff5b5f03827c39453fe
anchuras,53,EXTERNAL_WIDTH_INVENTORY,1,PDG2026:observable:B079:B079W:349921,Sigma(1660) WIDTH,Sigma(1660)- | Sigmabar(1660)+ | Sigma(1660)0 | Sigmabar(1660)0 | Sigma(1660)+ | Sigmabar(1660)-,WIDTH,100 to 200 to 300,100 to 300 (~200),MeV,UNAVAILABLE_IN_SNAPSHOT,UNAVAILABLE_IN_SNAPSHOT,R,UNAVAILABLE,NOT_APPLICABLE,NOT_APPLICABLE,COMP-BARYON,EXTERNAL_RECORD_ACCOUNTED__INDIVIDUAL_HMT_REALIZATION_NOT_YET_JOINED,named_baryon_binding_map,ONLY_AFTER_INTERNAL_FREEZE,NO,2026,2026-01-15,40dc2587d9ae912d26fafb6b41f300f341d2a1f4bd620ff5b5f03827c39453fe
anchuras,54,EXTERNAL_WIDTH_INVENTORY,1,PDG2026:observable:B082:B082W:349079,Delta(1620) BREIT-WIGNER WIDTH,Delta(1620)- | Deltabar(1620)+ | Delta(1620)0 | Deltabar(1620)0 | Delta(1620)+ | Deltabar(1620)- | Delta(1620)++ | Deltabar(1620)--,WIDTH,110 to 130 to 150,110 to 150 (~130),MeV,UNAVAILABLE_IN_SNAPSHOT,UNAVAILABLE_IN_SNAPSHOT,R,UNAVAILABLE,NOT_APPLICABLE,NOT_APPLICABLE,COMP-BARYON,EXTERNAL_RECORD_ACCOUNTED__INDIVIDUAL_HMT_REALIZATION_NOT_YET_JOINED,named_baryon_binding_map,ONLY_AFTER_INTERNAL_FREEZE,NO,2026,2026-01-15,40dc2587d9ae912d26fafb6b41f300f341d2a1f4bd620ff5b5f03827c39453fe
anchuras,55,EXTERNAL_WIDTH_INVENTORY,1,PDG2026:observable:B083:B083W:349309,Delta(1950) BREIT-WIGNER WIDTH,Delta(1950)- | Deltabar(1950)+ | Delta(1950)0 | Deltabar(1950)0 | Delta(1950)+ | Deltabar(1950)- | Delta(1950)++ | Deltabar(1950)--,WIDTH,235 to 285 to 335,235 to 335 (~285),MeV,UNAVAILABLE_IN_SNAPSHOT,UNAVAILABLE_IN_SNAPSHOT,R,UNAVAILABLE,NOT_APPLICABLE,NOT_APPLICABLE,COMP-BARYON,EXTERNAL_RECORD_ACCOUNTED__INDIVIDUAL_HMT_REALIZATION_NOT_YET_JOINED,named_baryon_binding_map,ONLY_AFTER_INTERNAL_FREEZE,NO,2026,2026-01-15,40dc2587d9ae912d26fafb6b41f300f341d2a1f4bd620ff5b5f03827c39453fe
anchuras,56,EXTERNAL_WIDTH_INVENTORY,1,PDG2026:observable:B084:B084W:349360,Delta(2420) BREIT-WIGNER WIDTH,Delta(2420)- | Deltabar(2420)+ | Delta(2420)0 | Deltabar(2420)0 | Delta(2420)+ | Deltabar(2420)- | Delta(2420)++ | Deltabar(2420)--,WIDTH,300 to 500 to 700,300 to 700 (~500),MeV,UNAVAILABLE_IN_SNAPSHOT,UNAVAILABLE_IN_SNAPSHOT,R,UNAVAILABLE,NOT_APPLICABLE,NOT_APPLICABLE,COMP-BARYON,EXTERNAL_RECORD_ACCOUNTED__INDIVIDUAL_HMT_REALIZATION_NOT_YET_JOINED,named_baryon_binding_map,ONLY_AFTER_INTERNAL_FREEZE,NO,2026,2026-01-15,40dc2587d9ae912d26fafb6b41f300f341d2a1f4bd620ff5b5f03827c39453fe
anchuras,57,EXTERNAL_WIDTH_INVENTORY,1,PDG2026:observable:B087:B087W:348672,N(1880) BREIT-WIGNER WIDTH,N(1880)0 | Nbar(1880)0 | N(1880)+ | Nbar(1880)-,WIDTH,200 to 300 to 400,200 to 400 (~300),MeV,UNAVAILABLE_IN_SNAPSHOT,UNAVAILABLE_IN_SNAPSHOT,R,UNAVAILABLE,NOT_APPLICABLE,NOT_APPLICABLE,COMP-BARYON,EXTERNAL_RECORD_ACCOUNTED__INDIVIDUAL_HMT_REALIZATION_NOT_YET_JOINED,named_baryon_binding_map,ONLY_AFTER_INTERNAL_FREEZE,NO,2026,2026-01-15,40dc2587d9ae912d26fafb6b41f300f341d2a1f4bd620ff5b5f03827c39453fe
anchuras,58,EXTERNAL_WIDTH_INVENTORY,1,PDG2026:observable:B088:B088W:350189,Sigma(2080) WIDTH,Sigma(2080)- | Sigmabar(2080)+ | Sigma(2080)0 | Sigmabar(2080)0 | Sigma(2080)+ | Sigmabar(2080)-,WIDTH,100 to 170 to 240,100 to 240 (~170),MeV,UNAVAILABLE_IN_SNAPSHOT,UNAVAILABLE_IN_SNAPSHOT,R,UNAVAILABLE,NOT_APPLICABLE,NOT_APPLICABLE,COMP-BARYON,EXTERNAL_RECORD_ACCOUNTED__INDIVIDUAL_HMT_REALIZATION_NOT_YET_JOINED,named_baryon_binding_map,ONLY_AFTER_INTERNAL_FREEZE,NO,2026,2026-01-15,40dc2587d9ae912d26fafb6b41f300f341d2a1f4bd620ff5b5f03827c39453fe
anchuras,59,EXTERNAL_WIDTH_INVENTORY,1,PDG2026:observable:B090:B090W:348987,N(2220) BREIT-WIGNER WIDTH,N(2220)0 | Nbar(2220)0 | N(2220)+ | Nbar(2220)-,WIDTH,350 TO 400 TO 500,350 to 500 (~400),MeV,UNAVAILABLE_IN_SNAPSHOT,UNAVAILABLE_IN_SNAPSHOT,R,UNAVAILABLE,NOT_APPLICABLE,NOT_APPLICABLE,COMP-BARYON,EXTERNAL_RECORD_ACCOUNTED__INDIVIDUAL_HMT_REALIZATION_NOT_YET_JOINED,named_baryon_binding_map,ONLY_AFTER_INTERNAL_FREEZE,NO,2026,2026-01-15,40dc2587d9ae912d26fafb6b41f300f341d2a1f4bd620ff5b5f03827c39453fe
anchuras,60,EXTERNAL_WIDTH_INVENTORY,1,PDG2026:observable:B098:B098W:350051,Sigma(1910) WIDTH,Sigma(1910)- | Sigmabar(1910)+ | Sigma(1910)0 | Sigmabar(1910)0 | Sigma(1910)+ | Sigmabar(1910)-,WIDTH,150 to 220 to 300,150 to 300 (~220),MeV,UNAVAILABLE_IN_SNAPSHOT,UNAVAILABLE_IN_SNAPSHOT,R,UNAVAILABLE,NOT_APPLICABLE,NOT_APPLICABLE,COMP-BARYON,EXTERNAL_RECORD_ACCOUNTED__INDIVIDUAL_HMT_REALIZATION_NOT_YET_JOINED,named_baryon_binding_map,ONLY_AFTER_INTERNAL_FREEZE,NO,2026,2026-01-15,40dc2587d9ae912d26fafb6b41f300f341d2a1f4bd620ff5b5f03827c39453fe
anchuras,61,EXTERNAL_WIDTH_INVENTORY,1,PDG2026:observable:B101:B101W:349473,Lambda(1600) WIDTH,Lambda(1600)0 | Lambdabar(1600)0,WIDTH,150 to 200 to 250,150 to 250 (~200),MeV,UNAVAILABLE_IN_SNAPSHOT,UNAVAILABLE_IN_SNAPSHOT,R,UNAVAILABLE,NOT_APPLICABLE,NOT_APPLICABLE,COMP-BARYON,EXTERNAL_RECORD_ACCOUNTED__INDIVIDUAL_HMT_REALIZATION_NOT_YET_JOINED,named_baryon_binding_map,ONLY_AFTER_INTERNAL_FREEZE,NO,2026,2026-01-15,40dc2587d9ae912d26fafb6b41f300f341d2a1f4bd620ff5b5f03827c39453fe
anchuras,62,EXTERNAL_WIDTH_INVENTORY,1,PDG2026:observable:B102:B102W:350937,Lambda_c(2625)+ WIDTH,Lambda_c(2625)+ | Lambdabar_c(2625)-,WIDTH,< 0.52,<0.52,MeV,UNAVAILABLE_IN_SNAPSHOT,UNAVAILABLE_IN_SNAPSHOT,U,90,NOT_APPLICABLE,NOT_APPLICABLE,COMP-BARYON,EXTERNAL_RECORD_ACCOUNTED__INDIVIDUAL_HMT_REALIZATION_NOT_YET_JOINED,named_baryon_binding_map,ONLY_AFTER_INTERNAL_FREEZE,NO,2026,2026-01-15,40dc2587d9ae912d26fafb6b41f300f341d2a1f4bd620ff5b5f03827c39453fe
anchuras,63,EXTERNAL_WIDTH_INVENTORY,1,PDG2026:observable:B104:B104W++:350997,Sigma_c(2455)++ WIDTH,Sigma_c(2455)0 | Sigmabar_c(2455)0 | Sigma_c(2455)+ | Sigmabar_c(2455)- | Sigma_c(2455)++ | Sigmabar_c(2455)--,WIDTH,1.89+0.09-0.18,1.89+0.09-0.18,MeV,UNAVAILABLE_IN_SNAPSHOT,UNAVAILABLE_IN_SNAPSHOT,NONE,UNAVAILABLE,0.085968740877688063,0.17741442138916921,COMP-BARYON,EXTERNAL_RECORD_ACCOUNTED__INDIVIDUAL_HMT_REALIZATION_NOT_YET_JOINED,named_baryon_binding_map,ONLY_AFTER_INTERNAL_FREEZE,NO,2026,2026-01-15,40dc2587d9ae912d26fafb6b41f300f341d2a1f4bd620ff5b5f03827c39453fe
anchuras,64,EXTERNAL_WIDTH_INVENTORY,1,PDG2026:observable:B104:B104W+:350998,Sigma_c(2455)+ WIDTH,Sigma_c(2455)0 | Sigmabar_c(2455)0 | Sigma_c(2455)+ | Sigmabar_c(2455)- | Sigma_c(2455)++ | Sigmabar_c(2455)--,WIDTH,2.3+-0.4,2.3+-0.4,MeV,UNAVAILABLE_IN_SNAPSHOT,UNAVAILABLE_IN_SNAPSHOT,NONE,UNAVAILABLE,0.42426406871192851,0.42426406871192851,COMP-BARYON,EXTERNAL_RECORD_ACCOUNTED__INDIVIDUAL_HMT_REALIZATION_NOT_YET_JOINED,named_baryon_binding_map,ONLY_AFTER_INTERNAL_FREEZE,NO,2026,2026-01-15,40dc2587d9ae912d26fafb6b41f300f341d2a1f4bd620ff5b5f03827c39453fe
anchuras,65,EXTERNAL_WIDTH_INVENTORY,1,PDG2026:observable:B104:B104W0:350999,Sigma_c(2455)0 WIDTH,Sigma_c(2455)0 | Sigmabar_c(2455)0 | Sigma_c(2455)+ | Sigmabar_c(2455)- | Sigma_c(2455)++ | Sigmabar_c(2455)--,WIDTH,1.83+0.11-0.19,1.83+0.11-0.19,MeV,UNAVAILABLE_IN_SNAPSHOT,UNAVAILABLE_IN_SNAPSHOT,NONE,UNAVAILABLE,0.1113419499366561,0.19347936378811631,COMP-BARYON,EXTERNAL_RECORD_ACCOUNTED__INDIVIDUAL_HMT_REALIZATION_NOT_YET_JOINED,named_baryon_binding_map,ONLY_AFTER_INTERNAL_FREEZE,NO,2026,2026-01-15,40dc2587d9ae912d26fafb6b41f300f341d2a1f4bd620ff5b5f03827c39453fe
anchuras,66,EXTERNAL_WIDTH_INVENTORY,1,PDG2026:observable:B105:B105W:350413,MIXED CHARGES,Xi(1690)- | Xibar(1690)+ | Xi(1690)0 | Xibar(1690)0,WIDTH,20+-15,20+-15,MeV,UNAVAILABLE_IN_SNAPSHOT,UNAVAILABLE_IN_SNAPSHOT,NONE,UNAVAILABLE,15,15,COMP-BARYON,EXTERNAL_RECORD_ACCOUNTED__INDIVIDUAL_HMT_REALIZATION_NOT_YET_JOINED,named_baryon_binding_map,ONLY_AFTER_INTERNAL_FREEZE,NO,2026,2026-01-15,40dc2587d9ae912d26fafb6b41f300f341d2a1f4bd620ff5b5f03827c39453fe
anchuras,67,EXTERNAL_WIDTH_INVENTORY,1,PDG2026:observable:B113:B113W:349005,N(2250) BREIT-WIGNER WIDTH,N(2250)0 | Nbar(2250)0 | N(2250)+ | Nbar(2250)-,WIDTH,300 to 500 to 600,300 to 600 (~500),MeV,UNAVAILABLE_IN_SNAPSHOT,UNAVAILABLE_IN_SNAPSHOT,R,UNAVAILABLE,NOT_APPLICABLE,NOT_APPLICABLE,COMP-BARYON,EXTERNAL_RECORD_ACCOUNTED__INDIVIDUAL_HMT_REALIZATION_NOT_YET_JOINED,named_baryon_binding_map,ONLY_AFTER_INTERNAL_FREEZE,NO,2026,2026-01-15,40dc2587d9ae912d26fafb6b41f300f341d2a1f4bd620ff5b5f03827c39453fe
anchuras,68,EXTERNAL_WIDTH_INVENTORY,1,PDG2026:observable:B115:B115W++:351011,Sigma_c(2520)++ WIDTH,Sigma_c(2520)0 | Sigmabar_c(2520)0 | Sigma_c(2520)+ | Sigmabar_c(2520)- | Sigma_c(2520)++ | Sigmabar_c(2520)--,WIDTH,14.78+0.30-0.40,14.78+0.30-0.40,MeV,UNAVAILABLE_IN_SNAPSHOT,UNAVAILABLE_IN_SNAPSHOT,NONE,UNAVAILABLE,0.30221098294841742,0.37821726734358602,COMP-BARYON,EXTERNAL_RECORD_ACCOUNTED__INDIVIDUAL_HMT_REALIZATION_NOT_YET_JOINED,named_baryon_binding_map,ONLY_AFTER_INTERNAL_FREEZE,NO,2026,2026-01-15,40dc2587d9ae912d26fafb6b41f300f341d2a1f4bd620ff5b5f03827c39453fe
anchuras,69,EXTERNAL_WIDTH_INVENTORY,1,PDG2026:observable:B115:B115W+:351012,Sigma_c(2520)+ WIDTH,Sigma_c(2520)0 | Sigmabar_c(2520)0 | Sigma_c(2520)+ | Sigmabar_c(2520)- | Sigma_c(2520)++ | Sigmabar_c(2520)--,WIDTH,17.2+4.0-2.2,17.2+4.0-2.2,MeV,UNAVAILABLE_IN_SNAPSHOT,UNAVAILABLE_IN_SNAPSHOT,NONE,UNAVAILABLE,3.8600518131237571,2.213594362117866,COMP-BARYON,EXTERNAL_RECORD_ACCOUNTED__INDIVIDUAL_HMT_REALIZATION_NOT_YET_JOINED,named_baryon_binding_map,ONLY_AFTER_INTERNAL_FREEZE,NO,2026,2026-01-15,40dc2587d9ae912d26fafb6b41f300f341d2a1f4bd620ff5b5f03827c39453fe
anchuras,70,EXTERNAL_WIDTH_INVENTORY,1,PDG2026:observable:B115:B115W0:351013,Sigma_c(2520)0 WIDTH,Sigma_c(2520)0 | Sigmabar_c(2520)0 | Sigma_c(2520)+ | Sigmabar_c(2520)- | Sigma_c(2520)++ | Sigmabar_c(2520)--,WIDTH,15.3+0.4-0.5,15.3+0.4-0.5,MeV,UNAVAILABLE_IN_SNAPSHOT,UNAVAILABLE_IN_SNAPSHOT,NONE,UNAVAILABLE,0.43805327113015552,0.49172579862174309,COMP-BARYON,EXTERNAL_RECORD_ACCOUNTED__INDIVIDUAL_HMT_REALIZATION_NOT_YET_JOINED,named_baryon_binding_map,ONLY_AFTER_INTERNAL_FREEZE,NO,2026,2026-01-15,40dc2587d9ae912d26fafb6b41f300f341d2a1f4bd620ff5b5f03827c39453fe
anchuras,71,EXTERNAL_WIDTH_INVENTORY,1,PDG2026:observable:B117:B117W:349209,Delta(1920) BREIT-WIGNER WIDTH,Delta(1920)- | Deltabar(1920)+ | Delta(1920)0 | Deltabar(1920)0 | Delta(1920)+ | Deltabar(1920)- | Delta(1920)++ | Deltabar(1920)--,WIDTH,240 to 300 to 360,240 to 360 (~300),MeV,UNAVAILABLE_IN_SNAPSHOT,UNAVAILABLE_IN_SNAPSHOT,R,UNAVAILABLE,NOT_APPLICABLE,NOT_APPLICABLE,COMP-BARYON,EXTERNAL_RECORD_ACCOUNTED__INDIVIDUAL_HMT_REALIZATION_NOT_YET_JOINED,named_baryon_binding_map,ONLY_AFTER_INTERNAL_FREEZE,NO,2026,2026-01-15,40dc2587d9ae912d26fafb6b41f300f341d2a1f4bd620ff5b5f03827c39453fe
anchuras,72,EXTERNAL_WIDTH_INVENTORY,1,PDG2026:observable:B119:B119W:350920,Lambda_c(2595)+ WIDTH,Lambda_c(2595)+ | Lambdabar_c(2595)-,WIDTH,2.6+-0.6,2.6+-0.6,MeV,UNAVAILABLE_IN_SNAPSHOT,UNAVAILABLE_IN_SNAPSHOT,NONE,UNAVAILABLE,0.55758407437802593,0.55758407437802593,COMP-BARYON,EXTERNAL_RECORD_ACCOUNTED__INDIVIDUAL_HMT_REALIZATION_NOT_YET_JOINED,named_baryon_binding_map,ONLY_AFTER_INTERNAL_FREEZE,NO,2026,2026-01-15,40dc2587d9ae912d26fafb6b41f300f341d2a1f4bd620ff5b5f03827c39453fe
anchuras,73,EXTERNAL_WIDTH_INVENTORY,1,PDG2026:observable:B120:B120W:349023,N(2600) BREIT-WIGNER WIDTH,N(2600)0 | Nbar(2600)0 | N(2600)+ | Nbar(2600)-,WIDTH,500 TO 650 TO 800,500 to 800 (~650),MeV,UNAVAILABLE_IN_SNAPSHOT,UNAVAILABLE_IN_SNAPSHOT,R,UNAVAILABLE,NOT_APPLICABLE,NOT_APPLICABLE,COMP-BARYON,EXTERNAL_RECORD_ACCOUNTED__INDIVIDUAL_HMT_REALIZATION_NOT_YET_JOINED,named_baryon_binding_map,ONLY_AFTER_INTERNAL_FREEZE,NO,2026,2026-01-15,40dc2587d9ae912d26fafb6b41f300f341d2a1f4bd620ff5b5f03827c39453fe
anchuras,74,EXTERNAL_WIDTH_INVENTORY,1,PDG2026:observable:B122:B122W:350980,Lambda_c(2940)+ WIDTH,Lambda_c(2940)0 | Lambdabar_c(2940)0,WIDTH,20+6-5,20+6-5,MeV,UNAVAILABLE_IN_SNAPSHOT,UNAVAILABLE_IN_SNAPSHOT,NONE,UNAVAILABLE,5.9819637952003841,5.2285381312943766,COMP-BARYON,EXTERNAL_RECORD_ACCOUNTED__INDIVIDUAL_HMT_REALIZATION_NOT_YET_JOINED,named_baryon_binding_map,ONLY_AFTER_INTERNAL_FREEZE,NO,2026,2026-01-15,40dc2587d9ae912d26fafb6b41f300f341d2a1f4bd620ff5b5f03827c39453fe
anchuras,75,EXTERNAL_WIDTH_INVENTORY,1,PDG2026:observable:B130:B130W+:351281,Xi_c(2970)+ WIDTH,Xi_c(2970)0 | Xibar_c(2970)0,WIDTH,27.2+2.8-3.3,27.2+2.8-3.3,MeV,UNAVAILABLE_IN_SNAPSHOT,UNAVAILABLE_IN_SNAPSHOT,NONE,UNAVAILABLE,2.7691726997636179,3.3147478336925231,COMP-BARYON,EXTERNAL_RECORD_ACCOUNTED__INDIVIDUAL_HMT_REALIZATION_NOT_YET_JOINED,named_baryon_binding_map,ONLY_AFTER_INTERNAL_FREEZE,NO,2026,2026-01-15,40dc2587d9ae912d26fafb6b41f300f341d2a1f4bd620ff5b5f03827c39453fe
anchuras,76,EXTERNAL_WIDTH_INVENTORY,1,PDG2026:observable:B132:B132W:348872,N(2100) BREIT-WIGNER WIDTH,N(2100)0 | Nbar(2100)0 | N(2100)+ | Nbar(2100)-,WIDTH,200 to 260 to 320,200 to 320 (~260),MeV,UNAVAILABLE_IN_SNAPSHOT,UNAVAILABLE_IN_SNAPSHOT,R,UNAVAILABLE,NOT_APPLICABLE,NOT_APPLICABLE,COMP-BARYON,EXTERNAL_RECORD_ACCOUNTED__INDIVIDUAL_HMT_REALIZATION_NOT_YET_JOINED,named_baryon_binding_map,ONLY_AFTER_INTERNAL_FREEZE,NO,2026,2026-01-15,40dc2587d9ae912d26fafb6b41f300f341d2a1f4bd620ff5b5f03827c39453fe
anchuras,77,EXTERNAL_WIDTH_INVENTORY,1,PDG2026:observable:B135:B135W:349340,Delta(2200) BREIT-WIGNER WIDTH,Delta(2200)- | Deltabar(2200)+ | Delta(2200)0 | Deltabar(2200)0 | Delta(2200)+ | Deltabar(2200)- | Delta(2200)++ | Deltabar(2200)--,WIDTH,200 to 350 to 500,200 to 500 (~350),MeV,UNAVAILABLE_IN_SNAPSHOT,UNAVAILABLE_IN_SNAPSHOT,R,UNAVAILABLE,NOT_APPLICABLE,NOT_APPLICABLE,COMP-BARYON,EXTERNAL_RECORD_ACCOUNTED__INDIVIDUAL_HMT_REALIZATION_NOT_YET_JOINED,named_baryon_binding_map,ONLY_AFTER_INTERNAL_FREEZE,NO,2026,2026-01-15,40dc2587d9ae912d26fafb6b41f300f341d2a1f4bd620ff5b5f03827c39453fe
anchuras,78,EXTERNAL_WIDTH_INVENTORY,1,PDG2026:observable:B136:B136W:349273,Delta(1940) BREIT-WIGNER WIDTH,Delta(1940)- | Deltabar(1940)+ | Delta(1940)0 | Deltabar(1940)0 | Delta(1940)+ | Deltabar(1940)- | Delta(1940)++ | Deltabar(1940)--,WIDTH,300 to 400 to 500,300 to 500 (~400),MeV,UNAVAILABLE_IN_SNAPSHOT,UNAVAILABLE_IN_SNAPSHOT,R,UNAVAILABLE,NOT_APPLICABLE,NOT_APPLICABLE,COMP-BARYON,EXTERNAL_RECORD_ACCOUNTED__INDIVIDUAL_HMT_REALIZATION_NOT_YET_JOINED,named_baryon_binding_map,ONLY_AFTER_INTERNAL_FREEZE,NO,2026,2026-01-15,40dc2587d9ae912d26fafb6b41f300f341d2a1f4bd620ff5b5f03827c39453fe
anchuras,79,EXTERNAL_WIDTH_INVENTORY,1,PDG2026:observable:B141:B141W:350517,Omega(2250)- WIDTH,Omega(2250)- | Omegabar(2250)+,WIDTH,55+-18,55+-18,MeV,UNAVAILABLE_IN_SNAPSHOT,UNAVAILABLE_IN_SNAPSHOT,NONE,UNAVAILABLE,17.698364447639651,17.698364447639651,COMP-BARYON,EXTERNAL_RECORD_ACCOUNTED__INDIVIDUAL_HMT_REALIZATION_NOT_YET_JOINED,named_baryon_binding_map,ONLY_AFTER_INTERNAL_FREEZE,NO,2026,2026-01-15,40dc2587d9ae912d26fafb6b41f300f341d2a1f4bd620ff5b5f03827c39453fe
anchuras,80,EXTERNAL_WIDTH_INVENTORY,1,PDG2026:observable:B143:B143W:350524,Omega(2470)- WIDTH,Omega(2470)- | Omegabar(2470)+,WIDTH,72+-33,72+-33,MeV,UNAVAILABLE_IN_SNAPSHOT,UNAVAILABLE_IN_SNAPSHOT,NONE,UNAVAILABLE,33,33,COMP-BARYON,EXTERNAL_RECORD_ACCOUNTED__INDIVIDUAL_HMT_REALIZATION_NOT_YET_JOINED,named_baryon_binding_map,ONLY_AFTER_INTERNAL_FREEZE,NO,2026,2026-01-15,40dc2587d9ae912d26fafb6b41f300f341d2a1f4bd620ff5b5f03827c39453fe
anchuras,81,EXTERNAL_WIDTH_INVENTORY,1,PDG2026:observable:B144:B144W:348741,N(1900) BREIT-WIGNER WIDTH,N(1900)0 | Nbar(1900)0 | N(1900)+ | Nbar(1900)-,WIDTH,100 to 200 to 320,100 to 320 (~200),MeV,UNAVAILABLE_IN_SNAPSHOT,UNAVAILABLE_IN_SNAPSHOT,R,UNAVAILABLE,NOT_APPLICABLE,NOT_APPLICABLE,COMP-BARYON,EXTERNAL_RECORD_ACCOUNTED__INDIVIDUAL_HMT_REALIZATION_NOT_YET_JOINED,named_baryon_binding_map,ONLY_AFTER_INTERNAL_FREEZE,NO,2026,2026-01-15,40dc2587d9ae912d26fafb6b41f300f341d2a1f4bd620ff5b5f03827c39453fe
anchuras,82,EXTERNAL_WIDTH_INVENTORY,1,PDG2026:observable:B146:B146W+:351213,Xi_c(2645)+ WIDTH,Xi_c(2645)0 | Xibar_c(2645)0 | Xi_c(2645)+ | Xibar_c(2645)-,WIDTH,2.14+-0.19,2.14+-0.19,MeV,UNAVAILABLE_IN_SNAPSHOT,UNAVAILABLE_IN_SNAPSHOT,NONE,UNAVAILABLE,0.1898989601311741,0.1898989601311741,COMP-BARYON,EXTERNAL_RECORD_ACCOUNTED__INDIVIDUAL_HMT_REALIZATION_NOT_YET_JOINED,named_baryon_binding_map,ONLY_AFTER_INTERNAL_FREEZE,NO,2026,2026-01-15,40dc2587d9ae912d26fafb6b41f300f341d2a1f4bd620ff5b5f03827c39453fe
anchuras,83,EXTERNAL_WIDTH_INVENTORY,1,PDG2026:observable:B146:B146W0:351214,Xi_c(2645)0 WIDTH,Xi_c(2645)0 | Xibar_c(2645)0 | Xi_c(2645)+ | Xibar_c(2645)-,WIDTH,2.35+-0.22,2.35+-0.22,MeV,UNAVAILABLE_IN_SNAPSHOT,UNAVAILABLE_IN_SNAPSHOT,NONE,UNAVAILABLE,0.22203603311174519,0.22203603311174519,COMP-BARYON,EXTERNAL_RECORD_ACCOUNTED__INDIVIDUAL_HMT_REALIZATION_NOT_YET_JOINED,named_baryon_binding_map,ONLY_AFTER_INTERNAL_FREEZE,NO,2026,2026-01-15,40dc2587d9ae912d26fafb6b41f300f341d2a1f4bd620ff5b5f03827c39453fe
anchuras,84,EXTERNAL_WIDTH_INVENTORY,1,PDG2026:observable:B147:B147W+:351309,Xi_c(3080)+ WIDTH,Xi_c(3080)0 | Xibar_c(3080)0,WIDTH,3.8+-0.9,3.8+-0.9,MeV,UNAVAILABLE_IN_SNAPSHOT,UNAVAILABLE_IN_SNAPSHOT,NONE,UNAVAILABLE,0.93945766227499938,0.93945766227499938,COMP-BARYON,EXTERNAL_RECORD_ACCOUNTED__INDIVIDUAL_HMT_REALIZATION_NOT_YET_JOINED,named_baryon_binding_map,ONLY_AFTER_INTERNAL_FREEZE,NO,2026,2026-01-15,40dc2587d9ae912d26fafb6b41f300f341d2a1f4bd620ff5b5f03827c39453fe
anchuras,85,EXTERNAL_WIDTH_INVENTORY,1,PDG2026:observable:B147:B147W0:351310,Xi_c(3080)0 WIDTH,Xi_c(3080)0 | Xibar_c(3080)0,WIDTH,5.6+-2.2,5.6+-2.2,MeV,UNAVAILABLE_IN_SNAPSHOT,UNAVAILABLE_IN_SNAPSHOT,NONE,UNAVAILABLE,2.179860108626912,2.179860108626912,COMP-BARYON,EXTERNAL_RECORD_ACCOUNTED__INDIVIDUAL_HMT_REALIZATION_NOT_YET_JOINED,named_baryon_binding_map,ONLY_AFTER_INTERNAL_FREEZE,NO,2026,2026-01-15,40dc2587d9ae912d26fafb6b41f300f341d2a1f4bd620ff5b5f03827c39453fe
anchuras,86,EXTERNAL_WIDTH_INVENTORY,1,PDG2026:observable:B148:B148W+:351240,Xi_c(2815)+ WIDTH,Xi_c(2815)0 | Xibar_c(2815)0 | Xi_c(2815)+ | Xibar_c(2815)-,WIDTH,2.15+-0.15,2.15+-0.15,MeV,UNAVAILABLE_IN_SNAPSHOT,UNAVAILABLE_IN_SNAPSHOT,NONE,UNAVAILABLE,0.15193272999421351,0.15193272999421351,COMP-BARYON,EXTERNAL_RECORD_ACCOUNTED__INDIVIDUAL_HMT_REALIZATION_NOT_YET_JOINED,named_baryon_binding_map,ONLY_AFTER_INTERNAL_FREEZE,NO,2026,2026-01-15,40dc2587d9ae912d26fafb6b41f300f341d2a1f4bd620ff5b5f03827c39453fe
anchuras,87,EXTERNAL_WIDTH_INVENTORY,1,PDG2026:observable:B148:B148W0:351241,Xi_c(2815)0 WIDTH,Xi_c(2815)0 | Xibar_c(2815)0 | Xi_c(2815)+ | Xibar_c(2815)-,WIDTH,2.54+-0.25,2.54+-0.25,MeV,UNAVAILABLE_IN_SNAPSHOT,UNAVAILABLE_IN_SNAPSHOT,NONE,UNAVAILABLE,0.24758836806279891,0.24758836806279891,COMP-BARYON,EXTERNAL_RECORD_ACCOUNTED__INDIVIDUAL_HMT_REALIZATION_NOT_YET_JOINED,named_baryon_binding_map,ONLY_AFTER_INTERNAL_FREEZE,NO,2026,2026-01-15,40dc2587d9ae912d26fafb6b41f300f341d2a1f4bd620ff5b5f03827c39453fe
anchuras,88,EXTERNAL_WIDTH_INVENTORY,1,PDG2026:observable:B149:B149W+:351224,Xi_c(2790)+ WIDTH,Xi_c(2790)0 | Xibar_c(2790)0 | Xi_c(2790)+ | Xibar_c(2790)-,WIDTH,8.9+-1.0,8.9+-1.0,MeV,UNAVAILABLE_IN_SNAPSHOT,UNAVAILABLE_IN_SNAPSHOT,NONE,UNAVAILABLE,1,1,COMP-BARYON,EXTERNAL_RECORD_ACCOUNTED__INDIVIDUAL_HMT_REALIZATION_NOT_YET_JOINED,named_baryon_binding_map,ONLY_AFTER_INTERNAL_FREEZE,NO,2026,2026-01-15,40dc2587d9ae912d26fafb6b41f300f341d2a1f4bd620ff5b5f03827c39453fe
anchuras,89,EXTERNAL_WIDTH_INVENTORY,1,PDG2026:observable:B149:B149W0:351225,Xi_c(2790)0 WIDTH,Xi_c(2790)0 | Xibar_c(2790)0 | Xi_c(2790)+ | Xibar_c(2790)-,WIDTH,10.0+-1.1,10.0+-1.1,MeV,UNAVAILABLE_IN_SNAPSHOT,UNAVAILABLE_IN_SNAPSHOT,NONE,UNAVAILABLE,1.063014581273465,1.063014581273465,COMP-BARYON,EXTERNAL_RECORD_ACCOUNTED__INDIVIDUAL_HMT_REALIZATION_NOT_YET_JOINED,named_baryon_binding_map,ONLY_AFTER_INTERNAL_FREEZE,NO,2026,2026-01-15,40dc2587d9ae912d26fafb6b41f300f341d2a1f4bd620ff5b5f03827c39453fe
anchuras,90,EXTERNAL_WIDTH_INVENTORY,1,PDG2026:observable:B150:B150W:350954,Lambda_c(2765)+ WIDTH,Lambda_c(2765)0 | Lambdabar_c(2765)0,WIDTH,50,50,MeV,UNAVAILABLE_IN_SNAPSHOT,UNAVAILABLE_IN_SNAPSHOT,NONE,UNAVAILABLE,0,0,COMP-BARYON,EXTERNAL_RECORD_ACCOUNTED__INDIVIDUAL_HMT_REALIZATION_NOT_YET_JOINED,named_baryon_binding_map,ONLY_AFTER_INTERNAL_FREEZE,NO,2026,2026-01-15,40dc2587d9ae912d26fafb6b41f300f341d2a1f4bd620ff5b5f03827c39453fe
anchuras,91,EXTERNAL_WIDTH_INVENTORY,1,PDG2026:observable:B151:B151W:350964,Lambda_c(2880)+ WIDTH,Lambda_c(2880)+ | Lambdabar_c(2880)-,WIDTH,5.6+0.8-0.6,5.6+0.8-0.6,MeV,UNAVAILABLE_IN_SNAPSHOT,UNAVAILABLE_IN_SNAPSHOT,NONE,UNAVAILABLE,0.77200097671302059,0.62289222418902057,COMP-BARYON,EXTERNAL_RECORD_ACCOUNTED__INDIVIDUAL_HMT_REALIZATION_NOT_YET_JOINED,named_baryon_binding_map,ONLY_AFTER_INTERNAL_FREEZE,NO,2026,2026-01-15,40dc2587d9ae912d26fafb6b41f300f341d2a1f4bd620ff5b5f03827c39453fe
anchuras,92,EXTERNAL_WIDTH_INVENTORY,1,PDG2026:observable:B155:B155W++:351025,Sigma_c(2800)++ WIDTH,Sigma_c(2800)0 | Sigmabar_c(2800)0,WIDTH,75+22-17,75+22-17,MeV,UNAVAILABLE_IN_SNAPSHOT,UNAVAILABLE_IN_SNAPSHOT,NONE,UNAVAILABLE,21.633307652783941,17.029386365926399,COMP-BARYON,EXTERNAL_RECORD_ACCOUNTED__INDIVIDUAL_HMT_REALIZATION_NOT_YET_JOINED,named_baryon_binding_map,ONLY_AFTER_INTERNAL_FREEZE,NO,2026,2026-01-15,40dc2587d9ae912d26fafb6b41f300f341d2a1f4bd620ff5b5f03827c39453fe
anchuras,93,EXTERNAL_WIDTH_INVENTORY,1,PDG2026:observable:B155:B155W+:351026,Sigma_c(2800)+ WIDTH,Sigma_c(2800)0 | Sigmabar_c(2800)0,WIDTH,60+60-40,60+60-40,MeV,UNAVAILABLE_IN_SNAPSHOT,UNAVAILABLE_IN_SNAPSHOT,NONE,UNAVAILABLE,63.820059542435402,44.418464629025621,COMP-BARYON,EXTERNAL_RECORD_ACCOUNTED__INDIVIDUAL_HMT_REALIZATION_NOT_YET_JOINED,named_baryon_binding_map,ONLY_AFTER_INTERNAL_FREEZE,NO,2026,2026-01-15,40dc2587d9ae912d26fafb6b41f300f341d2a1f4bd620ff5b5f03827c39453fe
anchuras,94,EXTERNAL_WIDTH_INVENTORY,1,PDG2026:observable:B155:B155W0:351027,Sigma_c(2800)0 WIDTH,Sigma_c(2800)0 | Sigmabar_c(2800)0,WIDTH,72+22-15,72+22-15,MeV,UNAVAILABLE_IN_SNAPSHOT,UNAVAILABLE_IN_SNAPSHOT,NONE,UNAVAILABLE,22.093560797468029,14.823460785121441,COMP-BARYON,EXTERNAL_RECORD_ACCOUNTED__INDIVIDUAL_HMT_REALIZATION_NOT_YET_JOINED,named_baryon_binding_map,ONLY_AFTER_INTERNAL_FREEZE,NO,2026,2026-01-15,40dc2587d9ae912d26fafb6b41f300f341d2a1f4bd620ff5b5f03827c39453fe
anchuras,95,EXTERNAL_WIDTH_INVENTORY,1,PDG2026:observable:B156:B156A05:351265,Xi_c(2930)+ WIDTH,Xi_c(2930)0 | Xibar_c(2930)0,WIDTH,15+-9,15+-9,MeV,UNAVAILABLE_IN_SNAPSHOT,UNAVAILABLE_IN_SNAPSHOT,NONE,UNAVAILABLE,9.1482238713315276,9.1482238713315276,COMP-BARYON,EXTERNAL_RECORD_ACCOUNTED__INDIVIDUAL_HMT_REALIZATION_NOT_YET_JOINED,named_baryon_binding_map,ONLY_AFTER_INTERNAL_FREEZE,NO,2026,2026-01-15,40dc2587d9ae912d26fafb6b41f300f341d2a1f4bd620ff5b5f03827c39453fe
anchuras,96,EXTERNAL_WIDTH_INVENTORY,1,PDG2026:observable:B156:B156A06:351266,Xi_c(2930)0 WIDTH,Xi_c(2930)0 | Xibar_c(2930)0,WIDTH,10.2+-1.4,10.2+-1.4,MeV,UNAVAILABLE_IN_SNAPSHOT,UNAVAILABLE_IN_SNAPSHOT,NONE,UNAVAILABLE,1.360147050873544,1.360147050873544,COMP-BARYON,EXTERNAL_RECORD_ACCOUNTED__INDIVIDUAL_HMT_REALIZATION_NOT_YET_JOINED,named_baryon_binding_map,ONLY_AFTER_INTERNAL_FREEZE,NO,2026,2026-01-15,40dc2587d9ae912d26fafb6b41f300f341d2a1f4bd620ff5b5f03827c39453fe
anchuras,97,EXTERNAL_WIDTH_INVENTORY,1,PDG2026:observable:B157:B157W+:351299,Xi_c(3055)+ WIDTH,Xi_c(3055)0 | Xibar_c(3055)0,WIDTH,8.0+-0.8,8.0+-0.8,MeV,UNAVAILABLE_IN_SNAPSHOT,UNAVAILABLE_IN_SNAPSHOT,NONE,UNAVAILABLE,0.76391812853200158,0.76391812853200158,COMP-BARYON,EXTERNAL_RECORD_ACCOUNTED__INDIVIDUAL_HMT_REALIZATION_NOT_YET_JOINED,named_baryon_binding_map,ONLY_AFTER_INTERNAL_FREEZE,NO,2026,2026-01-15,40dc2587d9ae912d26fafb6b41f300f341d2a1f4bd620ff5b5f03827c39453fe
anchuras,98,EXTERNAL_WIDTH_INVENTORY,1,PDG2026:observable:B157:B157W:351300,Xi_c(3055)0 WIDTH,Xi_c(3055)0 | Xibar_c(3055)0,WIDTH,12.4+-2.3,12.4+-2.3,MeV,UNAVAILABLE_IN_SNAPSHOT,UNAVAILABLE_IN_SNAPSHOT,NONE,UNAVAILABLE,2.282542442102665,2.282542442102665,COMP-BARYON,EXTERNAL_RECORD_ACCOUNTED__INDIVIDUAL_HMT_REALIZATION_NOT_YET_JOINED,named_baryon_binding_map,ONLY_AFTER_INTERNAL_FREEZE,NO,2026,2026-01-15,40dc2587d9ae912d26fafb6b41f300f341d2a1f4bd620ff5b5f03827c39453fe
anchuras,99,EXTERNAL_WIDTH_INVENTORY,1,PDG2026:observable:B158:B158W+:351326,Xi_c(3123)+ WIDTH,Xi_c(3123)0 | Xibar_c(3123)0,WIDTH,4+-4,4+-4,MeV,UNAVAILABLE_IN_SNAPSHOT,UNAVAILABLE_IN_SNAPSHOT,NONE,UNAVAILABLE,3.801315561749643,3.801315561749643,COMP-BARYON,EXTERNAL_RECORD_ACCOUNTED__INDIVIDUAL_HMT_REALIZATION_NOT_YET_JOINED,named_baryon_binding_map,ONLY_AFTER_INTERNAL_FREEZE,NO,2026,2026-01-15,40dc2587d9ae912d26fafb6b41f300f341d2a1f4bd620ff5b5f03827c39453fe
anchuras,100,EXTERNAL_WIDTH_INVENTORY,1,PDG2026:observable:B161:B161W:351845,Xi_b(5945)0 WIDTH,Xi_b(5945)0 | Xibar_b(5945)0,WIDTH,0.87+-0.07,0.87+-0.07,MeV,UNAVAILABLE_IN_SNAPSHOT,UNAVAILABLE_IN_SNAPSHOT,NONE,UNAVAILABLE,0.075069672174583921,0.074706305477537885,COMP-BARYON,EXTERNAL_RECORD_ACCOUNTED__INDIVIDUAL_HMT_REALIZATION_NOT_YET_JOINED,named_baryon_binding_map,ONLY_AFTER_INTERNAL_FREEZE,NO,2026,2026-01-15,40dc2587d9ae912d26fafb6b41f300f341d2a1f4bd620ff5b5f03827c39453fe
anchuras,101,EXTERNAL_WIDTH_INVENTORY,1,PDG2026:observable:B162:B162W:351695,Lambda_b(5912)0 WIDTH,Lambda_b(5912)0 | Lambdabar_b(5912)0,WIDTH,<0.25,<0.25,MeV,UNAVAILABLE_IN_SNAPSHOT,UNAVAILABLE_IN_SNAPSHOT,U,90,NOT_APPLICABLE,NOT_APPLICABLE,COMP-BARYON,EXTERNAL_RECORD_ACCOUNTED__INDIVIDUAL_HMT_REALIZATION_NOT_YET_JOINED,named_baryon_binding_map,ONLY_AFTER_INTERNAL_FREEZE,NO,2026,2026-01-15,40dc2587d9ae912d26fafb6b41f300f341d2a1f4bd620ff5b5f03827c39453fe
anchuras,102,EXTERNAL_WIDTH_INVENTORY,1,PDG2026:observable:B163:B163W:351699,Lambda_b(5920)0 WIDTH,Lambda_b(5920)0 | Lambdabar_b(5920)0,WIDTH,<0.19,<0.19,MeV,UNAVAILABLE_IN_SNAPSHOT,UNAVAILABLE_IN_SNAPSHOT,U,90,NOT_APPLICABLE,NOT_APPLICABLE,COMP-BARYON,EXTERNAL_RECORD_ACCOUNTED__INDIVIDUAL_HMT_REALIZATION_NOT_YET_JOINED,named_baryon_binding_map,ONLY_AFTER_INTERNAL_FREEZE,NO,2026,2026-01-15,40dc2587d9ae912d26fafb6b41f300f341d2a1f4bd620ff5b5f03827c39453fe
anchuras,103,EXTERNAL_WIDTH_INVENTORY,1,PDG2026:observable:B164:B164W:349533,Lambda(1710) WIDTH,Lambda(1710)0 | Lambdabar(1710)0,WIDTH,180+-40,180+-40,MeV,UNAVAILABLE_IN_SNAPSHOT,UNAVAILABLE_IN_SNAPSHOT,NONE,UNAVAILABLE,42,42,COMP-BARYON,EXTERNAL_RECORD_ACCOUNTED__INDIVIDUAL_HMT_REALIZATION_NOT_YET_JOINED,named_baryon_binding_map,ONLY_AFTER_INTERNAL_FREEZE,NO,2026,2026-01-15,40dc2587d9ae912d26fafb6b41f300f341d2a1f4bd620ff5b5f03827c39453fe
anchuras,104,EXTERNAL_WIDTH_INVENTORY,1,PDG2026:observable:B165:B165W:349652,Lambda(2050) WIDTH,Lambda(2050)0 | Lambdabar(2050)0,WIDTH,490+-60,490+-60,MeV,UNAVAILABLE_IN_SNAPSHOT,UNAVAILABLE_IN_SNAPSHOT,NONE,UNAVAILABLE,61,61,COMP-BARYON,EXTERNAL_RECORD_ACCOUNTED__INDIVIDUAL_HMT_REALIZATION_NOT_YET_JOINED,named_baryon_binding_map,ONLY_AFTER_INTERNAL_FREEZE,NO,2026,2026-01-15,40dc2587d9ae912d26fafb6b41f300f341d2a1f4bd620ff5b5f03827c39453fe
anchuras,105,EXTERNAL_WIDTH_INVENTORY,1,PDG2026:observable:B166:B166W:349992,Sigma(1780) WIDTH,Sigma(1780)- | Sigmabar(1780)+ | Sigma(1780)0 | Sigmabar(1780)0 | Sigma(1780)+ | Sigmabar(1780)-,WIDTH,100 to 200 to 300,100 to 300 (~200),MeV,UNAVAILABLE_IN_SNAPSHOT,UNAVAILABLE_IN_SNAPSHOT,R,UNAVAILABLE,NOT_APPLICABLE,NOT_APPLICABLE,COMP-BARYON,EXTERNAL_RECORD_ACCOUNTED__INDIVIDUAL_HMT_REALIZATION_NOT_YET_JOINED,named_baryon_binding_map,ONLY_AFTER_INTERNAL_FREEZE,NO,2026,2026-01-15,40dc2587d9ae912d26fafb6b41f300f341d2a1f4bd620ff5b5f03827c39453fe
anchuras,106,EXTERNAL_WIDTH_INVENTORY,1,PDG2026:observable:B167:B167W:350020,Sigma(1900) WIDTH,Sigma(1900)- | Sigmabar(1900)+ | Sigma(1900)0 | Sigmabar(1900)0 | Sigma(1900)+ | Sigmabar(1900)-,WIDTH,140 to 165 to 190,140 to 190 (~165),MeV,UNAVAILABLE_IN_SNAPSHOT,UNAVAILABLE_IN_SNAPSHOT,R,UNAVAILABLE,NOT_APPLICABLE,NOT_APPLICABLE,COMP-BARYON,EXTERNAL_RECORD_ACCOUNTED__INDIVIDUAL_HMT_REALIZATION_NOT_YET_JOINED,named_baryon_binding_map,ONLY_AFTER_INTERNAL_FREEZE,NO,2026,2026-01-15,40dc2587d9ae912d26fafb6b41f300f341d2a1f4bd620ff5b5f03827c39453fe
anchuras,107,EXTERNAL_WIDTH_INVENTORY,1,PDG2026:observable:B168:B168W:350103,Sigma(1940) WIDTH,Sigma(1940)- | Sigmabar(1940)+ | Sigma(1940)0 | Sigmabar(1940)0 | Sigma(1940)+ | Sigmabar(1940)-,WIDTH,100 to 250 to 400,100 to 400 (~250),MeV,UNAVAILABLE_IN_SNAPSHOT,UNAVAILABLE_IN_SNAPSHOT,R,UNAVAILABLE,NOT_APPLICABLE,NOT_APPLICABLE,COMP-BARYON,EXTERNAL_RECORD_ACCOUNTED__INDIVIDUAL_HMT_REALIZATION_NOT_YET_JOINED,named_baryon_binding_map,ONLY_AFTER_INTERNAL_FREEZE,NO,2026,2026-01-15,40dc2587d9ae912d26fafb6b41f300f341d2a1f4bd620ff5b5f03827c39453fe
anchuras,108,EXTERNAL_WIDTH_INVENTORY,1,PDG2026:observable:B169:B169W:351841,Xi_b'(5935)- WIDTH,Xi_b^'(5935)- | Xibar_b^'(5935)+,WIDTH,0.03+-0.032,0.03+-0.032,MeV,UNAVAILABLE_IN_SNAPSHOT,UNAVAILABLE_IN_SNAPSHOT,NONE,UNAVAILABLE,0.031622776601683791,0.031622776601683791,COMP-BARYON,EXTERNAL_RECORD_ACCOUNTED__INDIVIDUAL_HMT_REALIZATION_NOT_YET_JOINED,named_baryon_binding_map,ONLY_AFTER_INTERNAL_FREEZE,NO,2026,2026-01-15,40dc2587d9ae912d26fafb6b41f300f341d2a1f4bd620ff5b5f03827c39453fe
anchuras,109,EXTERNAL_WIDTH_INVENTORY,1,PDG2026:observable:B170:B170W:351849,Xi_b(5955)- WIDTH,Xi_b(5955)- | Xibar_b(5955)+,WIDTH,1.43+-0.11,1.43+-0.11,MeV,UNAVAILABLE_IN_SNAPSHOT,UNAVAILABLE_IN_SNAPSHOT,NONE,UNAVAILABLE,0.11313708498984761,0.11313708498984761,COMP-BARYON,EXTERNAL_RECORD_ACCOUNTED__INDIVIDUAL_HMT_REALIZATION_NOT_YET_JOINED,named_baryon_binding_map,ONLY_AFTER_INTERNAL_FREEZE,NO,2026,2026-01-15,40dc2587d9ae912d26fafb6b41f300f341d2a1f4bd620ff5b5f03827c39453fe
anchuras,110,EXTERNAL_WIDTH_INVENTORY,1,PDG2026:observable:B171:B171W:351952,P_c_cbar(4380)+ WIDTH,P_c_cbar(4380)+,WIDTH,210+-90,210+-90,MeV,UNAVAILABLE_IN_SNAPSHOT,UNAVAILABLE_IN_SNAPSHOT,NONE,UNAVAILABLE,87.863530545955186,87.863530545955186,COMP-BARYON,EXTERNAL_RECORD_ACCOUNTED__INDIVIDUAL_HMT_REALIZATION_NOT_YET_JOINED,named_baryon_binding_map,ONLY_AFTER_INTERNAL_FREEZE,NO,2026,2026-01-15,40dc2587d9ae912d26fafb6b41f300f341d2a1f4bd620ff5b5f03827c39453fe
anchuras,111,EXTERNAL_WIDTH_INVENTORY,1,PDG2026:observable:B172:B172W:351978,P_c_cbar(4457)+ WIDTH,P_c_cbar(4457)+,WIDTH,6.4+6.0-2.8,6.4+6.0-2.8,MeV,UNAVAILABLE_IN_SNAPSHOT,UNAVAILABLE_IN_SNAPSHOT,NONE,UNAVAILABLE,6.0406953242155828,2.758622844826744,COMP-BARYON,EXTERNAL_RECORD_ACCOUNTED__INDIVIDUAL_HMT_REALIZATION_NOT_YET_JOINED,named_baryon_binding_map,ONLY_AFTER_INTERNAL_FREEZE,NO,2026,2026-01-15,40dc2587d9ae912d26fafb6b41f300f341d2a1f4bd620ff5b5f03827c39453fe
anchuras,112,EXTERNAL_WIDTH_INVENTORY,1,PDG2026:observable:B173:B173W:351377,Omega_c(3000)0 WIDTH,Omega_c(3000)0 | Omegabar_c(3000)0,WIDTH,3.8+1.6-0.4,3.8+1.6-0.4,MeV,UNAVAILABLE_IN_SNAPSHOT,UNAVAILABLE_IN_SNAPSHOT,NONE,UNAVAILABLE,1.606549096666517,0.37013511046643488,COMP-BARYON,EXTERNAL_RECORD_ACCOUNTED__INDIVIDUAL_HMT_REALIZATION_NOT_YET_JOINED,named_baryon_binding_map,ONLY_AFTER_INTERNAL_FREEZE,NO,2026,2026-01-15,40dc2587d9ae912d26fafb6b41f300f341d2a1f4bd620ff5b5f03827c39453fe
anchuras,113,EXTERNAL_WIDTH_INVENTORY,1,PDG2026:observable:B174:B174W:351381,Omega_c(3050)0 WIDTH,Omega_c(3050)0 | Omegabar_c(3050)0,WIDTH,< 1.8,<1.8,MeV,UNAVAILABLE_IN_SNAPSHOT,UNAVAILABLE_IN_SNAPSHOT,U,95,NOT_APPLICABLE,NOT_APPLICABLE,COMP-BARYON,EXTERNAL_RECORD_ACCOUNTED__INDIVIDUAL_HMT_REALIZATION_NOT_YET_JOINED,named_baryon_binding_map,ONLY_AFTER_INTERNAL_FREEZE,NO,2026,2026-01-15,40dc2587d9ae912d26fafb6b41f300f341d2a1f4bd620ff5b5f03827c39453fe
anchuras,114,EXTERNAL_WIDTH_INVENTORY,1,PDG2026:observable:B175:B175W:351385,Omega_c(3065)0 WIDTH,Omega_c(3065)0 | Omegabar_c(3065)0,WIDTH,3.4+0.7-0.8,3.4+0.7-0.8,MeV,UNAVAILABLE_IN_SNAPSHOT,UNAVAILABLE_IN_SNAPSHOT,NONE,UNAVAILABLE,0.68496637416672579,0.79385852123859457,COMP-BARYON,EXTERNAL_RECORD_ACCOUNTED__INDIVIDUAL_HMT_REALIZATION_NOT_YET_JOINED,named_baryon_binding_map,ONLY_AFTER_INTERNAL_FREEZE,NO,2026,2026-01-15,40dc2587d9ae912d26fafb6b41f300f341d2a1f4bd620ff5b5f03827c39453fe
anchuras,115,EXTERNAL_WIDTH_INVENTORY,1,PDG2026:observable:B176:B176W:351389,Omega_c(3090)0 WIDTH,Omega_c(3090)0 | Omegabar_c(3090)0,WIDTH,8.5+0.8-1.7,8.5+0.8-1.7,MeV,UNAVAILABLE_IN_SNAPSHOT,UNAVAILABLE_IN_SNAPSHOT,NONE,UNAVAILABLE,0.75213030785895074,1.678689965419464,COMP-BARYON,EXTERNAL_RECORD_ACCOUNTED__INDIVIDUAL_HMT_REALIZATION_NOT_YET_JOINED,named_baryon_binding_map,ONLY_AFTER_INTERNAL_FREEZE,NO,2026,2026-01-15,40dc2587d9ae912d26fafb6b41f300f341d2a1f4bd620ff5b5f03827c39453fe
anchuras,116,EXTERNAL_WIDTH_INVENTORY,1,PDG2026:observable:B177:B177W:351393,Omega_c(3120)0 WIDTH,Omega_c(3120)0 | Omegabar_c(3120)0,WIDTH,<2.5,<2.5,MeV,UNAVAILABLE_IN_SNAPSHOT,UNAVAILABLE_IN_SNAPSHOT,U,95,NOT_APPLICABLE,NOT_APPLICABLE,COMP-BARYON,EXTERNAL_RECORD_ACCOUNTED__INDIVIDUAL_HMT_REALIZATION_NOT_YET_JOINED,named_baryon_binding_map,ONLY_AFTER_INTERNAL_FREEZE,NO,2026,2026-01-15,40dc2587d9ae912d26fafb6b41f300f341d2a1f4bd620ff5b5f03827c39453fe
anchuras,117,EXTERNAL_WIDTH_INVENTORY,1,PDG2026:observable:B178:B178W:350957,Lambda_c(2860)+ WIDTH,Lambda_c(2860)0 | Lambdabar_c(2860)0,WIDTH,68+12-22,68+12-22,MeV,UNAVAILABLE_IN_SNAPSHOT,UNAVAILABLE_IN_SNAPSHOT,NONE,UNAVAILABLE,11.78049234964312,21.62336699036484,COMP-BARYON,EXTERNAL_RECORD_ACCOUNTED__INDIVIDUAL_HMT_REALIZATION_NOT_YET_JOINED,named_baryon_binding_map,ONLY_AFTER_INTERNAL_FREEZE,NO,2026,2026-01-15,40dc2587d9ae912d26fafb6b41f300f341d2a1f4bd620ff5b5f03827c39453fe
anchuras,118,EXTERNAL_WIDTH_INVENTORY,1,PDG2026:observable:B179:B179W:350507,Omega(2012)- WIDTH,Omega(2012)- | Omegabar(2012)+,WIDTH,6.3+-2.0,6.3+-2.0,MeV,UNAVAILABLE_IN_SNAPSHOT,UNAVAILABLE_IN_SNAPSHOT,NONE,UNAVAILABLE,2.074289545754965,1.9197249858706551,COMP-BARYON,EXTERNAL_RECORD_ACCOUNTED__INDIVIDUAL_HMT_REALIZATION_NOT_YET_JOINED,named_baryon_binding_map,ONLY_AFTER_INTERNAL_FREEZE,NO,2026,2026-01-15,40dc2587d9ae912d26fafb6b41f300f341d2a1f4bd620ff5b5f03827c39453fe
anchuras,119,EXTERNAL_WIDTH_INVENTORY,1,PDG2026:observable:B180:B180W:351865,Xi_b(6227)- WIDTH,Xi_b(6227)- | Xi_b(6227)+,WIDTH,19.9+-2.6,19.9+-2.6,MeV,UNAVAILABLE_IN_SNAPSHOT,UNAVAILABLE_IN_SNAPSHOT,NONE,UNAVAILABLE,2.5806975801127878,2.5806975801127878,COMP-BARYON,EXTERNAL_RECORD_ACCOUNTED__INDIVIDUAL_HMT_REALIZATION_NOT_YET_JOINED,named_baryon_binding_map,ONLY_AFTER_INTERNAL_FREEZE,NO,2026,2026-01-15,40dc2587d9ae912d26fafb6b41f300f341d2a1f4bd620ff5b5f03827c39453fe
anchuras,120,EXTERNAL_WIDTH_INVENTORY,1,PDG2026:observable:B181:B181W:351735,Sigma_b(6097)+ WIDTH,Sigma_b(6097)+ | Sigmabar_b(6097)-,WIDTH,31+-6,31+-6,MeV,UNAVAILABLE_IN_SNAPSHOT,UNAVAILABLE_IN_SNAPSHOT,NONE,UNAVAILABLE,5.5443665102516446,5.5443665102516446,COMP-BARYON,EXTERNAL_RECORD_ACCOUNTED__INDIVIDUAL_HMT_REALIZATION_NOT_YET_JOINED,named_baryon_binding_map,ONLY_AFTER_INTERNAL_FREEZE,NO,2026,2026-01-15,40dc2587d9ae912d26fafb6b41f300f341d2a1f4bd620ff5b5f03827c39453fe
anchuras,121,EXTERNAL_WIDTH_INVENTORY,1,PDG2026:observable:B182:B182W:351739,Sigma_b(6097)- WIDTH,Sigma_b(6097)- | Sigmabar_b(6097)+,WIDTH,29+-4,29+-4,MeV,UNAVAILABLE_IN_SNAPSHOT,UNAVAILABLE_IN_SNAPSHOT,NONE,UNAVAILABLE,4.2953463189829062,4.2953463189829062,COMP-BARYON,EXTERNAL_RECORD_ACCOUNTED__INDIVIDUAL_HMT_REALIZATION_NOT_YET_JOINED,named_baryon_binding_map,ONLY_AFTER_INTERNAL_FREEZE,NO,2026,2026-01-15,40dc2587d9ae912d26fafb6b41f300f341d2a1f4bd620ff5b5f03827c39453fe
anchuras,122,EXTERNAL_WIDTH_INVENTORY,1,PDG2026:observable:B183:B183W:350229,Sigma(2110) WIDTH,Sigma(2110)- | Sigmabar(2110)+ | Sigma(2110)0 | Sigmabar(2110)0 | Sigma(2110)+ | Sigmabar(2110)-,WIDTH,310+120-50,310+120-50,MeV,UNAVAILABLE_IN_SNAPSHOT,UNAVAILABLE_IN_SNAPSHOT,NONE,UNAVAILABLE,122.34963012126789,54.761074523641852,COMP-BARYON,EXTERNAL_RECORD_ACCOUNTED__INDIVIDUAL_HMT_REALIZATION_NOT_YET_JOINED,named_baryon_binding_map,ONLY_AFTER_INTERNAL_FREEZE,NO,2026,2026-01-15,40dc2587d9ae912d26fafb6b41f300f341d2a1f4bd620ff5b5f03827c39453fe
anchuras,123,EXTERNAL_WIDTH_INVENTORY,1,PDG2026:observable:B184:B184W:350254,Sigma(2230) WIDTH,Sigma(2230)- | Sigmabar(2230)+ | Sigma(2230)0 | Sigmabar(2230)0 | Sigma(2230)+ | Sigmabar(2230)-,WIDTH,350+-50,350+-50,MeV,UNAVAILABLE_IN_SNAPSHOT,UNAVAILABLE_IN_SNAPSHOT,NONE,UNAVAILABLE,50,50,COMP-BARYON,EXTERNAL_RECORD_ACCOUNTED__INDIVIDUAL_HMT_REALIZATION_NOT_YET_JOINED,named_baryon_binding_map,ONLY_AFTER_INTERNAL_FREEZE,NO,2026,2026-01-15,40dc2587d9ae912d26fafb6b41f300f341d2a1f4bd620ff5b5f03827c39453fe
anchuras,124,EXTERNAL_WIDTH_INVENTORY,1,PDG2026:observable:B185:B185W:351936,P_c_cbar(4312)+ WIDTH,P_c_cbar(4312)+,WIDTH,10+-5,10+-5,MeV,UNAVAILABLE_IN_SNAPSHOT,UNAVAILABLE_IN_SNAPSHOT,NONE,UNAVAILABLE,4.5803929962395147,5.2478567053607703,COMP-BARYON,EXTERNAL_RECORD_ACCOUNTED__INDIVIDUAL_HMT_REALIZATION_NOT_YET_JOINED,named_baryon_binding_map,ONLY_AFTER_INTERNAL_FREEZE,NO,2026,2026-01-15,40dc2587d9ae912d26fafb6b41f300f341d2a1f4bd620ff5b5f03827c39453fe
anchuras,125,EXTERNAL_WIDTH_INVENTORY,1,PDG2026:observable:B186:B186W:351956,P_c_cbar(4440)+ WIDTH,P_c_cbar(4440)+,WIDTH,21+10-11,21+10-11,MeV,UNAVAILABLE_IN_SNAPSHOT,UNAVAILABLE_IN_SNAPSHOT,NONE,UNAVAILABLE,9.9849887330932923,11.225862995778989,COMP-BARYON,EXTERNAL_RECORD_ACCOUNTED__INDIVIDUAL_HMT_REALIZATION_NOT_YET_JOINED,named_baryon_binding_map,ONLY_AFTER_INTERNAL_FREEZE,NO,2026,2026-01-15,40dc2587d9ae912d26fafb6b41f300f341d2a1f4bd620ff5b5f03827c39453fe
anchuras,126,EXTERNAL_WIDTH_INVENTORY,1,PDG2026:observable:B187:B187W:351708,Lambda_b(6146)0 WIDTH,Lambda_b(6146)0 | Lambdabar_b(6146)0,WIDTH,2.9+-1.3,2.9+-1.3,MeV,UNAVAILABLE_IN_SNAPSHOT,UNAVAILABLE_IN_SNAPSHOT,NONE,UNAVAILABLE,1.334166406412634,1.334166406412634,COMP-BARYON,EXTERNAL_RECORD_ACCOUNTED__INDIVIDUAL_HMT_REALIZATION_NOT_YET_JOINED,named_baryon_binding_map,ONLY_AFTER_INTERNAL_FREEZE,NO,2026,2026-01-15,40dc2587d9ae912d26fafb6b41f300f341d2a1f4bd620ff5b5f03827c39453fe
anchuras,127,EXTERNAL_WIDTH_INVENTORY,1,PDG2026:observable:B188:B188W:351714,Lambda_b(6152)0 WIDTH,Lambda_b(6152)0 | Lambdabar_b(6152)0,WIDTH,2.1+-0.9,2.1+-0.9,MeV,UNAVAILABLE_IN_SNAPSHOT,UNAVAILABLE_IN_SNAPSHOT,NONE,UNAVAILABLE,0.8544003745317531,0.8544003745317531,COMP-BARYON,EXTERNAL_RECORD_ACCOUNTED__INDIVIDUAL_HMT_REALIZATION_NOT_YET_JOINED,named_baryon_binding_map,ONLY_AFTER_INTERNAL_FREEZE,NO,2026,2026-01-15,40dc2587d9ae912d26fafb6b41f300f341d2a1f4bd620ff5b5f03827c39453fe
anchuras,128,EXTERNAL_WIDTH_INVENTORY,1,PDG2026:observable:B190:B190W:349677,Lambda(2070) WIDTH,Lambda(2070)0 | Lambdabar(2070)0,WIDTH,370+-50,370+-50,MeV,UNAVAILABLE_IN_SNAPSHOT,UNAVAILABLE_IN_SNAPSHOT,NONE,UNAVAILABLE,50,50,COMP-BARYON,EXTERNAL_RECORD_ACCOUNTED__INDIVIDUAL_HMT_REALIZATION_NOT_YET_JOINED,named_baryon_binding_map,ONLY_AFTER_INTERNAL_FREEZE,NO,2026,2026-01-15,40dc2587d9ae912d26fafb6b41f300f341d2a1f4bd620ff5b5f03827c39453fe
anchuras,129,EXTERNAL_WIDTH_INVENTORY,1,PDG2026:observable:B191:B191W:349712,Lambda(2080) WIDTH,Lambda(2080)0 | Lambdabar(2080)0,WIDTH,181+-29,181+-29,MeV,UNAVAILABLE_IN_SNAPSHOT,UNAVAILABLE_IN_SNAPSHOT,NONE,UNAVAILABLE,29,29,COMP-BARYON,EXTERNAL_RECORD_ACCOUNTED__INDIVIDUAL_HMT_REALIZATION_NOT_YET_JOINED,named_baryon_binding_map,ONLY_AFTER_INTERNAL_FREEZE,NO,2026,2026-01-15,40dc2587d9ae912d26fafb6b41f300f341d2a1f4bd620ff5b5f03827c39453fe
anchuras,130,EXTERNAL_WIDTH_INVENTORY,1,PDG2026:observable:B192:B192W0:351257,Xi_c(2923)0 WIDTH,Xi_c(2923)0 | Xibar_c(2923)0,WIDTH,5.8+-1.3,5.8+-1.3,MeV,UNAVAILABLE_IN_SNAPSHOT,UNAVAILABLE_IN_SNAPSHOT,NONE,UNAVAILABLE,1.30796716242523,1.30796716242523,COMP-BARYON,EXTERNAL_RECORD_ACCOUNTED__INDIVIDUAL_HMT_REALIZATION_NOT_YET_JOINED,named_baryon_binding_map,ONLY_AFTER_INTERNAL_FREEZE,NO,2026,2026-01-15,40dc2587d9ae912d26fafb6b41f300f341d2a1f4bd620ff5b5f03827c39453fe
anchuras,131,EXTERNAL_WIDTH_INVENTORY,1,PDG2026:observable:B192:B192WP:351258,Xi_c(2923)+ WIDTH,Xi_c(2923)0 | Xibar_c(2923)0,WIDTH,5.3+-1.7,5.3+-1.7,MeV,UNAVAILABLE_IN_SNAPSHOT,UNAVAILABLE_IN_SNAPSHOT,NONE,UNAVAILABLE,1.6643316977093241,1.6643316977093241,COMP-BARYON,EXTERNAL_RECORD_ACCOUNTED__INDIVIDUAL_HMT_REALIZATION_NOT_YET_JOINED,named_baryon_binding_map,ONLY_AFTER_INTERNAL_FREEZE,NO,2026,2026-01-15,40dc2587d9ae912d26fafb6b41f300f341d2a1f4bd620ff5b5f03827c39453fe
anchuras,132,EXTERNAL_WIDTH_INVENTORY,1,PDG2026:observable:B193:B193W:351906,Omega_b(6316)- WIDTH,Omega_b(6316)- | Omegabar_b(6316)+,WIDTH,<4.2,<4.2,MeV,UNAVAILABLE_IN_SNAPSHOT,UNAVAILABLE_IN_SNAPSHOT,U,95,NOT_APPLICABLE,NOT_APPLICABLE,COMP-BARYON,EXTERNAL_RECORD_ACCOUNTED__INDIVIDUAL_HMT_REALIZATION_NOT_YET_JOINED,named_baryon_binding_map,ONLY_AFTER_INTERNAL_FREEZE,NO,2026,2026-01-15,40dc2587d9ae912d26fafb6b41f300f341d2a1f4bd620ff5b5f03827c39453fe
anchuras,133,EXTERNAL_WIDTH_INVENTORY,1,PDG2026:observable:B194:B194W:351910,Omega_b(6330)- WIDTH,Omega_b(6330)- | Omegabar_b(6330)+,WIDTH,<4.7,<4.7,MeV,UNAVAILABLE_IN_SNAPSHOT,UNAVAILABLE_IN_SNAPSHOT,U,95,NOT_APPLICABLE,NOT_APPLICABLE,COMP-BARYON,EXTERNAL_RECORD_ACCOUNTED__INDIVIDUAL_HMT_REALIZATION_NOT_YET_JOINED,named_baryon_binding_map,ONLY_AFTER_INTERNAL_FREEZE,NO,2026,2026-01-15,40dc2587d9ae912d26fafb6b41f300f341d2a1f4bd620ff5b5f03827c39453fe
anchuras,134,EXTERNAL_WIDTH_INVENTORY,1,PDG2026:observable:B195:B195W:351914,Omega_b(6340)- WIDTH,Omega_b(6340)- | Omegabar_b(6340)+,WIDTH,<1.8,<1.8,MeV,UNAVAILABLE_IN_SNAPSHOT,UNAVAILABLE_IN_SNAPSHOT,U,95,NOT_APPLICABLE,NOT_APPLICABLE,COMP-BARYON,EXTERNAL_RECORD_ACCOUNTED__INDIVIDUAL_HMT_REALIZATION_NOT_YET_JOINED,named_baryon_binding_map,ONLY_AFTER_INTERNAL_FREEZE,NO,2026,2026-01-15,40dc2587d9ae912d26fafb6b41f300f341d2a1f4bd620ff5b5f03827c39453fe
anchuras,135,EXTERNAL_WIDTH_INVENTORY,1,PDG2026:observable:B196:B196W:351918,Omega_b(6350)- WIDTH,Omega_b(6350)- | Omegabar_b(6350)+,WIDTH,<3.2,<3.2,MeV,UNAVAILABLE_IN_SNAPSHOT,UNAVAILABLE_IN_SNAPSHOT,U,95,NOT_APPLICABLE,NOT_APPLICABLE,COMP-BARYON,EXTERNAL_RECORD_ACCOUNTED__INDIVIDUAL_HMT_REALIZATION_NOT_YET_JOINED,named_baryon_binding_map,ONLY_AFTER_INTERNAL_FREEZE,NO,2026,2026-01-15,40dc2587d9ae912d26fafb6b41f300f341d2a1f4bd620ff5b5f03827c39453fe
anchuras,136,EXTERNAL_WIDTH_INVENTORY,1,PDG2026:observable:B197:B197W:351703,Lambda_b(6070)0 WIDTH,Lambda_b(6070)0 | Lambdabar_b(6070)0,WIDTH,72+-11,72+-11,MeV,UNAVAILABLE_IN_SNAPSHOT,UNAVAILABLE_IN_SNAPSHOT,NONE,UNAVAILABLE,11.180339887498951,11.180339887498951,COMP-BARYON,EXTERNAL_RECORD_ACCOUNTED__INDIVIDUAL_HMT_REALIZATION_NOT_YET_JOINED,named_baryon_binding_map,ONLY_AFTER_INTERNAL_FREEZE,NO,2026,2026-01-15,40dc2587d9ae912d26fafb6b41f300f341d2a1f4bd620ff5b5f03827c39453fe
anchuras,137,EXTERNAL_WIDTH_INVENTORY,1,PDG2026:observable:B199:B199W:351871,Xi_b(6227)0 WIDTH,Xi_b(6227)0 | Xibar_b(6227)0,WIDTH,19+5-4,19+5-4,MeV,UNAVAILABLE_IN_SNAPSHOT,UNAVAILABLE_IN_SNAPSHOT,NONE,UNAVAILABLE,5.1923019942988677,4.3324358044868934,COMP-BARYON,EXTERNAL_RECORD_ACCOUNTED__INDIVIDUAL_HMT_REALIZATION_NOT_YET_JOINED,named_baryon_binding_map,ONLY_AFTER_INTERNAL_FREEZE,NO,2026,2026-01-15,40dc2587d9ae912d26fafb6b41f300f341d2a1f4bd620ff5b5f03827c39453fe
anchuras,138,EXTERNAL_WIDTH_INVENTORY,1,PDG2026:observable:B200:B200W:351861,Xi_b(6100)- WIDTH,Xi_b(6100)- | Xibar_b(6100)+,WIDTH,0.94+-0.31,0.94+-0.31,MeV,UNAVAILABLE_IN_SNAPSHOT,UNAVAILABLE_IN_SNAPSHOT,NONE,UNAVAILABLE,0.31048349392520053,0.31048349392520053,COMP-BARYON,EXTERNAL_RECORD_ACCOUNTED__INDIVIDUAL_HMT_REALIZATION_NOT_YET_JOINED,named_baryon_binding_map,ONLY_AFTER_INTERNAL_FREEZE,NO,2026,2026-01-15,40dc2587d9ae912d26fafb6b41f300f341d2a1f4bd620ff5b5f03827c39453fe
anchuras,139,EXTERNAL_WIDTH_INVENTORY,1,PDG2026:observable:B201:B201W:351875,Xi_b(6327)0 WIDTH,Xi_b(6327)0 | Xibar_b(6327)0,WIDTH,< 2.56,<2.56,MeV,UNAVAILABLE_IN_SNAPSHOT,UNAVAILABLE_IN_SNAPSHOT,U,95,NOT_APPLICABLE,NOT_APPLICABLE,COMP-BARYON,EXTERNAL_RECORD_ACCOUNTED__INDIVIDUAL_HMT_REALIZATION_NOT_YET_JOINED,named_baryon_binding_map,ONLY_AFTER_INTERNAL_FREEZE,NO,2026,2026-01-15,40dc2587d9ae912d26fafb6b41f300f341d2a1f4bd620ff5b5f03827c39453fe
anchuras,140,EXTERNAL_WIDTH_INVENTORY,1,PDG2026:observable:B202:B202W:351879,Xi_b(6333)0 WIDTH,Xi_b(6333)0 | Xibar_b(6333)0,WIDTH,< 1.92,<1.92,MeV,UNAVAILABLE_IN_SNAPSHOT,UNAVAILABLE_IN_SNAPSHOT,U,95,NOT_APPLICABLE,NOT_APPLICABLE,COMP-BARYON,EXTERNAL_RECORD_ACCOUNTED__INDIVIDUAL_HMT_REALIZATION_NOT_YET_JOINED,named_baryon_binding_map,ONLY_AFTER_INTERNAL_FREEZE,NO,2026,2026-01-15,40dc2587d9ae912d26fafb6b41f300f341d2a1f4bd620ff5b5f03827c39453fe
anchuras,141,EXTERNAL_WIDTH_INVENTORY,1,PDG2026:observable:B203:B203W0:351252,Xi_c(2882) WIDTH,Xi_c(2882)0 | Xibar_c(2882)0,WIDTH,12+-8,12+-8,MeV,UNAVAILABLE_IN_SNAPSHOT,UNAVAILABLE_IN_SNAPSHOT,NONE,UNAVAILABLE,7.8568441501661468,7.8568441501661468,COMP-BARYON,EXTERNAL_RECORD_ACCOUNTED__INDIVIDUAL_HMT_REALIZATION_NOT_YET_JOINED,named_baryon_binding_map,ONLY_AFTER_INTERNAL_FREEZE,NO,2026,2026-01-15,40dc2587d9ae912d26fafb6b41f300f341d2a1f4bd620ff5b5f03827c39453fe
anchuras,142,EXTERNAL_WIDTH_INVENTORY,1,PDG2026:observable:B204:B204W:351946,P_c_cbar_s(4338)0 WIDTH,P_c_cbar_s(4338)+,WIDTH,7.0+-1.8,7.0+-1.8,MeV,UNAVAILABLE_IN_SNAPSHOT,UNAVAILABLE_IN_SNAPSHOT,NONE,UNAVAILABLE,1.769180601295413,1.769180601295413,COMP-BARYON,EXTERNAL_RECORD_ACCOUNTED__INDIVIDUAL_HMT_REALIZATION_NOT_YET_JOINED,named_baryon_binding_map,ONLY_AFTER_INTERNAL_FREEZE,NO,2026,2026-01-15,40dc2587d9ae912d26fafb6b41f300f341d2a1f4bd620ff5b5f03827c39453fe
anchuras,143,EXTERNAL_WIDTH_INVENTORY,1,PDG2026:observable:B205:B205W:352000,P_c_cbar(4312)+ WIDTH,P_c_cbar(4312)+,WIDTH,19+8-7,19+8-7,MeV,UNAVAILABLE_IN_SNAPSHOT,UNAVAILABLE_IN_SNAPSHOT,NONE,UNAVAILABLE,8.1568830165262654,7.255202813989527,COMP-BARYON,EXTERNAL_RECORD_ACCOUNTED__INDIVIDUAL_HMT_REALIZATION_NOT_YET_JOINED,named_baryon_binding_map,ONLY_AFTER_INTERNAL_FREEZE,NO,2026,2026-01-15,40dc2587d9ae912d26fafb6b41f300f341d2a1f4bd620ff5b5f03827c39453fe
anchuras,144,EXTERNAL_WIDTH_INVENTORY,1,PDG2026:observable:B206:B206W:350974,Lambda_c(2910)+ WIDTH,Lambda_c(2910)0 | Lambdabar_c(2910)0,WIDTH,52+-27,52+-27,MeV,UNAVAILABLE_IN_SNAPSHOT,UNAVAILABLE_IN_SNAPSHOT,NONE,UNAVAILABLE,27.448861542876418,27.448861542876418,COMP-BARYON,EXTERNAL_RECORD_ACCOUNTED__INDIVIDUAL_HMT_REALIZATION_NOT_YET_JOINED,named_baryon_binding_map,ONLY_AFTER_INTERNAL_FREEZE,NO,2026,2026-01-15,40dc2587d9ae912d26fafb6b41f300f341d2a1f4bd620ff5b5f03827c39453fe
anchuras,145,EXTERNAL_WIDTH_INVENTORY,1,PDG2026:observable:B207:B207W:351853,Xi_b(6087)0 WIDTH,Xi_b(6087),WIDTH,2.4+-0.5,2.4+-0.5,MeV,UNAVAILABLE_IN_SNAPSHOT,UNAVAILABLE_IN_SNAPSHOT,NONE,UNAVAILABLE,0.51971145840745137,0.51971145840745137,COMP-BARYON,EXTERNAL_RECORD_ACCOUNTED__INDIVIDUAL_HMT_REALIZATION_NOT_YET_JOINED,named_baryon_binding_map,ONLY_AFTER_INTERNAL_FREEZE,NO,2026,2026-01-15,40dc2587d9ae912d26fafb6b41f300f341d2a1f4bd620ff5b5f03827c39453fe
anchuras,146,EXTERNAL_WIDTH_INVENTORY,1,PDG2026:observable:B208:B208W:351857,Xi_b(6095)0 WIDTH,Xi_b(6095),WIDTH,0.50+-0.35,0.50+-0.35,MeV,UNAVAILABLE_IN_SNAPSHOT,UNAVAILABLE_IN_SNAPSHOT,NONE,UNAVAILABLE,0.34785054261852172,0.34785054261852172,COMP-BARYON,EXTERNAL_RECORD_ACCOUNTED__INDIVIDUAL_HMT_REALIZATION_NOT_YET_JOINED,named_baryon_binding_map,ONLY_AFTER_INTERNAL_FREEZE,NO,2026,2026-01-15,40dc2587d9ae912d26fafb6b41f300f341d2a1f4bd620ff5b5f03827c39453fe
anchuras,147,EXTERNAL_WIDTH_INVENTORY,1,PDG2026:observable:B209:B209W:351397,Omega_c(3185)0 WIDTH,Omega_c(3185)0 | Omegabar_c(3185)0,WIDTH,50+12-21,50+12-21,MeV,UNAVAILABLE_IN_SNAPSHOT,UNAVAILABLE_IN_SNAPSHOT,NONE,UNAVAILABLE,12.2065556157337,21.189620100417091,COMP-BARYON,EXTERNAL_RECORD_ACCOUNTED__INDIVIDUAL_HMT_REALIZATION_NOT_YET_JOINED,named_baryon_binding_map,ONLY_AFTER_INTERNAL_FREEZE,NO,2026,2026-01-15,40dc2587d9ae912d26fafb6b41f300f341d2a1f4bd620ff5b5f03827c39453fe
anchuras,148,EXTERNAL_WIDTH_INVENTORY,1,PDG2026:observable:B210:B210W:351401,Omega_c(3327)0 WIDTH,Omega_c(3327)0 | Omegabar_c(3327)0,WIDTH,20+14-5,20+14-5,MeV,UNAVAILABLE_IN_SNAPSHOT,UNAVAILABLE_IN_SNAPSHOT,NONE,UNAVAILABLE,13.928388277184119,5.0990195135927836,COMP-BARYON,EXTERNAL_RECORD_ACCOUNTED__INDIVIDUAL_HMT_REALIZATION_NOT_YET_JOINED,named_baryon_binding_map,ONLY_AFTER_INTERNAL_FREEZE,NO,2026,2026-01-15,40dc2587d9ae912d26fafb6b41f300f341d2a1f4bd620ff5b5f03827c39453fe
anchuras,149,EXTERNAL_WIDTH_INVENTORY,1,PDG2026:observable:B211:B211W:350515,Omega(2109)- WIDTH,Omega(2109)- | Omegabar(2109)+,WIDTH,18+-17,18+-17,MeV,UNAVAILABLE_IN_SNAPSHOT,UNAVAILABLE_IN_SNAPSHOT,NONE,UNAVAILABLE,17.362315513778679,17.362315513778679,COMP-BARYON,EXTERNAL_RECORD_ACCOUNTED__INDIVIDUAL_HMT_REALIZATION_NOT_YET_JOINED,named_baryon_binding_map,ONLY_AFTER_INTERNAL_FREEZE,NO,2026,2026-01-15,40dc2587d9ae912d26fafb6b41f300f341d2a1f4bd620ff5b5f03827c39453fe
anchuras,150,EXTERNAL_WIDTH_INVENTORY,1,PDG2026:observable:M001:M001W:333933,omega(782) WIDTH,omega(782)0,WIDTH,8.68+-0.13,8.68+-0.13,MeV,UNAVAILABLE_IN_SNAPSHOT,UNAVAILABLE_IN_SNAPSHOT,NONE,UNAVAILABLE,0.1320000870776446,0.1320000870776446,COMP-MESON,EXTERNAL_RECORD_ACCOUNTED__INDIVIDUAL_HMT_REALIZATION_NOT_YET_JOINED,named_meson_binding_map,ONLY_AFTER_INTERNAL_FREEZE,NO,2026,2026-01-15,40dc2587d9ae912d26fafb6b41f300f341d2a1f4bd620ff5b5f03827c39453fe
anchuras,151,EXTERNAL_WIDTH_INVENTORY,1,PDG2026:observable:M002:M002W:334007,eta'(958) WIDTH,eta^'(958)0,WIDTH,0.188+-0.006,0.188+-0.006,MeV,UNAVAILABLE_IN_SNAPSHOT,UNAVAILABLE_IN_SNAPSHOT,NONE,UNAVAILABLE,0.0064442212265340033,0.0064442212265340033,COMP-MESON,EXTERNAL_RECORD_ACCOUNTED__INDIVIDUAL_HMT_REALIZATION_NOT_YET_JOINED,named_meson_binding_map,ONLY_AFTER_INTERNAL_FREEZE,NO,2026,2026-01-15,40dc2587d9ae912d26fafb6b41f300f341d2a1f4bd620ff5b5f03827c39453fe
anchuras,152,EXTERNAL_WIDTH_INVENTORY,1,PDG2026:observable:M003:M003W1:334164,f_0(980) WIDTH,f_0(980)0,WIDTH,10 to 100,10 to 100,MeV,UNAVAILABLE_IN_SNAPSHOT,UNAVAILABLE_IN_SNAPSHOT,R,UNAVAILABLE,NOT_APPLICABLE,NOT_APPLICABLE,COMP-MESON,EXTERNAL_RECORD_ACCOUNTED__INDIVIDUAL_HMT_REALIZATION_NOT_YET_JOINED,named_meson_binding_map,ONLY_AFTER_INTERNAL_FREEZE,NO,2026,2026-01-15,40dc2587d9ae912d26fafb6b41f300f341d2a1f4bd620ff5b5f03827c39453fe
anchuras,153,EXTERNAL_WIDTH_INVENTORY,1,PDG2026:observable:M004:M004W:334183,phi(1020) WIDTH,phi(1020)0,WIDTH,4.249+-0.013,4.249+-0.013,MeV,UNAVAILABLE_IN_SNAPSHOT,UNAVAILABLE_IN_SNAPSHOT,NONE,UNAVAILABLE,0.01311655783805327,0.01311655783805327,COMP-MESON,EXTERNAL_RECORD_ACCOUNTED__INDIVIDUAL_HMT_REALIZATION_NOT_YET_JOINED,named_meson_binding_map,ONLY_AFTER_INTERNAL_FREEZE,NO,2026,2026-01-15,40dc2587d9ae912d26fafb6b41f300f341d2a1f4bd620ff5b5f03827c39453fe
anchuras,154,EXTERNAL_WIDTH_INVENTORY,1,PDG2026:observable:M005:M005W:334355,f_2(1270) WIDTH,f_2(1270)0,WIDTH,186.6+2.8-2.2,186.6+2.8-2.2,MeV,UNAVAILABLE_IN_SNAPSHOT,UNAVAILABLE_IN_SNAPSHOT,NONE,UNAVAILABLE,2.802312637678575,2.1961156286222181,COMP-MESON,EXTERNAL_RECORD_ACCOUNTED__INDIVIDUAL_HMT_REALIZATION_NOT_YET_JOINED,named_meson_binding_map,ONLY_AFTER_INTERNAL_FREEZE,NO,2026,2026-01-15,40dc2587d9ae912d26fafb6b41f300f341d2a1f4bd620ff5b5f03827c39453fe
anchuras,155,EXTERNAL_WIDTH_INVENTORY,1,PDG2026:observable:M006:M006W:334555,f_1(1420) WIDTH,f_1(1420)0,WIDTH,55.4+-3.2,55.4+-3.2,MeV,UNAVAILABLE_IN_SNAPSHOT,UNAVAILABLE_IN_SNAPSHOT,NONE,UNAVAILABLE,3.1572143311904868,3.199679790915769,COMP-MESON,EXTERNAL_RECORD_ACCOUNTED__INDIVIDUAL_HMT_REALIZATION_NOT_YET_JOINED,named_meson_binding_map,ONLY_AFTER_INTERNAL_FREEZE,NO,2026,2026-01-15,40dc2587d9ae912d26fafb6b41f300f341d2a1f4bd620ff5b5f03827c39453fe
anchuras,156,EXTERNAL_WIDTH_INVENTORY,1,PDG2026:observable:M008:M008W:334404,f_1(1285) WIDTH,f_1(1285)0,WIDTH,23.0+-1.0,23.0+-1.0,MeV,UNAVAILABLE_IN_SNAPSHOT,UNAVAILABLE_IN_SNAPSHOT,NONE,UNAVAILABLE,1.045581016397475,1.0256159102073861,COMP-MESON,EXTERNAL_RECORD_ACCOUNTED__INDIVIDUAL_HMT_REALIZATION_NOT_YET_JOINED,named_meson_binding_map,ONLY_AFTER_INTERNAL_FREEZE,NO,2026,2026-01-15,40dc2587d9ae912d26fafb6b41f300f341d2a1f4bd620ff5b5f03827c39453fe
anchuras,157,EXTERNAL_WIDTH_INVENTORY,1,PDG2026:observable:M009:M009W0:333870,"NEUTRAL ONLY, e+ e-",rho(770)0 | rho(770)+ | rho(770)-,WIDTH,147.4+-0.8,147.4+-0.8,MeV,UNAVAILABLE_IN_SNAPSHOT,UNAVAILABLE_IN_SNAPSHOT,NONE,UNAVAILABLE,0.82096324211264493,0.82096324211264493,COMP-MESON,EXTERNAL_RECORD_ACCOUNTED__INDIVIDUAL_HMT_REALIZATION_NOT_YET_JOINED,named_meson_binding_map,ONLY_AFTER_INTERNAL_FREEZE,NO,2026,2026-01-15,40dc2587d9ae912d26fafb6b41f300f341d2a1f4bd620ff5b5f03827c39453fe
anchuras,158,EXTERNAL_WIDTH_INVENTORY,1,PDG2026:observable:M009:M009W5:333871,"CHARGED ONLY, tau DECAYS and e+ e-",rho(770)0 | rho(770)+ | rho(770)-,WIDTH,149.1+-0.8,149.1+-0.8,MeV,UNAVAILABLE_IN_SNAPSHOT,UNAVAILABLE_IN_SNAPSHOT,NONE,UNAVAILABLE,0.84906762313788198,0.84906762313788198,COMP-MESON,EXTERNAL_RECORD_ACCOUNTED__INDIVIDUAL_HMT_REALIZATION_NOT_YET_JOINED,named_meson_binding_map,ONLY_AFTER_INTERNAL_FREEZE,NO,2026,2026-01-15,40dc2587d9ae912d26fafb6b41f300f341d2a1f4bd620ff5b5f03827c39453fe
anchuras,159,EXTERNAL_WIDTH_INVENTORY,1,PDG2026:observable:M009:M009W7:333873,"MIXED CHARGES, OTHER REACTIONS",rho(770)0 | rho(770)+ | rho(770)-,WIDTH,149.5+-1.3,149.5+-1.3,MeV,UNAVAILABLE_IN_SNAPSHOT,UNAVAILABLE_IN_SNAPSHOT,NONE,UNAVAILABLE,1.3,1.3,COMP-MESON,EXTERNAL_RECORD_ACCOUNTED__INDIVIDUAL_HMT_REALIZATION_NOT_YET_JOINED,named_meson_binding_map,ONLY_AFTER_INTERNAL_FREEZE,NO,2026,2026-01-15,40dc2587d9ae912d26fafb6b41f300f341d2a1f4bd620ff5b5f03827c39453fe
anchuras,160,EXTERNAL_WIDTH_INVENTORY,1,PDG2026:observable:M009:M009W2:333874,"CHARGED ONLY, HADROPRODUCED",rho(770)0 | rho(770)+ | rho(770)-,WIDTH,150.2+-2.4,150.2+-2.4,MeV,UNAVAILABLE_IN_SNAPSHOT,UNAVAILABLE_IN_SNAPSHOT,NONE,UNAVAILABLE,2.3925241925869849,2.3925241925869849,COMP-MESON,EXTERNAL_RECORD_ACCOUNTED__INDIVIDUAL_HMT_REALIZATION_NOT_YET_JOINED,named_meson_binding_map,ONLY_AFTER_INTERNAL_FREEZE,NO,2026,2026-01-15,40dc2587d9ae912d26fafb6b41f300f341d2a1f4bd620ff5b5f03827c39453fe
anchuras,161,EXTERNAL_WIDTH_INVENTORY,1,PDG2026:observable:M009:M009W0P:333876,"NEUTRAL ONLY, PHOTOPRODUCED",rho(770)0 | rho(770)+ | rho(770)-,WIDTH,152.3+-1.7,152.3+-1.7,MeV,UNAVAILABLE_IN_SNAPSHOT,UNAVAILABLE_IN_SNAPSHOT,NONE,UNAVAILABLE,1.6144196138431619,1.7476550950891081,COMP-MESON,EXTERNAL_RECORD_ACCOUNTED__INDIVIDUAL_HMT_REALIZATION_NOT_YET_JOINED,named_meson_binding_map,ONLY_AFTER_INTERNAL_FREEZE,NO,2026,2026-01-15,40dc2587d9ae912d26fafb6b41f300f341d2a1f4bd620ff5b5f03827c39453fe
anchuras,162,EXTERNAL_WIDTH_INVENTORY,1,PDG2026:observable:M009:M009W0R:333877,"NEUTRAL ONLY, OTHER REACTIONS",rho(770)0 | rho(770)+ | rho(770)-,WIDTH,150.9+-1.7,150.9+-1.7,MeV,UNAVAILABLE_IN_SNAPSHOT,UNAVAILABLE_IN_SNAPSHOT,NONE,UNAVAILABLE,1.7341880321909591,1.7341880321909591,COMP-MESON,EXTERNAL_RECORD_ACCOUNTED__INDIVIDUAL_HMT_REALIZATION_NOT_YET_JOINED,named_meson_binding_map,ONLY_AFTER_INTERNAL_FREEZE,NO,2026,2026-01-15,40dc2587d9ae912d26fafb6b41f300f341d2a1f4bd620ff5b5f03827c39453fe
anchuras,163,EXTERNAL_WIDTH_INVENTORY,1,PDG2026:observable:M010:M010W:334333,a_1(1260) WIDTH,a_1(1260)0 | a_1(1260)+ | a_1(1260)-,WIDTH,250 to 600,250 to 600,MeV,UNAVAILABLE_IN_SNAPSHOT,UNAVAILABLE_IN_SNAPSHOT,R,UNAVAILABLE,NOT_APPLICABLE,NOT_APPLICABLE,COMP-MESON,EXTERNAL_RECORD_ACCOUNTED__INDIVIDUAL_HMT_REALIZATION_NOT_YET_JOINED,named_meson_binding_map,ONLY_AFTER_INTERNAL_FREEZE,NO,2026,2026-01-15,40dc2587d9ae912d26fafb6b41f300f341d2a1f4bd620ff5b5f03827c39453fe
anchuras,164,EXTERNAL_WIDTH_INVENTORY,1,PDG2026:observable:M011:M011W:334310,b_1(1235) WIDTH,b_1(1235)0 | b_1(1235)+ | b_1(1235)-,WIDTH,142+-9,142+-9,MeV,UNAVAILABLE_IN_SNAPSHOT,UNAVAILABLE_IN_SNAPSHOT,NONE,UNAVAILABLE,8.5057630105759703,8.5057630105759703,COMP-MESON,EXTERNAL_RECORD_ACCOUNTED__INDIVIDUAL_HMT_REALIZATION_NOT_YET_JOINED,named_meson_binding_map,ONLY_AFTER_INTERNAL_FREEZE,NO,2026,2026-01-15,40dc2587d9ae912d26fafb6b41f300f341d2a1f4bd620ff5b5f03827c39453fe
anchuras,165,EXTERNAL_WIDTH_INVENTORY,1,PDG2026:observable:M012:M012W:334474,a_2(1320) WIDTH,a_2(1320)0 | a_2(1320)+ | a_2(1320)-,WIDTH,107+-5,107+-5,MeV,UNAVAILABLE_IN_SNAPSHOT,UNAVAILABLE_IN_SNAPSHOT,NONE,UNAVAILABLE,5,5,COMP-MESON,EXTERNAL_RECORD_ACCOUNTED__INDIVIDUAL_HMT_REALIZATION_NOT_YET_JOINED,named_meson_binding_map,ONLY_AFTER_INTERNAL_FREEZE,NO,2026,2026-01-15,40dc2587d9ae912d26fafb6b41f300f341d2a1f4bd620ff5b5f03827c39453fe
anchuras,166,EXTERNAL_WIDTH_INVENTORY,1,PDG2026:observable:M012:M012W1:334476,3pi MODE,a_2(1320)0 | a_2(1320)+ | a_2(1320)-,WIDTH,105.0+1.7-1.9,105.0+1.7-1.9,MeV,UNAVAILABLE_IN_SNAPSHOT,UNAVAILABLE_IN_SNAPSHOT,NONE,UNAVAILABLE,1.672423941919887,1.8523961583384709,COMP-MESON,EXTERNAL_RECORD_ACCOUNTED__INDIVIDUAL_HMT_REALIZATION_NOT_YET_JOINED,named_meson_binding_map,ONLY_AFTER_INTERNAL_FREEZE,NO,2026,2026-01-15,40dc2587d9ae912d26fafb6b41f300f341d2a1f4bd620ff5b5f03827c39453fe
anchuras,167,EXTERNAL_WIDTH_INVENTORY,1,PDG2026:observable:M012:M012W2:334477,K Kbar MODE,a_2(1320)0 | a_2(1320)+ | a_2(1320)-,WIDTH,109.8+-2.4,109.8+-2.4,MeV,UNAVAILABLE_IN_SNAPSHOT,UNAVAILABLE_IN_SNAPSHOT,NONE,UNAVAILABLE,2.3748902427360412,2.3748902427360412,COMP-MESON,EXTERNAL_RECORD_ACCOUNTED__INDIVIDUAL_HMT_REALIZATION_NOT_YET_JOINED,named_meson_binding_map,ONLY_AFTER_INTERNAL_FREEZE,NO,2026,2026-01-15,40dc2587d9ae912d26fafb6b41f300f341d2a1f4bd620ff5b5f03827c39453fe
anchuras,168,EXTERNAL_WIDTH_INVENTORY,1,PDG2026:observable:M012:M012W3:334478,eta pi MODE,a_2(1320)0 | a_2(1320)+ | a_2(1320)-,WIDTH,111.1+-2.4,111.1+-2.4,MeV,UNAVAILABLE_IN_SNAPSHOT,UNAVAILABLE_IN_SNAPSHOT,NONE,UNAVAILABLE,2.448965935023065,2.448965935023065,COMP-MESON,EXTERNAL_RECORD_ACCOUNTED__INDIVIDUAL_HMT_REALIZATION_NOT_YET_JOINED,named_meson_binding_map,ONLY_AFTER_INTERNAL_FREEZE,NO,2026,2026-01-15,40dc2587d9ae912d26fafb6b41f300f341d2a1f4bd620ff5b5f03827c39453fe
anchuras,169,EXTERNAL_WIDTH_INVENTORY,1,PDG2026:observable:M012:M012W4:334479,eta' pi MODE,a_2(1320)0 | a_2(1320)+ | a_2(1320)-,WIDTH,119+-25,119+-25,MeV,UNAVAILABLE_IN_SNAPSHOT,UNAVAILABLE_IN_SNAPSHOT,NONE,UNAVAILABLE,25.063151645472001,25.063151645472001,COMP-MESON,EXTERNAL_RECORD_ACCOUNTED__INDIVIDUAL_HMT_REALIZATION_NOT_YET_JOINED,named_meson_binding_map,ONLY_AFTER_INTERNAL_FREEZE,NO,2026,2026-01-15,40dc2587d9ae912d26fafb6b41f300f341d2a1f4bd620ff5b5f03827c39453fe
anchuras,170,EXTERNAL_WIDTH_INVENTORY,1,PDG2026:observable:M013:M013WX:334671,f_2'(1525) WIDTH,f_2^'(1525)0,WIDTH,72+7-6,72+7-6,MeV,UNAVAILABLE_IN_SNAPSHOT,UNAVAILABLE_IN_SNAPSHOT,NONE,UNAVAILABLE,6.8828574538793053,5.7886890416736358,COMP-MESON,EXTERNAL_RECORD_ACCOUNTED__INDIVIDUAL_HMT_REALIZATION_NOT_YET_JOINED,named_meson_binding_map,ONLY_AFTER_INTERNAL_FREEZE,NO,2026,2026-01-15,40dc2587d9ae912d26fafb6b41f300f341d2a1f4bd620ff5b5f03827c39453fe
anchuras,171,EXTERNAL_WIDTH_INVENTORY,1,PDG2026:observable:M013:M013W2:334673,PRODUCED BY K+- BEAM,f_2^'(1525)0,WIDTH,82+-6,82+-6,MeV,UNAVAILABLE_IN_SNAPSHOT,UNAVAILABLE_IN_SNAPSHOT,NONE,UNAVAILABLE,6.0690031263411646,5.743699645561148,COMP-MESON,EXTERNAL_RECORD_ACCOUNTED__INDIVIDUAL_HMT_REALIZATION_NOT_YET_JOINED,named_meson_binding_map,ONLY_AFTER_INTERNAL_FREEZE,NO,2026,2026-01-15,40dc2587d9ae912d26fafb6b41f300f341d2a1f4bd620ff5b5f03827c39453fe
anchuras,172,EXTERNAL_WIDTH_INVENTORY,1,PDG2026:observable:M013:M013W3:334674,PRODUCED IN e+ e- ANNIHILATION AND PARTICLE DECAYS,f_2^'(1525)0,WIDTH,86+-4,86+-4,MeV,UNAVAILABLE_IN_SNAPSHOT,UNAVAILABLE_IN_SNAPSHOT,NONE,UNAVAILABLE,4.2724130046702271,3.9578983915293739,COMP-MESON,EXTERNAL_RECORD_ACCOUNTED__INDIVIDUAL_HMT_REALIZATION_NOT_YET_JOINED,named_meson_binding_map,ONLY_AFTER_INTERNAL_FREEZE,NO,2026,2026-01-15,40dc2587d9ae912d26fafb6b41f300f341d2a1f4bd620ff5b5f03827c39453fe
anchuras,173,EXTERNAL_WIDTH_INVENTORY,1,PDG2026:observable:M013:M013W9:334675,PRODUCED IN pbar p ANNIHILATION,f_2^'(1525)0,WIDTH,77+-5,77+-5,MeV,UNAVAILABLE_IN_SNAPSHOT,UNAVAILABLE_IN_SNAPSHOT,NONE,UNAVAILABLE,4.7999999999999998,4.7999999999999998,COMP-MESON,EXTERNAL_RECORD_ACCOUNTED__INDIVIDUAL_HMT_REALIZATION_NOT_YET_JOINED,named_meson_binding_map,ONLY_AFTER_INTERNAL_FREEZE,NO,2026,2026-01-15,40dc2587d9ae912d26fafb6b41f300f341d2a1f4bd620ff5b5f03827c39453fe
anchuras,174,EXTERNAL_WIDTH_INVENTORY,1,PDG2026:observable:M013:M013W4:334676,CENTRAL PRODUCTION,f_2^'(1525)0,WIDTH,70+-25,70+-25,MeV,UNAVAILABLE_IN_SNAPSHOT,UNAVAILABLE_IN_SNAPSHOT,NONE,UNAVAILABLE,25,25,COMP-MESON,EXTERNAL_RECORD_ACCOUNTED__INDIVIDUAL_HMT_REALIZATION_NOT_YET_JOINED,named_meson_binding_map,ONLY_AFTER_INTERNAL_FREEZE,NO,2026,2026-01-15,40dc2587d9ae912d26fafb6b41f300f341d2a1f4bd620ff5b5f03827c39453fe
anchuras,175,EXTERNAL_WIDTH_INVENTORY,1,PDG2026:observable:M013:M013W10:334677,PRODUCED IN e p COLLISIONS,f_2^'(1525)0,WIDTH,83+-10,83+-10,MeV,UNAVAILABLE_IN_SNAPSHOT,UNAVAILABLE_IN_SNAPSHOT,NONE,UNAVAILABLE,10.295630140987001,9.8488578017961039,COMP-MESON,EXTERNAL_RECORD_ACCOUNTED__INDIVIDUAL_HMT_REALIZATION_NOT_YET_JOINED,named_meson_binding_map,ONLY_AFTER_INTERNAL_FREEZE,NO,2026,2026-01-15,40dc2587d9ae912d26fafb6b41f300f341d2a1f4bd620ff5b5f03827c39453fe
anchuras,176,EXTERNAL_WIDTH_INVENTORY,1,PDG2026:observable:M014:M014W:333858,f_0(500) BREIT-WIGNER WIDTH,f_0(500)0,WIDTH,100 to 800,100 to 800,MeV,UNAVAILABLE_IN_SNAPSHOT,UNAVAILABLE_IN_SNAPSHOT,R,UNAVAILABLE,NOT_APPLICABLE,NOT_APPLICABLE,COMP-MESON,EXTERNAL_RECORD_ACCOUNTED__INDIVIDUAL_HMT_REALIZATION_NOT_YET_JOINED,named_meson_binding_map,ONLY_AFTER_INTERNAL_FREEZE,NO,2026,2026-01-15,40dc2587d9ae912d26fafb6b41f300f341d2a1f4bd620ff5b5f03827c39453fe
anchuras,177,EXTERNAL_WIDTH_INVENTORY,1,PDG2026:observable:M015:M015W:334848,"2pi, K Kbar, AND K Kbar pi MODES",rho_3(1690)0 | rho_3(1690)+ | rho_3(1690)-,WIDTH,161+-10,161+-10,MeV,UNAVAILABLE_IN_SNAPSHOT,UNAVAILABLE_IN_SNAPSHOT,NONE,UNAVAILABLE,9.7014800918649904,9.6537321264976139,COMP-MESON,EXTERNAL_RECORD_ACCOUNTED__INDIVIDUAL_HMT_REALIZATION_NOT_YET_JOINED,named_meson_binding_map,ONLY_AFTER_INTERNAL_FREEZE,NO,2026,2026-01-15,40dc2587d9ae912d26fafb6b41f300f341d2a1f4bd620ff5b5f03827c39453fe
anchuras,178,EXTERNAL_WIDTH_INVENTORY,1,PDG2026:observable:M015:M015W1:334849,2pi MODE,rho_3(1690)0 | rho_3(1690)+ | rho_3(1690)-,WIDTH,186+-14,186+-14,MeV,UNAVAILABLE_IN_SNAPSHOT,UNAVAILABLE_IN_SNAPSHOT,NONE,UNAVAILABLE,14.046724973634189,14.046724973634189,COMP-MESON,EXTERNAL_RECORD_ACCOUNTED__INDIVIDUAL_HMT_REALIZATION_NOT_YET_JOINED,named_meson_binding_map,ONLY_AFTER_INTERNAL_FREEZE,NO,2026,2026-01-15,40dc2587d9ae912d26fafb6b41f300f341d2a1f4bd620ff5b5f03827c39453fe
anchuras,179,EXTERNAL_WIDTH_INVENTORY,1,PDG2026:observable:M015:M015W2:334850,K Kbar AND K Kbar pi MODES,rho_3(1690)0 | rho_3(1690)+ | rho_3(1690)-,WIDTH,204+-18,204+-18,MeV,UNAVAILABLE_IN_SNAPSHOT,UNAVAILABLE_IN_SNAPSHOT,NONE,UNAVAILABLE,17.888543819998318,17.888543819998318,COMP-MESON,EXTERNAL_RECORD_ACCOUNTED__INDIVIDUAL_HMT_REALIZATION_NOT_YET_JOINED,named_meson_binding_map,ONLY_AFTER_INTERNAL_FREEZE,NO,2026,2026-01-15,40dc2587d9ae912d26fafb6b41f300f341d2a1f4bd620ff5b5f03827c39453fe
anchuras,180,EXTERNAL_WIDTH_INVENTORY,1,PDG2026:observable:M015:M015W3:334851,(4pi)+- MODE,rho_3(1690)0 | rho_3(1690)+ | rho_3(1690)-,WIDTH,129+-10,129+-10,MeV,UNAVAILABLE_IN_SNAPSHOT,UNAVAILABLE_IN_SNAPSHOT,NONE,UNAVAILABLE,10.284400967958939,10.16157273699389,COMP-MESON,EXTERNAL_RECORD_ACCOUNTED__INDIVIDUAL_HMT_REALIZATION_NOT_YET_JOINED,named_meson_binding_map,ONLY_AFTER_INTERNAL_FREEZE,NO,2026,2026-01-15,40dc2587d9ae912d26fafb6b41f300f341d2a1f4bd620ff5b5f03827c39453fe
anchuras,181,EXTERNAL_WIDTH_INVENTORY,1,PDG2026:observable:M015:M015W5:334852,omega pi MODE,rho_3(1690)0 | rho_3(1690)+ | rho_3(1690)-,WIDTH,190+-40,190+-40,MeV,UNAVAILABLE_IN_SNAPSHOT,UNAVAILABLE_IN_SNAPSHOT,NONE,UNAVAILABLE,35.527838423396418,35.527838423396418,COMP-MESON,EXTERNAL_RECORD_ACCOUNTED__INDIVIDUAL_HMT_REALIZATION_NOT_YET_JOINED,named_meson_binding_map,ONLY_AFTER_INTERNAL_FREEZE,NO,2026,2026-01-15,40dc2587d9ae912d26fafb6b41f300f341d2a1f4bd620ff5b5f03827c39453fe
anchuras,182,EXTERNAL_WIDTH_INVENTORY,1,PDG2026:observable:M015:M015W6:334853,eta pi+ pi- MODE,rho_3(1690)0 | rho_3(1690)+ | rho_3(1690)-,WIDTH,130+-40,130+-40,MeV,UNAVAILABLE_IN_SNAPSHOT,UNAVAILABLE_IN_SNAPSHOT,NONE,UNAVAILABLE,43.467351876049257,43.467351876049257,COMP-MESON,EXTERNAL_RECORD_ACCOUNTED__INDIVIDUAL_HMT_REALIZATION_NOT_YET_JOINED,named_meson_binding_map,ONLY_AFTER_INTERNAL_FREEZE,NO,2026,2026-01-15,40dc2587d9ae912d26fafb6b41f300f341d2a1f4bd620ff5b5f03827c39453fe
anchuras,183,EXTERNAL_WIDTH_INVENTORY,1,PDG2026:observable:M016:M016W:335131,f_4(2050) WIDTH,f_4(2050)0,WIDTH,237+-18,237+-18,MeV,UNAVAILABLE_IN_SNAPSHOT,UNAVAILABLE_IN_SNAPSHOT,NONE,UNAVAILABLE,17.88029943252717,18.179532837552909,COMP-MESON,EXTERNAL_RECORD_ACCOUNTED__INDIVIDUAL_HMT_REALIZATION_NOT_YET_JOINED,named_meson_binding_map,ONLY_AFTER_INTERNAL_FREEZE,NO,2026,2026-01-15,40dc2587d9ae912d26fafb6b41f300f341d2a1f4bd620ff5b5f03827c39453fe
anchuras,184,EXTERNAL_WIDTH_INVENTORY,1,PDG2026:observable:M017:M017W:335091,a_4(1970) WIDTH,a_4(1970)0 | a_4(1970)+ | a_4(1970)-,WIDTH,324+15-18,324+15-18,MeV,UNAVAILABLE_IN_SNAPSHOT,UNAVAILABLE_IN_SNAPSHOT,NONE,UNAVAILABLE,14.533393315985499,18.100116797853431,COMP-MESON,EXTERNAL_RECORD_ACCOUNTED__INDIVIDUAL_HMT_REALIZATION_NOT_YET_JOINED,named_meson_binding_map,ONLY_AFTER_INTERNAL_FREEZE,NO,2026,2026-01-15,40dc2587d9ae912d26fafb6b41f300f341d2a1f4bd620ff5b5f03827c39453fe
anchuras,185,EXTERNAL_WIDTH_INVENTORY,1,PDG2026:observable:M018:M018W1:335795,"CHARGED ONLY, HADROPRODUCED",K^*(892)0 | Kbar^*(892)0 | K^*(892)+ | K^*(892)-,WIDTH,48.5+-1.2,48.5+-1.2,MeV,UNAVAILABLE_IN_SNAPSHOT,UNAVAILABLE_IN_SNAPSHOT,NONE,UNAVAILABLE,1.189202181804293,1.189202181804293,COMP-MESON,EXTERNAL_RECORD_ACCOUNTED__INDIVIDUAL_HMT_REALIZATION_NOT_YET_JOINED,named_meson_binding_map,ONLY_AFTER_INTERNAL_FREEZE,NO,2026,2026-01-15,40dc2587d9ae912d26fafb6b41f300f341d2a1f4bd620ff5b5f03827c39453fe
anchuras,186,EXTERNAL_WIDTH_INVENTORY,1,PDG2026:observable:M018:M018W5:335797,"CHARGED ONLY, PRODUCED IN tau LEPTON DECAYS",K^*(892)0 | Kbar^*(892)0 | K^*(892)+ | K^*(892)-,WIDTH,46.2+-1.3,46.2+-1.3,MeV,UNAVAILABLE_IN_SNAPSHOT,UNAVAILABLE_IN_SNAPSHOT,NONE,UNAVAILABLE,1.3416407864998741,1.3416407864998741,COMP-MESON,EXTERNAL_RECORD_ACCOUNTED__INDIVIDUAL_HMT_REALIZATION_NOT_YET_JOINED,named_meson_binding_map,ONLY_AFTER_INTERNAL_FREEZE,NO,2026,2026-01-15,40dc2587d9ae912d26fafb6b41f300f341d2a1f4bd620ff5b5f03827c39453fe
anchuras,187,EXTERNAL_WIDTH_INVENTORY,1,PDG2026:observable:M018:M018W2:335798,NEUTRAL ONLY,K^*(892)0 | Kbar^*(892)0 | K^*(892)+ | K^*(892)-,WIDTH,47.1+-0.5,47.1+-0.5,MeV,UNAVAILABLE_IN_SNAPSHOT,UNAVAILABLE_IN_SNAPSHOT,NONE,UNAVAILABLE,0.49347496850837202,0.49347496850837202,COMP-MESON,EXTERNAL_RECORD_ACCOUNTED__INDIVIDUAL_HMT_REALIZATION_NOT_YET_JOINED,named_meson_binding_map,ONLY_AFTER_INTERNAL_FREEZE,NO,2026,2026-01-15,40dc2587d9ae912d26fafb6b41f300f341d2a1f4bd620ff5b5f03827c39453fe
anchuras,188,EXTERNAL_WIDTH_INVENTORY,1,PDG2026:observable:M019:M019W:335879,K_0*(1430) WIDTH,K_0^*(1430)0 | Kbar_0^*(1430)0 | K_0^*(1430)+ | K_0^*(1430)-,WIDTH,270+-80,270+-80,MeV,UNAVAILABLE_IN_SNAPSHOT,UNAVAILABLE_IN_SNAPSHOT,NONE,UNAVAILABLE,80,80,COMP-MESON,EXTERNAL_RECORD_ACCOUNTED__INDIVIDUAL_HMT_REALIZATION_NOT_YET_JOINED,named_meson_binding_map,ONLY_AFTER_INTERNAL_FREEZE,NO,2026,2026-01-15,40dc2587d9ae912d26fafb6b41f300f341d2a1f4bd620ff5b5f03827c39453fe
anchuras,189,EXTERNAL_WIDTH_INVENTORY,1,PDG2026:observable:M020:M020W:335147,pi_2(2100) WIDTH,pi_2(2100)0 | pi_2(2100)+ | pi_2(2100)-,WIDTH,620+-50,620+-50,MeV,UNAVAILABLE_IN_SNAPSHOT,UNAVAILABLE_IN_SNAPSHOT,NONE,UNAVAILABLE,52.400001025245267,52.400001025245267,COMP-MESON,EXTERNAL_RECORD_ACCOUNTED__INDIVIDUAL_HMT_REALIZATION_NOT_YET_JOINED,named_meson_binding_map,ONLY_AFTER_INTERNAL_FREEZE,NO,2026,2026-01-15,40dc2587d9ae912d26fafb6b41f300f341d2a1f4bd620ff5b5f03827c39453fe
anchuras,190,EXTERNAL_WIDTH_INVENTORY,1,PDG2026:observable:M022:M022W1:335890,"CHARGED ONLY, WITH FINAL STATE K pi",K_2^*(1430)0 | Kbar_2^*(1430)0 | K_2^*(1430)+ | K_2^*(1430)-,WIDTH,100.0+-2.2,100.0+-2.2,MeV,UNAVAILABLE_IN_SNAPSHOT,UNAVAILABLE_IN_SNAPSHOT,NONE,UNAVAILABLE,2.2364281468619742,2.1785326327209291,COMP-MESON,EXTERNAL_RECORD_ACCOUNTED__INDIVIDUAL_HMT_REALIZATION_NOT_YET_JOINED,named_meson_binding_map,ONLY_AFTER_INTERNAL_FREEZE,NO,2026,2026-01-15,40dc2587d9ae912d26fafb6b41f300f341d2a1f4bd620ff5b5f03827c39453fe
anchuras,191,EXTERNAL_WIDTH_INVENTORY,1,PDG2026:observable:M022:M022W4:335892,NEUTRAL ONLY,K_2^*(1430)0 | Kbar_2^*(1430)0 | K_2^*(1430)+ | K_2^*(1430)-,WIDTH,109+-5,109+-5,MeV,UNAVAILABLE_IN_SNAPSHOT,UNAVAILABLE_IN_SNAPSHOT,NONE,UNAVAILABLE,5.4778171395550794,5.4778171395550794,COMP-MESON,EXTERNAL_RECORD_ACCOUNTED__INDIVIDUAL_HMT_REALIZATION_NOT_YET_JOINED,named_meson_binding_map,ONLY_AFTER_INTERNAL_FREEZE,NO,2026,2026-01-15,40dc2587d9ae912d26fafb6b41f300f341d2a1f4bd620ff5b5f03827c39453fe
anchuras,192,EXTERNAL_WIDTH_INVENTORY,1,PDG2026:observable:M023:M023W:335964,K_2(1770) WIDTH,K_2(1770)0 | Kbar_2(1770)0 | K_2(1770)+ | K_2(1770)-,WIDTH,186+-14,186+-14,MeV,UNAVAILABLE_IN_SNAPSHOT,UNAVAILABLE_IN_SNAPSHOT,NONE,UNAVAILABLE,13.978028299828869,13.96323582174179,COMP-MESON,EXTERNAL_RECORD_ACCOUNTED__INDIVIDUAL_HMT_REALIZATION_NOT_YET_JOINED,named_meson_binding_map,ONLY_AFTER_INTERNAL_FREEZE,NO,2026,2026-01-15,40dc2587d9ae912d26fafb6b41f300f341d2a1f4bd620ff5b5f03827c39453fe
anchuras,193,EXTERNAL_WIDTH_INVENTORY,1,PDG2026:observable:M025:M025W:346344,psi(4160) WIDTH,psi(4160),WIDTH,69+-10,69+-10,MeV,UNAVAILABLE_IN_SNAPSHOT,UNAVAILABLE_IN_SNAPSHOT,NONE,UNAVAILABLE,10.537685232070819,9.6022233874145346,COMP-MESON,EXTERNAL_RECORD_ACCOUNTED__INDIVIDUAL_HMT_REALIZATION_NOT_YET_JOINED,named_meson_binding_map,ONLY_AFTER_INTERNAL_FREEZE,NO,2026,2026-01-15,40dc2587d9ae912d26fafb6b41f300f341d2a1f4bd620ff5b5f03827c39453fe
anchuras,194,EXTERNAL_WIDTH_INVENTORY,1,PDG2026:observable:M026:M026W:343287,eta_c(1S) WIDTH,eta_c(1S),WIDTH,30.0+-0.5,30.0+-0.5,MeV,UNAVAILABLE_IN_SNAPSHOT,UNAVAILABLE_IN_SNAPSHOT,NONE,UNAVAILABLE,0.46062178744488053,0.46062178744488053,COMP-MESON,EXTERNAL_RECORD_ACCOUNTED__INDIVIDUAL_HMT_REALIZATION_NOT_YET_JOINED,named_meson_binding_map,ONLY_AFTER_INTERNAL_FREEZE,NO,2026,2026-01-15,40dc2587d9ae912d26fafb6b41f300f341d2a1f4bd620ff5b5f03827c39453fe
anchuras,195,EXTERNAL_WIDTH_INVENTORY,1,PDG2026:observable:M027:M027WX:334530,eta(1405) WIDTH,eta(1405)0,WIDTH,49.8+2.3-2.0,49.8+2.3-2.0,MeV,UNAVAILABLE_IN_SNAPSHOT,UNAVAILABLE_IN_SNAPSHOT,NONE,UNAVAILABLE,2.2980645831526521,1.9821207426120699,COMP-MESON,EXTERNAL_RECORD_ACCOUNTED__INDIVIDUAL_HMT_REALIZATION_NOT_YET_JOINED,named_meson_binding_map,ONLY_AFTER_INTERNAL_FREEZE,NO,2026,2026-01-15,40dc2587d9ae912d26fafb6b41f300f341d2a1f4bd620ff5b5f03827c39453fe
anchuras,196,EXTERNAL_WIDTH_INVENTORY,1,PDG2026:observable:M027:M027W1:334531,eta pi pi MODE,eta(1405)0,WIDTH,51.1+2.8-2.1,51.1+2.8-2.1,MeV,UNAVAILABLE_IN_SNAPSHOT,UNAVAILABLE_IN_SNAPSHOT,NONE,UNAVAILABLE,2.7979258032466028,2.0581322794155499,COMP-MESON,EXTERNAL_RECORD_ACCOUNTED__INDIVIDUAL_HMT_REALIZATION_NOT_YET_JOINED,named_meson_binding_map,ONLY_AFTER_INTERNAL_FREEZE,NO,2026,2026-01-15,40dc2587d9ae912d26fafb6b41f300f341d2a1f4bd620ff5b5f03827c39453fe
anchuras,197,EXTERNAL_WIDTH_INVENTORY,1,PDG2026:observable:M027:M027W4:334532,K Kbar pi MODE (a_0(980) pi or direct K Kbar pi),eta(1405)0,WIDTH,49+-4,49+-4,MeV,UNAVAILABLE_IN_SNAPSHOT,UNAVAILABLE_IN_SNAPSHOT,NONE,UNAVAILABLE,3.9129589597273662,4.1089639617502112,COMP-MESON,EXTERNAL_RECORD_ACCOUNTED__INDIVIDUAL_HMT_REALIZATION_NOT_YET_JOINED,named_meson_binding_map,ONLY_AFTER_INTERNAL_FREEZE,NO,2026,2026-01-15,40dc2587d9ae912d26fafb6b41f300f341d2a1f4bd620ff5b5f03827c39453fe
anchuras,198,EXTERNAL_WIDTH_INVENTORY,1,PDG2026:observable:M027:M027W2:334533,pi pi gamma MODE,eta(1405)0,WIDTH,89+-17,89+-17,MeV,UNAVAILABLE_IN_SNAPSHOT,UNAVAILABLE_IN_SNAPSHOT,NONE,UNAVAILABLE,17.307932545234081,17.307932545234081,COMP-MESON,EXTERNAL_RECORD_ACCOUNTED__INDIVIDUAL_HMT_REALIZATION_NOT_YET_JOINED,named_meson_binding_map,ONLY_AFTER_INTERNAL_FREEZE,NO,2026,2026-01-15,40dc2587d9ae912d26fafb6b41f300f341d2a1f4bd620ff5b5f03827c39453fe
anchuras,199,EXTERNAL_WIDTH_INVENTORY,1,PDG2026:observable:M027:M027W7:334534,phi gamma MODE,eta(1405)0,WIDTH,86+7-18,86+7-18,MeV,UNAVAILABLE_IN_SNAPSHOT,UNAVAILABLE_IN_SNAPSHOT,NONE,UNAVAILABLE,7.1309185944028277,17.60823670899503,COMP-MESON,EXTERNAL_RECORD_ACCOUNTED__INDIVIDUAL_HMT_REALIZATION_NOT_YET_JOINED,named_meson_binding_map,ONLY_AFTER_INTERNAL_FREEZE,NO,2026,2026-01-15,40dc2587d9ae912d26fafb6b41f300f341d2a1f4bd620ff5b5f03827c39453fe
anchuras,200,EXTERNAL_WIDTH_INVENTORY,1,PDG2026:observable:M028:M028WX:335822,K_1(1270) WIDTH,K_1(1270)0 | Kbar_1(1270)0 | K_1(1270)+ | K_1(1270)-,WIDTH,90+-20,90+-20,MeV,UNAVAILABLE_IN_SNAPSHOT,UNAVAILABLE_IN_SNAPSHOT,NONE,UNAVAILABLE,20,20,COMP-MESON,EXTERNAL_RECORD_ACCOUNTED__INDIVIDUAL_HMT_REALIZATION_NOT_YET_JOINED,named_meson_binding_map,ONLY_AFTER_INTERNAL_FREEZE,NO,2026,2026-01-15,40dc2587d9ae912d26fafb6b41f300f341d2a1f4bd620ff5b5f03827c39453fe
anchuras,201,EXTERNAL_WIDTH_INVENTORY,1,PDG2026:observable:M028:M028W2:335824,"PRODUCED BY K-, BACKWARD SCATTERING, HYPERON EXCHANGE",K_1(1270)0 | Kbar_1(1270)0 | K_1(1270)+ | K_1(1270)-,WIDTH,75+-15,75+-15,MeV,UNAVAILABLE_IN_SNAPSHOT,UNAVAILABLE_IN_SNAPSHOT,NONE,UNAVAILABLE,15,15,COMP-MESON,EXTERNAL_RECORD_ACCOUNTED__INDIVIDUAL_HMT_REALIZATION_NOT_YET_JOINED,named_meson_binding_map,ONLY_AFTER_INTERNAL_FREEZE,NO,2026,2026-01-15,40dc2587d9ae912d26fafb6b41f300f341d2a1f4bd620ff5b5f03827c39453fe
anchuras,202,EXTERNAL_WIDTH_INVENTORY,1,PDG2026:observable:M028:M028W3:335825,PRODUCED BY K BEAMS,K_1(1270)0 | Kbar_1(1270)0 | K_1(1270)+ | K_1(1270)-,WIDTH,90+-8,90+-8,MeV,UNAVAILABLE_IN_SNAPSHOT,UNAVAILABLE_IN_SNAPSHOT,NONE,UNAVAILABLE,8,8,COMP-MESON,EXTERNAL_RECORD_ACCOUNTED__INDIVIDUAL_HMT_REALIZATION_NOT_YET_JOINED,named_meson_binding_map,ONLY_AFTER_INTERNAL_FREEZE,NO,2026,2026-01-15,40dc2587d9ae912d26fafb6b41f300f341d2a1f4bd620ff5b5f03827c39453fe
anchuras,203,EXTERNAL_WIDTH_INVENTORY,1,PDG2026:observable:M028:M028W1:335826,PRODUCED BY BEAMS OTHER THAN K MESONS,K_1(1270)0 | Kbar_1(1270)0 | K_1(1270)+ | K_1(1270)-,WIDTH,126+-16,126+-16,MeV,UNAVAILABLE_IN_SNAPSHOT,UNAVAILABLE_IN_SNAPSHOT,NONE,UNAVAILABLE,16.081957783066429,16.081957783066429,COMP-MESON,EXTERNAL_RECORD_ACCOUNTED__INDIVIDUAL_HMT_REALIZATION_NOT_YET_JOINED,named_meson_binding_map,ONLY_AFTER_INTERNAL_FREEZE,NO,2026,2026-01-15,40dc2587d9ae912d26fafb6b41f300f341d2a1f4bd620ff5b5f03827c39453fe
anchuras,204,EXTERNAL_WIDTH_INVENTORY,1,PDG2026:observable:M028:M028WT:335827,PRODUCED IN tau LEPTON DECAYS,K_1(1270)0 | Kbar_1(1270)0 | K_1(1270)+ | K_1(1270)-,WIDTH,260+120-110,260+120-110,MeV,UNAVAILABLE_IN_SNAPSHOT,UNAVAILABLE_IN_SNAPSHOT,NONE,UNAVAILABLE,120.41594578792299,106.30145812734651,COMP-MESON,EXTERNAL_RECORD_ACCOUNTED__INDIVIDUAL_HMT_REALIZATION_NOT_YET_JOINED,named_meson_binding_map,ONLY_AFTER_INTERNAL_FREEZE,NO,2026,2026-01-15,40dc2587d9ae912d26fafb6b41f300f341d2a1f4bd620ff5b5f03827c39453fe
anchuras,205,EXTERNAL_WIDTH_INVENTORY,1,PDG2026:observable:M029:M029W:346245,X(3940) WIDTH,X(3940),WIDTH,43+28-18,43+28-18,MeV,UNAVAILABLE_IN_SNAPSHOT,UNAVAILABLE_IN_SNAPSHOT,NONE,UNAVAILABLE,28.102438182886321,17.56265521056736,COMP-MESON,EXTERNAL_RECORD_ACCOUNTED__INDIVIDUAL_HMT_REALIZATION_NOT_YET_JOINED,named_meson_binding_map,ONLY_AFTER_INTERNAL_FREEZE,NO,2026,2026-01-15,40dc2587d9ae912d26fafb6b41f300f341d2a1f4bd620ff5b5f03827c39453fe
anchuras,206,EXTERNAL_WIDTH_INVENTORY,1,PDG2026:observable:M030:M030W:334307,h_1(1170) WIDTH,h_1(1170)0,WIDTH,375+-35,375+-35,MeV,UNAVAILABLE_IN_SNAPSHOT,UNAVAILABLE_IN_SNAPSHOT,NONE,UNAVAILABLE,34.525353003264136,34.525353003264136,COMP-MESON,EXTERNAL_RECORD_ACCOUNTED__INDIVIDUAL_HMT_REALIZATION_NOT_YET_JOINED,named_meson_binding_map,ONLY_AFTER_INTERNAL_FREEZE,NO,2026,2026-01-15,40dc2587d9ae912d26fafb6b41f300f341d2a1f4bd620ff5b5f03827c39453fe
anchuras,207,EXTERNAL_WIDTH_INVENTORY,1,PDG2026:observable:M033:M033W3:335260,pi- p --> omega pi0 n,rho_5(2350)0 | rho_5(2350)+ | rho_5(2350)-,WIDTH,400+-100,400+-100,MeV,UNAVAILABLE_IN_SNAPSHOT,UNAVAILABLE_IN_SNAPSHOT,NONE,UNAVAILABLE,100,100,COMP-MESON,EXTERNAL_RECORD_ACCOUNTED__INDIVIDUAL_HMT_REALIZATION_NOT_YET_JOINED,named_meson_binding_map,ONLY_AFTER_INTERNAL_FREEZE,NO,2026,2026-01-15,40dc2587d9ae912d26fafb6b41f300f341d2a1f4bd620ff5b5f03827c39453fe
anchuras,208,EXTERNAL_WIDTH_INVENTORY,1,PDG2026:observable:M034:M034W:334784,pi_2(1670) WIDTH,pi_2(1670)0 | pi_2(1670)+ | pi_2(1670)-,WIDTH,258+8-9,258+8-9,MeV,UNAVAILABLE_IN_SNAPSHOT,UNAVAILABLE_IN_SNAPSHOT,NONE,UNAVAILABLE,7.9945231964062842,9.0326516323147512,COMP-MESON,EXTERNAL_RECORD_ACCOUNTED__INDIVIDUAL_HMT_REALIZATION_NOT_YET_JOINED,named_meson_binding_map,ONLY_AFTER_INTERNAL_FREEZE,NO,2026,2026-01-15,40dc2587d9ae912d26fafb6b41f300f341d2a1f4bd620ff5b5f03827c39453fe
anchuras,209,EXTERNAL_WIDTH_INVENTORY,1,PDG2026:observable:M035:M035W:336017,K_4*(2045) WIDTH,K_4^*(2045)0 | Kbar_4^*(2045)0 | K_4^*(2045)+ | K_4^*(2045)-,WIDTH,199+27-19,199+27-19,MeV,UNAVAILABLE_IN_SNAPSHOT,UNAVAILABLE_IN_SNAPSHOT,NONE,UNAVAILABLE,26.508871026900351,19.300507563547299,COMP-MESON,EXTERNAL_RECORD_ACCOUNTED__INDIVIDUAL_HMT_REALIZATION_NOT_YET_JOINED,named_meson_binding_map,ONLY_AFTER_INTERNAL_FREEZE,NO,2026,2026-01-15,40dc2587d9ae912d26fafb6b41f300f341d2a1f4bd620ff5b5f03827c39453fe
anchuras,210,EXTERNAL_WIDTH_INVENTORY,1,PDG2026:observable:M036:M036W1:334172,a_0(980) WIDTH,a_0(980)0 | a_0(980)+ | a_0(980)-,WIDTH,50 to 100,50 to 100,MeV,UNAVAILABLE_IN_SNAPSHOT,UNAVAILABLE_IN_SNAPSHOT,R,UNAVAILABLE,NOT_APPLICABLE,NOT_APPLICABLE,COMP-MESON,EXTERNAL_RECORD_ACCOUNTED__INDIVIDUAL_HMT_REALIZATION_NOT_YET_JOINED,named_meson_binding_map,ONLY_AFTER_INTERNAL_FREEZE,NO,2026,2026-01-15,40dc2587d9ae912d26fafb6b41f300f341d2a1f4bd620ff5b5f03827c39453fe
anchuras,211,EXTERNAL_WIDTH_INVENTORY,1,PDG2026:observable:M037:M037W:334452,eta(1295) WIDTH,eta(1295)0,WIDTH,55+-5,55+-5,MeV,UNAVAILABLE_IN_SNAPSHOT,UNAVAILABLE_IN_SNAPSHOT,NONE,UNAVAILABLE,5.3662816306481913,5.3662816306481913,COMP-MESON,EXTERNAL_RECORD_ACCOUNTED__INDIVIDUAL_HMT_REALIZATION_NOT_YET_JOINED,named_meson_binding_map,ONLY_AFTER_INTERNAL_FREEZE,NO,2026,2026-01-15,40dc2587d9ae912d26fafb6b41f300f341d2a1f4bd620ff5b5f03827c39453fe
anchuras,212,EXTERNAL_WIDTH_INVENTORY,1,PDG2026:observable:M038:M038W:335003,f_2(1810) WIDTH,f_2(1810)0,WIDTH,197+-22,197+-22,MeV,UNAVAILABLE_IN_SNAPSHOT,UNAVAILABLE_IN_SNAPSHOT,NONE,UNAVAILABLE,21.979426688512731,22.153970300247611,COMP-MESON,EXTERNAL_RECORD_ACCOUNTED__INDIVIDUAL_HMT_REALIZATION_NOT_YET_JOINED,named_meson_binding_map,ONLY_AFTER_INTERNAL_FREEZE,NO,2026,2026-01-15,40dc2587d9ae912d26fafb6b41f300f341d2a1f4bd620ff5b5f03827c39453fe
anchuras,213,EXTERNAL_WIDTH_INVENTORY,1,PDG2026:observable:M040:M040W:336033,K_2(2250) WIDTH,K_2(2250)0 | Kbar_2(2250)0 | K_2(2250)+ | K_2(2250)-,WIDTH,180+-30,180+-30,MeV,UNAVAILABLE_IN_SNAPSHOT,UNAVAILABLE_IN_SNAPSHOT,NONE,UNAVAILABLE,29.99999948657187,29.99999948657187,COMP-MESON,EXTERNAL_RECORD_ACCOUNTED__INDIVIDUAL_HMT_REALIZATION_NOT_YET_JOINED,named_meson_binding_map,ONLY_AFTER_INTERNAL_FREEZE,NO,2026,2026-01-15,40dc2587d9ae912d26fafb6b41f300f341d2a1f4bd620ff5b5f03827c39453fe
anchuras,214,EXTERNAL_WIDTH_INVENTORY,1,PDG2026:observable:M041:M041W4:335245,p p CENTRAL PRODUCTION,f_4(2300)0,WIDTH,250+-80,250+-80,MeV,UNAVAILABLE_IN_SNAPSHOT,UNAVAILABLE_IN_SNAPSHOT,NONE,UNAVAILABLE,80,80,COMP-MESON,EXTERNAL_RECORD_ACCOUNTED__INDIVIDUAL_HMT_REALIZATION_NOT_YET_JOINED,named_meson_binding_map,ONLY_AFTER_INTERNAL_FREEZE,NO,2026,2026-01-15,40dc2587d9ae912d26fafb6b41f300f341d2a1f4bd620ff5b5f03827c39453fe
anchuras,215,EXTERNAL_WIDTH_INVENTORY,1,PDG2026:observable:M042:M042W:335160,"f_2(2150) WIDTH, COMBINED MODES",f_2(2150)0,WIDTH,152+-30,152+-30,MeV,UNAVAILABLE_IN_SNAPSHOT,UNAVAILABLE_IN_SNAPSHOT,NONE,UNAVAILABLE,30.187002348708841,30.187002348708841,COMP-MESON,EXTERNAL_RECORD_ACCOUNTED__INDIVIDUAL_HMT_REALIZATION_NOT_YET_JOINED,named_meson_binding_map,ONLY_AFTER_INTERNAL_FREEZE,NO,2026,2026-01-15,40dc2587d9ae912d26fafb6b41f300f341d2a1f4bd620ff5b5f03827c39453fe
anchuras,216,EXTERNAL_WIDTH_INVENTORY,1,PDG2026:observable:M042:M042W3:335161,eta eta MODE,f_2(2150)0,WIDTH,152+-30,152+-30,MeV,UNAVAILABLE_IN_SNAPSHOT,UNAVAILABLE_IN_SNAPSHOT,NONE,UNAVAILABLE,30.187002348708841,30.187002348708841,COMP-MESON,EXTERNAL_RECORD_ACCOUNTED__INDIVIDUAL_HMT_REALIZATION_NOT_YET_JOINED,named_meson_binding_map,ONLY_AFTER_INTERNAL_FREEZE,NO,2026,2026-01-15,40dc2587d9ae912d26fafb6b41f300f341d2a1f4bd620ff5b5f03827c39453fe
anchuras,217,EXTERNAL_WIDTH_INVENTORY,1,PDG2026:observable:M042:M042W1:335162,pbar p --> pi pi,f_2(2150)0,WIDTH,250,250,MeV,UNAVAILABLE_IN_SNAPSHOT,UNAVAILABLE_IN_SNAPSHOT,NONE,UNAVAILABLE,UNAVAILABLE,UNAVAILABLE,COMP-MESON,EXTERNAL_RECORD_ACCOUNTED__INDIVIDUAL_HMT_REALIZATION_NOT_YET_JOINED,named_meson_binding_map,ONLY_AFTER_INTERNAL_FREEZE,NO,2026,2026-01-15,40dc2587d9ae912d26fafb6b41f300f341d2a1f4bd620ff5b5f03827c39453fe
anchuras,218,EXTERNAL_WIDTH_INVENTORY,1,PDG2026:observable:M045:M045W:334779,omega_3(1670) WIDTH,omega_3(1670)0,WIDTH,168+-10,168+-10,MeV,UNAVAILABLE_IN_SNAPSHOT,UNAVAILABLE_IN_SNAPSHOT,NONE,UNAVAILABLE,10.0179720379382,10.0179720379382,COMP-MESON,EXTERNAL_RECORD_ACCOUNTED__INDIVIDUAL_HMT_REALIZATION_NOT_YET_JOINED,named_meson_binding_map,ONLY_AFTER_INTERNAL_FREEZE,NO,2026,2026-01-15,40dc2587d9ae912d26fafb6b41f300f341d2a1f4bd620ff5b5f03827c39453fe
anchuras,219,EXTERNAL_WIDTH_INVENTORY,1,PDG2026:observable:M047:M047W:347745,Upsilon(4S) WIDTH,Upsilon(4S),WIDTH,20.5+-2.5,20.5+-2.5,MeV,UNAVAILABLE_IN_SNAPSHOT,UNAVAILABLE_IN_SNAPSHOT,NONE,UNAVAILABLE,2.473041036470411,2.473041036470411,COMP-MESON,EXTERNAL_RECORD_ACCOUNTED__INDIVIDUAL_HMT_REALIZATION_NOT_YET_JOINED,named_meson_binding_map,ONLY_AFTER_INTERNAL_FREEZE,NO,2026,2026-01-15,40dc2587d9ae912d26fafb6b41f300f341d2a1f4bd620ff5b5f03827c39453fe
anchuras,220,EXTERNAL_WIDTH_INVENTORY,1,PDG2026:observable:M048:M048W:347661,Upsilon(3S) WIDTH,Upsilon(3S),WIDTH,20.32+-1.85,20.32+-1.85,keV,UNAVAILABLE_IN_SNAPSHOT,UNAVAILABLE_IN_SNAPSHOT,NONE,UNAVAILABLE,1.8500000000000001,1.8500000000000001,COMP-MESON,EXTERNAL_RECORD_ACCOUNTED__INDIVIDUAL_HMT_REALIZATION_NOT_YET_JOINED,named_meson_binding_map,ONLY_AFTER_INTERNAL_FREEZE,NO,2026,2026-01-15,40dc2587d9ae912d26fafb6b41f300f341d2a1f4bd620ff5b5f03827c39453fe
anchuras,221,EXTERNAL_WIDTH_INVENTORY,1,PDG2026:observable:M049:M049W:346838,Upsilon(1S) WIDTH,Upsilon(1S),WIDTH,54.02+-1.25,54.02+-1.25,keV,UNAVAILABLE_IN_SNAPSHOT,UNAVAILABLE_IN_SNAPSHOT,NONE,UNAVAILABLE,1.25,1.25,COMP-MESON,EXTERNAL_RECORD_ACCOUNTED__INDIVIDUAL_HMT_REALIZATION_NOT_YET_JOINED,named_meson_binding_map,ONLY_AFTER_INTERNAL_FREEZE,NO,2026,2026-01-15,40dc2587d9ae912d26fafb6b41f300f341d2a1f4bd620ff5b5f03827c39453fe
anchuras,222,EXTERNAL_WIDTH_INVENTORY,1,PDG2026:observable:M050:M050W:346229,chi_c2(3930) WIDTH,chi_c2(3930),WIDTH,35.2+-2.2,35.2+-2.2,MeV,UNAVAILABLE_IN_SNAPSHOT,UNAVAILABLE_IN_SNAPSHOT,NONE,UNAVAILABLE,2.2286730591186932,2.2286730591186932,COMP-MESON,EXTERNAL_RECORD_ACCOUNTED__INDIVIDUAL_HMT_REALIZATION_NOT_YET_JOINED,named_meson_binding_map,ONLY_AFTER_INTERNAL_FREEZE,NO,2026,2026-01-15,40dc2587d9ae912d26fafb6b41f300f341d2a1f4bd620ff5b5f03827c39453fe
anchuras,223,EXTERNAL_WIDTH_INVENTORY,1,PDG2026:observable:M052:M052W:347288,Upsilon(2S) WIDTH,Upsilon(2S),WIDTH,31.98+-2.63,31.98+-2.63,keV,UNAVAILABLE_IN_SNAPSHOT,UNAVAILABLE_IN_SNAPSHOT,NONE,UNAVAILABLE,2.6299999999999999,2.6299999999999999,COMP-MESON,EXTERNAL_RECORD_ACCOUNTED__INDIVIDUAL_HMT_REALIZATION_NOT_YET_JOINED,named_meson_binding_map,ONLY_AFTER_INTERNAL_FREEZE,NO,2026,2026-01-15,40dc2587d9ae912d26fafb6b41f300f341d2a1f4bd620ff5b5f03827c39453fe
anchuras,224,EXTERNAL_WIDTH_INVENTORY,1,PDG2026:observable:M053:M053W:345870,psi(3770) WIDTH,psi(3770),WIDTH,27.2+-1.0,27.2+-1.0,MeV,UNAVAILABLE_IN_SNAPSHOT,UNAVAILABLE_IN_SNAPSHOT,NONE,UNAVAILABLE,0.9592482270788617,0.9592482270788617,COMP-MESON,EXTERNAL_RECORD_ACCOUNTED__INDIVIDUAL_HMT_REALIZATION_NOT_YET_JOINED,named_meson_binding_map,ONLY_AFTER_INTERNAL_FREEZE,NO,2026,2026-01-15,40dc2587d9ae912d26fafb6b41f300f341d2a1f4bd620ff5b5f03827c39453fe
anchuras,225,EXTERNAL_WIDTH_INVENTORY,1,PDG2026:observable:M054:M054W:335024,phi_3(1850) WIDTH,phi_3(1850)0,WIDTH,87+28-23,87+28-23,MeV,UNAVAILABLE_IN_SNAPSHOT,UNAVAILABLE_IN_SNAPSHOT,NONE,UNAVAILABLE,27.578792949203059,23.092499274786309,COMP-MESON,EXTERNAL_RECORD_ACCOUNTED__INDIVIDUAL_HMT_REALIZATION_NOT_YET_JOINED,named_meson_binding_map,ONLY_AFTER_INTERNAL_FREEZE,NO,2026,2026-01-15,40dc2587d9ae912d26fafb6b41f300f341d2a1f4bd620ff5b5f03827c39453fe
anchuras,226,EXTERNAL_WIDTH_INVENTORY,1,PDG2026:observable:M055:M055W:344599,chi_c1(1P) WIDTH,chi_c1(1P),WIDTH,0.82+-0.04,0.82+-0.04,MeV,UNAVAILABLE_IN_SNAPSHOT,UNAVAILABLE_IN_SNAPSHOT,NONE,UNAVAILABLE,0.041623417330381482,0.041623417330381482,COMP-MESON,EXTERNAL_RECORD_ACCOUNTED__INDIVIDUAL_HMT_REALIZATION_NOT_YET_JOINED,named_meson_binding_map,ONLY_AFTER_INTERNAL_FREEZE,NO,2026,2026-01-15,40dc2587d9ae912d26fafb6b41f300f341d2a1f4bd620ff5b5f03827c39453fe
anchuras,227,EXTERNAL_WIDTH_INVENTORY,1,PDG2026:observable:M056:M056W:344305,chi_c0(1P) WIDTH,chi_c0(1P),WIDTH,12.40+-0.27,12.40+-0.27,MeV,UNAVAILABLE_IN_SNAPSHOT,UNAVAILABLE_IN_SNAPSHOT,NONE,UNAVAILABLE,0.26507716522265817,0.26507716522265817,COMP-MESON,EXTERNAL_RECORD_ACCOUNTED__INDIVIDUAL_HMT_REALIZATION_NOT_YET_JOINED,named_meson_binding_map,ONLY_AFTER_INTERNAL_FREEZE,NO,2026,2026-01-15,40dc2587d9ae912d26fafb6b41f300f341d2a1f4bd620ff5b5f03827c39453fe
anchuras,228,EXTERNAL_WIDTH_INVENTORY,1,PDG2026:observable:M057:M057W:344927,chi_c2(1P) WIDTH,chi_c2(1P),WIDTH,1.94+-0.09,1.94+-0.09,MeV,UNAVAILABLE_IN_SNAPSHOT,UNAVAILABLE_IN_SNAPSHOT,NONE,UNAVAILABLE,0.089048410157366226,0.089048410157366226,COMP-MESON,EXTERNAL_RECORD_ACCOUNTED__INDIVIDUAL_HMT_REALIZATION_NOT_YET_JOINED,named_meson_binding_map,ONLY_AFTER_INTERNAL_FREEZE,NO,2026,2026-01-15,40dc2587d9ae912d26fafb6b41f300f341d2a1f4bd620ff5b5f03827c39453fe
anchuras,229,EXTERNAL_WIDTH_INVENTORY,1,PDG2026:observable:M058:M058W:334464,pi(1300) WIDTH,pi(1300)0 | pi(1300)+ | pi(1300)-,WIDTH,200 TO 600,200 to 600,MeV,UNAVAILABLE_IN_SNAPSHOT,UNAVAILABLE_IN_SNAPSHOT,R,UNAVAILABLE,NOT_APPLICABLE,NOT_APPLICABLE,COMP-MESON,EXTERNAL_RECORD_ACCOUNTED__INDIVIDUAL_HMT_REALIZATION_NOT_YET_JOINED,named_meson_binding_map,ONLY_AFTER_INTERNAL_FREEZE,NO,2026,2026-01-15,40dc2587d9ae912d26fafb6b41f300f341d2a1f4bd620ff5b5f03827c39453fe
anchuras,230,EXTERNAL_WIDTH_INVENTORY,1,PDG2026:observable:M059:M059W:345229,eta_c(2S) WIDTH,eta_c(2S),WIDTH,11.6+-1.4,11.6+-1.4,MeV,UNAVAILABLE_IN_SNAPSHOT,UNAVAILABLE_IN_SNAPSHOT,NONE,UNAVAILABLE,1.4614052143583021,1.424822737204585,COMP-MESON,EXTERNAL_RECORD_ACCOUNTED__INDIVIDUAL_HMT_REALIZATION_NOT_YET_JOINED,named_meson_binding_map,ONLY_AFTER_INTERNAL_FREEZE,NO,2026,2026-01-15,40dc2587d9ae912d26fafb6b41f300f341d2a1f4bd620ff5b5f03827c39453fe
anchuras,231,EXTERNAL_WIDTH_INVENTORY,1,PDG2026:observable:M060:M060W:335976,K_3*(1780) WIDTH,K_3^*(1780)0 | Kbar_3^*(1780)0 | K_3^*(1780)+ | K_3^*(1780)-,WIDTH,161+-17,161+-17,MeV,UNAVAILABLE_IN_SNAPSHOT,UNAVAILABLE_IN_SNAPSHOT,NONE,UNAVAILABLE,16.775777759141921,17.687369336790258,COMP-MESON,EXTERNAL_RECORD_ACCOUNTED__INDIVIDUAL_HMT_REALIZATION_NOT_YET_JOINED,named_meson_binding_map,ONLY_AFTER_INTERNAL_FREEZE,NO,2026,2026-01-15,40dc2587d9ae912d26fafb6b41f300f341d2a1f4bd620ff5b5f03827c39453fe
anchuras,232,EXTERNAL_WIDTH_INVENTORY,1,PDG2026:observable:M061:M061W:337780,D*(2007)0 WIDTH,D^*(2007)0 | Dbar^*(2007)0,WIDTH,<2.1,<2.1,MeV,UNAVAILABLE_IN_SNAPSHOT,UNAVAILABLE_IN_SNAPSHOT,U,90,NOT_APPLICABLE,NOT_APPLICABLE,COMP-MESON,EXTERNAL_RECORD_ACCOUNTED__INDIVIDUAL_HMT_REALIZATION_NOT_YET_JOINED,named_meson_binding_map,ONLY_AFTER_INTERNAL_FREEZE,NO,2026,2026-01-15,40dc2587d9ae912d26fafb6b41f300f341d2a1f4bd620ff5b5f03827c39453fe
anchuras,233,EXTERNAL_WIDTH_INVENTORY,1,PDG2026:observable:M062:M062W:337799,D*(2010)+- WIDTH,D^*(2010)+ | D^*(2010)-,WIDTH,83.4+-1.8,83.4+-1.8,keV,UNAVAILABLE_IN_SNAPSHOT,UNAVAILABLE_IN_SNAPSHOT,NONE,UNAVAILABLE,1.8376713944967871,1.8376713944967871,COMP-MESON,EXTERNAL_RECORD_ACCOUNTED__INDIVIDUAL_HMT_REALIZATION_NOT_YET_JOINED,named_meson_binding_map,ONLY_AFTER_INTERNAL_FREEZE,NO,2026,2026-01-15,40dc2587d9ae912d26fafb6b41f300f341d2a1f4bd620ff5b5f03827c39453fe
anchuras,234,EXTERNAL_WIDTH_INVENTORY,1,PDG2026:observable:M064:M064W:335846,K_1(1400) WIDTH,K_1(1400)0 | Kbar_1(1400)0 | K_1(1400)+ | K_1(1400)-,WIDTH,174+-13,174+-13,MeV,UNAVAILABLE_IN_SNAPSHOT,UNAVAILABLE_IN_SNAPSHOT,NONE,UNAVAILABLE,12.611123655153699,12.601160968977361,COMP-MESON,EXTERNAL_RECORD_ACCOUNTED__INDIVIDUAL_HMT_REALIZATION_NOT_YET_JOINED,named_meson_binding_map,ONLY_AFTER_INTERNAL_FREEZE,NO,2026,2026-01-15,40dc2587d9ae912d26fafb6b41f300f341d2a1f4bd620ff5b5f03827c39453fe
anchuras,235,EXTERNAL_WIDTH_INVENTORY,1,PDG2026:observable:M065:M065W0:334881,eta rho0 AND pi+ pi- MODES,rho(1700)0 | rho(1700)+ | rho(1700)-,WIDTH,250+-100,250+-100,MeV,UNAVAILABLE_IN_SNAPSHOT,UNAVAILABLE_IN_SNAPSHOT,NONE,UNAVAILABLE,100,100,COMP-MESON,EXTERNAL_RECORD_ACCOUNTED__INDIVIDUAL_HMT_REALIZATION_NOT_YET_JOINED,named_meson_binding_map,ONLY_AFTER_INTERNAL_FREEZE,NO,2026,2026-01-15,40dc2587d9ae912d26fafb6b41f300f341d2a1f4bd620ff5b5f03827c39453fe
anchuras,236,EXTERNAL_WIDTH_INVENTORY,1,PDG2026:observable:M067:M067W1:334826,e+ e- PRODUCTION,phi(1680)0,WIDTH,150+-50,150+-50,MeV,UNAVAILABLE_IN_SNAPSHOT,UNAVAILABLE_IN_SNAPSHOT,NONE,UNAVAILABLE,50,50,COMP-MESON,EXTERNAL_RECORD_ACCOUNTED__INDIVIDUAL_HMT_REALIZATION_NOT_YET_JOINED,named_meson_binding_map,ONLY_AFTER_INTERNAL_FREEZE,NO,2026,2026-01-15,40dc2587d9ae912d26fafb6b41f300f341d2a1f4bd620ff5b5f03827c39453fe
anchuras,237,EXTERNAL_WIDTH_INVENTORY,1,PDG2026:observable:M068:M068W:334928,f_0(1710) Breit-Wigner WIDTH,f_0(1710)0,WIDTH,149+-10,149+-10,MeV,UNAVAILABLE_IN_SNAPSHOT,UNAVAILABLE_IN_SNAPSHOT,NONE,UNAVAILABLE,10.92532406271617,9.8917234176496365,COMP-MESON,EXTERNAL_RECORD_ACCOUNTED__INDIVIDUAL_HMT_REALIZATION_NOT_YET_JOINED,named_meson_binding_map,ONLY_AFTER_INTERNAL_FREEZE,NO,2026,2026-01-15,40dc2587d9ae912d26fafb6b41f300f341d2a1f4bd620ff5b5f03827c39453fe
anchuras,238,EXTERNAL_WIDTH_INVENTORY,1,PDG2026:observable:M070:M070W:343506,J/psi(1S) WIDTH,J/psi(1S),WIDTH,92.6+-1.7,92.6+-1.7,keV,UNAVAILABLE_IN_SNAPSHOT,UNAVAILABLE_IN_SNAPSHOT,NONE,UNAVAILABLE,1.7182511605720709,1.7119132837100099,COMP-MESON,EXTERNAL_RECORD_ACCOUNTED__INDIVIDUAL_HMT_REALIZATION_NOT_YET_JOINED,named_meson_binding_map,ONLY_AFTER_INTERNAL_FREEZE,NO,2026,2026-01-15,40dc2587d9ae912d26fafb6b41f300f341d2a1f4bd620ff5b5f03827c39453fe
anchuras,239,EXTERNAL_WIDTH_INVENTORY,1,PDG2026:observable:M071:M071W:345302,psi(2S) WIDTH,psi(2S),WIDTH,293+-9,293+-9,keV,UNAVAILABLE_IN_SNAPSHOT,UNAVAILABLE_IN_SNAPSHOT,NONE,UNAVAILABLE,9.1216171327147304,9.1216171327147304,COMP-MESON,EXTERNAL_RECORD_ACCOUNTED__INDIVIDUAL_HMT_REALIZATION_NOT_YET_JOINED,named_meson_binding_map,ONLY_AFTER_INTERNAL_FREEZE,NO,2026,2026-01-15,40dc2587d9ae912d26fafb6b41f300f341d2a1f4bd620ff5b5f03827c39453fe
anchuras,240,EXTERNAL_WIDTH_INVENTORY,1,PDG2026:observable:M072:M072W:346250,psi(4040) WIDTH,psi(4040),WIDTH,84+-12,84+-12,MeV,UNAVAILABLE_IN_SNAPSHOT,UNAVAILABLE_IN_SNAPSHOT,NONE,UNAVAILABLE,12.300000000000001,12.300000000000001,COMP-MESON,EXTERNAL_RECORD_ACCOUNTED__INDIVIDUAL_HMT_REALIZATION_NOT_YET_JOINED,named_meson_binding_map,ONLY_AFTER_INTERNAL_FREEZE,NO,2026,2026-01-15,40dc2587d9ae912d26fafb6b41f300f341d2a1f4bd620ff5b5f03827c39453fe
anchuras,241,EXTERNAL_WIDTH_INVENTORY,1,PDG2026:observable:M073:M073W:346685,psi(4415) WIDTH,psi(4415),WIDTH,110+-13,110+-13,MeV,UNAVAILABLE_IN_SNAPSHOT,UNAVAILABLE_IN_SNAPSHOT,NONE,UNAVAILABLE,13.28782789930157,13.28782789930157,COMP-MESON,EXTERNAL_RECORD_ACCOUNTED__INDIVIDUAL_HMT_REALIZATION_NOT_YET_JOINED,named_meson_binding_map,ONLY_AFTER_INTERNAL_FREEZE,NO,2026,2026-01-15,40dc2587d9ae912d26fafb6b41f300f341d2a1f4bd620ff5b5f03827c39453fe
anchuras,242,EXTERNAL_WIDTH_INVENTORY,1,PDG2026:observable:M074:M074W:346461,psi(4230) WIDTH,psi(4230),WIDTH,51+-7,51+-7,MeV,UNAVAILABLE_IN_SNAPSHOT,UNAVAILABLE_IN_SNAPSHOT,NONE,UNAVAILABLE,6.9972903898004102,6.8824149029832364,COMP-MESON,EXTERNAL_RECORD_ACCOUNTED__INDIVIDUAL_HMT_REALIZATION_NOT_YET_JOINED,named_meson_binding_map,ONLY_AFTER_INTERNAL_FREEZE,NO,2026,2026-01-15,40dc2587d9ae912d26fafb6b41f300f341d2a1f4bd620ff5b5f03827c39453fe
anchuras,243,EXTERNAL_WIDTH_INVENTORY,1,PDG2026:observable:M075:M075W:334967,pi(1800) WIDTH,pi(1800)0 | pi(1800)+ | pi(1800)-,WIDTH,215+7-8,215+7-8,MeV,UNAVAILABLE_IN_SNAPSHOT,UNAVAILABLE_IN_SNAPSHOT,NONE,UNAVAILABLE,6.706577420969178,8.1998993000281608,COMP-MESON,EXTERNAL_RECORD_ACCOUNTED__INDIVIDUAL_HMT_REALIZATION_NOT_YET_JOINED,named_meson_binding_map,ONLY_AFTER_INTERNAL_FREEZE,NO,2026,2026-01-15,40dc2587d9ae912d26fafb6b41f300f341d2a1f4bd620ff5b5f03827c39453fe
anchuras,244,EXTERNAL_WIDTH_INVENTORY,1,PDG2026:observable:M082:M082W:335204,f_J(2220) WIDTH,f_J(2220)0,WIDTH,23+8-7,23+8-7,MeV,UNAVAILABLE_IN_SNAPSHOT,UNAVAILABLE_IN_SNAPSHOT,NONE,UNAVAILABLE,8.2907233968204679,6.995398154183702,COMP-MESON,EXTERNAL_RECORD_ACCOUNTED__INDIVIDUAL_HMT_REALIZATION_NOT_YET_JOINED,named_meson_binding_map,ONLY_AFTER_INTERNAL_FREEZE,NO,2026,2026-01-15,40dc2587d9ae912d26fafb6b41f300f341d2a1f4bd620ff5b5f03827c39453fe
anchuras,245,EXTERNAL_WIDTH_INVENTORY,1,PDG2026:observable:M084:M084W:334659,f_1(1510) WIDTH,f_1(1510)0,WIDTH,73+-25,73+-25,MeV,UNAVAILABLE_IN_SNAPSHOT,UNAVAILABLE_IN_SNAPSHOT,NONE,UNAVAILABLE,25.12449045628555,25.12449045628555,COMP-MESON,EXTERNAL_RECORD_ACCOUNTED__INDIVIDUAL_HMT_REALIZATION_NOT_YET_JOINED,named_meson_binding_map,ONLY_AFTER_INTERNAL_FREEZE,NO,2026,2026-01-15,40dc2587d9ae912d26fafb6b41f300f341d2a1f4bd620ff5b5f03827c39453fe
anchuras,246,EXTERNAL_WIDTH_INVENTORY,1,PDG2026:observable:M085:M085W:335012,X(1835) WIDTH,X(1835)0,WIDTH,130+-50,130+-50,MeV,UNAVAILABLE_IN_SNAPSHOT,UNAVAILABLE_IN_SNAPSHOT,NONE,UNAVAILABLE,46.521424857963467,48.805761882116528,COMP-MESON,EXTERNAL_RECORD_ACCOUNTED__INDIVIDUAL_HMT_REALIZATION_NOT_YET_JOINED,named_meson_binding_map,ONLY_AFTER_INTERNAL_FREEZE,NO,2026,2026-01-15,40dc2587d9ae912d26fafb6b41f300f341d2a1f4bd620ff5b5f03827c39453fe
anchuras,247,EXTERNAL_WIDTH_INVENTORY,1,PDG2026:observable:M089:M089W:335278,f_6(2510) WIDTH,f_6(2510)0,WIDTH,260+-40,260+-40,MeV,UNAVAILABLE_IN_SNAPSHOT,UNAVAILABLE_IN_SNAPSHOT,NONE,UNAVAILABLE,42.426406871192853,42.426406871192853,COMP-MESON,EXTERNAL_RECORD_ACCOUNTED__INDIVIDUAL_HMT_REALIZATION_NOT_YET_JOINED,named_meson_binding_map,ONLY_AFTER_INTERNAL_FREEZE,NO,2026,2026-01-15,40dc2587d9ae912d26fafb6b41f300f341d2a1f4bd620ff5b5f03827c39453fe
anchuras,248,EXTERNAL_WIDTH_INVENTORY,1,PDG2026:observable:M090:M090W:336035,K_3(2320) WIDTH,K_3(2320)0 | Kbar_3(2320)0 | K_3(2320)+ | K_3(2320)-,WIDTH,150+-30,150+-30,MeV,UNAVAILABLE_IN_SNAPSHOT,UNAVAILABLE_IN_SNAPSHOT,NONE,UNAVAILABLE,30,30,COMP-MESON,EXTERNAL_RECORD_ACCOUNTED__INDIVIDUAL_HMT_REALIZATION_NOT_YET_JOINED,named_meson_binding_map,ONLY_AFTER_INTERNAL_FREEZE,NO,2026,2026-01-15,40dc2587d9ae912d26fafb6b41f300f341d2a1f4bd620ff5b5f03827c39453fe
anchuras,249,EXTERNAL_WIDTH_INVENTORY,1,PDG2026:observable:M092:M092W:347805,Upsilon(10860) WIDTH,Upsilon(10860),WIDTH,37+-4,37+-4,MeV,UNAVAILABLE_IN_SNAPSHOT,UNAVAILABLE_IN_SNAPSHOT,NONE,UNAVAILABLE,4.2665620718053896,3.9767365312397489,COMP-MESON,EXTERNAL_RECORD_ACCOUNTED__INDIVIDUAL_HMT_REALIZATION_NOT_YET_JOINED,named_meson_binding_map,ONLY_AFTER_INTERNAL_FREEZE,NO,2026,2026-01-15,40dc2587d9ae912d26fafb6b41f300f341d2a1f4bd620ff5b5f03827c39453fe
anchuras,250,EXTERNAL_WIDTH_INVENTORY,1,PDG2026:observable:M093:M093W:347906,Upsilon(11020) WIDTH,Upsilon(11020),WIDTH,24+8-6,24+8-6,MeV,UNAVAILABLE_IN_SNAPSHOT,UNAVAILABLE_IN_SNAPSHOT,NONE,UNAVAILABLE,7.7077065645708283,6.4571558257821966,COMP-MESON,EXTERNAL_RECORD_ACCOUNTED__INDIVIDUAL_HMT_REALIZATION_NOT_YET_JOINED,named_meson_binding_map,ONLY_AFTER_INTERNAL_FREEZE,NO,2026,2026-01-15,40dc2587d9ae912d26fafb6b41f300f341d2a1f4bd620ff5b5f03827c39453fe
anchuras,251,EXTERNAL_WIDTH_INVENTORY,1,PDG2026:observable:M094:M094W:335866,K*(1410) WIDTH,K^*(1410)0 | Kbar^*(1410)0 | K^*(1410)+ | K^*(1410)-,WIDTH,232+-21,232+-21,MeV,UNAVAILABLE_IN_SNAPSHOT,UNAVAILABLE_IN_SNAPSHOT,NONE,UNAVAILABLE,21.38237216053956,21.38237216053956,COMP-MESON,EXTERNAL_RECORD_ACCOUNTED__INDIVIDUAL_HMT_REALIZATION_NOT_YET_JOINED,named_meson_binding_map,ONLY_AFTER_INTERNAL_FREEZE,NO,2026,2026-01-15,40dc2587d9ae912d26fafb6b41f300f341d2a1f4bd620ff5b5f03827c39453fe
anchuras,252,EXTERNAL_WIDTH_INVENTORY,1,PDG2026:observable:M095:M095W:335947,K*(1680) WIDTH,K^*(1680)0 | Kbar^*(1680)0 | K^*(1680)+ | K^*(1680)-,WIDTH,320+-110,320+-110,MeV,UNAVAILABLE_IN_SNAPSHOT,UNAVAILABLE_IN_SNAPSHOT,NONE,UNAVAILABLE,107.33834598069571,107.80756648292591,COMP-MESON,EXTERNAL_RECORD_ACCOUNTED__INDIVIDUAL_HMT_REALIZATION_NOT_YET_JOINED,named_meson_binding_map,ONLY_AFTER_INTERNAL_FREEZE,NO,2026,2026-01-15,40dc2587d9ae912d26fafb6b41f300f341d2a1f4bd620ff5b5f03827c39453fe
anchuras,253,EXTERNAL_WIDTH_INVENTORY,1,PDG2026:observable:M098:M098W:336037,K_5*(2380) WIDTH,K_5^*(2380)0 | Kbar_5^*(2380)0 | K_5^*(2380)+ | K_5^*(2380)-,WIDTH,180+-50,180+-50,MeV,UNAVAILABLE_IN_SNAPSHOT,UNAVAILABLE_IN_SNAPSHOT,NONE,UNAVAILABLE,48.918299234540036,48.918299234540036,COMP-MESON,EXTERNAL_RECORD_ACCOUNTED__INDIVIDUAL_HMT_REALIZATION_NOT_YET_JOINED,named_meson_binding_map,ONLY_AFTER_INTERNAL_FREEZE,NO,2026,2026-01-15,40dc2587d9ae912d26fafb6b41f300f341d2a1f4bd620ff5b5f03827c39453fe
anchuras,254,EXTERNAL_WIDTH_INVENTORY,1,PDG2026:observable:M099:M099W:335945,K_1(1650) WIDTH,K_1(1650)0 | Kbar_1(1650)0 | K_1(1650)+ | K_1(1650)-,WIDTH,150+-50,150+-50,MeV,UNAVAILABLE_IN_SNAPSHOT,UNAVAILABLE_IN_SNAPSHOT,NONE,UNAVAILABLE,50,50,COMP-MESON,EXTERNAL_RECORD_ACCOUNTED__INDIVIDUAL_HMT_REALIZATION_NOT_YET_JOINED,named_meson_binding_map,ONLY_AFTER_INTERNAL_FREEZE,NO,2026,2026-01-15,40dc2587d9ae912d26fafb6b41f300f341d2a1f4bd620ff5b5f03827c39453fe
anchuras,255,EXTERNAL_WIDTH_INVENTORY,1,PDG2026:observable:M101:M101W:335033,eta_2(1870) WIDTH,eta_2(1870)0,WIDTH,225+-14,225+-14,MeV,UNAVAILABLE_IN_SNAPSHOT,UNAVAILABLE_IN_SNAPSHOT,NONE,UNAVAILABLE,14.06500754800965,14.06500754800965,COMP-MESON,EXTERNAL_RECORD_ACCOUNTED__INDIVIDUAL_HMT_REALIZATION_NOT_YET_JOINED,named_meson_binding_map,ONLY_AFTER_INTERNAL_FREEZE,NO,2026,2026-01-15,40dc2587d9ae912d26fafb6b41f300f341d2a1f4bd620ff5b5f03827c39453fe
anchuras,256,EXTERNAL_WIDTH_INVENTORY,1,PDG2026:observable:M103:M103W:335181,phi(2170) WIDTH,phi(2170)0 | phi(2170)+ | phi(2170)-,WIDTH,88+26-21,88+26-21,MeV,UNAVAILABLE_IN_SNAPSHOT,UNAVAILABLE_IN_SNAPSHOT,NONE,UNAVAILABLE,25.84561826322167,20.63586514647379,COMP-MESON,EXTERNAL_RECORD_ACCOUNTED__INDIVIDUAL_HMT_REALIZATION_NOT_YET_JOINED,named_meson_binding_map,ONLY_AFTER_INTERNAL_FREEZE,NO,2026,2026-01-15,40dc2587d9ae912d26fafb6b41f300f341d2a1f4bd620ff5b5f03827c39453fe
anchuras,257,EXTERNAL_WIDTH_INVENTORY,1,PDG2026:observable:M104:M104W:336004,K_2*(1980) WIDTH,K_2^*(1980)0 | Kbar_2^*(1980)0 | K_2^*(1980)+ | K_2^*(1980)-,WIDTH,348+50-30,348+50-30,MeV,UNAVAILABLE_IN_SNAPSHOT,UNAVAILABLE_IN_SNAPSHOT,NONE,UNAVAILABLE,47.995015852124311,29.822700392743499,COMP-MESON,EXTERNAL_RECORD_ACCOUNTED__INDIVIDUAL_HMT_REALIZATION_NOT_YET_JOINED,named_meson_binding_map,ONLY_AFTER_INTERNAL_FREEZE,NO,2026,2026-01-15,40dc2587d9ae912d26fafb6b41f300f341d2a1f4bd620ff5b5f03827c39453fe
anchuras,258,EXTERNAL_WIDTH_INVENTORY,1,PDG2026:observable:M105:M105W0:334593,rho(1450) WIDTH,rho(1450)0 | rho(1450)+ | rho(1450)-,WIDTH,400 +-60,400+-60,MeV,UNAVAILABLE_IN_SNAPSHOT,UNAVAILABLE_IN_SNAPSHOT,NONE,UNAVAILABLE,60,60,COMP-MESON,EXTERNAL_RECORD_ACCOUNTED__INDIVIDUAL_HMT_REALIZATION_NOT_YET_JOINED,named_meson_binding_map,ONLY_AFTER_INTERNAL_FREEZE,NO,2026,2026-01-15,40dc2587d9ae912d26fafb6b41f300f341d2a1f4bd620ff5b5f03827c39453fe
anchuras,259,EXTERNAL_WIDTH_INVENTORY,1,PDG2026:observable:M106:M106W:335113,f_2(2010) WIDTH,f_2(2010)0,WIDTH,200+-60,200+-60,MeV,UNAVAILABLE_IN_SNAPSHOT,UNAVAILABLE_IN_SNAPSHOT,NONE,UNAVAILABLE,67,62,COMP-MESON,EXTERNAL_RECORD_ACCOUNTED__INDIVIDUAL_HMT_REALIZATION_NOT_YET_JOINED,named_meson_binding_map,ONLY_AFTER_INTERNAL_FREEZE,NO,2026,2026-01-15,40dc2587d9ae912d26fafb6b41f300f341d2a1f4bd620ff5b5f03827c39453fe
anchuras,260,EXTERNAL_WIDTH_INVENTORY,1,PDG2026:observable:M107:M107W:335235,f_2(2300) WIDTH,f_2(2300)0,WIDTH,150+-40,150+-40,MeV,UNAVAILABLE_IN_SNAPSHOT,UNAVAILABLE_IN_SNAPSHOT,NONE,UNAVAILABLE,41,41,COMP-MESON,EXTERNAL_RECORD_ACCOUNTED__INDIVIDUAL_HMT_REALIZATION_NOT_YET_JOINED,named_meson_binding_map,ONLY_AFTER_INTERNAL_FREEZE,NO,2026,2026-01-15,40dc2587d9ae912d26fafb6b41f300f341d2a1f4bd620ff5b5f03827c39453fe
anchuras,261,EXTERNAL_WIDTH_INVENTORY,1,PDG2026:observable:M108:M108W:335253,f_2(2340) WIDTH,f_2(2340)0,WIDTH,331+27-18,331+27-18,MeV,UNAVAILABLE_IN_SNAPSHOT,UNAVAILABLE_IN_SNAPSHOT,NONE,UNAVAILABLE,27.40609495783065,17.599089776866538,COMP-MESON,EXTERNAL_RECORD_ACCOUNTED__INDIVIDUAL_HMT_REALIZATION_NOT_YET_JOINED,named_meson_binding_map,ONLY_AFTER_INTERNAL_FREEZE,NO,2026,2026-01-15,40dc2587d9ae912d26fafb6b41f300f341d2a1f4bd620ff5b5f03827c39453fe
anchuras,262,EXTERNAL_WIDTH_INVENTORY,1,PDG2026:observable:M109:M109W:334553,h_1(1415) WIDTH,h_1(1415)0,WIDTH,78+-11,78+-11,MeV,UNAVAILABLE_IN_SNAPSHOT,UNAVAILABLE_IN_SNAPSHOT,NONE,UNAVAILABLE,10.894768418419931,10.35476102684496,COMP-MESON,EXTERNAL_RECORD_ACCOUNTED__INDIVIDUAL_HMT_REALIZATION_NOT_YET_JOINED,named_meson_binding_map,ONLY_AFTER_INTERNAL_FREEZE,NO,2026,2026-01-15,40dc2587d9ae912d26fafb6b41f300f341d2a1f4bd620ff5b5f03827c39453fe
anchuras,263,EXTERNAL_WIDTH_INVENTORY,1,PDG2026:observable:M112:M112W:335200,f_0(2200) WIDTH,f_0(2200)0,WIDTH,210+-40,210+-40,MeV,UNAVAILABLE_IN_SNAPSHOT,UNAVAILABLE_IN_SNAPSHOT,NONE,UNAVAILABLE,41.638656568206237,42.173251605545943,COMP-MESON,EXTERNAL_RECORD_ACCOUNTED__INDIVIDUAL_HMT_REALIZATION_NOT_YET_JOINED,named_meson_binding_map,ONLY_AFTER_INTERNAL_FREEZE,NO,2026,2026-01-15,40dc2587d9ae912d26fafb6b41f300f341d2a1f4bd620ff5b5f03827c39453fe
anchuras,264,EXTERNAL_WIDTH_INVENTORY,1,PDG2026:observable:M114:M114W:334951,eta(1760) WIDTH,eta(1760)0,WIDTH,240+-30,240+-30,MeV,UNAVAILABLE_IN_SNAPSHOT,UNAVAILABLE_IN_SNAPSHOT,NONE,UNAVAILABLE,30.76700000392665,28.819843599945798,COMP-MESON,EXTERNAL_RECORD_ACCOUNTED__INDIVIDUAL_HMT_REALIZATION_NOT_YET_JOINED,named_meson_binding_map,ONLY_AFTER_INTERNAL_FREEZE,NO,2026,2026-01-15,40dc2587d9ae912d26fafb6b41f300f341d2a1f4bd620ff5b5f03827c39453fe
anchuras,265,EXTERNAL_WIDTH_INVENTORY,1,PDG2026:observable:M115:M115W:335233,eta(2225) WIDTH,eta(2225)0,WIDTH,185+40-20,185+40-20,MeV,UNAVAILABLE_IN_SNAPSHOT,UNAVAILABLE_IN_SNAPSHOT,NONE,UNAVAILABLE,36.894036523364868,19.6088060392476,COMP-MESON,EXTERNAL_RECORD_ACCOUNTED__INDIVIDUAL_HMT_REALIZATION_NOT_YET_JOINED,named_meson_binding_map,ONLY_AFTER_INTERNAL_FREEZE,NO,2026,2026-01-15,40dc2587d9ae912d26fafb6b41f300f341d2a1f4bd620ff5b5f03827c39453fe
anchuras,266,EXTERNAL_WIDTH_INVENTORY,1,PDG2026:observable:M117:M117W:334753,f_2(1640) WIDTH,f_2(1640)0,WIDTH,100+60-40,100+60-40,MeV,UNAVAILABLE_IN_SNAPSHOT,UNAVAILABLE_IN_SNAPSHOT,NONE,UNAVAILABLE,55.007270965809873,40.999999045433803,COMP-MESON,EXTERNAL_RECORD_ACCOUNTED__INDIVIDUAL_HMT_REALIZATION_NOT_YET_JOINED,named_meson_binding_map,ONLY_AFTER_INTERNAL_FREEZE,NO,2026,2026-01-15,40dc2587d9ae912d26fafb6b41f300f341d2a1f4bd620ff5b5f03827c39453fe
anchuras,267,EXTERNAL_WIDTH_INVENTORY,1,PDG2026:observable:M121:M121W:338489,D_s1(2536)+- WIDTH,D_s1(2536)+ | D_s1(2536)-,WIDTH,0.92+-0.05,0.92+-0.05,MeV,UNAVAILABLE_IN_SNAPSHOT,UNAVAILABLE_IN_SNAPSHOT,NONE,UNAVAILABLE,0.049965313904947829,0.049965313904947829,COMP-MESON,EXTERNAL_RECORD_ACCOUNTED__INDIVIDUAL_HMT_REALIZATION_NOT_YET_JOINED,named_meson_binding_map,ONLY_AFTER_INTERNAL_FREEZE,NO,2026,2026-01-15,40dc2587d9ae912d26fafb6b41f300f341d2a1f4bd620ff5b5f03827c39453fe
anchuras,268,EXTERNAL_WIDTH_INVENTORY,1,PDG2026:observable:M123:M123W:334704,f_2(1565) WIDTH,f_2(1565)0,WIDTH,132+-23,132+-23,MeV,UNAVAILABLE_IN_SNAPSHOT,UNAVAILABLE_IN_SNAPSHOT,NONE,UNAVAILABLE,22.499999212159828,22.499999212159828,COMP-MESON,EXTERNAL_RECORD_ACCOUNTED__INDIVIDUAL_HMT_REALIZATION_NOT_YET_JOINED,named_meson_binding_map,ONLY_AFTER_INTERNAL_FREEZE,NO,2026,2026-01-15,40dc2587d9ae912d26fafb6b41f300f341d2a1f4bd620ff5b5f03827c39453fe
anchuras,269,EXTERNAL_WIDTH_INVENTORY,1,PDG2026:observable:M125:M125W:334568,omega(1420) WIDTH,omega(1420)0,WIDTH,290+-190,290+-190,MeV,UNAVAILABLE_IN_SNAPSHOT,UNAVAILABLE_IN_SNAPSHOT,NONE,UNAVAILABLE,190,190,COMP-MESON,EXTERNAL_RECORD_ACCOUNTED__INDIVIDUAL_HMT_REALIZATION_NOT_YET_JOINED,named_meson_binding_map,ONLY_AFTER_INTERNAL_FREEZE,NO,2026,2026-01-15,40dc2587d9ae912d26fafb6b41f300f341d2a1f4bd620ff5b5f03827c39453fe
anchuras,270,EXTERNAL_WIDTH_INVENTORY,1,PDG2026:observable:M126:M126W:334769,omega(1650) WIDTH,omega(1650)0,WIDTH,150+-50,150+-50,MeV,UNAVAILABLE_IN_SNAPSHOT,UNAVAILABLE_IN_SNAPSHOT,NONE,UNAVAILABLE,50,50,COMP-MESON,EXTERNAL_RECORD_ACCOUNTED__INDIVIDUAL_HMT_REALIZATION_NOT_YET_JOINED,named_meson_binding_map,ONLY_AFTER_INTERNAL_FREEZE,NO,2026,2026-01-15,40dc2587d9ae912d26fafb6b41f300f341d2a1f4bd620ff5b5f03827c39453fe
anchuras,271,EXTERNAL_WIDTH_INVENTORY,1,PDG2026:observable:M134:M134W:336000,K_0*(1950) WIDTH,K_0^*(1950)0 | Kbar_0^*(1950)0 | K_0^*(1950)+ | K_0^*(1950)-,WIDTH,170+-50,170+-50,MeV,UNAVAILABLE_IN_SNAPSHOT,UNAVAILABLE_IN_SNAPSHOT,NONE,UNAVAILABLE,49.977634624979267,49.977634624979267,COMP-MESON,EXTERNAL_RECORD_ACCOUNTED__INDIVIDUAL_HMT_REALIZATION_NOT_YET_JOINED,named_meson_binding_map,ONLY_AFTER_INTERNAL_FREEZE,NO,2026,2026-01-15,40dc2587d9ae912d26fafb6b41f300f341d2a1f4bd620ff5b5f03827c39453fe
anchuras,272,EXTERNAL_WIDTH_INVENTORY,1,PDG2026:observable:M135:M135W:335076,f_2(1950) WIDTH,f_2(1950)0,WIDTH,464+-24,464+-24,MeV,UNAVAILABLE_IN_SNAPSHOT,UNAVAILABLE_IN_SNAPSHOT,NONE,UNAVAILABLE,24.233608393520051,23.858175111592871,COMP-MESON,EXTERNAL_RECORD_ACCOUNTED__INDIVIDUAL_HMT_REALIZATION_NOT_YET_JOINED,named_meson_binding_map,ONLY_AFTER_INTERNAL_FREEZE,NO,2026,2026-01-15,40dc2587d9ae912d26fafb6b41f300f341d2a1f4bd620ff5b5f03827c39453fe
anchuras,273,EXTERNAL_WIDTH_INVENTORY,1,PDG2026:observable:M142:M142W2:335059,f_2(1910) omega omega MODE,f_2(1910)0,WIDTH,167+-21,167+-21,MeV,UNAVAILABLE_IN_SNAPSHOT,UNAVAILABLE_IN_SNAPSHOT,NONE,UNAVAILABLE,20.593210779464879,20.593210779464879,COMP-MESON,EXTERNAL_RECORD_ACCOUNTED__INDIVIDUAL_HMT_REALIZATION_NOT_YET_JOINED,named_meson_binding_map,ONLY_AFTER_INTERNAL_FREEZE,NO,2026,2026-01-15,40dc2587d9ae912d26fafb6b41f300f341d2a1f4bd620ff5b5f03827c39453fe
anchuras,274,EXTERNAL_WIDTH_INVENTORY,1,PDG2026:observable:M142:M142W3:335060,f_2(1910) eta eta' MODE,f_2(1910)0,WIDTH,140+-40,140+-40,MeV,UNAVAILABLE_IN_SNAPSHOT,UNAVAILABLE_IN_SNAPSHOT,NONE,UNAVAILABLE,41,41,COMP-MESON,EXTERNAL_RECORD_ACCOUNTED__INDIVIDUAL_HMT_REALIZATION_NOT_YET_JOINED,named_meson_binding_map,ONLY_AFTER_INTERNAL_FREEZE,NO,2026,2026-01-15,40dc2587d9ae912d26fafb6b41f300f341d2a1f4bd620ff5b5f03827c39453fe
anchuras,275,EXTERNAL_WIDTH_INVENTORY,1,PDG2026:observable:M144:M144W:344852,h_c(1P) WIDTH,h_c(1P),WIDTH,0.78+-0.28,0.78+-0.28,MeV,UNAVAILABLE_IN_SNAPSHOT,UNAVAILABLE_IN_SNAPSHOT,NONE,UNAVAILABLE,0.29546573405388321,0.26832815729997478,COMP-MESON,EXTERNAL_RECORD_ACCOUNTED__INDIVIDUAL_HMT_REALIZATION_NOT_YET_JOINED,named_meson_binding_map,ONLY_AFTER_INTERNAL_FREEZE,NO,2026,2026-01-15,40dc2587d9ae912d26fafb6b41f300f341d2a1f4bd620ff5b5f03827c39453fe
anchuras,276,EXTERNAL_WIDTH_INVENTORY,1,PDG2026:observable:M146:M146W:335991,K_2(1820) WIDTH,K_2(1820)0 | Kbar_2(1820)0 | K_2(1820)+ | K_2(1820)-,WIDTH,264+-34,264+-34,MeV,UNAVAILABLE_IN_SNAPSHOT,UNAVAILABLE_IN_SNAPSHOT,NONE,UNAVAILABLE,33.911162815562037,33.585154163911888,COMP-MESON,EXTERNAL_RECORD_ACCOUNTED__INDIVIDUAL_HMT_REALIZATION_NOT_YET_JOINED,named_meson_binding_map,ONLY_AFTER_INTERNAL_FREEZE,NO,2026,2026-01-15,40dc2587d9ae912d26fafb6b41f300f341d2a1f4bd620ff5b5f03827c39453fe
anchuras,277,EXTERNAL_WIDTH_INVENTORY,1,PDG2026:observable:M147:M147W:334507,Full width (Breit-Wigner),f_0(1370)0,WIDTH,200 to 500,200 to 500,MeV,UNAVAILABLE_IN_SNAPSHOT,UNAVAILABLE_IN_SNAPSHOT,R,UNAVAILABLE,NOT_APPLICABLE,NOT_APPLICABLE,COMP-MESON,EXTERNAL_RECORD_ACCOUNTED__INDIVIDUAL_HMT_REALIZATION_NOT_YET_JOINED,named_meson_binding_map,ONLY_AFTER_INTERNAL_FREEZE,NO,2026,2026-01-15,40dc2587d9ae912d26fafb6b41f300f341d2a1f4bd620ff5b5f03827c39453fe
anchuras,278,EXTERNAL_WIDTH_INVENTORY,1,PDG2026:observable:M148:M148W:338511,D_s2*(2573) WIDTH,D_s2^*(2573)+ | D_s2^*(2573)-,WIDTH,16.9+-0.7,16.9+-0.7,MeV,UNAVAILABLE_IN_SNAPSHOT,UNAVAILABLE_IN_SNAPSHOT,NONE,UNAVAILABLE,0.73972013426443928,0.73758653054042789,COMP-MESON,EXTERNAL_RECORD_ACCOUNTED__INDIVIDUAL_HMT_REALIZATION_NOT_YET_JOINED,named_meson_binding_map,ONLY_AFTER_INTERNAL_FREEZE,NO,2026,2026-01-15,40dc2587d9ae912d26fafb6b41f300f341d2a1f4bd620ff5b5f03827c39453fe
anchuras,279,EXTERNAL_WIDTH_INVENTORY,1,PDG2026:observable:M149:M149W:334580,a_0(1450) WIDTH,a_0(1450)0 | a_0(1450)+ | a_0(1450)-,WIDTH,258+-14,258+-14,MeV,UNAVAILABLE_IN_SNAPSHOT,UNAVAILABLE_IN_SNAPSHOT,NONE,UNAVAILABLE,14.000000098926851,14.000000098926851,COMP-MESON,EXTERNAL_RECORD_ACCOUNTED__INDIVIDUAL_HMT_REALIZATION_NOT_YET_JOINED,named_meson_binding_map,ONLY_AFTER_INTERNAL_FREEZE,NO,2026,2026-01-15,40dc2587d9ae912d26fafb6b41f300f341d2a1f4bd620ff5b5f03827c39453fe
anchuras,280,EXTERNAL_WIDTH_INVENTORY,1,PDG2026:observable:M151:M151W:342552,B_J*(5732) WIDTH,B_J^*(5732)0 | Bbar_J^*(5732)0 | B_J^*(5732)+ | B_J^*(5732)-,WIDTH,128+-18,128+-18,MeV,UNAVAILABLE_IN_SNAPSHOT,UNAVAILABLE_IN_SNAPSHOT,NONE,UNAVAILABLE,18.222158456767119,18.222158456767119,COMP-MESON,EXTERNAL_RECORD_ACCOUNTED__INDIVIDUAL_HMT_REALIZATION_NOT_YET_JOINED,named_meson_binding_map,ONLY_AFTER_INTERNAL_FREEZE,NO,2026,2026-01-15,40dc2587d9ae912d26fafb6b41f300f341d2a1f4bd620ff5b5f03827c39453fe
anchuras,281,EXTERNAL_WIDTH_INVENTORY,1,PDG2026:observable:M152:M152W:334629,f_0(1500) WIDTH,f_0(1500)0,WIDTH,108+-33,108+-33,MeV,UNAVAILABLE_IN_SNAPSHOT,UNAVAILABLE_IN_SNAPSHOT,NONE,UNAVAILABLE,33,33,COMP-MESON,EXTERNAL_RECORD_ACCOUNTED__INDIVIDUAL_HMT_REALIZATION_NOT_YET_JOINED,named_meson_binding_map,ONLY_AFTER_INTERNAL_FREEZE,NO,2026,2026-01-15,40dc2587d9ae912d26fafb6b41f300f341d2a1f4bd620ff5b5f03827c39453fe
anchuras,282,EXTERNAL_WIDTH_INVENTORY,1,PDG2026:observable:M153:M153W:343152,B_sJ*(5850) WIDTH,B_sJ^*(5850)0 | Bbar_sJ^*(5850)0,WIDTH,47+-22,47+-22,MeV,UNAVAILABLE_IN_SNAPSHOT,UNAVAILABLE_IN_SNAPSHOT,NONE,UNAVAILABLE,22,22,COMP-MESON,EXTERNAL_RECORD_ACCOUNTED__INDIVIDUAL_HMT_REALIZATION_NOT_YET_JOINED,named_meson_binding_map,ONLY_AFTER_INTERNAL_FREEZE,NO,2026,2026-01-15,40dc2587d9ae912d26fafb6b41f300f341d2a1f4bd620ff5b5f03827c39453fe
anchuras,283,EXTERNAL_WIDTH_INVENTORY,1,PDG2026:observable:M154:M154W:334759,eta_2(1645) WIDTH,eta_2(1645)0,WIDTH,181+-11,181+-11,MeV,UNAVAILABLE_IN_SNAPSHOT,UNAVAILABLE_IN_SNAPSHOT,NONE,UNAVAILABLE,10.785744799202121,10.49166410643209,COMP-MESON,EXTERNAL_RECORD_ACCOUNTED__INDIVIDUAL_HMT_REALIZATION_NOT_YET_JOINED,named_meson_binding_map,ONLY_AFTER_INTERNAL_FREEZE,NO,2026,2026-01-15,40dc2587d9ae912d26fafb6b41f300f341d2a1f4bd620ff5b5f03827c39453fe
anchuras,284,EXTERNAL_WIDTH_INVENTORY,1,PDG2026:observable:M156:M156W:335121,f_0(2020) WIDTH,f_0(2020)0,WIDTH,440+-50,440+-50,MeV,UNAVAILABLE_IN_SNAPSHOT,UNAVAILABLE_IN_SNAPSHOT,NONE,UNAVAILABLE,46.173585522460783,49.162994213127419,COMP-MESON,EXTERNAL_RECORD_ACCOUNTED__INDIVIDUAL_HMT_REALIZATION_NOT_YET_JOINED,named_meson_binding_map,ONLY_AFTER_INTERNAL_FREEZE,NO,2026,2026-01-15,40dc2587d9ae912d26fafb6b41f300f341d2a1f4bd620ff5b5f03827c39453fe
anchuras,285,EXTERNAL_WIDTH_INVENTORY,1,PDG2026:observable:M158:M158W:337855,D*(2640)+- WIDTH,D^*(2640)0 | Dbar^*(2640)0 | D^*(2640)+ | D^*(2640)-,WIDTH,<15,<15,MeV,UNAVAILABLE_IN_SNAPSHOT,UNAVAILABLE_IN_SNAPSHOT,U,95,NOT_APPLICABLE,NOT_APPLICABLE,COMP-MESON,EXTERNAL_RECORD_ACCOUNTED__INDIVIDUAL_HMT_REALIZATION_NOT_YET_JOINED,named_meson_binding_map,ONLY_AFTER_INTERNAL_FREEZE,NO,2026,2026-01-15,40dc2587d9ae912d26fafb6b41f300f341d2a1f4bd620ff5b5f03827c39453fe
anchuras,286,EXTERNAL_WIDTH_INVENTORY,1,PDG2026:observable:M159:M159W:346205,chi_c0(3915) WIDTH,chi_c0(3915),WIDTH,20+-4,20+-4,MeV,UNAVAILABLE_IN_SNAPSHOT,UNAVAILABLE_IN_SNAPSHOT,NONE,UNAVAILABLE,3.923709318376599,3.8485732714118699,COMP-MESON,EXTERNAL_RECORD_ACCOUNTED__INDIVIDUAL_HMT_REALIZATION_NOT_YET_JOINED,named_meson_binding_map,ONLY_AFTER_INTERNAL_FREEZE,NO,2026,2026-01-15,40dc2587d9ae912d26fafb6b41f300f341d2a1f4bd620ff5b5f03827c39453fe
anchuras,287,EXTERNAL_WIDTH_INVENTORY,1,PDG2026:observable:M160:M160W:335943,K(1630) WIDTH,K(1630)0 | Kbar(1630)0 | K(1630)+ | K(1630)-,WIDTH,16+19-16,16+19-16,MeV,UNAVAILABLE_IN_SNAPSHOT,UNAVAILABLE_IN_SNAPSHOT,NONE,UNAVAILABLE,19,16,COMP-MESON,EXTERNAL_RECORD_ACCOUNTED__INDIVIDUAL_HMT_REALIZATION_NOT_YET_JOINED,named_meson_binding_map,ONLY_AFTER_INTERNAL_FREEZE,NO,2026,2026-01-15,40dc2587d9ae912d26fafb6b41f300f341d2a1f4bd620ff5b5f03827c39453fe
anchuras,288,EXTERNAL_WIDTH_INVENTORY,1,PDG2026:observable:M161:M161W:334741,a_1(1640) WIDTH,a_1(1640)0 | a_1(1640)+ | a_1(1640)-,WIDTH,250+-40,250+-40,MeV,UNAVAILABLE_IN_SNAPSHOT,UNAVAILABLE_IN_SNAPSHOT,NONE,UNAVAILABLE,38.768026106973267,38.004464447238831,COMP-MESON,EXTERNAL_RECORD_ACCOUNTED__INDIVIDUAL_HMT_REALIZATION_NOT_YET_JOINED,named_meson_binding_map,ONLY_AFTER_INTERNAL_FREEZE,NO,2026,2026-01-15,40dc2587d9ae912d26fafb6b41f300f341d2a1f4bd620ff5b5f03827c39453fe
anchuras,289,EXTERNAL_WIDTH_INVENTORY,1,PDG2026:observable:M162:M162W:334904,a_2(1700) WIDTH,a_2(1700)0 | a_2(1700)+ | a_2(1700)-,WIDTH,380+60-50,380+60-50,MeV,UNAVAILABLE_IN_SNAPSHOT,UNAVAILABLE_IN_SNAPSHOT,NONE,UNAVAILABLE,56.802156616143733,49.91978684730767,COMP-MESON,EXTERNAL_RECORD_ACCOUNTED__INDIVIDUAL_HMT_REALIZATION_NOT_YET_JOINED,named_meson_binding_map,ONLY_AFTER_INTERNAL_FREEZE,NO,2026,2026-01-15,40dc2587d9ae912d26fafb6b41f300f341d2a1f4bd620ff5b5f03827c39453fe
anchuras,290,EXTERNAL_WIDTH_INVENTORY,1,PDG2026:observable:M164:M164WEP:334726,pi_1(1600) WIDTH (eta pi mode),pi_1(1600)0 | pi_1(1600)+ | pi_1(1600)-,WIDTH,330+-35,330+-35,MeV,UNAVAILABLE_IN_SNAPSHOT,UNAVAILABLE_IN_SNAPSHOT,NONE,UNAVAILABLE,34.727689315250451,34.693151629682987,COMP-MESON,EXTERNAL_RECORD_ACCOUNTED__INDIVIDUAL_HMT_REALIZATION_NOT_YET_JOINED,named_meson_binding_map,ONLY_AFTER_INTERNAL_FREEZE,NO,2026,2026-01-15,40dc2587d9ae912d26fafb6b41f300f341d2a1f4bd620ff5b5f03827c39453fe
anchuras,291,EXTERNAL_WIDTH_INVENTORY,1,PDG2026:observable:M164:M164W:334727,pi_1(1600) WIDTH (non-eta pi mode),pi_1(1600)0 | pi_1(1600)+ | pi_1(1600)-,WIDTH,370+50-60,370+50-60,MeV,UNAVAILABLE_IN_SNAPSHOT,UNAVAILABLE_IN_SNAPSHOT,NONE,UNAVAILABLE,50.324516391842117,56.454714048381128,COMP-MESON,EXTERNAL_RECORD_ACCOUNTED__INDIVIDUAL_HMT_REALIZATION_NOT_YET_JOINED,named_meson_binding_map,ONLY_AFTER_INTERNAL_FREEZE,NO,2026,2026-01-15,40dc2587d9ae912d26fafb6b41f300f341d2a1f4bd620ff5b5f03827c39453fe
anchuras,292,EXTERNAL_WIDTH_INVENTORY,1,PDG2026:observable:M166:M166W:334721,h_1(1595) WIDTH,h_1(1595)0,WIDTH,380+90-120,380+90-120,MeV,UNAVAILABLE_IN_SNAPSHOT,UNAVAILABLE_IN_SNAPSHOT,NONE,UNAVAILABLE,92.195444572928878,116.61903789690599,COMP-MESON,EXTERNAL_RECORD_ACCOUNTED__INDIVIDUAL_HMT_REALIZATION_NOT_YET_JOINED,named_meson_binding_map,ONLY_AFTER_INTERNAL_FREEZE,NO,2026,2026-01-15,40dc2587d9ae912d26fafb6b41f300f341d2a1f4bd620ff5b5f03827c39453fe
anchuras,293,EXTERNAL_WIDTH_INVENTORY,1,PDG2026:observable:M168:M168W:335157,f_0(2100) WIDTH,f_0(2100)0,WIDTH,287+32-24,287+32-24,MeV,UNAVAILABLE_IN_SNAPSHOT,UNAVAILABLE_IN_SNAPSHOT,NONE,UNAVAILABLE,31.594915701364421,24.048675270055991,COMP-MESON,EXTERNAL_RECORD_ACCOUNTED__INDIVIDUAL_HMT_REALIZATION_NOT_YET_JOINED,named_meson_binding_map,ONLY_AFTER_INTERNAL_FREEZE,NO,2026,2026-01-15,40dc2587d9ae912d26fafb6b41f300f341d2a1f4bd620ff5b5f03827c39453fe
anchuras,294,EXTERNAL_WIDTH_INVENTORY,1,PDG2026:observable:M171:M171W:346826,eta_b(1S) WIDTH,eta_b(1S),WIDTH,10+5-4,10+5-4,MeV,UNAVAILABLE_IN_SNAPSHOT,UNAVAILABLE_IN_SNAPSHOT,NONE,UNAVAILABLE,4.7684157959520306,3.6148198760107491,COMP-MESON,EXTERNAL_RECORD_ACCOUNTED__INDIVIDUAL_HMT_REALIZATION_NOT_YET_JOINED,named_meson_binding_map,ONLY_AFTER_INTERNAL_FREEZE,NO,2026,2026-01-15,40dc2587d9ae912d26fafb6b41f300f341d2a1f4bd620ff5b5f03827c39453fe
anchuras,295,EXTERNAL_WIDTH_INVENTORY,1,PDG2026:observable:M172:M172W:338433,D_s0*(2317)+- WIDTH,D_s0^*(2317)+ | D_s0^*(2317)-,WIDTH,< 3.8,<3.8,MeV,UNAVAILABLE_IN_SNAPSHOT,UNAVAILABLE_IN_SNAPSHOT,U,95,NOT_APPLICABLE,NOT_APPLICABLE,COMP-MESON,EXTERNAL_RECORD_ACCOUNTED__INDIVIDUAL_HMT_REALIZATION_NOT_YET_JOINED,named_meson_binding_map,ONLY_AFTER_INTERNAL_FREEZE,NO,2026,2026-01-15,40dc2587d9ae912d26fafb6b41f300f341d2a1f4bd620ff5b5f03827c39453fe
anchuras,296,EXTERNAL_WIDTH_INVENTORY,1,PDG2026:observable:M173:M173W:338454,D_s1(2460)+- WIDTH,D_s1(2460)+ | D_s1(2460)-,WIDTH,< 3.5,<3.5,MeV,UNAVAILABLE_IN_SNAPSHOT,UNAVAILABLE_IN_SNAPSHOT,U,95,NOT_APPLICABLE,NOT_APPLICABLE,COMP-MESON,EXTERNAL_RECORD_ACCOUNTED__INDIVIDUAL_HMT_REALIZATION_NOT_YET_JOINED,named_meson_binding_map,ONLY_AFTER_INTERNAL_FREEZE,NO,2026,2026-01-15,40dc2587d9ae912d26fafb6b41f300f341d2a1f4bd620ff5b5f03827c39453fe
anchuras,297,EXTERNAL_WIDTH_INVENTORY,1,PDG2026:observable:M174:M174W:335787,K_0*(700) Breit-Wigner Width,K_0^*(700)0 | Kbar_0^*(700)0 | K_0^*(700)+ | K_0^*(700)-,WIDTH,463+-27,463+-27,MeV,UNAVAILABLE_IN_SNAPSHOT,UNAVAILABLE_IN_SNAPSHOT,NONE,UNAVAILABLE,28.018020010586849,25.969205598480212,COMP-MESON,EXTERNAL_RECORD_ACCOUNTED__INDIVIDUAL_HMT_REALIZATION_NOT_YET_JOINED,named_meson_binding_map,ONLY_AFTER_INTERNAL_FREEZE,NO,2026,2026-01-15,40dc2587d9ae912d26fafb6b41f300f341d2a1f4bd620ff5b5f03827c39453fe
anchuras,298,EXTERNAL_WIDTH_INVENTORY,1,PDG2026:observable:M175:M175W5:334617,eta(1475) WIDTH,eta(1475)0,WIDTH,96+-9,96+-9,MeV,UNAVAILABLE_IN_SNAPSHOT,UNAVAILABLE_IN_SNAPSHOT,NONE,UNAVAILABLE,9.1647781281613359,8.6589105601013205,COMP-MESON,EXTERNAL_RECORD_ACCOUNTED__INDIVIDUAL_HMT_REALIZATION_NOT_YET_JOINED,named_meson_binding_map,ONLY_AFTER_INTERNAL_FREEZE,NO,2026,2026-01-15,40dc2587d9ae912d26fafb6b41f300f341d2a1f4bd620ff5b5f03827c39453fe
anchuras,299,EXTERNAL_WIDTH_INVENTORY,1,PDG2026:observable:M176:M176W:346132,chi_c1(3872) WIDTH,chi_c1(3872),WIDTH,1.19+-0.21,1.19+-0.21,MeV,UNAVAILABLE_IN_SNAPSHOT,UNAVAILABLE_IN_SNAPSHOT,NONE,UNAVAILABLE,0.21446141015052739,0.21212796092607489,COMP-MESON,EXTERNAL_RECORD_ACCOUNTED__INDIVIDUAL_HMT_REALIZATION_NOT_YET_JOINED,named_meson_binding_map,ONLY_AFTER_INTERNAL_FREEZE,NO,2026,2026-01-15,40dc2587d9ae912d26fafb6b41f300f341d2a1f4bd620ff5b5f03827c39453fe
anchuras,300,EXTERNAL_WIDTH_INVENTORY,1,PDG2026:observable:M180:M180W:337828,D_1(2430)0 WIDTH,D_1(2430)0 | Dbar_1(2430)0,WIDTH,314+-29,314+-29,MeV,UNAVAILABLE_IN_SNAPSHOT,UNAVAILABLE_IN_SNAPSHOT,NONE,UNAVAILABLE,28.68695276836397,28.327914686041321,COMP-MESON,EXTERNAL_RECORD_ACCOUNTED__INDIVIDUAL_HMT_REALIZATION_NOT_YET_JOINED,named_meson_binding_map,ONLY_AFTER_INTERNAL_FREEZE,NO,2026,2026-01-15,40dc2587d9ae912d26fafb6b41f300f341d2a1f4bd620ff5b5f03827c39453fe
anchuras,301,EXTERNAL_WIDTH_INVENTORY,1,PDG2026:observable:M181:M181W:346636,psi(4360) WIDTH,psi(4360),WIDTH,124+-13,124+-13,MeV,UNAVAILABLE_IN_SNAPSHOT,UNAVAILABLE_IN_SNAPSHOT,NONE,UNAVAILABLE,13.061124706808121,13.28650418227447,COMP-MESON,EXTERNAL_RECORD_ACCOUNTED__INDIVIDUAL_HMT_REALIZATION_NOT_YET_JOINED,named_meson_binding_map,ONLY_AFTER_INTERNAL_FREEZE,NO,2026,2026-01-15,40dc2587d9ae912d26fafb6b41f300f341d2a1f4bd620ff5b5f03827c39453fe
anchuras,302,EXTERNAL_WIDTH_INVENTORY,1,PDG2026:observable:M182:M182W:338525,D_s1*(2700)+ WIDTH,D_s1^*(2700)+ | D_s1^*(2700)-,WIDTH,122+-10,122+-10,MeV,UNAVAILABLE_IN_SNAPSHOT,UNAVAILABLE_IN_SNAPSHOT,NONE,UNAVAILABLE,10.543417520412129,10.06094705301401,COMP-MESON,EXTERNAL_RECORD_ACCOUNTED__INDIVIDUAL_HMT_REALIZATION_NOT_YET_JOINED,named_meson_binding_map,ONLY_AFTER_INTERNAL_FREEZE,NO,2026,2026-01-15,40dc2587d9ae912d26fafb6b41f300f341d2a1f4bd620ff5b5f03827c39453fe
anchuras,303,EXTERNAL_WIDTH_INVENTORY,1,PDG2026:observable:M185:M185W:335044,pi_2(1880) WIDTH,pi_2(1880)0,WIDTH,237+33-30,237+33-30,MeV,UNAVAILABLE_IN_SNAPSHOT,UNAVAILABLE_IN_SNAPSHOT,NONE,UNAVAILABLE,33.317197463990517,29.502658037886111,COMP-MESON,EXTERNAL_RECORD_ACCOUNTED__INDIVIDUAL_HMT_REALIZATION_NOT_YET_JOINED,named_meson_binding_map,ONLY_AFTER_INTERNAL_FREEZE,NO,2026,2026-01-15,40dc2587d9ae912d26fafb6b41f300f341d2a1f4bd620ff5b5f03827c39453fe
anchuras,304,EXTERNAL_WIDTH_INVENTORY,1,PDG2026:observable:M186:M186W:343141,B_s2*(5840)0 WIDTH,B_s2^*(5840)0 | Bbar_s2^*(5840)0,WIDTH,1.49+-0.27,1.49+-0.27,MeV,UNAVAILABLE_IN_SNAPSHOT,UNAVAILABLE_IN_SNAPSHOT,NONE,UNAVAILABLE,0.26660479598163422,0.26660479598163422,COMP-MESON,EXTERNAL_RECORD_ACCOUNTED__INDIVIDUAL_HMT_REALIZATION_NOT_YET_JOINED,named_meson_binding_map,ONLY_AFTER_INTERNAL_FREEZE,NO,2026,2026-01-15,40dc2587d9ae912d26fafb6b41f300f341d2a1f4bd620ff5b5f03827c39453fe
anchuras,305,EXTERNAL_WIDTH_INVENTORY,1,PDG2026:observable:M187:M187W:343133,B_s1(5830)0 WIDTH,B_s1(5830)0 | Bbar_s1(5830)0,WIDTH,0.5+-0.4,0.5+-0.4,MeV,UNAVAILABLE_IN_SNAPSHOT,UNAVAILABLE_IN_SNAPSHOT,NONE,UNAVAILABLE,0.42426406871192851,0.42426406871192851,COMP-MESON,EXTERNAL_RECORD_ACCOUNTED__INDIVIDUAL_HMT_REALIZATION_NOT_YET_JOINED,named_meson_binding_map,ONLY_AFTER_INTERNAL_FREEZE,NO,2026,2026-01-15,40dc2587d9ae912d26fafb6b41f300f341d2a1f4bd620ff5b5f03827c39453fe
anchuras,306,EXTERNAL_WIDTH_INVENTORY,1,PDG2026:observable:M188:M188W:334715,rho(1570) WIDTH,rho(1570)0,WIDTH,140+-90,140+-90,MeV,UNAVAILABLE_IN_SNAPSHOT,UNAVAILABLE_IN_SNAPSHOT,NONE,UNAVAILABLE,86.452298986203942,86.452298986203942,COMP-MESON,EXTERNAL_RECORD_ACCOUNTED__INDIVIDUAL_HMT_REALIZATION_NOT_YET_JOINED,named_meson_binding_map,ONLY_AFTER_INTERNAL_FREEZE,NO,2026,2026-01-15,40dc2587d9ae912d26fafb6b41f300f341d2a1f4bd620ff5b5f03827c39453fe
anchuras,307,EXTERNAL_WIDTH_INVENTORY,1,PDG2026:observable:M189:M189W:346768,psi(4660) WIDTH,psi(4660),WIDTH,55+-9,55+-9,MeV,UNAVAILABLE_IN_SNAPSHOT,UNAVAILABLE_IN_SNAPSHOT,NONE,UNAVAILABLE,8.889722918699217,8.4099139618655006,COMP-MESON,EXTERNAL_RECORD_ACCOUNTED__INDIVIDUAL_HMT_REALIZATION_NOT_YET_JOINED,named_meson_binding_map,ONLY_AFTER_INTERNAL_FREEZE,NO,2026,2026-01-15,40dc2587d9ae912d26fafb6b41f300f341d2a1f4bd620ff5b5f03827c39453fe
anchuras,308,EXTERNAL_WIDTH_INVENTORY,1,PDG2026:observable:M190:M190W:346452,X(4160) WIDTH,X(4160),WIDTH,136+60-35,136+60-35,MeV,UNAVAILABLE_IN_SNAPSHOT,UNAVAILABLE_IN_SNAPSHOT,NONE,UNAVAILABLE,56.539220923817354,34.625230725662142,COMP-MESON,EXTERNAL_RECORD_ACCOUNTED__INDIVIDUAL_HMT_REALIZATION_NOT_YET_JOINED,named_meson_binding_map,ONLY_AFTER_INTERNAL_FREEZE,NO,2026,2026-01-15,40dc2587d9ae912d26fafb6b41f300f341d2a1f4bd620ff5b5f03827c39453fe
anchuras,309,EXTERNAL_WIDTH_INVENTORY,1,PDG2026:observable:M191:M191W:347991,T_c_cbar(4050)+ WIDTH,T_c_cbar(4050)+,WIDTH,82+50-28,82+50-28,MeV,UNAVAILABLE_IN_SNAPSHOT,UNAVAILABLE_IN_SNAPSHOT,NONE,UNAVAILABLE,51.478150704934997,27.802877548915689,COMP-MESON,EXTERNAL_RECORD_ACCOUNTED__INDIVIDUAL_HMT_REALIZATION_NOT_YET_JOINED,named_meson_binding_map,ONLY_AFTER_INTERNAL_FREEZE,NO,2026,2026-01-15,40dc2587d9ae912d26fafb6b41f300f341d2a1f4bd620ff5b5f03827c39453fe
anchuras,310,EXTERNAL_WIDTH_INVENTORY,1,PDG2026:observable:M192:M192W:348027,T_c_cbar(4250)+ WIDTH,T_c_cbar(4250)+,WIDTH,180+320-70,180+320-70,MeV,UNAVAILABLE_IN_SNAPSHOT,UNAVAILABLE_IN_SNAPSHOT,NONE,UNAVAILABLE,320.58072306363027,72.401657439591816,COMP-MESON,EXTERNAL_RECORD_ACCOUNTED__INDIVIDUAL_HMT_REALIZATION_NOT_YET_JOINED,named_meson_binding_map,ONLY_AFTER_INTERNAL_FREEZE,NO,2026,2026-01-15,40dc2587d9ae912d26fafb6b41f300f341d2a1f4bd620ff5b5f03827c39453fe
anchuras,311,EXTERNAL_WIDTH_INVENTORY,1,PDG2026:observable:M193:M193W:346337,chi_c1(4140) WIDTH,chi_c1(4140),WIDTH,19+7-5,19+7-5,MeV,UNAVAILABLE_IN_SNAPSHOT,UNAVAILABLE_IN_SNAPSHOT,NONE,UNAVAILABLE,6.5586673407753064,5.2758202510488337,COMP-MESON,EXTERNAL_RECORD_ACCOUNTED__INDIVIDUAL_HMT_REALIZATION_NOT_YET_JOINED,named_meson_binding_map,ONLY_AFTER_INTERNAL_FREEZE,NO,2026,2026-01-15,40dc2587d9ae912d26fafb6b41f300f341d2a1f4bd620ff5b5f03827c39453fe
anchuras,312,EXTERNAL_WIDTH_INVENTORY,1,PDG2026:observable:M194:M194W:346629,X(4350) WIDTH,X(4350),WIDTH,13+18-10,13+18-10,MeV,UNAVAILABLE_IN_SNAPSHOT,UNAVAILABLE_IN_SNAPSHOT,NONE,UNAVAILABLE,18.439088914585771,9.8488578017961039,COMP-MESON,EXTERNAL_RECORD_ACCOUNTED__INDIVIDUAL_HMT_REALIZATION_NOT_YET_JOINED,named_meson_binding_map,ONLY_AFTER_INTERNAL_FREEZE,NO,2026,2026-01-15,40dc2587d9ae912d26fafb6b41f300f341d2a1f4bd620ff5b5f03827c39453fe
anchuras,313,EXTERNAL_WIDTH_INVENTORY,1,PDG2026:observable:M195:M195W:348031,T_c_cbar_1(4430)+ WIDTH,T_c_cbar_1(4430)+,WIDTH,189+-29,189+-29,MeV,UNAVAILABLE_IN_SNAPSHOT,UNAVAILABLE_IN_SNAPSHOT,NONE,UNAVAILABLE,28.960862620750699,29.212281692432189,COMP-MESON,EXTERNAL_RECORD_ACCOUNTED__INDIVIDUAL_HMT_REALIZATION_NOT_YET_JOINED,named_meson_binding_map,ONLY_AFTER_INTERNAL_FREEZE,NO,2026,2026-01-15,40dc2587d9ae912d26fafb6b41f300f341d2a1f4bd620ff5b5f03827c39453fe
anchuras,314,EXTERNAL_WIDTH_INVENTORY,1,PDG2026:observable:M196:M196W:338534,D_s1*(2860)+ WIDTH,D_s1^*(2860)+ | D_s1^*(2860)-,WIDTH,160+-80,160+-80,MeV,UNAVAILABLE_IN_SNAPSHOT,UNAVAILABLE_IN_SNAPSHOT,NONE,UNAVAILABLE,80.361682411457764,80.361682411457764,COMP-MESON,EXTERNAL_RECORD_ACCOUNTED__INDIVIDUAL_HMT_REALIZATION_NOT_YET_JOINED,named_meson_binding_map,ONLY_AFTER_INTERNAL_FREEZE,NO,2026,2026-01-15,40dc2587d9ae912d26fafb6b41f300f341d2a1f4bd620ff5b5f03827c39453fe
anchuras,315,EXTERNAL_WIDTH_INVENTORY,1,PDG2026:observable:M197:M197W:338545,D_sJ(3040)+ WIDTH,D_sJ(3040)+ | D_sJ(3040)-,WIDTH,240+-60,240+-60,MeV,UNAVAILABLE_IN_SNAPSHOT,UNAVAILABLE_IN_SNAPSHOT,NONE,UNAVAILABLE,57.801384066473702,54.671747731346578,COMP-MESON,EXTERNAL_RECORD_ACCOUNTED__INDIVIDUAL_HMT_REALIZATION_NOT_YET_JOINED,named_meson_binding_map,ONLY_AFTER_INTERNAL_FREEZE,NO,2026,2026-01-15,40dc2587d9ae912d26fafb6b41f300f341d2a1f4bd620ff5b5f03827c39453fe
anchuras,316,EXTERNAL_WIDTH_INVENTORY,1,PDG2026:observable:M198:M198W:337844,D_0(2550)0 WIDTH,D_0(2550)0 | Dbar_0(2550)0 | D_0(2550)+ | D_0(2550)-,WIDTH,165+-24,165+-24,MeV,UNAVAILABLE_IN_SNAPSHOT,UNAVAILABLE_IN_SNAPSHOT,NONE,UNAVAILABLE,23.747553397709549,23.747553397709549,COMP-MESON,EXTERNAL_RECORD_ACCOUNTED__INDIVIDUAL_HMT_REALIZATION_NOT_YET_JOINED,named_meson_binding_map,ONLY_AFTER_INTERNAL_FREEZE,NO,2026,2026-01-15,40dc2587d9ae912d26fafb6b41f300f341d2a1f4bd620ff5b5f03827c39453fe
anchuras,317,EXTERNAL_WIDTH_INVENTORY,1,PDG2026:observable:M199:M199W:337847,D_1*(2600)0 WIDTH,D_1^*(2600)0 | Dbar_1^*(2600)0 | D_1^*(2600)+ | D_1^*(2600)-,WIDTH,141+-23,141+-23,MeV,UNAVAILABLE_IN_SNAPSHOT,UNAVAILABLE_IN_SNAPSHOT,NONE,UNAVAILABLE,22.836524044183388,22.836524044183388,COMP-MESON,EXTERNAL_RECORD_ACCOUNTED__INDIVIDUAL_HMT_REALIZATION_NOT_YET_JOINED,named_meson_binding_map,ONLY_AFTER_INTERNAL_FREEZE,NO,2026,2026-01-15,40dc2587d9ae912d26fafb6b41f300f341d2a1f4bd620ff5b5f03827c39453fe
anchuras,318,EXTERNAL_WIDTH_INVENTORY,1,PDG2026:observable:M200:M200W:347283,eta_b(2S) WIDTH,eta_b(2S),WIDTH,< 24,<24,MeV,UNAVAILABLE_IN_SNAPSHOT,UNAVAILABLE_IN_SNAPSHOT,U,90,NOT_APPLICABLE,NOT_APPLICABLE,COMP-MESON,EXTERNAL_RECORD_ACCOUNTED__INDIVIDUAL_HMT_REALIZATION_NOT_YET_JOINED,named_meson_binding_map,ONLY_AFTER_INTERNAL_FREEZE,NO,2026,2026-01-15,40dc2587d9ae912d26fafb6b41f300f341d2a1f4bd620ff5b5f03827c39453fe
anchuras,319,EXTERNAL_WIDTH_INVENTORY,1,PDG2026:observable:M203:M203W:337861,D_3*(2750) WIDTH,D_3^*(2750)0 | Dbar_3^*(2750)0 | D_3^*(2750)+ | D_3^*(2750)-,WIDTH,66+-5,66+-5,MeV,UNAVAILABLE_IN_SNAPSHOT,UNAVAILABLE_IN_SNAPSHOT,NONE,UNAVAILABLE,4.6026930917312541,4.6026930917312541,COMP-MESON,EXTERNAL_RECORD_ACCOUNTED__INDIVIDUAL_HMT_REALIZATION_NOT_YET_JOINED,named_meson_binding_map,ONLY_AFTER_INTERNAL_FREEZE,NO,2026,2026-01-15,40dc2587d9ae912d26fafb6b41f300f341d2a1f4bd620ff5b5f03827c39453fe
anchuras,320,EXTERNAL_WIDTH_INVENTORY,1,PDG2026:observable:M207:M207W:348054,T_b_bbar_1(10610)+- WIDTH,T_b_bbar_1(10610)+,WIDTH,18.4+-2.4,18.4+-2.4,MeV,UNAVAILABLE_IN_SNAPSHOT,UNAVAILABLE_IN_SNAPSHOT,NONE,UNAVAILABLE,2.3999999999999999,2.3999999999999999,COMP-MESON,EXTERNAL_RECORD_ACCOUNTED__INDIVIDUAL_HMT_REALIZATION_NOT_YET_JOINED,named_meson_binding_map,ONLY_AFTER_INTERNAL_FREEZE,NO,2026,2026-01-15,40dc2587d9ae912d26fafb6b41f300f341d2a1f4bd620ff5b5f03827c39453fe
anchuras,321,EXTERNAL_WIDTH_INVENTORY,1,PDG2026:observable:M208:M208W:348076,T_b_bbar_1(10650)+ WIDTH,T_b_bbar_1(10650)+,WIDTH,11.5+-2.2,11.5+-2.2,MeV,UNAVAILABLE_IN_SNAPSHOT,UNAVAILABLE_IN_SNAPSHOT,NONE,UNAVAILABLE,2.2000000000000002,2.2000000000000002,COMP-MESON,EXTERNAL_RECORD_ACCOUNTED__INDIVIDUAL_HMT_REALIZATION_NOT_YET_JOINED,named_meson_binding_map,ONLY_AFTER_INTERNAL_FREEZE,NO,2026,2026-01-15,40dc2587d9ae912d26fafb6b41f300f341d2a1f4bd620ff5b5f03827c39453fe
anchuras,322,EXTERNAL_WIDTH_INVENTORY,1,PDG2026:observable:M210:M210W:347939,T_c_cbar_1(3900) WIDTH,T_c_cbar_1(3900)+,WIDTH,29.5+-2.4,29.5+-2.4,MeV,UNAVAILABLE_IN_SNAPSHOT,UNAVAILABLE_IN_SNAPSHOT,NONE,UNAVAILABLE,2.425749286587477,2.4174014844353149,COMP-MESON,EXTERNAL_RECORD_ACCOUNTED__INDIVIDUAL_HMT_REALIZATION_NOT_YET_JOINED,named_meson_binding_map,ONLY_AFTER_INTERNAL_FREEZE,NO,2026,2026-01-15,40dc2587d9ae912d26fafb6b41f300f341d2a1f4bd620ff5b5f03827c39453fe
anchuras,323,EXTERNAL_WIDTH_INVENTORY,1,PDG2026:observable:M212:M212W:346101,psi_2(3823) WIDTH,psi_2(3823),WIDTH,< 2.9,<2.9,MeV,UNAVAILABLE_IN_SNAPSHOT,UNAVAILABLE_IN_SNAPSHOT,U,90,NOT_APPLICABLE,NOT_APPLICABLE,COMP-MESON,EXTERNAL_RECORD_ACCOUNTED__INDIVIDUAL_HMT_REALIZATION_NOT_YET_JOINED,named_meson_binding_map,ONLY_AFTER_INTERNAL_FREEZE,NO,2026,2026-01-15,40dc2587d9ae912d26fafb6b41f300f341d2a1f4bd620ff5b5f03827c39453fe
anchuras,324,EXTERNAL_WIDTH_INVENTORY,1,PDG2026:observable:M213:M213W:347977,T_c_cbar(4020) WIDTH,T_c_cbar(4020)+,WIDTH,13+-5,13+-5,MeV,UNAVAILABLE_IN_SNAPSHOT,UNAVAILABLE_IN_SNAPSHOT,NONE,UNAVAILABLE,5.2742104610962652,5.2742104610962652,COMP-MESON,EXTERNAL_RECORD_ACCOUNTED__INDIVIDUAL_HMT_REALIZATION_NOT_YET_JOINED,named_meson_binding_map,ONLY_AFTER_INTERNAL_FREEZE,NO,2026,2026-01-15,40dc2587d9ae912d26fafb6b41f300f341d2a1f4bd620ff5b5f03827c39453fe
anchuras,325,EXTERNAL_WIDTH_INVENTORY,1,PDG2026:observable:M216:M216W:348023,T_c_cbar_0(4240)+ WIDTH,T_c_cbar_0(4240)0,WIDTH,220+120-90,220+120-90,MeV,UNAVAILABLE_IN_SNAPSHOT,UNAVAILABLE_IN_SNAPSHOT,NONE,UNAVAILABLE,117.78370006074699,87.664131775772461,COMP-MESON,EXTERNAL_RECORD_ACCOUNTED__INDIVIDUAL_HMT_REALIZATION_NOT_YET_JOINED,named_meson_binding_map,ONLY_AFTER_INTERNAL_FREEZE,NO,2026,2026-01-15,40dc2587d9ae912d26fafb6b41f300f341d2a1f4bd620ff5b5f03827c39453fe
anchuras,326,EXTERNAL_WIDTH_INVENTORY,1,PDG2026:observable:M223:M223W:348001,T_c_cbar(4055)+ WIDTH,T_c_cbar(4055)+,WIDTH,45+-13,45+-13,MeV,UNAVAILABLE_IN_SNAPSHOT,UNAVAILABLE_IN_SNAPSHOT,NONE,UNAVAILABLE,12.529964086141669,12.529964086141669,COMP-MESON,EXTERNAL_RECORD_ACCOUNTED__INDIVIDUAL_HMT_REALIZATION_NOT_YET_JOINED,named_meson_binding_map,ONLY_AFTER_INTERNAL_FREEZE,NO,2026,2026-01-15,40dc2587d9ae912d26fafb6b41f300f341d2a1f4bd620ff5b5f03827c39453fe
anchuras,327,EXTERNAL_WIDTH_INVENTORY,1,PDG2026:observable:M226:M226W:338536,D_s3*(2860)+ WIDTH,D_s3^*(2860)+ | D_s3^*(2860)-,WIDTH,53+-10,53+-10,MeV,UNAVAILABLE_IN_SNAPSHOT,UNAVAILABLE_IN_SNAPSHOT,NONE,UNAVAILABLE,9.8994949366116654,9.8994949366116654,COMP-MESON,EXTERNAL_RECORD_ACCOUNTED__INDIVIDUAL_HMT_REALIZATION_NOT_YET_JOINED,named_meson_binding_map,ONLY_AFTER_INTERNAL_FREEZE,NO,2026,2026-01-15,40dc2587d9ae912d26fafb6b41f300f341d2a1f4bd620ff5b5f03827c39453fe
anchuras,328,EXTERNAL_WIDTH_INVENTORY,1,PDG2026:observable:M227:M227W:335071,a_0(1950) WIDTH,a_0(1950)0,WIDTH,270+-40,270+-40,MeV,UNAVAILABLE_IN_SNAPSHOT,UNAVAILABLE_IN_SNAPSHOT,NONE,UNAVAILABLE,36.400549446402593,36.400549446402593,COMP-MESON,EXTERNAL_RECORD_ACCOUNTED__INDIVIDUAL_HMT_REALIZATION_NOT_YET_JOINED,named_meson_binding_map,ONLY_AFTER_INTERNAL_FREEZE,NO,2026,2026-01-15,40dc2587d9ae912d26fafb6b41f300f341d2a1f4bd620ff5b5f03827c39453fe
anchuras,329,EXTERNAL_WIDTH_INVENTORY,1,PDG2026:observable:M228:M228W:337858,D_2(2740)0 WIDTH,D_2(2740)0 | Dbar_2(2740)0 | D_2(2740)+ | D_2(2740)-,WIDTH,88+-19,88+-19,MeV,UNAVAILABLE_IN_SNAPSHOT,UNAVAILABLE_IN_SNAPSHOT,NONE,UNAVAILABLE,19.435218021172709,19.435218021172709,COMP-MESON,EXTERNAL_RECORD_ACCOUNTED__INDIVIDUAL_HMT_REALIZATION_NOT_YET_JOINED,named_meson_binding_map,ONLY_AFTER_INTERNAL_FREEZE,NO,2026,2026-01-15,40dc2587d9ae912d26fafb6b41f300f341d2a1f4bd620ff5b5f03827c39453fe
anchuras,330,EXTERNAL_WIDTH_INVENTORY,1,PDG2026:observable:M229:M229W:337873,D_2*(3000)0 WIDTH,D_2^*(3000)0 | Dbar_2^*(3000)0 | D_2^*(3000)+ | D_2^*(3000)-,WIDTH,190+-80,190+-80,MeV,UNAVAILABLE_IN_SNAPSHOT,UNAVAILABLE_IN_SNAPSHOT,NONE,UNAVAILABLE,81.412529748190479,81.412529748190479,COMP-MESON,EXTERNAL_RECORD_ACCOUNTED__INDIVIDUAL_HMT_REALIZATION_NOT_YET_JOINED,named_meson_binding_map,ONLY_AFTER_INTERNAL_FREEZE,NO,2026,2026-01-15,40dc2587d9ae912d26fafb6b41f300f341d2a1f4bd620ff5b5f03827c39453fe
anchuras,331,EXTERNAL_WIDTH_INVENTORY,1,PDG2026:observable:M231:M231W:348013,T_c_cbar_1(4200)+ WIDTH,T_c_cbar_1(4200)+,WIDTH,310+-40,310+-40,MeV,UNAVAILABLE_IN_SNAPSHOT,UNAVAILABLE_IN_SNAPSHOT,NONE,UNAVAILABLE,35.260965800649629,36.587057375401727,COMP-MESON,EXTERNAL_RECORD_ACCOUNTED__INDIVIDUAL_HMT_REALIZATION_NOT_YET_JOINED,named_meson_binding_map,ONLY_AFTER_INTERNAL_FREEZE,NO,2026,2026-01-15,40dc2587d9ae912d26fafb6b41f300f341d2a1f4bd620ff5b5f03827c39453fe
anchuras,332,EXTERNAL_WIDTH_INVENTORY,1,PDG2026:observable:M232:M232W:348037,T_b_sbar(5568)+ WIDTH,T_b_sbar(5568)+,WIDTH,19+9-7,19+9-7,MeV,UNAVAILABLE_IN_SNAPSHOT,UNAVAILABLE_IN_SNAPSHOT,NONE,UNAVAILABLE,8.6406018308911801,7.1867934435323786,COMP-MESON,EXTERNAL_RECORD_ACCOUNTED__INDIVIDUAL_HMT_REALIZATION_NOT_YET_JOINED,named_meson_binding_map,ONLY_AFTER_INTERNAL_FREEZE,NO,2026,2026-01-15,40dc2587d9ae912d26fafb6b41f300f341d2a1f4bd620ff5b5f03827c39453fe
anchuras,333,EXTERNAL_WIDTH_INVENTORY,1,PDG2026:observable:M233:M233W:346625,chi_c1(4274) WIDTH,chi_c1(4274),WIDTH,54+-8,54+-8,MeV,UNAVAILABLE_IN_SNAPSHOT,UNAVAILABLE_IN_SNAPSHOT,NONE,UNAVAILABLE,8.1968525494933324,7.7933837739246821,COMP-MESON,EXTERNAL_RECORD_ACCOUNTED__INDIVIDUAL_HMT_REALIZATION_NOT_YET_JOINED,named_meson_binding_map,ONLY_AFTER_INTERNAL_FREEZE,NO,2026,2026-01-15,40dc2587d9ae912d26fafb6b41f300f341d2a1f4bd620ff5b5f03827c39453fe
anchuras,334,EXTERNAL_WIDTH_INVENTORY,1,PDG2026:observable:M234:M234W:346756,chi_c0(4500) WIDTH,chi_c0(4500),WIDTH,87+30-24,87+30-24,MeV,UNAVAILABLE_IN_SNAPSHOT,UNAVAILABLE_IN_SNAPSHOT,NONE,UNAVAILABLE,29.927160405061439,24.399652435665001,COMP-MESON,EXTERNAL_RECORD_ACCOUNTED__INDIVIDUAL_HMT_REALIZATION_NOT_YET_JOINED,named_meson_binding_map,ONLY_AFTER_INTERNAL_FREEZE,NO,2026,2026-01-15,40dc2587d9ae912d26fafb6b41f300f341d2a1f4bd620ff5b5f03827c39453fe
anchuras,335,EXTERNAL_WIDTH_INVENTORY,1,PDG2026:observable:M235:M235W:346817,chi_c0(4700) WIDTH,chi_c0(4700),WIDTH,78+15-11,78+15-11,MeV,UNAVAILABLE_IN_SNAPSHOT,UNAVAILABLE_IN_SNAPSHOT,NONE,UNAVAILABLE,14.53972996408401,10.852931317094249,COMP-MESON,EXTERNAL_RECORD_ACCOUNTED__INDIVIDUAL_HMT_REALIZATION_NOT_YET_JOINED,named_meson_binding_map,ONLY_AFTER_INTERNAL_FREEZE,NO,2026,2026-01-15,40dc2587d9ae912d26fafb6b41f300f341d2a1f4bd620ff5b5f03827c39453fe
anchuras,336,EXTERNAL_WIDTH_INVENTORY,1,PDG2026:observable:M237:M237W:346123,chi_c0(3860) WIDTH,chi_c0(3860),WIDTH,200+180-110,200+180-110,MeV,UNAVAILABLE_IN_SNAPSHOT,UNAVAILABLE_IN_SNAPSHOT,NONE,UNAVAILABLE,177.36967046256811,105.89145385724009,COMP-MESON,EXTERNAL_RECORD_ACCOUNTED__INDIVIDUAL_HMT_REALIZATION_NOT_YET_JOINED,named_meson_binding_map,ONLY_AFTER_INTERNAL_FREEZE,NO,2026,2026-01-15,40dc2587d9ae912d26fafb6b41f300f341d2a1f4bd620ff5b5f03827c39453fe
anchuras,337,EXTERNAL_WIDTH_INVENTORY,1,PDG2026:observable:M239:M239W:335107,pi_2(2005) WIDTH,pi_2(2005)0,WIDTH,370+16-90,370+16-90,MeV,UNAVAILABLE_IN_SNAPSHOT,UNAVAILABLE_IN_SNAPSHOT,NONE,UNAVAILABLE,15.91185264772162,94.13731621266399,COMP-MESON,EXTERNAL_RECORD_ACCOUNTED__INDIVIDUAL_HMT_REALIZATION_NOT_YET_JOINED,named_meson_binding_map,ONLY_AFTER_INTERNAL_FREEZE,NO,2026,2026-01-15,40dc2587d9ae912d26fafb6b41f300f341d2a1f4bd620ff5b5f03827c39453fe
anchuras,338,EXTERNAL_WIDTH_INVENTORY,1,PDG2026:observable:M240:M240W:348007,T_c_cbar(4100)+ WIDTH,T_c_cbar(4100)+,WIDTH,150+80-70,150+80-70,MeV,UNAVAILABLE_IN_SNAPSHOT,UNAVAILABLE_IN_SNAPSHOT,NONE,UNAVAILABLE,83.450584180100265,67.742158217759794,COMP-MESON,EXTERNAL_RECORD_ACCOUNTED__INDIVIDUAL_HMT_REALIZATION_NOT_YET_JOINED,named_meson_binding_map,ONLY_AFTER_INTERNAL_FREEZE,NO,2026,2026-01-15,40dc2587d9ae912d26fafb6b41f300f341d2a1f4bd620ff5b5f03827c39453fe
anchuras,339,EXTERNAL_WIDTH_INVENTORY,1,PDG2026:observable:M241:M241W:346117,psi_3(3842) WIDTH,psi_3(3842),WIDTH,2.8+-0.6,2.8+-0.6,MeV,UNAVAILABLE_IN_SNAPSHOT,UNAVAILABLE_IN_SNAPSHOT,NONE,UNAVAILABLE,0.61854668376768462,0.61854668376768462,COMP-MESON,EXTERNAL_RECORD_ACCOUNTED__INDIVIDUAL_HMT_REALIZATION_NOT_YET_JOINED,named_meson_binding_map,ONLY_AFTER_INTERNAL_FREEZE,NO,2026,2026-01-15,40dc2587d9ae912d26fafb6b41f300f341d2a1f4bd620ff5b5f03827c39453fe
anchuras,340,EXTERNAL_WIDTH_INVENTORY,1,PDG2026:observable:M243:M243W:347801,Upsilon(10753) WIDTH,Upsilon(10753),WIDTH,29+-9,29+-9,MeV,UNAVAILABLE_IN_SNAPSHOT,UNAVAILABLE_IN_SNAPSHOT,NONE,UNAVAILABLE,8.8814413244698081,8.8814413244698081,COMP-MESON,EXTERNAL_RECORD_ACCOUNTED__INDIVIDUAL_HMT_REALIZATION_NOT_YET_JOINED,named_meson_binding_map,ONLY_AFTER_INTERNAL_FREEZE,NO,2026,2026-01-15,40dc2587d9ae912d26fafb6b41f300f341d2a1f4bd620ff5b5f03827c39453fe
anchuras,341,EXTERNAL_WIDTH_INVENTORY,1,PDG2026:observable:M244:M244W+:342547,B_1(5721)+ width,B_1(5721)0 | Bbar_1(5721)0 | B_1(5721)+ | B_1(5721)-,WIDTH,31+-6,31+-6,MeV,UNAVAILABLE_IN_SNAPSHOT,UNAVAILABLE_IN_SNAPSHOT,NONE,UNAVAILABLE,5.84704469385892,6.0921042006092243,COMP-MESON,EXTERNAL_RECORD_ACCOUNTED__INDIVIDUAL_HMT_REALIZATION_NOT_YET_JOINED,named_meson_binding_map,ONLY_AFTER_INTERNAL_FREEZE,NO,2026,2026-01-15,40dc2587d9ae912d26fafb6b41f300f341d2a1f4bd620ff5b5f03827c39453fe
anchuras,342,EXTERNAL_WIDTH_INVENTORY,1,PDG2026:observable:M244:M244W0:342548,B_1(5721)0 width,B_1(5721)0 | Bbar_1(5721)0 | B_1(5721)+ | B_1(5721)-,WIDTH,27.5+-3.4,27.5+-3.4,MeV,UNAVAILABLE_IN_SNAPSHOT,UNAVAILABLE_IN_SNAPSHOT,NONE,UNAVAILABLE,3.4222778451865001,3.4222778451865001,COMP-MESON,EXTERNAL_RECORD_ACCOUNTED__INDIVIDUAL_HMT_REALIZATION_NOT_YET_JOINED,named_meson_binding_map,ONLY_AFTER_INTERNAL_FREEZE,NO,2026,2026-01-15,40dc2587d9ae912d26fafb6b41f300f341d2a1f4bd620ff5b5f03827c39453fe
anchuras,343,EXTERNAL_WIDTH_INVENTORY,1,PDG2026:observable:M245:M245W+:342564,B_2*(5747)+ width,B_2^*(5747)0 | Bbar_2^*(5747)0 | B_2^*(5747)+ | B_2^*(5747)-,WIDTH,20+-5,20+-5,MeV,UNAVAILABLE_IN_SNAPSHOT,UNAVAILABLE_IN_SNAPSHOT,NONE,UNAVAILABLE,5.4684229158432851,5.4684229158432851,COMP-MESON,EXTERNAL_RECORD_ACCOUNTED__INDIVIDUAL_HMT_REALIZATION_NOT_YET_JOINED,named_meson_binding_map,ONLY_AFTER_INTERNAL_FREEZE,NO,2026,2026-01-15,40dc2587d9ae912d26fafb6b41f300f341d2a1f4bd620ff5b5f03827c39453fe
anchuras,344,EXTERNAL_WIDTH_INVENTORY,1,PDG2026:observable:M245:M245W0:342565,B_2*(5747)0 width,B_2^*(5747)0 | Bbar_2^*(5747)0 | B_2^*(5747)+ | B_2^*(5747)-,WIDTH,24.2+-1.7,24.2+-1.7,MeV,UNAVAILABLE_IN_SNAPSHOT,UNAVAILABLE_IN_SNAPSHOT,NONE,UNAVAILABLE,1.6959086634280349,1.7095264315461871,COMP-MESON,EXTERNAL_RECORD_ACCOUNTED__INDIVIDUAL_HMT_REALIZATION_NOT_YET_JOINED,named_meson_binding_map,ONLY_AFTER_INTERNAL_FREEZE,NO,2026,2026-01-15,40dc2587d9ae912d26fafb6b41f300f341d2a1f4bd620ff5b5f03827c39453fe
anchuras,345,EXTERNAL_WIDTH_INVENTORY,1,PDG2026:observable:M246:M246W+:342577,B_J(5840)+ WIDTH,B_J(5840)0 | Bbar_J(5840)0 | B_J(5840)+ | B_J(5840)-,WIDTH,220+-80,220+-80,MeV,UNAVAILABLE_IN_SNAPSHOT,UNAVAILABLE_IN_SNAPSHOT,NONE,UNAVAILABLE,83.522452071284405,83.522452071284405,COMP-MESON,EXTERNAL_RECORD_ACCOUNTED__INDIVIDUAL_HMT_REALIZATION_NOT_YET_JOINED,named_meson_binding_map,ONLY_AFTER_INTERNAL_FREEZE,NO,2026,2026-01-15,40dc2587d9ae912d26fafb6b41f300f341d2a1f4bd620ff5b5f03827c39453fe
anchuras,346,EXTERNAL_WIDTH_INVENTORY,1,PDG2026:observable:M246:M246W0:342578,B_J(5840)0 WIDTH,B_J(5840)0 | Bbar_J(5840)0 | B_J(5840)+ | B_J(5840)-,WIDTH,130+-40,130+-40,MeV,UNAVAILABLE_IN_SNAPSHOT,UNAVAILABLE_IN_SNAPSHOT,NONE,UNAVAILABLE,38.013155617496423,38.013155617496423,COMP-MESON,EXTERNAL_RECORD_ACCOUNTED__INDIVIDUAL_HMT_REALIZATION_NOT_YET_JOINED,named_meson_binding_map,ONLY_AFTER_INTERNAL_FREEZE,NO,2026,2026-01-15,40dc2587d9ae912d26fafb6b41f300f341d2a1f4bd620ff5b5f03827c39453fe
anchuras,347,EXTERNAL_WIDTH_INVENTORY,1,PDG2026:observable:M247:M247W:335262,eta(2370) WIDTH,eta(2370)0,WIDTH,148+80-28,148+80-28,MeV,UNAVAILABLE_IN_SNAPSHOT,UNAVAILABLE_IN_SNAPSHOT,NONE,UNAVAILABLE,77.222243700673161,28.36717772063778,COMP-MESON,EXTERNAL_RECORD_ACCOUNTED__INDIVIDUAL_HMT_REALIZATION_NOT_YET_JOINED,named_meson_binding_map,ONLY_AFTER_INTERNAL_FREEZE,NO,2026,2026-01-15,40dc2587d9ae912d26fafb6b41f300f341d2a1f4bd620ff5b5f03827c39453fe
anchuras,348,EXTERNAL_WIDTH_INVENTORY,1,PDG2026:observable:M248:M248W+:342589,B_J(5970)+ WIDTH,B_J(5970)0 | Bbar_J(5970)0 | B_J(5970)+ | B_J(5970)-,WIDTH,62+-20,62+-20,MeV,UNAVAILABLE_IN_SNAPSHOT,UNAVAILABLE_IN_SNAPSHOT,NONE,UNAVAILABLE,20.648092630154419,20.22152574413818,COMP-MESON,EXTERNAL_RECORD_ACCOUNTED__INDIVIDUAL_HMT_REALIZATION_NOT_YET_JOINED,named_meson_binding_map,ONLY_AFTER_INTERNAL_FREEZE,NO,2026,2026-01-15,40dc2587d9ae912d26fafb6b41f300f341d2a1f4bd620ff5b5f03827c39453fe
anchuras,349,EXTERNAL_WIDTH_INVENTORY,1,PDG2026:observable:M248:M248W0:342590,B_J(5970)0 WIDTH,B_J(5970)0 | Bbar_J(5970)0 | B_J(5970)+ | B_J(5970)-,WIDTH,81+-12,81+-12,MeV,UNAVAILABLE_IN_SNAPSHOT,UNAVAILABLE_IN_SNAPSHOT,NONE,UNAVAILABLE,11.58405073203963,11.42146343467506,COMP-MESON,EXTERNAL_RECORD_ACCOUNTED__INDIVIDUAL_HMT_REALIZATION_NOT_YET_JOINED,named_meson_binding_map,ONLY_AFTER_INTERNAL_FREEZE,NO,2026,2026-01-15,40dc2587d9ae912d26fafb6b41f300f341d2a1f4bd620ff5b5f03827c39453fe
anchuras,350,EXTERNAL_WIDTH_INVENTORY,1,PDG2026:observable:M249:M249W:337869,D_1*(2760)0 WIDTH,D_1^*(2760)0 | Dbar_1^*(2760)0 | D_1^*(2760)+ | D_1^*(2760)-,WIDTH,180+-40,180+-40,MeV,UNAVAILABLE_IN_SNAPSHOT,UNAVAILABLE_IN_SNAPSHOT,NONE,UNAVAILABLE,38.275318418009277,38.275318418009277,COMP-MESON,EXTERNAL_RECORD_ACCOUNTED__INDIVIDUAL_HMT_REALIZATION_NOT_YET_JOINED,named_meson_binding_map,ONLY_AFTER_INTERNAL_FREEZE,NO,2026,2026-01-15,40dc2587d9ae912d26fafb6b41f300f341d2a1f4bd620ff5b5f03827c39453fe
anchuras,351,EXTERNAL_WIDTH_INVENTORY,1,PDG2026:observable:M250:M250W:347917,T_cbar_sbar_0*(2870)0 WIDTH,T_cbar_sbar_0^*(2870)0,WIDTH,68+-17,68+-17,MeV,UNAVAILABLE_IN_SNAPSHOT,UNAVAILABLE_IN_SNAPSHOT,NONE,UNAVAILABLE,16.282833932268769,17.2087901693615,COMP-MESON,EXTERNAL_RECORD_ACCOUNTED__INDIVIDUAL_HMT_REALIZATION_NOT_YET_JOINED,named_meson_binding_map,ONLY_AFTER_INTERNAL_FREEZE,NO,2026,2026-01-15,40dc2587d9ae912d26fafb6b41f300f341d2a1f4bd620ff5b5f03827c39453fe
anchuras,352,EXTERNAL_WIDTH_INVENTORY,1,PDG2026:observable:M251:M251W:347923,T_cbar_sbar_1*(2900)0 WIDTH,T_cbar_sbar_1^*(2900)0,WIDTH,106+-10,106+-10,MeV,UNAVAILABLE_IN_SNAPSHOT,UNAVAILABLE_IN_SNAPSHOT,NONE,UNAVAILABLE,10.39615906316193,10.39615906316193,COMP-MESON,EXTERNAL_RECORD_ACCOUNTED__INDIVIDUAL_HMT_REALIZATION_NOT_YET_JOINED,named_meson_binding_map,ONLY_AFTER_INTERNAL_FREEZE,NO,2026,2026-01-15,40dc2587d9ae912d26fafb6b41f300f341d2a1f4bd620ff5b5f03827c39453fe
anchuras,353,EXTERNAL_WIDTH_INVENTORY,1,PDG2026:observable:M252:M252W:337814,D_0*(2300) WIDTH,D_0^*(2300)0 | Dbar_0^*(2300)0 | D_0^*(2300)+ | D_0^*(2300)-,WIDTH,229+-16,229+-16,MeV,UNAVAILABLE_IN_SNAPSHOT,UNAVAILABLE_IN_SNAPSHOT,NONE,UNAVAILABLE,16.014886897955751,16.014886897955751,COMP-MESON,EXTERNAL_RECORD_ACCOUNTED__INDIVIDUAL_HMT_REALIZATION_NOT_YET_JOINED,named_meson_binding_map,ONLY_AFTER_INTERNAL_FREEZE,NO,2026,2026-01-15,40dc2587d9ae912d26fafb6b41f300f341d2a1f4bd620ff5b5f03827c39453fe
anchuras,354,EXTERNAL_WIDTH_INVENTORY,1,PDG2026:observable:M253:M253W:337822,D_1(2420) WIDTH,D_1(2420)0 | Dbar_1(2420)0 | D_1(2420)+ | D_1(2420)-,WIDTH,31.3+-1.9,31.3+-1.9,MeV,UNAVAILABLE_IN_SNAPSHOT,UNAVAILABLE_IN_SNAPSHOT,NONE,UNAVAILABLE,1.939893766488169,1.931511994340549,COMP-MESON,EXTERNAL_RECORD_ACCOUNTED__INDIVIDUAL_HMT_REALIZATION_NOT_YET_JOINED,named_meson_binding_map,ONLY_AFTER_INTERNAL_FREEZE,NO,2026,2026-01-15,40dc2587d9ae912d26fafb6b41f300f341d2a1f4bd620ff5b5f03827c39453fe
anchuras,355,EXTERNAL_WIDTH_INVENTORY,1,PDG2026:observable:M254:M254W:337837,D_2*(2460) WIDTH,D_2^*(2460)0 | Dbar_2^*(2460)0 | D_2^*(2460)+ | D_2^*(2460)-,WIDTH,47.3+-0.8,47.3+-0.8,MeV,UNAVAILABLE_IN_SNAPSHOT,UNAVAILABLE_IN_SNAPSHOT,NONE,UNAVAILABLE,0.77431347668341055,0.77362957674648969,COMP-MESON,EXTERNAL_RECORD_ACCOUNTED__INDIVIDUAL_HMT_REALIZATION_NOT_YET_JOINED,named_meson_binding_map,ONLY_AFTER_INTERNAL_FREEZE,NO,2026,2026-01-15,40dc2587d9ae912d26fafb6b41f300f341d2a1f4bd620ff5b5f03827c39453fe
anchuras,356,EXTERNAL_WIDTH_INVENTORY,1,PDG2026:observable:M255:M255W:334942,X(1750) WIDTH,X(1750)0,WIDTH,120+-10,120+-10,MeV,UNAVAILABLE_IN_SNAPSHOT,UNAVAILABLE_IN_SNAPSHOT,NONE,UNAVAILABLE,9.2901225622471255,9.8222008027276093,COMP-MESON,EXTERNAL_RECORD_ACCOUNTED__INDIVIDUAL_HMT_REALIZATION_NOT_YET_JOINED,named_meson_binding_map,ONLY_AFTER_INTERNAL_FREEZE,NO,2026,2026-01-15,40dc2587d9ae912d26fafb6b41f300f341d2a1f4bd620ff5b5f03827c39453fe
anchuras,357,EXTERNAL_WIDTH_INVENTORY,1,PDG2026:observable:M256:M256W:338521,D_s0(2590)+ WIDTH,D_s0(2590)+ | D_s0(2590)-,WIDTH,89+-20,89+-20,MeV,UNAVAILABLE_IN_SNAPSHOT,UNAVAILABLE_IN_SNAPSHOT,NONE,UNAVAILABLE,20,20,COMP-MESON,EXTERNAL_RECORD_ACCOUNTED__INDIVIDUAL_HMT_REALIZATION_NOT_YET_JOINED,named_meson_binding_map,ONLY_AFTER_INTERNAL_FREEZE,NO,2026,2026-01-15,40dc2587d9ae912d26fafb6b41f300f341d2a1f4bd620ff5b5f03827c39453fe
anchuras,358,EXTERNAL_WIDTH_INVENTORY,1,PDG2026:observable:M257:M257W:343154,B_sJ(6063)0 WIDTH,B_sJ(6063)0 | Bbar_sJ(6063)0,WIDTH,26+-6,26+-6,MeV,UNAVAILABLE_IN_SNAPSHOT,UNAVAILABLE_IN_SNAPSHOT,NONE,UNAVAILABLE,5.6568542494923806,5.6568542494923806,COMP-MESON,EXTERNAL_RECORD_ACCOUNTED__INDIVIDUAL_HMT_REALIZATION_NOT_YET_JOINED,named_meson_binding_map,ONLY_AFTER_INTERNAL_FREEZE,NO,2026,2026-01-15,40dc2587d9ae912d26fafb6b41f300f341d2a1f4bd620ff5b5f03827c39453fe
anchuras,359,EXTERNAL_WIDTH_INVENTORY,1,PDG2026:observable:M258:M258W:343158,B_sJ(6114)0 WIDTH,B_sJ(6114)0 | Bbar_sJ(6114)0,WIDTH,66+-28,66+-28,MeV,UNAVAILABLE_IN_SNAPSHOT,UNAVAILABLE_IN_SNAPSHOT,NONE,UNAVAILABLE,27.658633371878661,27.658633371878661,COMP-MESON,EXTERNAL_RECORD_ACCOUNTED__INDIVIDUAL_HMT_REALIZATION_NOT_YET_JOINED,named_meson_binding_map,ONLY_AFTER_INTERNAL_FREEZE,NO,2026,2026-01-15,40dc2587d9ae912d26fafb6b41f300f341d2a1f4bd620ff5b5f03827c39453fe
anchuras,360,EXTERNAL_WIDTH_INVENTORY,1,PDG2026:observable:M259:M259W:347965,T_c cbar sbar 1(4000) WIDTH,T_c_cbar_sbar_1(4000)0,WIDTH,5 -- 150,5--150,MeV,UNAVAILABLE_IN_SNAPSHOT,UNAVAILABLE_IN_SNAPSHOT,R,UNAVAILABLE,NOT_APPLICABLE,NOT_APPLICABLE,COMP-MESON,EXTERNAL_RECORD_ACCOUNTED__INDIVIDUAL_HMT_REALIZATION_NOT_YET_JOINED,named_meson_binding_map,ONLY_AFTER_INTERNAL_FREEZE,NO,2026,2026-01-15,40dc2587d9ae912d26fafb6b41f300f341d2a1f4bd620ff5b5f03827c39453fe
anchuras,361,EXTERNAL_WIDTH_INVENTORY,1,PDG2026:observable:M260:M260W:348019,T_c cbar sbar 1(4220)+ WIDTH,T_c_cbar_sbar_1(4220)+,WIDTH,230+110-90,230+110-90,MeV,UNAVAILABLE_IN_SNAPSHOT,UNAVAILABLE_IN_SNAPSHOT,NONE,UNAVAILABLE,110.05907504608609,89.627004859026727,COMP-MESON,EXTERNAL_RECORD_ACCOUNTED__INDIVIDUAL_HMT_REALIZATION_NOT_YET_JOINED,named_meson_binding_map,ONLY_AFTER_INTERNAL_FREEZE,NO,2026,2026-01-15,40dc2587d9ae912d26fafb6b41f300f341d2a1f4bd620ff5b5f03827c39453fe
anchuras,362,EXTERNAL_WIDTH_INVENTORY,1,PDG2026:observable:M261:M261W:346811,chi_c1(4685) WIDTH,chi_c1(4685),WIDTH,180+-50,180+-50,MeV,UNAVAILABLE_IN_SNAPSHOT,UNAVAILABLE_IN_SNAPSHOT,NONE,UNAVAILABLE,49.868992214526223,51.68253103772755,COMP-MESON,EXTERNAL_RECORD_ACCOUNTED__INDIVIDUAL_HMT_REALIZATION_NOT_YET_JOINED,named_meson_binding_map,ONLY_AFTER_INTERNAL_FREEZE,NO,2026,2026-01-15,40dc2587d9ae912d26fafb6b41f300f341d2a1f4bd620ff5b5f03827c39453fe
anchuras,363,EXTERNAL_WIDTH_INVENTORY,1,PDG2026:observable:M262:M262W:346762,X(4630) WIDTH,X(4630),WIDTH,350+140-100,350+140-100,MeV,UNAVAILABLE_IN_SNAPSHOT,UNAVAILABLE_IN_SNAPSHOT,NONE,UNAVAILABLE,137.97165629659631,102.5281698672277,COMP-MESON,EXTERNAL_RECORD_ACCOUNTED__INDIVIDUAL_HMT_REALIZATION_NOT_YET_JOINED,named_meson_binding_map,ONLY_AFTER_INTERNAL_FREEZE,NO,2026,2026-01-15,40dc2587d9ae912d26fafb6b41f300f341d2a1f4bd620ff5b5f03827c39453fe
anchuras,364,EXTERNAL_WIDTH_INVENTORY,1,PDG2026:observable:M263:M263W:334918,a_0(1710) WIDTH,a_0(1710)0,WIDTH,107+-15,107+-15,MeV,UNAVAILABLE_IN_SNAPSHOT,UNAVAILABLE_IN_SNAPSHOT,NONE,UNAVAILABLE,14.82500717857968,14.82500717857968,COMP-MESON,EXTERNAL_RECORD_ACCOUNTED__INDIVIDUAL_HMT_REALIZATION_NOT_YET_JOINED,named_meson_binding_map,ONLY_AFTER_INTERNAL_FREEZE,NO,2026,2026-01-15,40dc2587d9ae912d26fafb6b41f300f341d2a1f4bd620ff5b5f03827c39453fe
anchuras,365,EXTERNAL_WIDTH_INVENTORY,1,PDG2026:observable:M264:M264W:334993,f_0(1810) Breit-Wigner WIDTH,f_0(1810)0,WIDTH,137+15-17,137+15-17,MeV,UNAVAILABLE_IN_SNAPSHOT,UNAVAILABLE_IN_SNAPSHOT,NONE,UNAVAILABLE,15.027393581054231,16.785983289291,COMP-MESON,EXTERNAL_RECORD_ACCOUNTED__INDIVIDUAL_HMT_REALIZATION_NOT_YET_JOINED,named_meson_binding_map,ONLY_AFTER_INTERNAL_FREEZE,NO,2026,2026-01-15,40dc2587d9ae912d26fafb6b41f300f341d2a1f4bd620ff5b5f03827c39453fe
anchuras,366,EXTERNAL_WIDTH_INVENTORY,1,PDG2026:observable:M265:M265W:347935,T_c_c(3875)+ WIDTH,T_c_c(3875)+,WIDTH,0.048+0.0020-0.0141,0.048+0.0020-0.0141,MeV,UNAVAILABLE_IN_SNAPSHOT,UNAVAILABLE_IN_SNAPSHOT,NONE,UNAVAILABLE,0.002,0.014142135623730951,COMP-MESON,EXTERNAL_RECORD_ACCOUNTED__INDIVIDUAL_HMT_REALIZATION_NOT_YET_JOINED,named_meson_binding_map,ONLY_AFTER_INTERNAL_FREEZE,NO,2026,2026-01-15,40dc2587d9ae912d26fafb6b41f300f341d2a1f4bd620ff5b5f03827c39453fe
anchuras,367,EXTERNAL_WIDTH_INVENTORY,1,PDG2026:observable:M266:M266W:335274,f_0(2470) WIDTH,f_0(2470)0,WIDTH,75+14-12,75+14-12,MeV,UNAVAILABLE_IN_SNAPSHOT,UNAVAILABLE_IN_SNAPSHOT,NONE,UNAVAILABLE,14.2126704035519,12.041594578792299,COMP-MESON,EXTERNAL_RECORD_ACCOUNTED__INDIVIDUAL_HMT_REALIZATION_NOT_YET_JOINED,named_meson_binding_map,ONLY_AFTER_INTERNAL_FREEZE,NO,2026,2026-01-15,40dc2587d9ae912d26fafb6b41f300f341d2a1f4bd620ff5b5f03827c39453fe
anchuras,368,EXTERNAL_WIDTH_INVENTORY,1,PDG2026:observable:M267:M267W:335029,eta_1(1855) WIDTH,eta_1(1855)0,WIDTH,188+-19,188+-19,MeV,UNAVAILABLE_IN_SNAPSHOT,UNAVAILABLE_IN_SNAPSHOT,NONE,UNAVAILABLE,18.248287590894659,19.697715603592211,COMP-MESON,EXTERNAL_RECORD_ACCOUNTED__INDIVIDUAL_HMT_REALIZATION_NOT_YET_JOINED,named_meson_binding_map,ONLY_AFTER_INTERNAL_FREEZE,NO,2026,2026-01-15,40dc2587d9ae912d26fafb6b41f300f341d2a1f4bd620ff5b5f03827c39453fe
anchuras,369,EXTERNAL_WIDTH_INVENTORY,1,PDG2026:observable:M268:M268W:348045,T_c_c_cbar_cbar(6900)0 WIDTH,T_c_c_cbar_cbar(6900)+,WIDTH,161+-26,161+-26,MeV,UNAVAILABLE_IN_SNAPSHOT,UNAVAILABLE_IN_SNAPSHOT,NONE,UNAVAILABLE,27.00038424522608,25.460154585260579,COMP-MESON,EXTERNAL_RECORD_ACCOUNTED__INDIVIDUAL_HMT_REALIZATION_NOT_YET_JOINED,named_meson_binding_map,ONLY_AFTER_INTERNAL_FREEZE,NO,2026,2026-01-15,40dc2587d9ae912d26fafb6b41f300f341d2a1f4bd620ff5b5f03827c39453fe
anchuras,370,EXTERNAL_WIDTH_INVENTORY,1,PDG2026:observable:M269:M269W:347928,T_c_sbar_0*(2900)0 WIDTH,T_c_sbar_0^*(2900)+,WIDTH,119+-29,119+-29,MeV,UNAVAILABLE_IN_SNAPSHOT,UNAVAILABLE_IN_SNAPSHOT,NONE,UNAVAILABLE,29.068883707497271,29.068883707497271,COMP-MESON,EXTERNAL_RECORD_ACCOUNTED__INDIVIDUAL_HMT_REALIZATION_NOT_YET_JOINED,named_meson_binding_map,ONLY_AFTER_INTERNAL_FREEZE,NO,2026,2026-01-15,40dc2587d9ae912d26fafb6b41f300f341d2a1f4bd620ff5b5f03827c39453fe
anchuras,371,EXTERNAL_WIDTH_INVENTORY,1,PDG2026:observable:M269:M269W++:347929,T_c_sbar_0*(2900)++ WIDTH,T_c_sbar_0^*(2900)+,WIDTH,140+-40,140+-40,MeV,UNAVAILABLE_IN_SNAPSHOT,UNAVAILABLE_IN_SNAPSHOT,NONE,UNAVAILABLE,36.235341863986868,36.235341863986868,COMP-MESON,EXTERNAL_RECORD_ACCOUNTED__INDIVIDUAL_HMT_REALIZATION_NOT_YET_JOINED,named_meson_binding_map,ONLY_AFTER_INTERNAL_FREEZE,NO,2026,2026-01-15,40dc2587d9ae912d26fafb6b41f300f341d2a1f4bd620ff5b5f03827c39453fe
anchuras,372,EXTERNAL_WIDTH_INVENTORY,1,PDG2026:observable:M270:M270W:335222,omega(2220) WIDTH,omega(2220)0,WIDTH,105+-34,105+-34,MeV,UNAVAILABLE_IN_SNAPSHOT,UNAVAILABLE_IN_SNAPSHOT,NONE,UNAVAILABLE,33.807267697768303,33.807267697768303,COMP-MESON,EXTERNAL_RECORD_ACCOUNTED__INDIVIDUAL_HMT_REALIZATION_NOT_YET_JOINED,named_meson_binding_map,ONLY_AFTER_INTERNAL_FREEZE,NO,2026,2026-01-15,40dc2587d9ae912d26fafb6b41f300f341d2a1f4bd620ff5b5f03827c39453fe
anchuras,373,EXTERNAL_WIDTH_INVENTORY,1,PDG2026:observable:M272:M272W:348041,T_c c cbar cbar(6600) WIDTH,T_c c cbar cbar(6600)+,WIDTH,440+-70,440+-70,MeV,UNAVAILABLE_IN_SNAPSHOT,UNAVAILABLE_IN_SNAPSHOT,NONE,UNAVAILABLE,74.676988436660039,68.966189416634236,COMP-MESON,EXTERNAL_RECORD_ACCOUNTED__INDIVIDUAL_HMT_REALIZATION_NOT_YET_JOINED,named_meson_binding_map,ONLY_AFTER_INTERNAL_FREEZE,NO,2026,2026-01-15,40dc2587d9ae912d26fafb6b41f300f341d2a1f4bd620ff5b5f03827c39453fe
anchuras,374,EXTERNAL_WIDTH_INVENTORY,1,PDG2026:observable:M273:M273W:348049,T_c c cbar cbar(7100) WIDTH,T_c c cbar cbar(7100)+,WIDTH,100+50-40,100+50-40,MeV,UNAVAILABLE_IN_SNAPSHOT,UNAVAILABLE_IN_SNAPSHOT,NONE,UNAVAILABLE,49.406477308142499,38.948684188300888,COMP-MESON,EXTERNAL_RECORD_ACCOUNTED__INDIVIDUAL_HMT_REALIZATION_NOT_YET_JOINED,named_meson_binding_map,ONLY_AFTER_INTERNAL_FREEZE,NO,2026,2026-01-15,40dc2587d9ae912d26fafb6b41f300f341d2a1f4bd620ff5b5f03827c39453fe
anchuras,375,EXTERNAL_WIDTH_INVENTORY,1,PDG2026:observable:Q007:Q007W:333618,t-quark DECAY WIDTH,t | tbar,WIDTH,1.42+0.19-0.15,1.42+0.19-0.15,GeV,UNAVAILABLE_IN_SNAPSHOT,UNAVAILABLE_IN_SNAPSHOT,NONE,UNAVAILABLE,0.19051342973542351,0.15256041171179069,QUARK_EXTENDED,EXTERNAL_RECORD_ACCOUNTED__INDIVIDUAL_HMT_REALIZATION_NOT_YET_JOINED,quark_identity_scheme_scale_map,ONLY_AFTER_INTERNAL_FREEZE,NO,2026,2026-01-15,40dc2587d9ae912d26fafb6b41f300f341d2a1f4bd620ff5b5f03827c39453fe
anchuras,376,EXTERNAL_WIDTH_INVENTORY,1,PDG2026:observable:S014:S014W:333730,eta WIDTH,eta,WIDTH,1.31+-0.05,1.31+-0.05,keV,UNAVAILABLE_IN_SNAPSHOT,UNAVAILABLE_IN_SNAPSHOT,NONE,UNAVAILABLE,0.045198908079192503,0.045198908079192503,ELEMENTARY_OR_EXTENDED,EXTERNAL_RECORD_ACCOUNTED__INDIVIDUAL_HMT_REALIZATION_NOT_YET_JOINED,identity_to_public_sector_or_new_typed_sector,ONLY_AFTER_INTERNAL_FREEZE,NO,2026,2026-01-15,40dc2587d9ae912d26fafb6b41f300f341d2a1f4bd620ff5b5f03827c39453fe
anchuras,377,EXTERNAL_WIDTH_INVENTORY,1,PDG2026:observable:S026:S026W+:351720,Sigma_b+ WIDTH,Sigma_b()- | Sigmabar_b()+ | Sigma_b()0 | Sigmabar_b()0 | Sigma_b()+ | Sigmabar_b()-,WIDTH,5.0+-0.5,5.0+-0.5,MeV,UNAVAILABLE_IN_SNAPSHOT,UNAVAILABLE_IN_SNAPSHOT,NONE,UNAVAILABLE,0.47919801016756203,0.47660443013974058,ELEMENTARY_OR_EXTENDED,EXTERNAL_RECORD_ACCOUNTED__INDIVIDUAL_HMT_REALIZATION_NOT_YET_JOINED,identity_to_public_sector_or_new_typed_sector,ONLY_AFTER_INTERNAL_FREEZE,NO,2026,2026-01-15,40dc2587d9ae912d26fafb6b41f300f341d2a1f4bd620ff5b5f03827c39453fe
anchuras,378,EXTERNAL_WIDTH_INVENTORY,1,PDG2026:observable:S026:S026W-:351721,Sigma_b- WIDTH,Sigma_b()- | Sigmabar_b()+ | Sigma_b()0 | Sigmabar_b()0 | Sigma_b()+ | Sigmabar_b()-,WIDTH,5.3+-0.5,5.3+-0.5,MeV,UNAVAILABLE_IN_SNAPSHOT,UNAVAILABLE_IN_SNAPSHOT,NONE,UNAVAILABLE,0.55180022333948409,0.54475371590490007,ELEMENTARY_OR_EXTENDED,EXTERNAL_RECORD_ACCOUNTED__INDIVIDUAL_HMT_REALIZATION_NOT_YET_JOINED,identity_to_public_sector_or_new_typed_sector,ONLY_AFTER_INTERNAL_FREEZE,NO,2026,2026-01-15,40dc2587d9ae912d26fafb6b41f300f341d2a1f4bd620ff5b5f03827c39453fe
anchuras,379,EXTERNAL_WIDTH_INVENTORY,1,PDG2026:observable:S043:S043W:332468,W WIDTH,W+ | W-,WIDTH,2.14+-0.05,2.14+-0.05,GeV,UNAVAILABLE_IN_SNAPSHOT,UNAVAILABLE_IN_SNAPSHOT,NONE,UNAVAILABLE,0.053656225003149413,0.053656225003149413,ELEMENTARY_OR_EXTENDED,EXTERNAL_RECORD_ACCOUNTED__INDIVIDUAL_HMT_REALIZATION_NOT_YET_JOINED,identity_to_public_sector_or_new_typed_sector,ONLY_AFTER_INTERNAL_FREEZE,NO,2026,2026-01-15,40dc2587d9ae912d26fafb6b41f300f341d2a1f4bd620ff5b5f03827c39453fe
anchuras,380,EXTERNAL_WIDTH_INVENTORY,1,PDG2026:observable:S044:S044W:332514,Z WIDTH,Z0,WIDTH,2.4955+-0.0023,2.4955+-0.0023,GeV,UNAVAILABLE_IN_SNAPSHOT,UNAVAILABLE_IN_SNAPSHOT,NONE,UNAVAILABLE,0.0023,0.0023,ELEMENTARY_OR_EXTENDED,EXTERNAL_RECORD_ACCOUNTED__INDIVIDUAL_HMT_REALIZATION_NOT_YET_JOINED,identity_to_public_sector_or_new_typed_sector,ONLY_AFTER_INTERNAL_FREEZE,NO,2026,2026-01-15,40dc2587d9ae912d26fafb6b41f300f341d2a1f4bd620ff5b5f03827c39453fe
anchuras,381,EXTERNAL_WIDTH_INVENTORY,1,PDG2026:observable:S062:S062W+:351729,Sigma_b*+ WIDTH,Sigma_b^*()- | Sigmabar_b^*()+ | Sigma_b^*()0 | Sigmabar_b^*()0 | Sigma_b^*()+ | Sigmabar_b^*()-,WIDTH,9.4+-0.5,9.4+-0.5,MeV,UNAVAILABLE_IN_SNAPSHOT,UNAVAILABLE_IN_SNAPSHOT,NONE,UNAVAILABLE,0.52801285527312969,0.52651649982212589,ELEMENTARY_OR_EXTENDED,EXTERNAL_RECORD_ACCOUNTED__INDIVIDUAL_HMT_REALIZATION_NOT_YET_JOINED,identity_to_public_sector_or_new_typed_sector,ONLY_AFTER_INTERNAL_FREEZE,NO,2026,2026-01-15,40dc2587d9ae912d26fafb6b41f300f341d2a1f4bd620ff5b5f03827c39453fe
anchuras,382,EXTERNAL_WIDTH_INVENTORY,1,PDG2026:observable:S062:S062W-:351730,Sigma_b*- WIDTH,Sigma_b^*()- | Sigmabar_b^*()+ | Sigma_b^*()0 | Sigmabar_b^*()0 | Sigma_b^*()+ | Sigmabar_b^*()-,WIDTH,10.4+-0.8,10.4+-0.8,MeV,UNAVAILABLE_IN_SNAPSHOT,UNAVAILABLE_IN_SNAPSHOT,NONE,UNAVAILABLE,0.8458982463825464,0.84310730525944599,ELEMENTARY_OR_EXTENDED,EXTERNAL_RECORD_ACCOUNTED__INDIVIDUAL_HMT_REALIZATION_NOT_YET_JOINED,identity_to_public_sector_or_new_typed_sector,ONLY_AFTER_INTERNAL_FREEZE,NO,2026,2026-01-15,40dc2587d9ae912d26fafb6b41f300f341d2a1f4bd620ff5b5f03827c39453fe
anchuras,383,EXTERNAL_WIDTH_INVENTORY,1,PDG2026:observable:S074:S074W:338419,D_s*+- WIDTH,D_s^*()+ | D_s^*()-,WIDTH,<1.9,<1.9,MeV,UNAVAILABLE_IN_SNAPSHOT,UNAVAILABLE_IN_SNAPSHOT,U,90,NOT_APPLICABLE,NOT_APPLICABLE,ELEMENTARY_OR_EXTENDED,EXTERNAL_RECORD_ACCOUNTED__INDIVIDUAL_HMT_REALIZATION_NOT_YET_JOINED,identity_to_public_sector_or_new_typed_sector,ONLY_AFTER_INTERNAL_FREEZE,NO,2026,2026-01-15,40dc2587d9ae912d26fafb6b41f300f341d2a1f4bd620ff5b5f03827c39453fe
anchuras,384,EXTERNAL_WIDTH_INVENTORY,1,PDG2026:observable:S126:S126W:332734,H DECAY WIDTH,H,WIDTH,3.0+1.5-0.7,3.0+1.5-0.7,MeV,UNAVAILABLE_IN_SNAPSHOT,UNAVAILABLE_IN_SNAPSHOT,NONE,UNAVAILABLE,1.4529736900176831,0.71501191940991071,ELEMENTARY_OR_EXTENDED,EXTERNAL_RECORD_ACCOUNTED__INDIVIDUAL_HMT_REALIZATION_NOT_YET_JOINED,identity_to_public_sector_or_new_typed_sector,ONLY_AFTER_INTERNAL_FREEZE,NO,2026,2026-01-15,40dc2587d9ae912d26fafb6b41f300f341d2a1f4bd620ff5b5f03827c39453fe
