_catalog_source,_catalog_ordinal,_catalog_role,_catalog_key_occurrence,output_id,object_name,particle_names,observable_kind,value_text,display_value,unit,scheme,scale,limit_type,confidence_level,uncertainty_positive,uncertainty_negative,HMT_target_sector,HMT_internal_status,required_forward_map,comparison_authorization,external_value_used_as_selector,source_edition,source_cutoff,source_snapshot_sha256
anchuras,1,EXTERNAL_WIDTH_INVENTORY,1,PDG2026:observable:B004:B004W:348706,N(1895) BREIT-WIGNER WIDTH,N(1895)0 | Nbar(1895)0 | N(1895)+ | Nbar(1895)-,WIDTH,80 to 120 to 200,80 to 200 (~120),MeV,UNAVAILABLE_IN_SNAPSHOT,UNAVAILABLE_IN_SNAPSHOT,R,UNAVAILABLE,NOT_APPLICABLE,NOT_APPLICABLE,COMP-BARYON,EXTERNAL_RECORD_ACCOUNTED__INDIVIDUAL_HMT_REALIZATION_NOT_YET_JOINED,named_baryon_binding_map,ONLY_AFTER_INTERNAL_FREEZE,NO,2026,2026-01-15,40dc2587d9ae912d26fafb6b41f300f341d2a1f4bd620ff5b5f03827c39453fe
anchuras,2,EXTERNAL_WIDTH_INVENTORY,1,PDG2026:observable:B005:B005W:348837,N(2060) BREIT-WIGNER WIDTH,N(2060)0 | Nbar(2060)0 | N(2060)+ | Nbar(2060)-,WIDTH,300 to 400 to 450,300 to 450 (~400),MeV,UNAVAILABLE_IN_SNAPSHOT,UNAVAILABLE_IN_SNAPSHOT,R,UNAVAILABLE,NOT_APPLICABLE,NOT_APPLICABLE,COMP-BARYON,EXTERNAL_RECORD_ACCOUNTED__INDIVIDUAL_HMT_REALIZATION_NOT_YET_JOINED,named_baryon_binding_map,ONLY_AFTER_INTERNAL_FREEZE,NO,2026,2026-01-15,40dc2587d9ae912d26fafb6b41f300f341d2a1f4bd620ff5b5f03827c39453fe
anchuras,3,EXTERNAL_WIDTH_INVENTORY,1,PDG2026:observable:B010:B010W:349098,Delta(1700) BREIT-WIGNER WIDTH,Delta(1700)- | Deltabar(1700)+ | Delta(1700)0 | Deltabar(1700)0 | Delta(1700)+ | Deltabar(1700)- | Delta(1700)++ | Deltabar(1700)--,WIDTH,220 to 300 to 380,220 to 380 (~300),MeV,UNAVAILABLE_IN_SNAPSHOT,UNAVAILABLE_IN_SNAPSHOT,R,UNAVAILABLE,NOT_APPLICABLE,NOT_APPLICABLE,COMP-BARYON,EXTERNAL_RECORD_ACCOUNTED__INDIVIDUAL_HMT_REALIZATION_NOT_YET_JOINED,named_baryon_binding_map,ONLY_AFTER_INTERNAL_FREEZE,NO,2026,2026-01-15,40dc2587d9ae912d26fafb6b41f300f341d2a1f4bd620ff5b5f03827c39453fe
anchuras,4,EXTERNAL_WIDTH_INVENTORY,1,PDG2026:observable:B011:B011W:349152,Delta(1905) BREIT-WIGNER WIDTH,Delta(1905)- | Deltabar(1905)+ | Delta(1905)0 | Deltabar(1905)0 | Delta(1905)+ | Deltabar(1905)- | Delta(1905)++ | Deltabar(1905)--,WIDTH,270 to 330 to 400,270 to 400 (~330),MeV,UNAVAILABLE_IN_SNAPSHOT,UNAVAILABLE_IN_SNAPSHOT,R,UNAVAILABLE,NOT_APPLICABLE,NOT_APPLICABLE,COMP-BARYON,EXTERNAL_RECORD_ACCOUNTED__INDIVIDUAL_HMT_REALIZATION_NOT_YET_JOINED,named_baryon_binding_map,ONLY_AFTER_INTERNAL_FREEZE,NO,2026,2026-01-15,40dc2587d9ae912d26fafb6b41f300f341d2a1f4bd620ff5b5f03827c39453fe
anchuras,5,EXTERNAL_WIDTH_INVENTORY,1,PDG2026:observable:B012:B012W:349183,Delta(1910) BREIT-WIGNER WIDTH,Delta(1910)- | Deltabar(1910)+ | Delta(1910)0 | Deltabar(1910)0 | Delta(1910)+ | Deltabar(1910)- | Delta(1910)++ | Deltabar(1910)--,WIDTH,200 to 300 to 400,200 to 400 (~300),MeV,UNAVAILABLE_IN_SNAPSHOT,UNAVAILABLE_IN_SNAPSHOT,R,UNAVAILABLE,NOT_APPLICABLE,NOT_APPLICABLE,COMP-BARYON,EXTERNAL_RECORD_ACCOUNTED__INDIVIDUAL_HMT_REALIZATION_NOT_YET_JOINED,named_baryon_binding_map,ONLY_AFTER_INTERNAL_FREEZE,NO,2026,2026-01-15,40dc2587d9ae912d26fafb6b41f300f341d2a1f4bd620ff5b5f03827c39453fe
anchuras,6,EXTERNAL_WIDTH_INVENTORY,1,PDG2026:observable:B013:B013W:349250,Delta(1930) BREIT-WIGNER WIDTH,Delta(1930)- | Deltabar(1930)+ | Delta(1930)0 | Deltabar(1930)0 | Delta(1930)+ | Deltabar(1930)- | Delta(1930)++ | Deltabar(1930)--,WIDTH,200 to 300 to 400,200 to 400 (~300),MeV,UNAVAILABLE_IN_SNAPSHOT,UNAVAILABLE_IN_SNAPSHOT,R,UNAVAILABLE,NOT_APPLICABLE,NOT_APPLICABLE,COMP-BARYON,EXTERNAL_RECORD_ACCOUNTED__INDIVIDUAL_HMT_REALIZATION_NOT_YET_JOINED,named_baryon_binding_map,ONLY_AFTER_INTERNAL_FREEZE,NO,2026,2026-01-15,40dc2587d9ae912d26fafb6b41f300f341d2a1f4bd620ff5b5f03827c39453fe
anchuras,7,EXTERNAL_WIDTH_INVENTORY,1,PDG2026:observable:B014:B014W:348536,N(1710) BREIT-WIGNER WIDTH,N(1710)0 | Nbar(1710)0 | N(1710)+ | Nbar(1710)-,WIDTH,80 to 140 to 200,80 to 200 (~140),MeV,UNAVAILABLE_IN_SNAPSHOT,UNAVAILABLE_IN_SNAPSHOT,R,UNAVAILABLE,NOT_APPLICABLE,NOT_APPLICABLE,COMP-BARYON,EXTERNAL_RECORD_ACCOUNTED__INDIVIDUAL_HMT_REALIZATION_NOT_YET_JOINED,named_baryon_binding_map,ONLY_AFTER_INTERNAL_FREEZE,NO,2026,2026-01-15,40dc2587d9ae912d26fafb6b41f300f341d2a1f4bd620ff5b5f03827c39453fe
anchuras,8,EXTERNAL_WIDTH_INVENTORY,1,PDG2026:observable:B015:B015W:348570,N(1720) BREIT-WIGNER WIDTH,N(1720)0 | Nbar(1720)0 | N(1720)+ | Nbar(1720)-,WIDTH,150 to 250 to 400,150 to 400 (~250),MeV,UNAVAILABLE_IN_SNAPSHOT,UNAVAILABLE_IN_SNAPSHOT,R,UNAVAILABLE,NOT_APPLICABLE,NOT_APPLICABLE,COMP-BARYON,EXTERNAL_RECORD_ACCOUNTED__INDIVIDUAL_HMT_REALIZATION_NOT_YET_JOINED,named_baryon_binding_map,ONLY_AFTER_INTERNAL_FREEZE,NO,2026,2026-01-15,40dc2587d9ae912d26fafb6b41f300f341d2a1f4bd620ff5b5f03827c39453fe
anchuras,9,EXTERNAL_WIDTH_INVENTORY,1,PDG2026:observable:B016:B016W:348634,N(1875) BREIT-WIGNER WIDTH,N(1875)0 | Nbar(1875)0 | N(1875)+ | Nbar(1875)-,WIDTH,120 to 200 to 250,120 to 250 (~200),MeV,UNAVAILABLE_IN_SNAPSHOT,UNAVAILABLE_IN_SNAPSHOT,R,UNAVAILABLE,NOT_APPLICABLE,NOT_APPLICABLE,COMP-BARYON,EXTERNAL_RECORD_ACCOUNTED__INDIVIDUAL_HMT_REALIZATION_NOT_YET_JOINED,named_baryon_binding_map,ONLY_AFTER_INTERNAL_FREEZE,NO,2026,2026-01-15,40dc2587d9ae912d26fafb6b41f300f341d2a1f4bd620ff5b5f03827c39453fe
anchuras,10,EXTERNAL_WIDTH_INVENTORY,1,PDG2026:observable:B017:B017W:348779,N(1990) BREIT-WIGNER WIDTH,N(1990)0 | Nbar(1990)0 | N(1990)+ | Nbar(1990)-,WIDTH,200 to 300 to 400,200 to 400 (~300),MeV,UNAVAILABLE_IN_SNAPSHOT,UNAVAILABLE_IN_SNAPSHOT,R,UNAVAILABLE,NOT_APPLICABLE,NOT_APPLICABLE,COMP-BARYON,EXTERNAL_RECORD_ACCOUNTED__INDIVIDUAL_HMT_REALIZATION_NOT_YET_JOINED,named_baryon_binding_map,ONLY_AFTER_INTERNAL_FREEZE,NO,2026,2026-01-15,40dc2587d9ae912d26fafb6b41f300f341d2a1f4bd620ff5b5f03827c39453fe
anchuras,11,EXTERNAL_WIDTH_INVENTORY,1,PDG2026:observable:B018:B018W:348500,N(1700) BREIT-WIGNER WIDTH,N(1700)0 | Nbar(1700)0 | N(1700)+ | Nbar(1700)-,WIDTH,100 to 200 to 300,100 to 300 (~200),MeV,UNAVAILABLE_IN_SNAPSHOT,UNAVAILABLE_IN_SNAPSHOT,R,UNAVAILABLE,NOT_APPLICABLE,NOT_APPLICABLE,COMP-BARYON,EXTERNAL_RECORD_ACCOUNTED__INDIVIDUAL_HMT_REALIZATION_NOT_YET_JOINED,named_baryon_binding_map,ONLY_AFTER_INTERNAL_FREEZE,NO,2026,2026-01-15,40dc2587d9ae912d26fafb6b41f300f341d2a1f4bd620ff5b5f03827c39453fe
anchuras,12,EXTERNAL_WIDTH_INVENTORY,1,PDG2026:observable:B019:B019W:349051,Delta(1600) BREIT-WIGNER WIDTH,Delta(1600)- | Deltabar(1600)+ | Delta(1600)0 | Deltabar(1600)0 | Delta(1600)+ | Deltabar(1600)- | Delta(1600)++ | Deltabar(1600)--,WIDTH,200 to 250 to 300,200 to 300 (~250),MeV,UNAVAILABLE_IN_SNAPSHOT,UNAVAILABLE_IN_SNAPSHOT,R,UNAVAILABLE,NOT_APPLICABLE,NOT_APPLICABLE,COMP-BARYON,EXTERNAL_RECORD_ACCOUNTED__INDIVIDUAL_HMT_REALIZATION_NOT_YET_JOINED,named_baryon_binding_map,ONLY_AFTER_INTERNAL_FREEZE,NO,2026,2026-01-15,40dc2587d9ae912d26fafb6b41f300f341d2a1f4bd620ff5b5f03827c39453fe
anchuras,13,EXTERNAL_WIDTH_INVENTORY,1,PDG2026:observable:B021:B021W:350411,Xi(1620) WIDTH,Xi(1620)- | Xibar(1620)+ | Xi(1620)0 | Xibar(1620)0,WIDTH,32+8-9,32+8-9,MeV,UNAVAILABLE_IN_SNAPSHOT,UNAVAILABLE_IN_SNAPSHOT,NONE,UNAVAILABLE,8.1499070124541788,9.4119789269834886,COMP-BARYON,EXTERNAL_RECORD_ACCOUNTED__INDIVIDUAL_HMT_REALIZATION_NOT_YET_JOINED,named_baryon_binding_map,ONLY_AFTER_INTERNAL_FREEZE,NO,2026,2026-01-15,40dc2587d9ae912d26fafb6b41f300f341d2a1f4bd620ff5b5f03827c39453fe
anchuras,14,EXTERNAL_WIDTH_INVENTORY,1,PDG2026:observable:B024:B024W:348907,N(2120) BREIT-WIGNER WIDTH,N(2120)0 | Nbar(2120)0 | N(2120)+ | Nbar(2120)-,WIDTH,260 to 300 to 360,260 to 360 (~300),MeV,UNAVAILABLE_IN_SNAPSHOT,UNAVAILABLE_IN_SNAPSHOT,R,UNAVAILABLE,NOT_APPLICABLE,NOT_APPLICABLE,COMP-BARYON,EXTERNAL_RECORD_ACCOUNTED__INDIVIDUAL_HMT_REALIZATION_NOT_YET_JOINED,named_baryon_binding_map,ONLY_AFTER_INTERNAL_FREEZE,NO,2026,2026-01-15,40dc2587d9ae912d26fafb6b41f300f341d2a1f4bd620ff5b5f03827c39453fe
anchuras,15,EXTERNAL_WIDTH_INVENTORY,1,PDG2026:observable:B030:B030W:349127,Delta(1900) BREIT-WIGNER WIDTH,Delta(1900)- | Deltabar(1900)+ | Delta(1900)0 | Deltabar(1900)0 | Delta(1900)+ | Deltabar(1900)- | Delta(1900)++ | Deltabar(1900)--,WIDTH,180 to 250 to 320,180 to 320 (~250),MeV,UNAVAILABLE_IN_SNAPSHOT,UNAVAILABLE_IN_SNAPSHOT,R,UNAVAILABLE,NOT_APPLICABLE,NOT_APPLICABLE,COMP-BARYON,EXTERNAL_RECORD_ACCOUNTED__INDIVIDUAL_HMT_REALIZATION_NOT_YET_JOINED,named_baryon_binding_map,ONLY_AFTER_INTERNAL_FREEZE,NO,2026,2026-01-15,40dc2587d9ae912d26fafb6b41f300f341d2a1f4bd620ff5b5f03827c39453fe
anchuras,16,EXTERNAL_WIDTH_INVENTORY,1,PDG2026:observable:B032:B032W:349903,Sigma(1620) WIDTH,Sigma(1620)- | Sigmabar(1620)+ | Sigma(1620)0 | Sigmabar(1620)0 | Sigma(1620)+ | Sigmabar(1620)-,WIDTH,40 to 70 to 100,40 to 100 (~70),MeV,UNAVAILABLE_IN_SNAPSHOT,UNAVAILABLE_IN_SNAPSHOT,R,UNAVAILABLE,NOT_APPLICABLE,NOT_APPLICABLE,COMP-BARYON,EXTERNAL_RECORD_ACCOUNTED__INDIVIDUAL_HMT_REALIZATION_NOT_YET_JOINED,named_baryon_binding_map,ONLY_AFTER_INTERNAL_FREEZE,NO,2026,2026-01-15,40dc2587d9ae912d26fafb6b41f300f341d2a1f4bd620ff5b5f03827c39453fe
anchuras,17,EXTERNAL_WIDTH_INVENTORY,1,PDG2026:observable:B033:B033W:349035,MIXED CHARGES,Delta(1232)- | Deltabar(1232)+ | Delta(1232)0 | Deltabar(1232)0 | Delta(1232)+ | Deltabar(1232)- | Delta(1232)++ | Deltabar(1232)--,WIDTH,114 TO 117 TO 120,114 to 120 (~117),MeV,UNAVAILABLE_IN_SNAPSHOT,UNAVAILABLE_IN_SNAPSHOT,R,UNAVAILABLE,NOT_APPLICABLE,NOT_APPLICABLE,COMP-BARYON,EXTERNAL_RECORD_ACCOUNTED__INDIVIDUAL_HMT_REALIZATION_NOT_YET_JOINED,named_baryon_binding_map,ONLY_AFTER_INTERNAL_FREEZE,NO,2026,2026-01-15,40dc2587d9ae912d26fafb6b41f300f341d2a1f4bd620ff5b5f03827c39453fe
anchuras,18,EXTERNAL_WIDTH_INVENTORY,1,PDG2026:observable:B034:B034W:350187,Sigma(2070) WIDTH,Sigma(2070)- | Sigmabar(2070)+ | Sigma(2070)0 | Sigmabar(2070)0 | Sigma(2070)+ | Sigmabar(2070)-,WIDTH,100 to 200 to 300,100 to 300 (~200),MeV,UNAVAILABLE_IN_SNAPSHOT,UNAVAILABLE_IN_SNAPSHOT,R,UNAVAILABLE,NOT_APPLICABLE,NOT_APPLICABLE,COMP-BARYON,EXTERNAL_RECORD_ACCOUNTED__INDIVIDUAL_HMT_REALIZATION_NOT_YET_JOINED,named_baryon_binding_map,ONLY_AFTER_INTERNAL_FREEZE,NO,2026,2026-01-15,40dc2587d9ae912d26fafb6b41f300f341d2a1f4bd620ff5b5f03827c39453fe
anchuras,19,EXTERNAL_WIDTH_INVENTORY,1,PDG2026:observable:B035:B035W:349764,Lambda(2110) WIDTH,Lambda(2110)0 | Lambdabar(2110)0,WIDTH,200 to 250 to 300,200 to 300 (~250),MeV,UNAVAILABLE_IN_SNAPSHOT,UNAVAILABLE_IN_SNAPSHOT,R,UNAVAILABLE,NOT_APPLICABLE,NOT_APPLICABLE,COMP-BARYON,EXTERNAL_RECORD_ACCOUNTED__INDIVIDUAL_HMT_REALIZATION_NOT_YET_JOINED,named_baryon_binding_map,ONLY_AFTER_INTERNAL_FREEZE,NO,2026,2026-01-15,40dc2587d9ae912d26fafb6b41f300f341d2a1f4bd620ff5b5f03827c39453fe
anchuras,20,EXTERNAL_WIDTH_INVENTORY,1,PDG2026:observable:B036:B036W:349556,Lambda(1800) WIDTH,Lambda(1800)0 | Lambdabar(1800)0,WIDTH,150 to 200 to 250,150 to 250 (~200),MeV,UNAVAILABLE_IN_SNAPSHOT,UNAVAILABLE_IN_SNAPSHOT,R,UNAVAILABLE,NOT_APPLICABLE,NOT_APPLICABLE,COMP-BARYON,EXTERNAL_RECORD_ACCOUNTED__INDIVIDUAL_HMT_REALIZATION_NOT_YET_JOINED,named_baryon_binding_map,ONLY_AFTER_INTERNAL_FREEZE,NO,2026,2026-01-15,40dc2587d9ae912d26fafb6b41f300f341d2a1f4bd620ff5b5f03827c39453fe
anchuras,21,EXTERNAL_WIDTH_INVENTORY,1,PDG2026:observable:B037:B037W1:349428,PRODUCTION EXPERIMENTS,Lambda(1405)0 | Lambdabar(1405)0,WIDTH,50.5+-2.0,50.5+-2.0,MeV,UNAVAILABLE_IN_SNAPSHOT,UNAVAILABLE_IN_SNAPSHOT,NONE,UNAVAILABLE,1.96116135138184,1.96116135138184,COMP-BARYON,EXTERNAL_RECORD_ACCOUNTED__INDIVIDUAL_HMT_REALIZATION_NOT_YET_JOINED,named_baryon_binding_map,ONLY_AFTER_INTERNAL_FREEZE,NO,2026,2026-01-15,40dc2587d9ae912d26fafb6b41f300f341d2a1f4bd620ff5b5f03827c39453fe
anchuras,22,EXTERNAL_WIDTH_INVENTORY,1,PDG2026:observable:B038:B038W:349439,Lambda(1520) WIDTH,Lambda(1520)0 | Lambdabar(1520)0,WIDTH,15 to 16 to 17,15 to 17 (~16),MeV,UNAVAILABLE_IN_SNAPSHOT,UNAVAILABLE_IN_SNAPSHOT,R,UNAVAILABLE,NOT_APPLICABLE,NOT_APPLICABLE,COMP-BARYON,EXTERNAL_RECORD_ACCOUNTED__INDIVIDUAL_HMT_REALIZATION_NOT_YET_JOINED,named_baryon_binding_map,ONLY_AFTER_INTERNAL_FREEZE,NO,2026,2026-01-15,40dc2587d9ae912d26fafb6b41f300f341d2a1f4bd620ff5b5f03827c39453fe
anchuras,23,EXTERNAL_WIDTH_INVENTORY,1,PDG2026:observable:B039:B039W:349595,Lambda(1820) WIDTH,Lambda(1820)0 | Lambdabar(1820)0,WIDTH,70 TO 80 TO 90,70 to 90 (~80),MeV,UNAVAILABLE_IN_SNAPSHOT,UNAVAILABLE_IN_SNAPSHOT,R,UNAVAILABLE,NOT_APPLICABLE,NOT_APPLICABLE,COMP-BARYON,EXTERNAL_RECORD_ACCOUNTED__INDIVIDUAL_HMT_REALIZATION_NOT_YET_JOINED,named_baryon_binding_map,ONLY_AFTER_INTERNAL_FREEZE,NO,2026,2026-01-15,40dc2587d9ae912d26fafb6b41f300f341d2a1f4bd620ff5b5f03827c39453fe
anchuras,24,EXTERNAL_WIDTH_INVENTORY,1,PDG2026:observable:B040:B040W:349495,Lambda(1670) WIDTH,Lambda(1670)0 | Lambdabar(1670)0,WIDTH,25 to 30 to 35,25 to 35 (~30),MeV,UNAVAILABLE_IN_SNAPSHOT,UNAVAILABLE_IN_SNAPSHOT,R,UNAVAILABLE,NOT_APPLICABLE,NOT_APPLICABLE,COMP-BARYON,EXTERNAL_RECORD_ACCOUNTED__INDIVIDUAL_HMT_REALIZATION_NOT_YET_JOINED,named_baryon_binding_map,ONLY_AFTER_INTERNAL_FREEZE,NO,2026,2026-01-15,40dc2587d9ae912d26fafb6b41f300f341d2a1f4bd620ff5b5f03827c39453fe
anchuras,25,EXTERNAL_WIDTH_INVENTORY,1,PDG2026:observable:B041:B041W:349742,Lambda(2100) WIDTH,Lambda(2100)0 | Lambdabar(2100)0,WIDTH,100 TO 200 TO 250,100 to 250 (~200),MeV,UNAVAILABLE_IN_SNAPSHOT,UNAVAILABLE_IN_SNAPSHOT,R,UNAVAILABLE,NOT_APPLICABLE,NOT_APPLICABLE,COMP-BARYON,EXTERNAL_RECORD_ACCOUNTED__INDIVIDUAL_HMT_REALIZATION_NOT_YET_JOINED,named_baryon_binding_map,ONLY_AFTER_INTERNAL_FREEZE,NO,2026,2026-01-15,40dc2587d9ae912d26fafb6b41f300f341d2a1f4bd620ff5b5f03827c39453fe
anchuras,26,EXTERNAL_WIDTH_INVENTORY,1,PDG2026:observable:B042:B042W:349776,Lambda(2350) WIDTH,Lambda(2350)0 | Lambdabar(2350)0,WIDTH,100 TO 150 TO 250,100 to 250 (~150),MeV,UNAVAILABLE_IN_SNAPSHOT,UNAVAILABLE_IN_SNAPSHOT,R,UNAVAILABLE,NOT_APPLICABLE,NOT_APPLICABLE,COMP-BARYON,EXTERNAL_RECORD_ACCOUNTED__INDIVIDUAL_HMT_REALIZATION_NOT_YET_JOINED,named_baryon_binding_map,ONLY_AFTER_INTERNAL_FREEZE,NO,2026,2026-01-15,40dc2587d9ae912d26fafb6b41f300f341d2a1f4bd620ff5b5f03827c39453fe
anchuras,27,EXTERNAL_WIDTH_INVENTORY,1,PDG2026:observable:B043:B043W+:349879,Sigma(1385)+ WIDTH,Sigma(1385)- | Sigmabar(1385)+ | Sigma(1385)0 | Sigmabar(1385)0 | Sigma(1385)+ | Sigmabar(1385)-,WIDTH,36.2+-0.7,36.2+-0.7,MeV,UNAVAILABLE_IN_SNAPSHOT,UNAVAILABLE_IN_SNAPSHOT,NONE,UNAVAILABLE,0.69132395371450484,0.70656746664477266,COMP-BARYON,EXTERNAL_RECORD_ACCOUNTED__INDIVIDUAL_HMT_REALIZATION_NOT_YET_JOINED,named_baryon_binding_map,ONLY_AFTER_INTERNAL_FREEZE,NO,2026,2026-01-15,40dc2587d9ae912d26fafb6b41f300f341d2a1f4bd620ff5b5f03827c39453fe
anchuras,28,EXTERNAL_WIDTH_INVENTORY,1,PDG2026:observable:B043:B043W0:349880,Sigma(1385)0 WIDTH,Sigma(1385)- | Sigmabar(1385)+ | Sigma(1385)0 | Sigmabar(1385)0 | Sigma(1385)+ | Sigmabar(1385)-,WIDTH,44+-8,44+-8,MeV,UNAVAILABLE_IN_SNAPSHOT,UNAVAILABLE_IN_SNAPSHOT,NONE,UNAVAILABLE,8.1680421550261997,8.1680421550261997,COMP-BARYON,EXTERNAL_RECORD_ACCOUNTED__INDIVIDUAL_HMT_REALIZATION_NOT_YET_JOINED,named_baryon_binding_map,ONLY_AFTER_INTERNAL_FREEZE,NO,2026,2026-01-15,40dc2587d9ae912d26fafb6b41f300f341d2a1f4bd620ff5b5f03827c39453fe
anchuras,29,EXTERNAL_WIDTH_INVENTORY,1,PDG2026:observable:B043:B043W-:349881,Sigma(1385)- WIDTH,Sigma(1385)- | Sigmabar(1385)+ | Sigma(1385)0 | Sigmabar(1385)0 | Sigma(1385)+ | Sigmabar(1385)-,WIDTH,39.4+-2.1,39.4+-2.1,MeV,UNAVAILABLE_IN_SNAPSHOT,UNAVAILABLE_IN_SNAPSHOT,NONE,UNAVAILABLE,2.080864718865612,2.080864718865612,COMP-BARYON,EXTERNAL_RECORD_ACCOUNTED__INDIVIDUAL_HMT_REALIZATION_NOT_YET_JOINED,named_baryon_binding_map,ONLY_AFTER_INTERNAL_FREEZE,NO,2026,2026-01-15,40dc2587d9ae912d26fafb6b41f300f341d2a1f4bd620ff5b5f03827c39453fe
anchuras,30,EXTERNAL_WIDTH_INVENTORY,1,PDG2026:observable:B044:B044W:349947,Sigma(1670) WIDTH,Sigma(1670)- | Sigmabar(1670)+ | Sigma(1670)0 | Sigmabar(1670)0 | Sigma(1670)+ | Sigmabar(1670)-,WIDTH,40 to 70 to 100,40 to 100 (~70),MeV,UNAVAILABLE_IN_SNAPSHOT,UNAVAILABLE_IN_SNAPSHOT,R,UNAVAILABLE,NOT_APPLICABLE,NOT_APPLICABLE,COMP-BARYON,EXTERNAL_RECORD_ACCOUNTED__INDIVIDUAL_HMT_REALIZATION_NOT_YET_JOINED,named_baryon_binding_map,ONLY_AFTER_INTERNAL_FREEZE,NO,2026,2026-01-15,40dc2587d9ae912d26fafb6b41f300f341d2a1f4bd620ff5b5f03827c39453fe
anchuras,31,EXTERNAL_WIDTH_INVENTORY,1,PDG2026:observable:B045:B045W:349984,Sigma(1775) WIDTH,Sigma(1775)- | Sigmabar(1775)+ | Sigma(1775)0 | Sigmabar(1775)0 | Sigma(1775)+ | Sigmabar(1775)-,WIDTH,105 TO 120 TO 135,105 to 135 (~120),MeV,UNAVAILABLE_IN_SNAPSHOT,UNAVAILABLE_IN_SNAPSHOT,R,UNAVAILABLE,NOT_APPLICABLE,NOT_APPLICABLE,COMP-BARYON,EXTERNAL_RECORD_ACCOUNTED__INDIVIDUAL_HMT_REALIZATION_NOT_YET_JOINED,named_baryon_binding_map,ONLY_AFTER_INTERNAL_FREEZE,NO,2026,2026-01-15,40dc2587d9ae912d26fafb6b41f300f341d2a1f4bd620ff5b5f03827c39453fe
anchuras,32,EXTERNAL_WIDTH_INVENTORY,1,PDG2026:observable:B046:B046W:350081,Sigma(1915) WIDTH,Sigma(1915)- | Sigmabar(1915)+ | Sigma(1915)0 | Sigmabar(1915)0 | Sigma(1915)+ | Sigmabar(1915)-,WIDTH,80 TO 120 TO 160,80 to 160 (~120),MeV,UNAVAILABLE_IN_SNAPSHOT,UNAVAILABLE_IN_SNAPSHOT,R,UNAVAILABLE,NOT_APPLICABLE,NOT_APPLICABLE,COMP-BARYON,EXTERNAL_RECORD_ACCOUNTED__INDIVIDUAL_HMT_REALIZATION_NOT_YET_JOINED,named_baryon_binding_map,ONLY_AFTER_INTERNAL_FREEZE,NO,2026,2026-01-15,40dc2587d9ae912d26fafb6b41f300f341d2a1f4bd620ff5b5f03827c39453fe
anchuras,33,EXTERNAL_WIDTH_INVENTORY,1,PDG2026:observable:B047:B047W:350167,Sigma(2030) WIDTH,Sigma(2030)- | Sigmabar(2030)+ | Sigma(2030)0 | Sigmabar(2030)0 | Sigma(2030)+ | Sigmabar(2030)-,WIDTH,150 TO 180 TO 200,150 to 200 (~180),MeV,UNAVAILABLE_IN_SNAPSHOT,UNAVAILABLE_IN_SNAPSHOT,R,UNAVAILABLE,NOT_APPLICABLE,NOT_APPLICABLE,COMP-BARYON,EXTERNAL_RECORD_ACCOUNTED__INDIVIDUAL_HMT_REALIZATION_NOT_YET_JOINED,named_baryon_binding_map,ONLY_AFTER_INTERNAL_FREEZE,NO,2026,2026-01-15,40dc2587d9ae912d26fafb6b41f300f341d2a1f4bd620ff5b5f03827c39453fe
anchuras,34,EXTERNAL_WIDTH_INVENTORY,1,PDG2026:observable:B048:B048W:350278,Sigma(2250) WIDTH,Sigma(2250)- | Sigmabar(2250)+ | Sigma(2250)0 | Sigmabar(2250)0 | Sigma(2250)+ | Sigmabar(2250)-,WIDTH,60 TO 100 TO 150,60 to 150 (~100),MeV,UNAVAILABLE_IN_SNAPSHOT,UNAVAILABLE_IN_SNAPSHOT,R,UNAVAILABLE,NOT_APPLICABLE,NOT_APPLICABLE,COMP-BARYON,EXTERNAL_RECORD_ACCOUNTED__INDIVIDUAL_HMT_REALIZATION_NOT_YET_JOINED,named_baryon_binding_map,ONLY_AFTER_INTERNAL_FREEZE,NO,2026,2026-01-15,40dc2587d9ae912d26fafb6b41f300f341d2a1f4bd620ff5b5f03827c39453fe
anchuras,35,EXTERNAL_WIDTH_INVENTORY,1,PDG2026:observable:B049:B049W0:350405,Xi(1530)0 WIDTH,Xi(1530)- | Xibar(1530)+ | Xi(1530)0 | Xibar(1530)0,WIDTH,9.1+-0.5,9.1+-0.5,MeV,UNAVAILABLE_IN_SNAPSHOT,UNAVAILABLE_IN_SNAPSHOT,NONE,UNAVAILABLE,0.48058271927942953,0.48058271927942953,COMP-BARYON,EXTERNAL_RECORD_ACCOUNTED__INDIVIDUAL_HMT_REALIZATION_NOT_YET_JOINED,named_baryon_binding_map,ONLY_AFTER_INTERNAL_FREEZE,NO,2026,2026-01-15,40dc2587d9ae912d26fafb6b41f300f341d2a1f4bd620ff5b5f03827c39453fe
anchuras,36,EXTERNAL_WIDTH_INVENTORY,1,PDG2026:observable:B049:B049W-:350406,Xi(1530)- WIDTH,Xi(1530)- | Xibar(1530)+ | Xi(1530)0 | Xibar(1530)0,WIDTH,9.9+1.7-1.9,9.9+1.7-1.9,MeV,UNAVAILABLE_IN_SNAPSHOT,UNAVAILABLE_IN_SNAPSHOT,NONE,UNAVAILABLE,1.731350237665344,1.930203247244187,COMP-BARYON,EXTERNAL_RECORD_ACCOUNTED__INDIVIDUAL_HMT_REALIZATION_NOT_YET_JOINED,named_baryon_binding_map,ONLY_AFTER_INTERNAL_FREEZE,NO,2026,2026-01-15,40dc2587d9ae912d26fafb6b41f300f341d2a1f4bd620ff5b5f03827c39453fe
anchuras,37,EXTERNAL_WIDTH_INVENTORY,1,PDG2026:observable:B050:B050W:350422,Xi(1820) WIDTH,Xi(1820)- | Xibar(1820)+ | Xi(1820)0 | Xibar(1820)0,WIDTH,24+15-10,24+15-10,MeV,UNAVAILABLE_IN_SNAPSHOT,UNAVAILABLE_IN_SNAPSHOT,NONE,UNAVAILABLE,15,10,COMP-BARYON,EXTERNAL_RECORD_ACCOUNTED__INDIVIDUAL_HMT_REALIZATION_NOT_YET_JOINED,named_baryon_binding_map,ONLY_AFTER_INTERNAL_FREEZE,NO,2026,2026-01-15,40dc2587d9ae912d26fafb6b41f300f341d2a1f4bd620ff5b5f03827c39453fe
anchuras,38,EXTERNAL_WIDTH_INVENTORY,1,PDG2026:observable:B052:B052W:350438,Xi(1950) WIDTH,Xi(1950)- | Xibar(1950)+ | Xi(1950)0 | Xibar(1950)0,WIDTH,60+-20,60+-20,MeV,UNAVAILABLE_IN_SNAPSHOT,UNAVAILABLE_IN_SNAPSHOT,NONE,UNAVAILABLE,20,20,COMP-BARYON,EXTERNAL_RECORD_ACCOUNTED__INDIVIDUAL_HMT_REALIZATION_NOT_YET_JOINED,named_baryon_binding_map,ONLY_AFTER_INTERNAL_FREEZE,NO,2026,2026-01-15,40dc2587d9ae912d26fafb6b41f300f341d2a1f4bd620ff5b5f03827c39453fe
anchuras,39,EXTERNAL_WIDTH_INVENTORY,1,PDG2026:observable:B055:B055W:349519,Lambda(1690) WIDTH,Lambda(1690)0 | Lambdabar(1690)0,WIDTH,60 to 70 to 80,60 to 80 (~70),MeV,UNAVAILABLE_IN_SNAPSHOT,UNAVAILABLE_IN_SNAPSHOT,R,UNAVAILABLE,NOT_APPLICABLE,NOT_APPLICABLE,COMP-BARYON,EXTERNAL_RECORD_ACCOUNTED__INDIVIDUAL_HMT_REALIZATION_NOT_YET_JOINED,named_baryon_binding_map,ONLY_AFTER_INTERNAL_FREEZE,NO,2026,2026-01-15,40dc2587d9ae912d26fafb6b41f300f341d2a1f4bd620ff5b5f03827c39453fe
anchuras,40,EXTERNAL_WIDTH_INVENTORY,1,PDG2026:observable:B056:B056W:349615,Lambda(1830) WIDTH,Lambda(1830)0 | Lambdabar(1830)0,WIDTH,60 to 90 to 120,60 to 120 (~90),MeV,UNAVAILABLE_IN_SNAPSHOT,UNAVAILABLE_IN_SNAPSHOT,R,UNAVAILABLE,NOT_APPLICABLE,NOT_APPLICABLE,COMP-BARYON,EXTERNAL_RECORD_ACCOUNTED__INDIVIDUAL_HMT_REALIZATION_NOT_YET_JOINED,named_baryon_binding_map,ONLY_AFTER_INTERNAL_FREEZE,NO,2026,2026-01-15,40dc2587d9ae912d26fafb6b41f300f341d2a1f4bd620ff5b5f03827c39453fe
anchuras,41,EXTERNAL_WIDTH_INVENTORY,1,PDG2026:observable:B057:B057W:349967,Sigma(1750) WIDTH,Sigma(1750)- | Sigmabar(1750)+ | Sigma(1750)0 | Sigmabar(1750)0 | Sigma(1750)+ | Sigmabar(1750)-,WIDTH,100 to 150 to 200,100 to 200 (~150),MeV,UNAVAILABLE_IN_SNAPSHOT,UNAVAILABLE_IN_SNAPSHOT,R,UNAVAILABLE,NOT_APPLICABLE,NOT_APPLICABLE,COMP-BARYON,EXTERNAL_RECORD_ACCOUNTED__INDIVIDUAL_HMT_REALIZATION_NOT_YET_JOINED,named_baryon_binding_map,ONLY_AFTER_INTERNAL_FREEZE,NO,2026,2026-01-15,40dc2587d9ae912d26fafb6b41f300f341d2a1f4bd620ff5b5f03827c39453fe
anchuras,42,EXTERNAL_WIDTH_INVENTORY,1,PDG2026:observable:B060:B060W:349636,Lambda(1890) WIDTH,Lambda(1890)0 | Lambdabar(1890)0,WIDTH,80 to 120 to 160,80 to 160 (~120),MeV,UNAVAILABLE_IN_SNAPSHOT,UNAVAILABLE_IN_SNAPSHOT,R,UNAVAILABLE,NOT_APPLICABLE,NOT_APPLICABLE,COMP-BARYON,EXTERNAL_RECORD_ACCOUNTED__INDIVIDUAL_HMT_REALIZATION_NOT_YET_JOINED,named_baryon_binding_map,ONLY_AFTER_INTERNAL_FREEZE,NO,2026,2026-01-15,40dc2587d9ae912d26fafb6b41f300f341d2a1f4bd620ff5b5f03827c39453fe
anchuras,43,EXTERNAL_WIDTH_INVENTORY,1,PDG2026:observable:B061:B061W:348327,N(1440) BREIT-WIGNER WIDTH,N(1440)0 | Nbar(1440)0 | N(1440)+ | Nbar(1440)-,WIDTH,250 to 350 to 450,250 to 450 (~350),MeV,UNAVAILABLE_IN_SNAPSHOT,UNAVAILABLE_IN_SNAPSHOT,R,UNAVAILABLE,NOT_APPLICABLE,NOT_APPLICABLE,COMP-BARYON,EXTERNAL_RECORD_ACCOUNTED__INDIVIDUAL_HMT_REALIZATION_NOT_YET_JOINED,named_baryon_binding_map,ONLY_AFTER_INTERNAL_FREEZE,NO,2026,2026-01-15,40dc2587d9ae912d26fafb6b41f300f341d2a1f4bd620ff5b5f03827c39453fe
anchuras,44,EXTERNAL_WIDTH_INVENTORY,1,PDG2026:observable:B062:B062W:348350,N(1520) BREIT-WIGNER WIDTH,N(1520)0 | Nbar(1520)0 | N(1520)+ | Nbar(1520)-,WIDTH,100 to 110 to 120,100 to 120 (~110),MeV,UNAVAILABLE_IN_SNAPSHOT,UNAVAILABLE_IN_SNAPSHOT,R,UNAVAILABLE,NOT_APPLICABLE,NOT_APPLICABLE,COMP-BARYON,EXTERNAL_RECORD_ACCOUNTED__INDIVIDUAL_HMT_REALIZATION_NOT_YET_JOINED,named_baryon_binding_map,ONLY_AFTER_INTERNAL_FREEZE,NO,2026,2026-01-15,40dc2587d9ae912d26fafb6b41f300f341d2a1f4bd620ff5b5f03827c39453fe
anchuras,45,EXTERNAL_WIDTH_INVENTORY,1,PDG2026:observable:B063:B063W:348384,N(1535) BREIT-WIGNER WIDTH,N(1535)0 | Nbar(1535)0 | N(1535)+ | Nbar(1535)-,WIDTH,125 TO 150 TO 175,125 to 175 (~150),MeV,UNAVAILABLE_IN_SNAPSHOT,UNAVAILABLE_IN_SNAPSHOT,R,UNAVAILABLE,NOT_APPLICABLE,NOT_APPLICABLE,COMP-BARYON,EXTERNAL_RECORD_ACCOUNTED__INDIVIDUAL_HMT_REALIZATION_NOT_YET_JOINED,named_baryon_binding_map,ONLY_AFTER_INTERNAL_FREEZE,NO,2026,2026-01-15,40dc2587d9ae912d26fafb6b41f300f341d2a1f4bd620ff5b5f03827c39453fe
anchuras,46,EXTERNAL_WIDTH_INVENTORY,1,PDG2026:observable:B064:B064W:348436,N(1675) BREIT-WIGNER WIDTH,N(1675)0 | Nbar(1675)0 | N(1675)+ | Nbar(1675)-,WIDTH,130 to 145 to 160,130 to 160 (~145),MeV,UNAVAILABLE_IN_SNAPSHOT,UNAVAILABLE_IN_SNAPSHOT,R,UNAVAILABLE,NOT_APPLICABLE,NOT_APPLICABLE,COMP-BARYON,EXTERNAL_RECORD_ACCOUNTED__INDIVIDUAL_HMT_REALIZATION_NOT_YET_JOINED,named_baryon_binding_map,ONLY_AFTER_INTERNAL_FREEZE,NO,2026,2026-01-15,40dc2587d9ae912d26fafb6b41f300f341d2a1f4bd620ff5b5f03827c39453fe
anchuras,47,EXTERNAL_WIDTH_INVENTORY,1,PDG2026:observable:B065:B065W:348468,N(1680) BREIT-WIGNER WIDTH,N(1680)0 | Nbar(1680)0 | N(1680)+ | Nbar(1680)-,WIDTH,115 to 120 to 130,115 to 130 (~120),MeV,UNAVAILABLE_IN_SNAPSHOT,UNAVAILABLE_IN_SNAPSHOT,R,UNAVAILABLE,NOT_APPLICABLE,NOT_APPLICABLE,COMP-BARYON,EXTERNAL_RECORD_ACCOUNTED__INDIVIDUAL_HMT_REALIZATION_NOT_YET_JOINED,named_baryon_binding_map,ONLY_AFTER_INTERNAL_FREEZE,NO,2026,2026-01-15,40dc2587d9ae912d26fafb6b41f300f341d2a1f4bd620ff5b5f03827c39453fe
anchuras,48,EXTERNAL_WIDTH_INVENTORY,1,PDG2026:observable:B066:B066W:348411,N(1650) BREIT-WIGNER WIDTH,N(1650)0 | Nbar(1650)0 | N(1650)+ | Nbar(1650)-,WIDTH,100 to 125 to 150,100 to 150 (~125),MeV,UNAVAILABLE_IN_SNAPSHOT,UNAVAILABLE_IN_SNAPSHOT,R,UNAVAILABLE,NOT_APPLICABLE,NOT_APPLICABLE,COMP-BARYON,EXTERNAL_RECORD_ACCOUNTED__INDIVIDUAL_HMT_REALIZATION_NOT_YET_JOINED,named_baryon_binding_map,ONLY_AFTER_INTERNAL_FREEZE,NO,2026,2026-01-15,40dc2587d9ae912d26fafb6b41f300f341d2a1f4bd620ff5b5f03827c39453fe
anchuras,49,EXTERNAL_WIDTH_INVENTORY,1,PDG2026:observable:B067:B067W:350000,Sigma(1880) WIDTH,Sigma(1880)- | Sigmabar(1880)+ | Sigma(1880)0 | Sigmabar(1880)0 | Sigma(1880)+ | Sigmabar(1880)-,WIDTH,100 to 200 to 300,100 to 300 (~200),MeV,UNAVAILABLE_IN_SNAPSHOT,UNAVAILABLE_IN_SNAPSHOT,R,UNAVAILABLE,NOT_APPLICABLE,NOT_APPLICABLE,COMP-BARYON,EXTERNAL_RECORD_ACCOUNTED__INDIVIDUAL_HMT_REALIZATION_NOT_YET_JOINED,named_baryon_binding_map,ONLY_AFTER_INTERNAL_FREEZE,NO,2026,2026-01-15,40dc2587d9ae912d26fafb6b41f300f341d2a1f4bd620ff5b5f03827c39453fe
anchuras,50,EXTERNAL_WIDTH_INVENTORY,1,PDG2026:observable:B068:B068W:350445,Xi(2030) WIDTH,Xi(2030)- | Xibar(2030)+ | Xi(2030)0 | Xibar(2030)0,WIDTH,20+15-5,20+15-5,MeV,UNAVAILABLE_IN_SNAPSHOT,UNAVAILABLE_IN_SNAPSHOT,NONE,UNAVAILABLE,15,5,COMP-BARYON,EXTERNAL_RECORD_ACCOUNTED__INDIVIDUAL_HMT_REALIZATION_NOT_YET_JOINED,named_baryon_binding_map,ONLY_AFTER_INTERNAL_FREEZE,NO,2026,2026-01-15,40dc2587d9ae912d26fafb6b41f300f341d2a1f4bd620ff5b5f03827c39453fe
anchuras,51,EXTERNAL_WIDTH_INVENTORY,1,PDG2026:observable:B071:B071W:348954,N(2190) BREIT-WIGNER WIDTH,N(2190)0 | Nbar(2190)0 | N(2190)+ | Nbar(2190)-,WIDTH,300 to 400 to 500,300 to 500 (~400),MeV,UNAVAILABLE_IN_SNAPSHOT,UNAVAILABLE_IN_SNAPSHOT,R,UNAVAILABLE,NOT_APPLICABLE,NOT_APPLICABLE,COMP-BARYON,EXTERNAL_RECORD_ACCOUNTED__INDIVIDUAL_HMT_REALIZATION_NOT_YET_JOINED,named_baryon_binding_map,ONLY_AFTER_INTERNAL_FREEZE,NO,2026,2026-01-15,40dc2587d9ae912d26fafb6b41f300f341d2a1f4bd620ff5b5f03827c39453fe
anchuras,52,EXTERNAL_WIDTH_INVENTORY,1,PDG2026:observable:B077:B077W:349577,Lambda(1810) WIDTH,Lambda(1810)0 | Lambdabar(1810)0,WIDTH,50 to 110 to 170,50 to 170 (~110),MeV,UNAVAILABLE_IN_SNAPSHOT,UNAVAILABLE_IN_SNAPSHOT,R,UNAVAILABLE,NOT_APPLICABLE,NOT_APPLICABLE,COMP-BARYON,EXTERNAL_RECORD_ACCOUNTED__INDIVIDUAL_HMT_REALIZATION_NOT_YET_JOINED,named_baryon_binding_map,ONLY_AFTER_INTERNAL_FREEZE,NO,2026,2026-01-15,40dc2587d9ae912d26fafb6b41f300f341d2a1f4bd620ff5b5f03827c39453fe
anchuras,53,EXTERNAL_WIDTH_INVENTORY,1,PDG2026:observable:B079:B079W:349921,Sigma(1660) WIDTH,Sigma(1660)- | Sigmabar(1660)+ | Sigma(1660)0 | Sigmabar(1660)0 | Sigma(1660)+ | Sigmabar(1660)-,WIDTH,100 to 200 to 300,100 to 300 (~200),MeV,UNAVAILABLE_IN_SNAPSHOT,UNAVAILABLE_IN_SNAPSHOT,R,UNAVAILABLE,NOT_APPLICABLE,NOT_APPLICABLE,COMP-BARYON,EXTERNAL_RECORD_ACCOUNTED__INDIVIDUAL_HMT_REALIZATION_NOT_YET_JOINED,named_baryon_binding_map,ONLY_AFTER_INTERNAL_FREEZE,NO,2026,2026-01-15,40dc2587d9ae912d26fafb6b41f300f341d2a1f4bd620ff5b5f03827c39453fe
anchuras,54,EXTERNAL_WIDTH_INVENTORY,1,PDG2026:observable:B082:B082W:349079,Delta(1620) BREIT-WIGNER WIDTH,Delta(1620)- | Deltabar(1620)+ | Delta(1620)0 | Deltabar(1620)0 | Delta(1620)+ | Deltabar(1620)- | Delta(1620)++ | Deltabar(1620)--,WIDTH,110 to 130 to 150,110 to 150 (~130),MeV,UNAVAILABLE_IN_SNAPSHOT,UNAVAILABLE_IN_SNAPSHOT,R,UNAVAILABLE,NOT_APPLICABLE,NOT_APPLICABLE,COMP-BARYON,EXTERNAL_RECORD_ACCOUNTED__INDIVIDUAL_HMT_REALIZATION_NOT_YET_JOINED,named_baryon_binding_map,ONLY_AFTER_INTERNAL_FREEZE,NO,2026,2026-01-15,40dc2587d9ae912d26fafb6b41f300f341d2a1f4bd620ff5b5f03827c39453fe
anchuras,55,EXTERNAL_WIDTH_INVENTORY,1,PDG2026:observable:B083:B083W:349309,Delta(1950) BREIT-WIGNER WIDTH,Delta(1950)- | Deltabar(1950)+ | Delta(1950)0 | Deltabar(1950)0 | Delta(1950)+ | Deltabar(1950)- | Delta(1950)++ | Deltabar(1950)--,WIDTH,235 to 285 to 335,235 to 335 (~285),MeV,UNAVAILABLE_IN_SNAPSHOT,UNAVAILABLE_IN_SNAPSHOT,R,UNAVAILABLE,NOT_APPLICABLE,NOT_APPLICABLE,COMP-BARYON,EXTERNAL_RECORD_ACCOUNTED__INDIVIDUAL_HMT_REALIZATION_NOT_YET_JOINED,named_baryon_binding_map,ONLY_AFTER_INTERNAL_FREEZE,NO,2026,2026-01-15,40dc2587d9ae912d26fafb6b41f300f341d2a1f4bd620ff5b5f03827c39453fe
anchuras,56,EXTERNAL_WIDTH_INVENTORY,1,PDG2026:observable:B084:B084W:349360,Delta(2420) BREIT-WIGNER WIDTH,Delta(2420)- | Deltabar(2420)+ | Delta(2420)0 | Deltabar(2420)0 | Delta(2420)+ | Deltabar(2420)- | Delta(2420)++ | Deltabar(2420)--,WIDTH,300 to 500 to 700,300 to 700 (~500),MeV,UNAVAILABLE_IN_SNAPSHOT,UNAVAILABLE_IN_SNAPSHOT,R,UNAVAILABLE,NOT_APPLICABLE,NOT_APPLICABLE,COMP-BARYON,EXTERNAL_RECORD_ACCOUNTED__INDIVIDUAL_HMT_REALIZATION_NOT_YET_JOINED,named_baryon_binding_map,ONLY_AFTER_INTERNAL_FREEZE,NO,2026,2026-01-15,40dc2587d9ae912d26fafb6b41f300f341d2a1f4bd620ff5b5f03827c39453fe
anchuras,57,EXTERNAL_WIDTH_INVENTORY,1,PDG2026:observable:B087:B087W:348672,N(1880) BREIT-WIGNER WIDTH,N(1880)0 | Nbar(1880)0 | N(1880)+ | Nbar(1880)-,WIDTH,200 to 300 to 400,200 to 400 (~300),MeV,UNAVAILABLE_IN_SNAPSHOT,UNAVAILABLE_IN_SNAPSHOT,R,UNAVAILABLE,NOT_APPLICABLE,NOT_APPLICABLE,COMP-BARYON,EXTERNAL_RECORD_ACCOUNTED__INDIVIDUAL_HMT_REALIZATION_NOT_YET_JOINED,named_baryon_binding_map,ONLY_AFTER_INTERNAL_FREEZE,NO,2026,2026-01-15,40dc2587d9ae912d26fafb6b41f300f341d2a1f4bd620ff5b5f03827c39453fe
anchuras,58,EXTERNAL_WIDTH_INVENTORY,1,PDG2026:observable:B088:B088W:350189,Sigma(2080) WIDTH,Sigma(2080)- | Sigmabar(2080)+ | Sigma(2080)0 | Sigmabar(2080)0 | Sigma(2080)+ | Sigmabar(2080)-,WIDTH,100 to 170 to 240,100 to 240 (~170),MeV,UNAVAILABLE_IN_SNAPSHOT,UNAVAILABLE_IN_SNAPSHOT,R,UNAVAILABLE,NOT_APPLICABLE,NOT_APPLICABLE,COMP-BARYON,EXTERNAL_RECORD_ACCOUNTED__INDIVIDUAL_HMT_REALIZATION_NOT_YET_JOINED,named_baryon_binding_map,ONLY_AFTER_INTERNAL_FREEZE,NO,2026,2026-01-15,40dc2587d9ae912d26fafb6b41f300f341d2a1f4bd620ff5b5f03827c39453fe
anchuras,59,EXTERNAL_WIDTH_INVENTORY,1,PDG2026:observable:B090:B090W:348987,N(2220) BREIT-WIGNER WIDTH,N(2220)0 | Nbar(2220)0 | N(2220)+ | Nbar(2220)-,WIDTH,350 TO 400 TO 500,350 to 500 (~400),MeV,UNAVAILABLE_IN_SNAPSHOT,UNAVAILABLE_IN_SNAPSHOT,R,UNAVAILABLE,NOT_APPLICABLE,NOT_APPLICABLE,COMP-BARYON,EXTERNAL_RECORD_ACCOUNTED__INDIVIDUAL_HMT_REALIZATION_NOT_YET_JOINED,named_baryon_binding_map,ONLY_AFTER_INTERNAL_FREEZE,NO,2026,2026-01-15,40dc2587d9ae912d26fafb6b41f300f341d2a1f4bd620ff5b5f03827c39453fe
anchuras,60,EXTERNAL_WIDTH_INVENTORY,1,PDG2026:observable:B098:B098W:350051,Sigma(1910) WIDTH,Sigma(1910)- | Sigmabar(1910)+ | Sigma(1910)0 | Sigmabar(1910)0 | Sigma(1910)+ | Sigmabar(1910)-,WIDTH,150 to 220 to 300,150 to 300 (~220),MeV,UNAVAILABLE_IN_SNAPSHOT,UNAVAILABLE_IN_SNAPSHOT,R,UNAVAILABLE,NOT_APPLICABLE,NOT_APPLICABLE,COMP-BARYON,EXTERNAL_RECORD_ACCOUNTED__INDIVIDUAL_HMT_REALIZATION_NOT_YET_JOINED,named_baryon_binding_map,ONLY_AFTER_INTERNAL_FREEZE,NO,2026,2026-01-15,40dc2587d9ae912d26fafb6b41f300f341d2a1f4bd620ff5b5f03827c39453fe
anchuras,61,EXTERNAL_WIDTH_INVENTORY,1,PDG2026:observable:B101:B101W:349473,Lambda(1600) WIDTH,Lambda(1600)0 | Lambdabar(1600)0,WIDTH,150 to 200 to 250,150 to 250 (~200),MeV,UNAVAILABLE_IN_SNAPSHOT,UNAVAILABLE_IN_SNAPSHOT,R,UNAVAILABLE,NOT_APPLICABLE,NOT_APPLICABLE,COMP-BARYON,EXTERNAL_RECORD_ACCOUNTED__INDIVIDUAL_HMT_REALIZATION_NOT_YET_JOINED,named_baryon_binding_map,ONLY_AFTER_INTERNAL_FREEZE,NO,2026,2026-01-15,40dc2587d9ae912d26fafb6b41f300f341d2a1f4bd620ff5b5f03827c39453fe
anchuras,62,EXTERNAL_WIDTH_INVENTORY,1,PDG2026:observable:B102:B102W:350937,Lambda_c(2625)+ WIDTH,Lambda_c(2625)+ | Lambdabar_c(2625)-,WIDTH,< 0.52,<0.52,MeV,UNAVAILABLE_IN_SNAPSHOT,UNAVAILABLE_IN_SNAPSHOT,U,90,NOT_APPLICABLE,NOT_APPLICABLE,COMP-BARYON,EXTERNAL_RECORD_ACCOUNTED__INDIVIDUAL_HMT_REALIZATION_NOT_YET_JOINED,named_baryon_binding_map,ONLY_AFTER_INTERNAL_FREEZE,NO,2026,2026-01-15,40dc2587d9ae912d26fafb6b41f300f341d2a1f4bd620ff5b5f03827c39453fe
anchuras,63,EXTERNAL_WIDTH_INVENTORY,1,PDG2026:observable:B104:B104W++:350997,Sigma_c(2455)++ WIDTH,Sigma_c(2455)0 | Sigmabar_c(2455)0 | Sigma_c(2455)+ | Sigmabar_c(2455)- | Sigma_c(2455)++ | Sigmabar_c(2455)--,WIDTH,1.89+0.09-0.18,1.89+0.09-0.18,MeV,UNAVAILABLE_IN_SNAPSHOT,UNAVAILABLE_IN_SNAPSHOT,NONE,UNAVAILABLE,0.085968740877688063,0.17741442138916921,COMP-BARYON,EXTERNAL_RECORD_ACCOUNTED__INDIVIDUAL_HMT_REALIZATION_NOT_YET_JOINED,named_baryon_binding_map,ONLY_AFTER_INTERNAL_FREEZE,NO,2026,2026-01-15,40dc2587d9ae912d26fafb6b41f300f341d2a1f4bd620ff5b5f03827c39453fe
anchuras,64,EXTERNAL_WIDTH_INVENTORY,1,PDG2026:observable:B104:B104W+:350998,Sigma_c(2455)+ WIDTH,Sigma_c(2455)0 | Sigmabar_c(2455)0 | Sigma_c(2455)+ | Sigmabar_c(2455)- | Sigma_c(2455)++ | Sigmabar_c(2455)--,WIDTH,2.3+-0.4,2.3+-0.4,MeV,UNAVAILABLE_IN_SNAPSHOT,UNAVAILABLE_IN_SNAPSHOT,NONE,UNAVAILABLE,0.42426406871192851,0.42426406871192851,COMP-BARYON,EXTERNAL_RECORD_ACCOUNTED__INDIVIDUAL_HMT_REALIZATION_NOT_YET_JOINED,named_baryon_binding_map,ONLY_AFTER_INTERNAL_FREEZE,NO,2026,2026-01-15,40dc2587d9ae912d26fafb6b41f300f341d2a1f4bd620ff5b5f03827c39453fe
anchuras,65,EXTERNAL_WIDTH_INVENTORY,1,PDG2026:observable:B104:B104W0:350999,Sigma_c(2455)0 WIDTH,Sigma_c(2455)0 | Sigmabar_c(2455)0 | Sigma_c(2455)+ | Sigmabar_c(2455)- | Sigma_c(2455)++ | Sigmabar_c(2455)--,WIDTH,1.83+0.11-0.19,1.83+0.11-0.19,MeV,UNAVAILABLE_IN_SNAPSHOT,UNAVAILABLE_IN_SNAPSHOT,NONE,UNAVAILABLE,0.1113419499366561,0.19347936378811631,COMP-BARYON,EXTERNAL_RECORD_ACCOUNTED__INDIVIDUAL_HMT_REALIZATION_NOT_YET_JOINED,named_baryon_binding_map,ONLY_AFTER_INTERNAL_FREEZE,NO,2026,2026-01-15,40dc2587d9ae912d26fafb6b41f300f341d2a1f4bd620ff5b5f03827c39453fe
anchuras,66,EXTERNAL_WIDTH_INVENTORY,1,PDG2026:observable:B105:B105W:350413,MIXED CHARGES,Xi(1690)- | Xibar(1690)+ | Xi(1690)0 | Xibar(1690)0,WIDTH,20+-15,20+-15,MeV,UNAVAILABLE_IN_SNAPSHOT,UNAVAILABLE_IN_SNAPSHOT,NONE,UNAVAILABLE,15,15,COMP-BARYON,EXTERNAL_RECORD_ACCOUNTED__INDIVIDUAL_HMT_REALIZATION_NOT_YET_JOINED,named_baryon_binding_map,ONLY_AFTER_INTERNAL_FREEZE,NO,2026,2026-01-15,40dc2587d9ae912d26fafb6b41f300f341d2a1f4bd620ff5b5f03827c39453fe
anchuras,67,EXTERNAL_WIDTH_INVENTORY,1,PDG2026:observable:B113:B113W:349005,N(2250) BREIT-WIGNER WIDTH,N(2250)0 | Nbar(2250)0 | N(2250)+ | Nbar(2250)-,WIDTH,300 to 500 to 600,300 to 600 (~500),MeV,UNAVAILABLE_IN_SNAPSHOT,UNAVAILABLE_IN_SNAPSHOT,R,UNAVAILABLE,NOT_APPLICABLE,NOT_APPLICABLE,COMP-BARYON,EXTERNAL_RECORD_ACCOUNTED__INDIVIDUAL_HMT_REALIZATION_NOT_YET_JOINED,named_baryon_binding_map,ONLY_AFTER_INTERNAL_FREEZE,NO,2026,2026-01-15,40dc2587d9ae912d26fafb6b41f300f341d2a1f4bd620ff5b5f03827c39453fe
anchuras,68,EXTERNAL_WIDTH_INVENTORY,1,PDG2026:observable:B115:B115W++:351011,Sigma_c(2520)++ WIDTH,Sigma_c(2520)0 | Sigmabar_c(2520)0 | Sigma_c(2520)+ | Sigmabar_c(2520)- | Sigma_c(2520)++ | Sigmabar_c(2520)--,WIDTH,14.78+0.30-0.40,14.78+0.30-0.40,MeV,UNAVAILABLE_IN_SNAPSHOT,UNAVAILABLE_IN_SNAPSHOT,NONE,UNAVAILABLE,0.30221098294841742,0.37821726734358602,COMP-BARYON,EXTERNAL_RECORD_ACCOUNTED__INDIVIDUAL_HMT_REALIZATION_NOT_YET_JOINED,named_baryon_binding_map,ONLY_AFTER_INTERNAL_FREEZE,NO,2026,2026-01-15,40dc2587d9ae912d26fafb6b41f300f341d2a1f4bd620ff5b5f03827c39453fe
anchuras,69,EXTERNAL_WIDTH_INVENTORY,1,PDG2026:observable:B115:B115W+:351012,Sigma_c(2520)+ WIDTH,Sigma_c(2520)0 | Sigmabar_c(2520)0 | Sigma_c(2520)+ | Sigmabar_c(2520)- | Sigma_c(2520)++ | Sigmabar_c(2520)--,WIDTH,17.2+4.0-2.2,17.2+4.0-2.2,MeV,UNAVAILABLE_IN_SNAPSHOT,UNAVAILABLE_IN_SNAPSHOT,NONE,UNAVAILABLE,3.8600518131237571,2.213594362117866,COMP-BARYON,EXTERNAL_RECORD_ACCOUNTED__INDIVIDUAL_HMT_REALIZATION_NOT_YET_JOINED,named_baryon_binding_map,ONLY_AFTER_INTERNAL_FREEZE,NO,2026,2026-01-15,40dc2587d9ae912d26fafb6b41f300f341d2a1f4bd620ff5b5f03827c39453fe
anchuras,70,EXTERNAL_WIDTH_INVENTORY,1,PDG2026:observable:B115:B115W0:351013,Sigma_c(2520)0 WIDTH,Sigma_c(2520)0 | Sigmabar_c(2520)0 | Sigma_c(2520)+ | Sigmabar_c(2520)- | Sigma_c(2520)++ | Sigmabar_c(2520)--,WIDTH,15.3+0.4-0.5,15.3+0.4-0.5,MeV,UNAVAILABLE_IN_SNAPSHOT,UNAVAILABLE_IN_SNAPSHOT,NONE,UNAVAILABLE,0.43805327113015552,0.49172579862174309,COMP-BARYON,EXTERNAL_RECORD_ACCOUNTED__INDIVIDUAL_HMT_REALIZATION_NOT_YET_JOINED,named_baryon_binding_map,ONLY_AFTER_INTERNAL_FREEZE,NO,2026,2026-01-15,40dc2587d9ae912d26fafb6b41f300f341d2a1f4bd620ff5b5f03827c39453fe
anchuras,71,EXTERNAL_WIDTH_INVENTORY,1,PDG2026:observable:B117:B117W:349209,Delta(1920) BREIT-WIGNER WIDTH,Delta(1920)- | Deltabar(1920)+ | Delta(1920)0 | Deltabar(1920)0 | Delta(1920)+ | Deltabar(1920)- | Delta(1920)++ | Deltabar(1920)--,WIDTH,240 to 300 to 360,240 to 360 (~300),MeV,UNAVAILABLE_IN_SNAPSHOT,UNAVAILABLE_IN_SNAPSHOT,R,UNAVAILABLE,NOT_APPLICABLE,NOT_APPLICABLE,COMP-BARYON,EXTERNAL_RECORD_ACCOUNTED__INDIVIDUAL_HMT_REALIZATION_NOT_YET_JOINED,named_baryon_binding_map,ONLY_AFTER_INTERNAL_FREEZE,NO,2026,2026-01-15,40dc2587d9ae912d26fafb6b41f300f341d2a1f4bd620ff5b5f03827c39453fe
anchuras,72,EXTERNAL_WIDTH_INVENTORY,1,PDG2026:observable:B119:B119W:350920,Lambda_c(2595)+ WIDTH,Lambda_c(2595)+ | Lambdabar_c(2595)-,WIDTH,2.6+-0.6,2.6+-0.6,MeV,UNAVAILABLE_IN_SNAPSHOT,UNAVAILABLE_IN_SNAPSHOT,NONE,UNAVAILABLE,0.55758407437802593,0.55758407437802593,COMP-BARYON,EXTERNAL_RECORD_ACCOUNTED__INDIVIDUAL_HMT_REALIZATION_NOT_YET_JOINED,named_baryon_binding_map,ONLY_AFTER_INTERNAL_FREEZE,NO,2026,2026-01-15,40dc2587d9ae912d26fafb6b41f300f341d2a1f4bd620ff5b5f03827c39453fe
anchuras,73,EXTERNAL_WIDTH_INVENTORY,1,PDG2026:observable:B120:B120W:349023,N(2600) BREIT-WIGNER WIDTH,N(2600)0 | Nbar(2600)0 | N(2600)+ | Nbar(2600)-,WIDTH,500 TO 650 TO 800,500 to 800 (~650),MeV,UNAVAILABLE_IN_SNAPSHOT,UNAVAILABLE_IN_SNAPSHOT,R,UNAVAILABLE,NOT_APPLICABLE,NOT_APPLICABLE,COMP-BARYON,EXTERNAL_RECORD_ACCOUNTED__INDIVIDUAL_HMT_REALIZATION_NOT_YET_JOINED,named_baryon_binding_map,ONLY_AFTER_INTERNAL_FREEZE,NO,2026,2026-01-15,40dc2587d9ae912d26fafb6b41f300f341d2a1f4bd620ff5b5f03827c39453fe
anchuras,74,EXTERNAL_WIDTH_INVENTORY,1,PDG2026:observable:B122:B122W:350980,Lambda_c(2940)+ WIDTH,Lambda_c(2940)0 | Lambdabar_c(2940)0,WIDTH,20+6-5,20+6-5,MeV,UNAVAILABLE_IN_SNAPSHOT,UNAVAILABLE_IN_SNAPSHOT,NONE,UNAVAILABLE,5.9819637952003841,5.2285381312943766,COMP-BARYON,EXTERNAL_RECORD_ACCOUNTED__INDIVIDUAL_HMT_REALIZATION_NOT_YET_JOINED,named_baryon_binding_map,ONLY_AFTER_INTERNAL_FREEZE,NO,2026,2026-01-15,40dc2587d9ae912d26fafb6b41f300f341d2a1f4bd620ff5b5f03827c39453fe
anchuras,75,EXTERNAL_WIDTH_INVENTORY,1,PDG2026:observable:B130:B130W+:351281,Xi_c(2970)+ WIDTH,Xi_c(2970)0 | Xibar_c(2970)0,WIDTH,27.2+2.8-3.3,27.2+2.8-3.3,MeV,UNAVAILABLE_IN_SNAPSHOT,UNAVAILABLE_IN_SNAPSHOT,NONE,UNAVAILABLE,2.7691726997636179,3.3147478336925231,COMP-BARYON,EXTERNAL_RECORD_ACCOUNTED__INDIVIDUAL_HMT_REALIZATION_NOT_YET_JOINED,named_baryon_binding_map,ONLY_AFTER_INTERNAL_FREEZE,NO,2026,2026-01-15,40dc2587d9ae912d26fafb6b41f300f341d2a1f4bd620ff5b5f03827c39453fe
anchuras,76,EXTERNAL_WIDTH_INVENTORY,1,PDG2026:observable:B132:B132W:348872,N(2100) BREIT-WIGNER WIDTH,N(2100)0 | Nbar(2100)0 | N(2100)+ | Nbar(2100)-,WIDTH,200 to 260 to 320,200 to 320 (~260),MeV,UNAVAILABLE_IN_SNAPSHOT,UNAVAILABLE_IN_SNAPSHOT,R,UNAVAILABLE,NOT_APPLICABLE,NOT_APPLICABLE,COMP-BARYON,EXTERNAL_RECORD_ACCOUNTED__INDIVIDUAL_HMT_REALIZATION_NOT_YET_JOINED,named_baryon_binding_map,ONLY_AFTER_INTERNAL_FREEZE,NO,2026,2026-01-15,40dc2587d9ae912d26fafb6b41f300f341d2a1f4bd620ff5b5f03827c39453fe
anchuras,77,EXTERNAL_WIDTH_INVENTORY,1,PDG2026:observable:B135:B135W:349340,Delta(2200) BREIT-WIGNER WIDTH,Delta(2200)- | Deltabar(2200)+ | Delta(2200)0 | Deltabar(2200)0 | Delta(2200)+ | Deltabar(2200)- | Delta(2200)++ | Deltabar(2200)--,WIDTH,200 to 350 to 500,200 to 500 (~350),MeV,UNAVAILABLE_IN_SNAPSHOT,UNAVAILABLE_IN_SNAPSHOT,R,UNAVAILABLE,NOT_APPLICABLE,NOT_APPLICABLE,COMP-BARYON,EXTERNAL_RECORD_ACCOUNTED__INDIVIDUAL_HMT_REALIZATION_NOT_YET_JOINED,named_baryon_binding_map,ONLY_AFTER_INTERNAL_FREEZE,NO,2026,2026-01-15,40dc2587d9ae912d26fafb6b41f300f341d2a1f4bd620ff5b5f03827c39453fe
anchuras,78,EXTERNAL_WIDTH_INVENTORY,1,PDG2026:observable:B136:B136W:349273,Delta(1940) BREIT-WIGNER WIDTH,Delta(1940)- | Deltabar(1940)+ | Delta(1940)0 | Deltabar(1940)0 | Delta(1940)+ | Deltabar(1940)- | Delta(1940)++ | Deltabar(1940)--,WIDTH,300 to 400 to 500,300 to 500 (~400),MeV,UNAVAILABLE_IN_SNAPSHOT,UNAVAILABLE_IN_SNAPSHOT,R,UNAVAILABLE,NOT_APPLICABLE,NOT_APPLICABLE,COMP-BARYON,EXTERNAL_RECORD_ACCOUNTED__INDIVIDUAL_HMT_REALIZATION_NOT_YET_JOINED,named_baryon_binding_map,ONLY_AFTER_INTERNAL_FREEZE,NO,2026,2026-01-15,40dc2587d9ae912d26fafb6b41f300f341d2a1f4bd620ff5b5f03827c39453fe
anchuras,79,EXTERNAL_WIDTH_INVENTORY,1,PDG2026:observable:B141:B141W:350517,Omega(2250)- WIDTH,Omega(2250)- | Omegabar(2250)+,WIDTH,55+-18,55+-18,MeV,UNAVAILABLE_IN_SNAPSHOT,UNAVAILABLE_IN_SNAPSHOT,NONE,UNAVAILABLE,17.698364447639651,17.698364447639651,COMP-BARYON,EXTERNAL_RECORD_ACCOUNTED__INDIVIDUAL_HMT_REALIZATION_NOT_YET_JOINED,named_baryon_binding_map,ONLY_AFTER_INTERNAL_FREEZE,NO,2026,2026-01-15,40dc2587d9ae912d26fafb6b41f300f341d2a1f4bd620ff5b5f03827c39453fe
anchuras,80,EXTERNAL_WIDTH_INVENTORY,1,PDG2026:observable:B143:B143W:350524,Omega(2470)- WIDTH,Omega(2470)- | Omegabar(2470)+,WIDTH,72+-33,72+-33,MeV,UNAVAILABLE_IN_SNAPSHOT,UNAVAILABLE_IN_SNAPSHOT,NONE,UNAVAILABLE,33,33,COMP-BARYON,EXTERNAL_RECORD_ACCOUNTED__INDIVIDUAL_HMT_REALIZATION_NOT_YET_JOINED,named_baryon_binding_map,ONLY_AFTER_INTERNAL_FREEZE,NO,2026,2026-01-15,40dc2587d9ae912d26fafb6b41f300f341d2a1f4bd620ff5b5f03827c39453fe
anchuras,81,EXTERNAL_WIDTH_INVENTORY,1,PDG2026:observable:B144:B144W:348741,N(1900) BREIT-WIGNER WIDTH,N(1900)0 | Nbar(1900)0 | N(1900)+ | Nbar(1900)-,WIDTH,100 to 200 to 320,100 to 320 (~200),MeV,UNAVAILABLE_IN_SNAPSHOT,UNAVAILABLE_IN_SNAPSHOT,R,UNAVAILABLE,NOT_APPLICABLE,NOT_APPLICABLE,COMP-BARYON,EXTERNAL_RECORD_ACCOUNTED__INDIVIDUAL_HMT_REALIZATION_NOT_YET_JOINED,named_baryon_binding_map,ONLY_AFTER_INTERNAL_FREEZE,NO,2026,2026-01-15,40dc2587d9ae912d26fafb6b41f300f341d2a1f4bd620ff5b5f03827c39453fe
anchuras,82,EXTERNAL_WIDTH_INVENTORY,1,PDG2026:observable:B146:B146W+:351213,Xi_c(2645)+ WIDTH,Xi_c(2645)0 | Xibar_c(2645)0 | Xi_c(2645)+ | Xibar_c(2645)-,WIDTH,2.14+-0.19,2.14+-0.19,MeV,UNAVAILABLE_IN_SNAPSHOT,UNAVAILABLE_IN_SNAPSHOT,NONE,UNAVAILABLE,0.1898989601311741,0.1898989601311741,COMP-BARYON,EXTERNAL_RECORD_ACCOUNTED__INDIVIDUAL_HMT_REALIZATION_NOT_YET_JOINED,named_baryon_binding_map,ONLY_AFTER_INTERNAL_FREEZE,NO,2026,2026-01-15,40dc2587d9ae912d26fafb6b41f300f341d2a1f4bd620ff5b5f03827c39453fe
anchuras,83,EXTERNAL_WIDTH_INVENTORY,1,PDG2026:observable:B146:B146W0:351214,Xi_c(2645)0 WIDTH,Xi_c(2645)0 | Xibar_c(2645)0 | Xi_c(2645)+ | Xibar_c(2645)-,WIDTH,2.35+-0.22,2.35+-0.22,MeV,UNAVAILABLE_IN_SNAPSHOT,UNAVAILABLE_IN_SNAPSHOT,NONE,UNAVAILABLE,0.22203603311174519,0.22203603311174519,COMP-BARYON,EXTERNAL_RECORD_ACCOUNTED__INDIVIDUAL_HMT_REALIZATION_NOT_YET_JOINED,named_baryon_binding_map,ONLY_AFTER_INTERNAL_FREEZE,NO,2026,2026-01-15,40dc2587d9ae912d26fafb6b41f300f341d2a1f4bd620ff5b5f03827c39453fe
anchuras,84,EXTERNAL_WIDTH_INVENTORY,1,PDG2026:observable:B147:B147W+:351309,Xi_c(3080)+ WIDTH,Xi_c(3080)0 | Xibar_c(3080)0,WIDTH,3.8+-0.9,3.8+-0.9,MeV,UNAVAILABLE_IN_SNAPSHOT,UNAVAILABLE_IN_SNAPSHOT,NONE,UNAVAILABLE,0.93945766227499938,0.93945766227499938,COMP-BARYON,EXTERNAL_RECORD_ACCOUNTED__INDIVIDUAL_HMT_REALIZATION_NOT_YET_JOINED,named_baryon_binding_map,ONLY_AFTER_INTERNAL_FREEZE,NO,2026,2026-01-15,40dc2587d9ae912d26fafb6b41f300f341d2a1f4bd620ff5b5f03827c39453fe
anchuras,85,EXTERNAL_WIDTH_INVENTORY,1,PDG2026:observable:B147:B147W0:351310,Xi_c(3080)0 WIDTH,Xi_c(3080)0 | Xibar_c(3080)0,WIDTH,5.6+-2.2,5.6+-2.2,MeV,UNAVAILABLE_IN_SNAPSHOT,UNAVAILABLE_IN_SNAPSHOT,NONE,UNAVAILABLE,2.179860108626912,2.179860108626912,COMP-BARYON,EXTERNAL_RECORD_ACCOUNTED__INDIVIDUAL_HMT_REALIZATION_NOT_YET_JOINED,named_baryon_binding_map,ONLY_AFTER_INTERNAL_FREEZE,NO,2026,2026-01-15,40dc2587d9ae912d26fafb6b41f300f341d2a1f4bd620ff5b5f03827c39453fe
anchuras,86,EXTERNAL_WIDTH_INVENTORY,1,PDG2026:observable:B148:B148W+:351240,Xi_c(2815)+ WIDTH,Xi_c(2815)0 | Xibar_c(2815)0 | Xi_c(2815)+ | Xibar_c(2815)-,WIDTH,2.15+-0.15,2.15+-0.15,MeV,UNAVAILABLE_IN_SNAPSHOT,UNAVAILABLE_IN_SNAPSHOT,NONE,UNAVAILABLE,0.15193272999421351,0.15193272999421351,COMP-BARYON,EXTERNAL_RECORD_ACCOUNTED__INDIVIDUAL_HMT_REALIZATION_NOT_YET_JOINED,named_baryon_binding_map,ONLY_AFTER_INTERNAL_FREEZE,NO,2026,2026-01-15,40dc2587d9ae912d26fafb6b41f300f341d2a1f4bd620ff5b5f03827c39453fe
anchuras,87,EXTERNAL_WIDTH_INVENTORY,1,PDG2026:observable:B148:B148W0:351241,Xi_c(2815)0 WIDTH,Xi_c(2815)0 | Xibar_c(2815)0 | Xi_c(2815)+ | Xibar_c(2815)-,WIDTH,2.54+-0.25,2.54+-0.25,MeV,UNAVAILABLE_IN_SNAPSHOT,UNAVAILABLE_IN_SNAPSHOT,NONE,UNAVAILABLE,0.24758836806279891,0.24758836806279891,COMP-BARYON,EXTERNAL_RECORD_ACCOUNTED__INDIVIDUAL_HMT_REALIZATION_NOT_YET_JOINED,named_baryon_binding_map,ONLY_AFTER_INTERNAL_FREEZE,NO,2026,2026-01-15,40dc2587d9ae912d26fafb6b41f300f341d2a1f4bd620ff5b5f03827c39453fe
anchuras,88,EXTERNAL_WIDTH_INVENTORY,1,PDG2026:observable:B149:B149W+:351224,Xi_c(2790)+ WIDTH,Xi_c(2790)0 | Xibar_c(2790)0 | Xi_c(2790)+ | Xibar_c(2790)-,WIDTH,8.9+-1.0,8.9+-1.0,MeV,UNAVAILABLE_IN_SNAPSHOT,UNAVAILABLE_IN_SNAPSHOT,NONE,UNAVAILABLE,1,1,COMP-BARYON,EXTERNAL_RECORD_ACCOUNTED__INDIVIDUAL_HMT_REALIZATION_NOT_YET_JOINED,named_baryon_binding_map,ONLY_AFTER_INTERNAL_FREEZE,NO,2026,2026-01-15,40dc2587d9ae912d26fafb6b41f300f341d2a1f4bd620ff5b5f03827c39453fe
anchuras,89,EXTERNAL_WIDTH_INVENTORY,1,PDG2026:observable:B149:B149W0:351225,Xi_c(2790)0 WIDTH,Xi_c(2790)0 | Xibar_c(2790)0 | Xi_c(2790)+ | Xibar_c(2790)-,WIDTH,10.0+-1.1,10.0+-1.1,MeV,UNAVAILABLE_IN_SNAPSHOT,UNAVAILABLE_IN_SNAPSHOT,NONE,UNAVAILABLE,1.063014581273465,1.063014581273465,COMP-BARYON,EXTERNAL_RECORD_ACCOUNTED__INDIVIDUAL_HMT_REALIZATION_NOT_YET_JOINED,named_baryon_binding_map,ONLY_AFTER_INTERNAL_FREEZE,NO,2026,2026-01-15,40dc2587d9ae912d26fafb6b41f300f341d2a1f4bd620ff5b5f03827c39453fe
anchuras,90,EXTERNAL_WIDTH_INVENTORY,1,PDG2026:observable:B150:B150W:350954,Lambda_c(2765)+ WIDTH,Lambda_c(2765)0 | Lambdabar_c(2765)0,WIDTH,50,50,MeV,UNAVAILABLE_IN_SNAPSHOT,UNAVAILABLE_IN_SNAPSHOT,NONE,UNAVAILABLE,0,0,COMP-BARYON,EXTERNAL_RECORD_ACCOUNTED__INDIVIDUAL_HMT_REALIZATION_NOT_YET_JOINED,named_baryon_binding_map,ONLY_AFTER_INTERNAL_FREEZE,NO,2026,2026-01-15,40dc2587d9ae912d26fafb6b41f300f341d2a1f4bd620ff5b5f03827c39453fe
anchuras,91,EXTERNAL_WIDTH_INVENTORY,1,PDG2026:observable:B151:B151W:350964,Lambda_c(2880)+ WIDTH,Lambda_c(2880)+ | Lambdabar_c(2880)-,WIDTH,5.6+0.8-0.6,5.6+0.8-0.6,MeV,UNAVAILABLE_IN_SNAPSHOT,UNAVAILABLE_IN_SNAPSHOT,NONE,UNAVAILABLE,0.77200097671302059,0.62289222418902057,COMP-BARYON,EXTERNAL_RECORD_ACCOUNTED__INDIVIDUAL_HMT_REALIZATION_NOT_YET_JOINED,named_baryon_binding_map,ONLY_AFTER_INTERNAL_FREEZE,NO,2026,2026-01-15,40dc2587d9ae912d26fafb6b41f300f341d2a1f4bd620ff5b5f03827c39453fe
anchuras,92,EXTERNAL_WIDTH_INVENTORY,1,PDG2026:observable:B155:B155W++:351025,Sigma_c(2800)++ WIDTH,Sigma_c(2800)0 | Sigmabar_c(2800)0,WIDTH,75+22-17,75+22-17,MeV,UNAVAILABLE_IN_SNAPSHOT,UNAVAILABLE_IN_SNAPSHOT,NONE,UNAVAILABLE,21.633307652783941,17.029386365926399,COMP-BARYON,EXTERNAL_RECORD_ACCOUNTED__INDIVIDUAL_HMT_REALIZATION_NOT_YET_JOINED,named_baryon_binding_map,ONLY_AFTER_INTERNAL_FREEZE,NO,2026,2026-01-15,40dc2587d9ae912d26fafb6b41f300f341d2a1f4bd620ff5b5f03827c39453fe
anchuras,93,EXTERNAL_WIDTH_INVENTORY,1,PDG2026:observable:B155:B155W+:351026,Sigma_c(2800)+ WIDTH,Sigma_c(2800)0 | Sigmabar_c(2800)0,WIDTH,60+60-40,60+60-40,MeV,UNAVAILABLE_IN_SNAPSHOT,UNAVAILABLE_IN_SNAPSHOT,NONE,UNAVAILABLE,63.820059542435402,44.418464629025621,COMP-BARYON,EXTERNAL_RECORD_ACCOUNTED__INDIVIDUAL_HMT_REALIZATION_NOT_YET_JOINED,named_baryon_binding_map,ONLY_AFTER_INTERNAL_FREEZE,NO,2026,2026-01-15,40dc2587d9ae912d26fafb6b41f300f341d2a1f4bd620ff5b5f03827c39453fe
anchuras,94,EXTERNAL_WIDTH_INVENTORY,1,PDG2026:observable:B155:B155W0:351027,Sigma_c(2800)0 WIDTH,Sigma_c(2800)0 | Sigmabar_c(2800)0,WIDTH,72+22-15,72+22-15,MeV,UNAVAILABLE_IN_SNAPSHOT,UNAVAILABLE_IN_SNAPSHOT,NONE,UNAVAILABLE,22.093560797468029,14.823460785121441,COMP-BARYON,EXTERNAL_RECORD_ACCOUNTED__INDIVIDUAL_HMT_REALIZATION_NOT_YET_JOINED,named_baryon_binding_map,ONLY_AFTER_INTERNAL_FREEZE,NO,2026,2026-01-15,40dc2587d9ae912d26fafb6b41f300f341d2a1f4bd620ff5b5f03827c39453fe
anchuras,95,EXTERNAL_WIDTH_INVENTORY,1,PDG2026:observable:B156:B156A05:351265,Xi_c(2930)+ WIDTH,Xi_c(2930)0 | Xibar_c(2930)0,WIDTH,15+-9,15+-9,MeV,UNAVAILABLE_IN_SNAPSHOT,UNAVAILABLE_IN_SNAPSHOT,NONE,UNAVAILABLE,9.1482238713315276,9.1482238713315276,COMP-BARYON,EXTERNAL_RECORD_ACCOUNTED__INDIVIDUAL_HMT_REALIZATION_NOT_YET_JOINED,named_baryon_binding_map,ONLY_AFTER_INTERNAL_FREEZE,NO,2026,2026-01-15,40dc2587d9ae912d26fafb6b41f300f341d2a1f4bd620ff5b5f03827c39453fe
anchuras,96,EXTERNAL_WIDTH_INVENTORY,1,PDG2026:observable:B156:B156A06:351266,Xi_c(2930)0 WIDTH,Xi_c(2930)0 | Xibar_c(2930)0,WIDTH,10.2+-1.4,10.2+-1.4,MeV,UNAVAILABLE_IN_SNAPSHOT,UNAVAILABLE_IN_SNAPSHOT,NONE,UNAVAILABLE,1.360147050873544,1.360147050873544,COMP-BARYON,EXTERNAL_RECORD_ACCOUNTED__INDIVIDUAL_HMT_REALIZATION_NOT_YET_JOINED,named_baryon_binding_map,ONLY_AFTER_INTERNAL_FREEZE,NO,2026,2026-01-15,40dc2587d9ae912d26fafb6b41f300f341d2a1f4bd620ff5b5f03827c39453fe
anchuras,97,EXTERNAL_WIDTH_INVENTORY,1,PDG2026:observable:B157:B157W+:351299,Xi_c(3055)+ WIDTH,Xi_c(3055)0 | Xibar_c(3055)0,WIDTH,8.0+-0.8,8.0+-0.8,MeV,UNAVAILABLE_IN_SNAPSHOT,UNAVAILABLE_IN_SNAPSHOT,NONE,UNAVAILABLE,0.76391812853200158,0.76391812853200158,COMP-BARYON,EXTERNAL_RECORD_ACCOUNTED__INDIVIDUAL_HMT_REALIZATION_NOT_YET_JOINED,named_baryon_binding_map,ONLY_AFTER_INTERNAL_FREEZE,NO,2026,2026-01-15,40dc2587d9ae912d26fafb6b41f300f341d2a1f4bd620ff5b5f03827c39453fe
anchuras,98,EXTERNAL_WIDTH_INVENTORY,1,PDG2026:observable:B157:B157W:351300,Xi_c(3055)0 WIDTH,Xi_c(3055)0 | Xibar_c(3055)0,WIDTH,12.4+-2.3,12.4+-2.3,MeV,UNAVAILABLE_IN_SNAPSHOT,UNAVAILABLE_IN_SNAPSHOT,NONE,UNAVAILABLE,2.282542442102665,2.282542442102665,COMP-BARYON,EXTERNAL_RECORD_ACCOUNTED__INDIVIDUAL_HMT_REALIZATION_NOT_YET_JOINED,named_baryon_binding_map,ONLY_AFTER_INTERNAL_FREEZE,NO,2026,2026-01-15,40dc2587d9ae912d26fafb6b41f300f341d2a1f4bd620ff5b5f03827c39453fe
anchuras,99,EXTERNAL_WIDTH_INVENTORY,1,PDG2026:observable:B158:B158W+:351326,Xi_c(3123)+ WIDTH,Xi_c(3123)0 | Xibar_c(3123)0,WIDTH,4+-4,4+-4,MeV,UNAVAILABLE_IN_SNAPSHOT,UNAVAILABLE_IN_SNAPSHOT,NONE,UNAVAILABLE,3.801315561749643,3.801315561749643,COMP-BARYON,EXTERNAL_RECORD_ACCOUNTED__INDIVIDUAL_HMT_REALIZATION_NOT_YET_JOINED,named_baryon_binding_map,ONLY_AFTER_INTERNAL_FREEZE,NO,2026,2026-01-15,40dc2587d9ae912d26fafb6b41f300f341d2a1f4bd620ff5b5f03827c39453fe
anchuras,100,EXTERNAL_WIDTH_INVENTORY,1,PDG2026:observable:B161:B161W:351845,Xi_b(5945)0 WIDTH,Xi_b(5945)0 | Xibar_b(5945)0,WIDTH,0.87+-0.07,0.87+-0.07,MeV,UNAVAILABLE_IN_SNAPSHOT,UNAVAILABLE_IN_SNAPSHOT,NONE,UNAVAILABLE,0.075069672174583921,0.074706305477537885,COMP-BARYON,EXTERNAL_RECORD_ACCOUNTED__INDIVIDUAL_HMT_REALIZATION_NOT_YET_JOINED,named_baryon_binding_map,ONLY_AFTER_INTERNAL_FREEZE,NO,2026,2026-01-15,40dc2587d9ae912d26fafb6b41f300f341d2a1f4bd620ff5b5f03827c39453fe
anchuras,101,EXTERNAL_WIDTH_INVENTORY,1,PDG2026:observable:B162:B162W:351695,Lambda_b(5912)0 WIDTH,Lambda_b(5912)0 | Lambdabar_b(5912)0,WIDTH,<0.25,<0.25,MeV,UNAVAILABLE_IN_SNAPSHOT,UNAVAILABLE_IN_SNAPSHOT,U,90,NOT_APPLICABLE,NOT_APPLICABLE,COMP-BARYON,EXTERNAL_RECORD_ACCOUNTED__INDIVIDUAL_HMT_REALIZATION_NOT_YET_JOINED,named_baryon_binding_map,ONLY_AFTER_INTERNAL_FREEZE,NO,2026,2026-01-15,40dc2587d9ae912d26fafb6b41f300f341d2a1f4bd620ff5b5f03827c39453fe
anchuras,102,EXTERNAL_WIDTH_INVENTORY,1,PDG2026:observable:B163:B163W:351699,Lambda_b(5920)0 WIDTH,Lambda_b(5920)0 | Lambdabar_b(5920)0,WIDTH,<0.19,<0.19,MeV,UNAVAILABLE_IN_SNAPSHOT,UNAVAILABLE_IN_SNAPSHOT,U,90,NOT_APPLICABLE,NOT_APPLICABLE,COMP-BARYON,EXTERNAL_RECORD_ACCOUNTED__INDIVIDUAL_HMT_REALIZATION_NOT_YET_JOINED,named_baryon_binding_map,ONLY_AFTER_INTERNAL_FREEZE,NO,2026,2026-01-15,40dc2587d9ae912d26fafb6b41f300f341d2a1f4bd620ff5b5f03827c39453fe
anchuras,103,EXTERNAL_WIDTH_INVENTORY,1,PDG2026:observable:B164:B164W:349533,Lambda(1710) WIDTH,Lambda(1710)0 | Lambdabar(1710)0,WIDTH,180+-40,180+-40,MeV,UNAVAILABLE_IN_SNAPSHOT,UNAVAILABLE_IN_SNAPSHOT,NONE,UNAVAILABLE,42,42,COMP-BARYON,EXTERNAL_RECORD_ACCOUNTED__INDIVIDUAL_HMT_REALIZATION_NOT_YET_JOINED,named_baryon_binding_map,ONLY_AFTER_INTERNAL_FREEZE,NO,2026,2026-01-15,40dc2587d9ae912d26fafb6b41f300f341d2a1f4bd620ff5b5f03827c39453fe
anchuras,104,EXTERNAL_WIDTH_INVENTORY,1,PDG2026:observable:B165:B165W:349652,Lambda(2050) WIDTH,Lambda(2050)0 | Lambdabar(2050)0,WIDTH,490+-60,490+-60,MeV,UNAVAILABLE_IN_SNAPSHOT,UNAVAILABLE_IN_SNAPSHOT,NONE,UNAVAILABLE,61,61,COMP-BARYON,EXTERNAL_RECORD_ACCOUNTED__INDIVIDUAL_HMT_REALIZATION_NOT_YET_JOINED,named_baryon_binding_map,ONLY_AFTER_INTERNAL_FREEZE,NO,2026,2026-01-15,40dc2587d9ae912d26fafb6b41f300f341d2a1f4bd620ff5b5f03827c39453fe
anchuras,105,EXTERNAL_WIDTH_INVENTORY,1,PDG2026:observable:B166:B166W:349992,Sigma(1780) WIDTH,Sigma(1780)- | Sigmabar(1780)+ | Sigma(1780)0 | Sigmabar(1780)0 | Sigma(1780)+ | Sigmabar(1780)-,WIDTH,100 to 200 to 300,100 to 300 (~200),MeV,UNAVAILABLE_IN_SNAPSHOT,UNAVAILABLE_IN_SNAPSHOT,R,UNAVAILABLE,NOT_APPLICABLE,NOT_APPLICABLE,COMP-BARYON,EXTERNAL_RECORD_ACCOUNTED__INDIVIDUAL_HMT_REALIZATION_NOT_YET_JOINED,named_baryon_binding_map,ONLY_AFTER_INTERNAL_FREEZE,NO,2026,2026-01-15,40dc2587d9ae912d26fafb6b41f300f341d2a1f4bd620ff5b5f03827c39453fe
anchuras,106,EXTERNAL_WIDTH_INVENTORY,1,PDG2026:observable:B167:B167W:350020,Sigma(1900) WIDTH,Sigma(1900)- | Sigmabar(1900)+ | Sigma(1900)0 | Sigmabar(1900)0 | Sigma(1900)+ | Sigmabar(1900)-,WIDTH,140 to 165 to 190,140 to 190 (~165),MeV,UNAVAILABLE_IN_SNAPSHOT,UNAVAILABLE_IN_SNAPSHOT,R,UNAVAILABLE,NOT_APPLICABLE,NOT_APPLICABLE,COMP-BARYON,EXTERNAL_RECORD_ACCOUNTED__INDIVIDUAL_HMT_REALIZATION_NOT_YET_JOINED,named_baryon_binding_map,ONLY_AFTER_INTERNAL_FREEZE,NO,2026,2026-01-15,40dc2587d9ae912d26fafb6b41f300f341d2a1f4bd620ff5b5f03827c39453fe
anchuras,107,EXTERNAL_WIDTH_INVENTORY,1,PDG2026:observable:B168:B168W:350103,Sigma(1940) WIDTH,Sigma(1940)- | Sigmabar(1940)+ | Sigma(1940)0 | Sigmabar(1940)0 | Sigma(1940)+ | Sigmabar(1940)-,WIDTH,100 to 250 to 400,100 to 400 (~250),MeV,UNAVAILABLE_IN_SNAPSHOT,UNAVAILABLE_IN_SNAPSHOT,R,UNAVAILABLE,NOT_APPLICABLE,NOT_APPLICABLE,COMP-BARYON,EXTERNAL_RECORD_ACCOUNTED__INDIVIDUAL_HMT_REALIZATION_NOT_YET_JOINED,named_baryon_binding_map,ONLY_AFTER_INTERNAL_FREEZE,NO,2026,2026-01-15,40dc2587d9ae912d26fafb6b41f300f341d2a1f4bd620ff5b5f03827c39453fe
anchuras,108,EXTERNAL_WIDTH_INVENTORY,1,PDG2026:observable:B169:B169W:351841,Xi_b'(5935)- WIDTH,Xi_b^'(5935)- | Xibar_b^'(5935)+,WIDTH,0.03+-0.032,0.03+-0.032,MeV,UNAVAILABLE_IN_SNAPSHOT,UNAVAILABLE_IN_SNAPSHOT,NONE,UNAVAILABLE,0.031622776601683791,0.031622776601683791,COMP-BARYON,EXTERNAL_RECORD_ACCOUNTED__INDIVIDUAL_HMT_REALIZATION_NOT_YET_JOINED,named_baryon_binding_map,ONLY_AFTER_INTERNAL_FREEZE,NO,2026,2026-01-15,40dc2587d9ae912d26fafb6b41f300f341d2a1f4bd620ff5b5f03827c39453fe
anchuras,109,EXTERNAL_WIDTH_INVENTORY,1,PDG2026:observable:B170:B170W:351849,Xi_b(5955)- WIDTH,Xi_b(5955)- | Xibar_b(5955)+,WIDTH,1.43+-0.11,1.43+-0.11,MeV,UNAVAILABLE_IN_SNAPSHOT,UNAVAILABLE_IN_SNAPSHOT,NONE,UNAVAILABLE,0.11313708498984761,0.11313708498984761,COMP-BARYON,EXTERNAL_RECORD_ACCOUNTED__INDIVIDUAL_HMT_REALIZATION_NOT_YET_JOINED,named_baryon_binding_map,ONLY_AFTER_INTERNAL_FREEZE,NO,2026,2026-01-15,40dc2587d9ae912d26fafb6b41f300f341d2a1f4bd620ff5b5f03827c39453fe
anchuras,110,EXTERNAL_WIDTH_INVENTORY,1,PDG2026:observable:B171:B171W:351952,P_c_cbar(4380)+ WIDTH,P_c_cbar(4380)+,WIDTH,210+-90,210+-90,MeV,UNAVAILABLE_IN_SNAPSHOT,UNAVAILABLE_IN_SNAPSHOT,NONE,UNAVAILABLE,87.863530545955186,87.863530545955186,COMP-BARYON,EXTERNAL_RECORD_ACCOUNTED__INDIVIDUAL_HMT_REALIZATION_NOT_YET_JOINED,named_baryon_binding_map,ONLY_AFTER_INTERNAL_FREEZE,NO,2026,2026-01-15,40dc2587d9ae912d26fafb6b41f300f341d2a1f4bd620ff5b5f03827c39453fe
anchuras,111,EXTERNAL_WIDTH_INVENTORY,1,PDG2026:observable:B172:B172W:351978,P_c_cbar(4457)+ WIDTH,P_c_cbar(4457)+,WIDTH,6.4+6.0-2.8,6.4+6.0-2.8,MeV,UNAVAILABLE_IN_SNAPSHOT,UNAVAILABLE_IN_SNAPSHOT,NONE,UNAVAILABLE,6.0406953242155828,2.758622844826744,COMP-BARYON,EXTERNAL_RECORD_ACCOUNTED__INDIVIDUAL_HMT_REALIZATION_NOT_YET_JOINED,named_baryon_binding_map,ONLY_AFTER_INTERNAL_FREEZE,NO,2026,2026-01-15,40dc2587d9ae912d26fafb6b41f300f341d2a1f4bd620ff5b5f03827c39453fe
anchuras,112,EXTERNAL_WIDTH_INVENTORY,1,PDG2026:observable:B173:B173W:351377,Omega_c(3000)0 WIDTH,Omega_c(3000)0 | Omegabar_c(3000)0,WIDTH,3.8+1.6-0.4,3.8+1.6-0.4,MeV,UNAVAILABLE_IN_SNAPSHOT,UNAVAILABLE_IN_SNAPSHOT,NONE,UNAVAILABLE,1.606549096666517,0.37013511046643488,COMP-BARYON,EXTERNAL_RECORD_ACCOUNTED__INDIVIDUAL_HMT_REALIZATION_NOT_YET_JOINED,named_baryon_binding_map,ONLY_AFTER_INTERNAL_FREEZE,NO,2026,2026-01-15,40dc2587d9ae912d26fafb6b41f300f341d2a1f4bd620ff5b5f03827c39453fe
anchuras,113,EXTERNAL_WIDTH_INVENTORY,1,PDG2026:observable:B174:B174W:351381,Omega_c(3050)0 WIDTH,Omega_c(3050)0 | Omegabar_c(3050)0,WIDTH,< 1.8,<1.8,MeV,UNAVAILABLE_IN_SNAPSHOT,UNAVAILABLE_IN_SNAPSHOT,U,95,NOT_APPLICABLE,NOT_APPLICABLE,COMP-BARYON,EXTERNAL_RECORD_ACCOUNTED__INDIVIDUAL_HMT_REALIZATION_NOT_YET_JOINED,named_baryon_binding_map,ONLY_AFTER_INTERNAL_FREEZE,NO,2026,2026-01-15,40dc2587d9ae912d26fafb6b41f300f341d2a1f4bd620ff5b5f03827c39453fe
anchuras,114,EXTERNAL_WIDTH_INVENTORY,1,PDG2026:observable:B175:B175W:351385,Omega_c(3065)0 WIDTH,Omega_c(3065)0 | Omegabar_c(3065)0,WIDTH,3.4+0.7-0.8,3.4+0.7-0.8,MeV,UNAVAILABLE_IN_SNAPSHOT,UNAVAILABLE_IN_SNAPSHOT,NONE,UNAVAILABLE,0.68496637416672579,0.79385852123859457,COMP-BARYON,EXTERNAL_RECORD_ACCOUNTED__INDIVIDUAL_HMT_REALIZATION_NOT_YET_JOINED,named_baryon_binding_map,ONLY_AFTER_INTERNAL_FREEZE,NO,2026,2026-01-15,40dc2587d9ae912d26fafb6b41f300f341d2a1f4bd620ff5b5f03827c39453fe
anchuras,115,EXTERNAL_WIDTH_INVENTORY,1,PDG2026:observable:B176:B176W:351389,Omega_c(3090)0 WIDTH,Omega_c(3090)0 | Omegabar_c(3090)0,WIDTH,8.5+0.8-1.7,8.5+0.8-1.7,MeV,UNAVAILABLE_IN_SNAPSHOT,UNAVAILABLE_IN_SNAPSHOT,NONE,UNAVAILABLE,0.75213030785895074,1.678689965419464,COMP-BARYON,EXTERNAL_RECORD_ACCOUNTED__INDIVIDUAL_HMT_REALIZATION_NOT_YET_JOINED,named_baryon_binding_map,ONLY_AFTER_INTERNAL_FREEZE,NO,2026,2026-01-15,40dc2587d9ae912d26fafb6b41f300f341d2a1f4bd620ff5b5f03827c39453fe
anchuras,116,EXTERNAL_WIDTH_INVENTORY,1,PDG2026:observable:B177:B177W:351393,Omega_c(3120)0 WIDTH,Omega_c(3120)0 | Omegabar_c(3120)0,WIDTH,<2.5,<2.5,MeV,UNAVAILABLE_IN_SNAPSHOT,UNAVAILABLE_IN_SNAPSHOT,U,95,NOT_APPLICABLE,NOT_APPLICABLE,COMP-BARYON,EXTERNAL_RECORD_ACCOUNTED__INDIVIDUAL_HMT_REALIZATION_NOT_YET_JOINED,named_baryon_binding_map,ONLY_AFTER_INTERNAL_FREEZE,NO,2026,2026-01-15,40dc2587d9ae912d26fafb6b41f300f341d2a1f4bd620ff5b5f03827c39453fe
anchuras,117,EXTERNAL_WIDTH_INVENTORY,1,PDG2026:observable:B178:B178W:350957,Lambda_c(2860)+ WIDTH,Lambda_c(2860)0 | Lambdabar_c(2860)0,WIDTH,68+12-22,68+12-22,MeV,UNAVAILABLE_IN_SNAPSHOT,UNAVAILABLE_IN_SNAPSHOT,NONE,UNAVAILABLE,11.78049234964312,21.62336699036484,COMP-BARYON,EXTERNAL_RECORD_ACCOUNTED__INDIVIDUAL_HMT_REALIZATION_NOT_YET_JOINED,named_baryon_binding_map,ONLY_AFTER_INTERNAL_FREEZE,NO,2026,2026-01-15,40dc2587d9ae912d26fafb6b41f300f341d2a1f4bd620ff5b5f03827c39453fe
anchuras,118,EXTERNAL_WIDTH_INVENTORY,1,PDG2026:observable:B179:B179W:350507,Omega(2012)- WIDTH,Omega(2012)- | Omegabar(2012)+,WIDTH,6.3+-2.0,6.3+-2.0,MeV,UNAVAILABLE_IN_SNAPSHOT,UNAVAILABLE_IN_SNAPSHOT,NONE,UNAVAILABLE,2.074289545754965,1.9197249858706551,COMP-BARYON,EXTERNAL_RECORD_ACCOUNTED__INDIVIDUAL_HMT_REALIZATION_NOT_YET_JOINED,named_baryon_binding_map,ONLY_AFTER_INTERNAL_FREEZE,NO,2026,2026-01-15,40dc2587d9ae912d26fafb6b41f300f341d2a1f4bd620ff5b5f03827c39453fe
anchuras,119,EXTERNAL_WIDTH_INVENTORY,1,PDG2026:observable:B180:B180W:351865,Xi_b(6227)- WIDTH,Xi_b(6227)- | Xi_b(6227)+,WIDTH,19.9+-2.6,19.9+-2.6,MeV,UNAVAILABLE_IN_SNAPSHOT,UNAVAILABLE_IN_SNAPSHOT,NONE,UNAVAILABLE,2.5806975801127878,2.5806975801127878,COMP-BARYON,EXTERNAL_RECORD_ACCOUNTED__INDIVIDUAL_HMT_REALIZATION_NOT_YET_JOINED,named_baryon_binding_map,ONLY_AFTER_INTERNAL_FREEZE,NO,2026,2026-01-15,40dc2587d9ae912d26fafb6b41f300f341d2a1f4bd620ff5b5f03827c39453fe
anchuras,120,EXTERNAL_WIDTH_INVENTORY,1,PDG2026:observable:B181:B181W:351735,Sigma_b(6097)+ WIDTH,Sigma_b(6097)+ | Sigmabar_b(6097)-,WIDTH,31+-6,31+-6,MeV,UNAVAILABLE_IN_SNAPSHOT,UNAVAILABLE_IN_SNAPSHOT,NONE,UNAVAILABLE,5.5443665102516446,5.5443665102516446,COMP-BARYON,EXTERNAL_RECORD_ACCOUNTED__INDIVIDUAL_HMT_REALIZATION_NOT_YET_JOINED,named_baryon_binding_map,ONLY_AFTER_INTERNAL_FREEZE,NO,2026,2026-01-15,40dc2587d9ae912d26fafb6b41f300f341d2a1f4bd620ff5b5f03827c39453fe
anchuras,121,EXTERNAL_WIDTH_INVENTORY,1,PDG2026:observable:B182:B182W:351739,Sigma_b(6097)- WIDTH,Sigma_b(6097)- | Sigmabar_b(6097)+,WIDTH,29+-4,29+-4,MeV,UNAVAILABLE_IN_SNAPSHOT,UNAVAILABLE_IN_SNAPSHOT,NONE,UNAVAILABLE,4.2953463189829062,4.2953463189829062,COMP-BARYON,EXTERNAL_RECORD_ACCOUNTED__INDIVIDUAL_HMT_REALIZATION_NOT_YET_JOINED,named_baryon_binding_map,ONLY_AFTER_INTERNAL_FREEZE,NO,2026,2026-01-15,40dc2587d9ae912d26fafb6b41f300f341d2a1f4bd620ff5b5f03827c39453fe
anchuras,122,EXTERNAL_WIDTH_INVENTORY,1,PDG2026:observable:B183:B183W:350229,Sigma(2110) WIDTH,Sigma(2110)- | Sigmabar(2110)+ | Sigma(2110)0 | Sigmabar(2110)0 | Sigma(2110)+ | Sigmabar(2110)-,WIDTH,310+120-50,310+120-50,MeV,UNAVAILABLE_IN_SNAPSHOT,UNAVAILABLE_IN_SNAPSHOT,NONE,UNAVAILABLE,122.34963012126789,54.761074523641852,COMP-BARYON,EXTERNAL_RECORD_ACCOUNTED__INDIVIDUAL_HMT_REALIZATION_NOT_YET_JOINED,named_baryon_binding_map,ONLY_AFTER_INTERNAL_FREEZE,NO,2026,2026-01-15,40dc2587d9ae912d26fafb6b41f300f341d2a1f4bd620ff5b5f03827c39453fe
anchuras,123,EXTERNAL_WIDTH_INVENTORY,1,PDG2026:observable:B184:B184W:350254,Sigma(2230) WIDTH,Sigma(2230)- | Sigmabar(2230)+ | Sigma(2230)0 | Sigmabar(2230)0 | Sigma(2230)+ | Sigmabar(2230)-,WIDTH,350+-50,350+-50,MeV,UNAVAILABLE_IN_SNAPSHOT,UNAVAILABLE_IN_SNAPSHOT,NONE,UNAVAILABLE,50,50,COMP-BARYON,EXTERNAL_RECORD_ACCOUNTED__INDIVIDUAL_HMT_REALIZATION_NOT_YET_JOINED,named_baryon_binding_map,ONLY_AFTER_INTERNAL_FREEZE,NO,2026,2026-01-15,40dc2587d9ae912d26fafb6b41f300f341d2a1f4bd620ff5b5f03827c39453fe
anchuras,124,EXTERNAL_WIDTH_INVENTORY,1,PDG2026:observable:B185:B185W:351936,P_c_cbar(4312)+ WIDTH,P_c_cbar(4312)+,WIDTH,10+-5,10+-5,MeV,UNAVAILABLE_IN_SNAPSHOT,UNAVAILABLE_IN_SNAPSHOT,NONE,UNAVAILABLE,4.5803929962395147,5.2478567053607703,COMP-BARYON,EXTERNAL_RECORD_ACCOUNTED__INDIVIDUAL_HMT_REALIZATION_NOT_YET_JOINED,named_baryon_binding_map,ONLY_AFTER_INTERNAL_FREEZE,NO,2026,2026-01-15,40dc2587d9ae912d26fafb6b41f300f341d2a1f4bd620ff5b5f03827c39453fe
anchuras,125,EXTERNAL_WIDTH_INVENTORY,1,PDG2026:observable:B186:B186W:351956,P_c_cbar(4440)+ WIDTH,P_c_cbar(4440)+,WIDTH,21+10-11,21+10-11,MeV,UNAVAILABLE_IN_SNAPSHOT,UNAVAILABLE_IN_SNAPSHOT,NONE,UNAVAILABLE,9.9849887330932923,11.225862995778989,COMP-BARYON,EXTERNAL_RECORD_ACCOUNTED__INDIVIDUAL_HMT_REALIZATION_NOT_YET_JOINED,named_baryon_binding_map,ONLY_AFTER_INTERNAL_FREEZE,NO,2026,2026-01-15,40dc2587d9ae912d26fafb6b41f300f341d2a1f4bd620ff5b5f03827c39453fe
anchuras,126,EXTERNAL_WIDTH_INVENTORY,1,PDG2026:observable:B187:B187W:351708,Lambda_b(6146)0 WIDTH,Lambda_b(6146)0 | Lambdabar_b(6146)0,WIDTH,2.9+-1.3,2.9+-1.3,MeV,UNAVAILABLE_IN_SNAPSHOT,UNAVAILABLE_IN_SNAPSHOT,NONE,UNAVAILABLE,1.334166406412634,1.334166406412634,COMP-BARYON,EXTERNAL_RECORD_ACCOUNTED__INDIVIDUAL_HMT_REALIZATION_NOT_YET_JOINED,named_baryon_binding_map,ONLY_AFTER_INTERNAL_FREEZE,NO,2026,2026-01-15,40dc2587d9ae912d26fafb6b41f300f341d2a1f4bd620ff5b5f03827c39453fe
anchuras,127,EXTERNAL_WIDTH_INVENTORY,1,PDG2026:observable:B188:B188W:351714,Lambda_b(6152)0 WIDTH,Lambda_b(6152)0 | Lambdabar_b(6152)0,WIDTH,2.1+-0.9,2.1+-0.9,MeV,UNAVAILABLE_IN_SNAPSHOT,UNAVAILABLE_IN_SNAPSHOT,NONE,UNAVAILABLE,0.8544003745317531,0.8544003745317531,COMP-BARYON,EXTERNAL_RECORD_ACCOUNTED__INDIVIDUAL_HMT_REALIZATION_NOT_YET_JOINED,named_baryon_binding_map,ONLY_AFTER_INTERNAL_FREEZE,NO,2026,2026-01-15,40dc2587d9ae912d26fafb6b41f300f341d2a1f4bd620ff5b5f03827c39453fe
anchuras,128,EXTERNAL_WIDTH_INVENTORY,1,PDG2026:observable:B190:B190W:349677,Lambda(2070) WIDTH,Lambda(2070)0 | Lambdabar(2070)0,WIDTH,370+-50,370+-50,MeV,UNAVAILABLE_IN_SNAPSHOT,UNAVAILABLE_IN_SNAPSHOT,NONE,UNAVAILABLE,50,50,COMP-BARYON,EXTERNAL_RECORD_ACCOUNTED__INDIVIDUAL_HMT_REALIZATION_NOT_YET_JOINED,named_baryon_binding_map,ONLY_AFTER_INTERNAL_FREEZE,NO,2026,2026-01-15,40dc2587d9ae912d26fafb6b41f300f341d2a1f4bd620ff5b5f03827c39453fe
anchuras,129,EXTERNAL_WIDTH_INVENTORY,1,PDG2026:observable:B191:B191W:349712,Lambda(2080) WIDTH,Lambda(2080)0 | Lambdabar(2080)0,WIDTH,181+-29,181+-29,MeV,UNAVAILABLE_IN_SNAPSHOT,UNAVAILABLE_IN_SNAPSHOT,NONE,UNAVAILABLE,29,29,COMP-BARYON,EXTERNAL_RECORD_ACCOUNTED__INDIVIDUAL_HMT_REALIZATION_NOT_YET_JOINED,named_baryon_binding_map,ONLY_AFTER_INTERNAL_FREEZE,NO,2026,2026-01-15,40dc2587d9ae912d26fafb6b41f300f341d2a1f4bd620ff5b5f03827c39453fe
anchuras,130,EXTERNAL_WIDTH_INVENTORY,1,PDG2026:observable:B192:B192W0:351257,Xi_c(2923)0 WIDTH,Xi_c(2923)0 | Xibar_c(2923)0,WIDTH,5.8+-1.3,5.8+-1.3,MeV,UNAVAILABLE_IN_SNAPSHOT,UNAVAILABLE_IN_SNAPSHOT,NONE,UNAVAILABLE,1.30796716242523,1.30796716242523,COMP-BARYON,EXTERNAL_RECORD_ACCOUNTED__INDIVIDUAL_HMT_REALIZATION_NOT_YET_JOINED,named_baryon_binding_map,ONLY_AFTER_INTERNAL_FREEZE,NO,2026,2026-01-15,40dc2587d9ae912d26fafb6b41f300f341d2a1f4bd620ff5b5f03827c39453fe
anchuras,131,EXTERNAL_WIDTH_INVENTORY,1,PDG2026:observable:B192:B192WP:351258,Xi_c(2923)+ WIDTH,Xi_c(2923)0 | Xibar_c(2923)0,WIDTH,5.3+-1.7,5.3+-1.7,MeV,UNAVAILABLE_IN_SNAPSHOT,UNAVAILABLE_IN_SNAPSHOT,NONE,UNAVAILABLE,1.6643316977093241,1.6643316977093241,COMP-BARYON,EXTERNAL_RECORD_ACCOUNTED__INDIVIDUAL_HMT_REALIZATION_NOT_YET_JOINED,named_baryon_binding_map,ONLY_AFTER_INTERNAL_FREEZE,NO,2026,2026-01-15,40dc2587d9ae912d26fafb6b41f300f341d2a1f4bd620ff5b5f03827c39453fe
anchuras,132,EXTERNAL_WIDTH_INVENTORY,1,PDG2026:observable:B193:B193W:351906,Omega_b(6316)- WIDTH,Omega_b(6316)- | Omegabar_b(6316)+,WIDTH,<4.2,<4.2,MeV,UNAVAILABLE_IN_SNAPSHOT,UNAVAILABLE_IN_SNAPSHOT,U,95,NOT_APPLICABLE,NOT_APPLICABLE,COMP-BARYON,EXTERNAL_RECORD_ACCOUNTED__INDIVIDUAL_HMT_REALIZATION_NOT_YET_JOINED,named_baryon_binding_map,ONLY_AFTER_INTERNAL_FREEZE,NO,2026,2026-01-15,40dc2587d9ae912d26fafb6b41f300f341d2a1f4bd620ff5b5f03827c39453fe
anchuras,133,EXTERNAL_WIDTH_INVENTORY,1,PDG2026:observable:B194:B194W:351910,Omega_b(6330)- WIDTH,Omega_b(6330)- | Omegabar_b(6330)+,WIDTH,<4.7,<4.7,MeV,UNAVAILABLE_IN_SNAPSHOT,UNAVAILABLE_IN_SNAPSHOT,U,95,NOT_APPLICABLE,NOT_APPLICABLE,COMP-BARYON,EXTERNAL_RECORD_ACCOUNTED__INDIVIDUAL_HMT_REALIZATION_NOT_YET_JOINED,named_baryon_binding_map,ONLY_AFTER_INTERNAL_FREEZE,NO,2026,2026-01-15,40dc2587d9ae912d26fafb6b41f300f341d2a1f4bd620ff5b5f03827c39453fe
anchuras,134,EXTERNAL_WIDTH_INVENTORY,1,PDG2026:observable:B195:B195W:351914,Omega_b(6340)- WIDTH,Omega_b(6340)- | Omegabar_b(6340)+,WIDTH,<1.8,<1.8,MeV,UNAVAILABLE_IN_SNAPSHOT,UNAVAILABLE_IN_SNAPSHOT,U,95,NOT_APPLICABLE,NOT_APPLICABLE,COMP-BARYON,EXTERNAL_RECORD_ACCOUNTED__INDIVIDUAL_HMT_REALIZATION_NOT_YET_JOINED,named_baryon_binding_map,ONLY_AFTER_INTERNAL_FREEZE,NO,2026,2026-01-15,40dc2587d9ae912d26fafb6b41f300f341d2a1f4bd620ff5b5f03827c39453fe
anchuras,135,EXTERNAL_WIDTH_INVENTORY,1,PDG2026:observable:B196:B196W:351918,Omega_b(6350)- WIDTH,Omega_b(6350)- | Omegabar_b(6350)+,WIDTH,<3.2,<3.2,MeV,UNAVAILABLE_IN_SNAPSHOT,UNAVAILABLE_IN_SNAPSHOT,U,95,NOT_APPLICABLE,NOT_APPLICABLE,COMP-BARYON,EXTERNAL_RECORD_ACCOUNTED__INDIVIDUAL_HMT_REALIZATION_NOT_YET_JOINED,named_baryon_binding_map,ONLY_AFTER_INTERNAL_FREEZE,NO,2026,2026-01-15,40dc2587d9ae912d26fafb6b41f300f341d2a1f4bd620ff5b5f03827c39453fe
anchuras,136,EXTERNAL_WIDTH_INVENTORY,1,PDG2026:observable:B197:B197W:351703,Lambda_b(6070)0 WIDTH,Lambda_b(6070)0 | Lambdabar_b(6070)0,WIDTH,72+-11,72+-11,MeV,UNAVAILABLE_IN_SNAPSHOT,UNAVAILABLE_IN_SNAPSHOT,NONE,UNAVAILABLE,11.180339887498951,11.180339887498951,COMP-BARYON,EXTERNAL_RECORD_ACCOUNTED__INDIVIDUAL_HMT_REALIZATION_NOT_YET_JOINED,named_baryon_binding_map,ONLY_AFTER_INTERNAL_FREEZE,NO,2026,2026-01-15,40dc2587d9ae912d26fafb6b41f300f341d2a1f4bd620ff5b5f03827c39453fe
anchuras,137,EXTERNAL_WIDTH_INVENTORY,1,PDG2026:observable:B199:B199W:351871,Xi_b(6227)0 WIDTH,Xi_b(6227)0 | Xibar_b(6227)0,WIDTH,19+5-4,19+5-4,MeV,UNAVAILABLE_IN_SNAPSHOT,UNAVAILABLE_IN_SNAPSHOT,NONE,UNAVAILABLE,5.1923019942988677,4.3324358044868934,COMP-BARYON,EXTERNAL_RECORD_ACCOUNTED__INDIVIDUAL_HMT_REALIZATION_NOT_YET_JOINED,named_baryon_binding_map,ONLY_AFTER_INTERNAL_FREEZE,NO,2026,2026-01-15,40dc2587d9ae912d26fafb6b41f300f341d2a1f4bd620ff5b5f03827c39453fe
anchuras,138,EXTERNAL_WIDTH_INVENTORY,1,PDG2026:observable:B200:B200W:351861,Xi_b(6100)- WIDTH,Xi_b(6100)- | Xibar_b(6100)+,WIDTH,0.94+-0.31,0.94+-0.31,MeV,UNAVAILABLE_IN_SNAPSHOT,UNAVAILABLE_IN_SNAPSHOT,NONE,UNAVAILABLE,0.31048349392520053,0.31048349392520053,COMP-BARYON,EXTERNAL_RECORD_ACCOUNTED__INDIVIDUAL_HMT_REALIZATION_NOT_YET_JOINED,named_baryon_binding_map,ONLY_AFTER_INTERNAL_FREEZE,NO,2026,2026-01-15,40dc2587d9ae912d26fafb6b41f300f341d2a1f4bd620ff5b5f03827c39453fe
anchuras,139,EXTERNAL_WIDTH_INVENTORY,1,PDG2026:observable:B201:B201W:351875,Xi_b(6327)0 WIDTH,Xi_b(6327)0 | Xibar_b(6327)0,WIDTH,< 2.56,<2.56,MeV,UNAVAILABLE_IN_SNAPSHOT,UNAVAILABLE_IN_SNAPSHOT,U,95,NOT_APPLICABLE,NOT_APPLICABLE,COMP-BARYON,EXTERNAL_RECORD_ACCOUNTED__INDIVIDUAL_HMT_REALIZATION_NOT_YET_JOINED,named_baryon_binding_map,ONLY_AFTER_INTERNAL_FREEZE,NO,2026,2026-01-15,40dc2587d9ae912d26fafb6b41f300f341d2a1f4bd620ff5b5f03827c39453fe
anchuras,140,EXTERNAL_WIDTH_INVENTORY,1,PDG2026:observable:B202:B202W:351879,Xi_b(6333)0 WIDTH,Xi_b(6333)0 | Xibar_b(6333)0,WIDTH,< 1.92,<1.92,MeV,UNAVAILABLE_IN_SNAPSHOT,UNAVAILABLE_IN_SNAPSHOT,U,95,NOT_APPLICABLE,NOT_APPLICABLE,COMP-BARYON,EXTERNAL_RECORD_ACCOUNTED__INDIVIDUAL_HMT_REALIZATION_NOT_YET_JOINED,named_baryon_binding_map,ONLY_AFTER_INTERNAL_FREEZE,NO,2026,2026-01-15,40dc2587d9ae912d26fafb6b41f300f341d2a1f4bd620ff5b5f03827c39453fe
anchuras,141,EXTERNAL_WIDTH_INVENTORY,1,PDG2026:observable:B203:B203W0:351252,Xi_c(2882) WIDTH,Xi_c(2882)0 | Xibar_c(2882)0,WIDTH,12+-8,12+-8,MeV,UNAVAILABLE_IN_SNAPSHOT,UNAVAILABLE_IN_SNAPSHOT,NONE,UNAVAILABLE,7.8568441501661468,7.8568441501661468,COMP-BARYON,EXTERNAL_RECORD_ACCOUNTED__INDIVIDUAL_HMT_REALIZATION_NOT_YET_JOINED,named_baryon_binding_map,ONLY_AFTER_INTERNAL_FREEZE,NO,2026,2026-01-15,40dc2587d9ae912d26fafb6b41f300f341d2a1f4bd620ff5b5f03827c39453fe
anchuras,142,EXTERNAL_WIDTH_INVENTORY,1,PDG2026:observable:B204:B204W:351946,P_c_cbar_s(4338)0 WIDTH,P_c_cbar_s(4338)+,WIDTH,7.0+-1.8,7.0+-1.8,MeV,UNAVAILABLE_IN_SNAPSHOT,UNAVAILABLE_IN_SNAPSHOT,NONE,UNAVAILABLE,1.769180601295413,1.769180601295413,COMP-BARYON,EXTERNAL_RECORD_ACCOUNTED__INDIVIDUAL_HMT_REALIZATION_NOT_YET_JOINED,named_baryon_binding_map,ONLY_AFTER_INTERNAL_FREEZE,NO,2026,2026-01-15,40dc2587d9ae912d26fafb6b41f300f341d2a1f4bd620ff5b5f03827c39453fe
anchuras,143,EXTERNAL_WIDTH_INVENTORY,1,PDG2026:observable:B205:B205W:352000,P_c_cbar(4312)+ WIDTH,P_c_cbar(4312)+,WIDTH,19+8-7,19+8-7,MeV,UNAVAILABLE_IN_SNAPSHOT,UNAVAILABLE_IN_SNAPSHOT,NONE,UNAVAILABLE,8.1568830165262654,7.255202813989527,COMP-BARYON,EXTERNAL_RECORD_ACCOUNTED__INDIVIDUAL_HMT_REALIZATION_NOT_YET_JOINED,named_baryon_binding_map,ONLY_AFTER_INTERNAL_FREEZE,NO,2026,2026-01-15,40dc2587d9ae912d26fafb6b41f300f341d2a1f4bd620ff5b5f03827c39453fe
anchuras,144,EXTERNAL_WIDTH_INVENTORY,1,PDG2026:observable:B206:B206W:350974,Lambda_c(2910)+ WIDTH,Lambda_c(2910)0 | Lambdabar_c(2910)0,WIDTH,52+-27,52+-27,MeV,UNAVAILABLE_IN_SNAPSHOT,UNAVAILABLE_IN_SNAPSHOT,NONE,UNAVAILABLE,27.448861542876418,27.448861542876418,COMP-BARYON,EXTERNAL_RECORD_ACCOUNTED__INDIVIDUAL_HMT_REALIZATION_NOT_YET_JOINED,named_baryon_binding_map,ONLY_AFTER_INTERNAL_FREEZE,NO,2026,2026-01-15,40dc2587d9ae912d26fafb6b41f300f341d2a1f4bd620ff5b5f03827c39453fe
anchuras,145,EXTERNAL_WIDTH_INVENTORY,1,PDG2026:observable:B207:B207W:351853,Xi_b(6087)0 WIDTH,Xi_b(6087),WIDTH,2.4+-0.5,2.4+-0.5,MeV,UNAVAILABLE_IN_SNAPSHOT,UNAVAILABLE_IN_SNAPSHOT,NONE,UNAVAILABLE,0.51971145840745137,0.51971145840745137,COMP-BARYON,EXTERNAL_RECORD_ACCOUNTED__INDIVIDUAL_HMT_REALIZATION_NOT_YET_JOINED,named_baryon_binding_map,ONLY_AFTER_INTERNAL_FREEZE,NO,2026,2026-01-15,40dc2587d9ae912d26fafb6b41f300f341d2a1f4bd620ff5b5f03827c39453fe
anchuras,146,EXTERNAL_WIDTH_INVENTORY,1,PDG2026:observable:B208:B208W:351857,Xi_b(6095)0 WIDTH,Xi_b(6095),WIDTH,0.50+-0.35,0.50+-0.35,MeV,UNAVAILABLE_IN_SNAPSHOT,UNAVAILABLE_IN_SNAPSHOT,NONE,UNAVAILABLE,0.34785054261852172,0.34785054261852172,COMP-BARYON,EXTERNAL_RECORD_ACCOUNTED__INDIVIDUAL_HMT_REALIZATION_NOT_YET_JOINED,named_baryon_binding_map,ONLY_AFTER_INTERNAL_FREEZE,NO,2026,2026-01-15,40dc2587d9ae912d26fafb6b41f300f341d2a1f4bd620ff5b5f03827c39453fe
anchuras,147,EXTERNAL_WIDTH_INVENTORY,1,PDG2026:observable:B209:B209W:351397,Omega_c(3185)0 WIDTH,Omega_c(3185)0 | Omegabar_c(3185)0,WIDTH,50+12-21,50+12-21,MeV,UNAVAILABLE_IN_SNAPSHOT,UNAVAILABLE_IN_SNAPSHOT,NONE,UNAVAILABLE,12.2065556157337,21.189620100417091,COMP-BARYON,EXTERNAL_RECORD_ACCOUNTED__INDIVIDUAL_HMT_REALIZATION_NOT_YET_JOINED,named_baryon_binding_map,ONLY_AFTER_INTERNAL_FREEZE,NO,2026,2026-01-15,40dc2587d9ae912d26fafb6b41f300f341d2a1f4bd620ff5b5f03827c39453fe
anchuras,148,EXTERNAL_WIDTH_INVENTORY,1,PDG2026:observable:B210:B210W:351401,Omega_c(3327)0 WIDTH,Omega_c(3327)0 | Omegabar_c(3327)0,WIDTH,20+14-5,20+14-5,MeV,UNAVAILABLE_IN_SNAPSHOT,UNAVAILABLE_IN_SNAPSHOT,NONE,UNAVAILABLE,13.928388277184119,5.0990195135927836,COMP-BARYON,EXTERNAL_RECORD_ACCOUNTED__INDIVIDUAL_HMT_REALIZATION_NOT_YET_JOINED,named_baryon_binding_map,ONLY_AFTER_INTERNAL_FREEZE,NO,2026,2026-01-15,40dc2587d9ae912d26fafb6b41f300f341d2a1f4bd620ff5b5f03827c39453fe
anchuras,149,EXTERNAL_WIDTH_INVENTORY,1,PDG2026:observable:B211:B211W:350515,Omega(2109)- WIDTH,Omega(2109)- | Omegabar(2109)+,WIDTH,18+-17,18+-17,MeV,UNAVAILABLE_IN_SNAPSHOT,UNAVAILABLE_IN_SNAPSHOT,NONE,UNAVAILABLE,17.362315513778679,17.362315513778679,COMP-BARYON,EXTERNAL_RECORD_ACCOUNTED__INDIVIDUAL_HMT_REALIZATION_NOT_YET_JOINED,named_baryon_binding_map,ONLY_AFTER_INTERNAL_FREEZE,NO,2026,2026-01-15,40dc2587d9ae912d26fafb6b41f300f341d2a1f4bd620ff5b5f03827c39453fe
anchuras,150,EXTERNAL_WIDTH_INVENTORY,1,PDG2026:observable:M001:M001W:333933,omega(782) WIDTH,omega(782)0,WIDTH,8.68+-0.13,8.68+-0.13,MeV,UNAVAILABLE_IN_SNAPSHOT,UNAVAILABLE_IN_SNAPSHOT,NONE,UNAVAILABLE,0.1320000870776446,0.1320000870776446,COMP-MESON,EXTERNAL_RECORD_ACCOUNTED__INDIVIDUAL_HMT_REALIZATION_NOT_YET_JOINED,named_meson_binding_map,ONLY_AFTER_INTERNAL_FREEZE,NO,2026,2026-01-15,40dc2587d9ae912d26fafb6b41f300f341d2a1f4bd620ff5b5f03827c39453fe
anchuras,151,EXTERNAL_WIDTH_INVENTORY,1,PDG2026:observable:M002:M002W:334007,eta'(958) WIDTH,eta^'(958)0,WIDTH,0.188+-0.006,0.188+-0.006,MeV,UNAVAILABLE_IN_SNAPSHOT,UNAVAILABLE_IN_SNAPSHOT,NONE,UNAVAILABLE,0.0064442212265340033,0.0064442212265340033,COMP-MESON,EXTERNAL_RECORD_ACCOUNTED__INDIVIDUAL_HMT_REALIZATION_NOT_YET_JOINED,named_meson_binding_map,ONLY_AFTER_INTERNAL_FREEZE,NO,2026,2026-01-15,40dc2587d9ae912d26fafb6b41f300f341d2a1f4bd620ff5b5f03827c39453fe
anchuras,152,EXTERNAL_WIDTH_INVENTORY,1,PDG2026:observable:M003:M003W1:334164,f_0(980) WIDTH,f_0(980)0,WIDTH,10 to 100,10 to 100,MeV,UNAVAILABLE_IN_SNAPSHOT,UNAVAILABLE_IN_SNAPSHOT,R,UNAVAILABLE,NOT_APPLICABLE,NOT_APPLICABLE,COMP-MESON,EXTERNAL_RECORD_ACCOUNTED__INDIVIDUAL_HMT_REALIZATION_NOT_YET_JOINED,named_meson_binding_map,ONLY_AFTER_INTERNAL_FREEZE,NO,2026,2026-01-15,40dc2587d9ae912d26fafb6b41f300f341d2a1f4bd620ff5b5f03827c39453fe
anchuras,153,EXTERNAL_WIDTH_INVENTORY,1,PDG2026:observable:M004:M004W:334183,phi(1020) WIDTH,phi(1020)0,WIDTH,4.249+-0.013,4.249+-0.013,MeV,UNAVAILABLE_IN_SNAPSHOT,UNAVAILABLE_IN_SNAPSHOT,NONE,UNAVAILABLE,0.01311655783805327,0.01311655783805327,COMP-MESON,EXTERNAL_RECORD_ACCOUNTED__INDIVIDUAL_HMT_REALIZATION_NOT_YET_JOINED,named_meson_binding_map,ONLY_AFTER_INTERNAL_FREEZE,NO,2026,2026-01-15,40dc2587d9ae912d26fafb6b41f300f341d2a1f4bd620ff5b5f03827c39453fe
anchuras,154,EXTERNAL_WIDTH_INVENTORY,1,PDG2026:observable:M005:M005W:334355,f_2(1270) WIDTH,f_2(1270)0,WIDTH,186.6+2.8-2.2,186.6+2.8-2.2,MeV,UNAVAILABLE_IN_SNAPSHOT,UNAVAILABLE_IN_SNAPSHOT,NONE,UNAVAILABLE,2.802312637678575,2.1961156286222181,COMP-MESON,EXTERNAL_RECORD_ACCOUNTED__INDIVIDUAL_HMT_REALIZATION_NOT_YET_JOINED,named_meson_binding_map,ONLY_AFTER_INTERNAL_FREEZE,NO,2026,2026-01-15,40dc2587d9ae912d26fafb6b41f300f341d2a1f4bd620ff5b5f03827c39453fe
anchuras,155,EXTERNAL_WIDTH_INVENTORY,1,PDG2026:observable:M006:M006W:334555,f_1(1420) WIDTH,f_1(1420)0,WIDTH,55.4+-3.2,55.4+-3.2,MeV,UNAVAILABLE_IN_SNAPSHOT,UNAVAILABLE_IN_SNAPSHOT,NONE,UNAVAILABLE,3.1572143311904868,3.199679790915769,COMP-MESON,EXTERNAL_RECORD_ACCOUNTED__INDIVIDUAL_HMT_REALIZATION_NOT_YET_JOINED,named_meson_binding_map,ONLY_AFTER_INTERNAL_FREEZE,NO,2026,2026-01-15,40dc2587d9ae912d26fafb6b41f300f341d2a1f4bd620ff5b5f03827c39453fe
anchuras,156,EXTERNAL_WIDTH_INVENTORY,1,PDG2026:observable:M008:M008W:334404,f_1(1285) WIDTH,f_1(1285)0,WIDTH,23.0+-1.0,23.0+-1.0,MeV,UNAVAILABLE_IN_SNAPSHOT,UNAVAILABLE_IN_SNAPSHOT,NONE,UNAVAILABLE,1.045581016397475,1.0256159102073861,COMP-MESON,EXTERNAL_RECORD_ACCOUNTED__INDIVIDUAL_HMT_REALIZATION_NOT_YET_JOINED,named_meson_binding_map,ONLY_AFTER_INTERNAL_FREEZE,NO,2026,2026-01-15,40dc2587d9ae912d26fafb6b41f300f341d2a1f4bd620ff5b5f03827c39453fe
anchuras,157,EXTERNAL_WIDTH_INVENTORY,1,PDG2026:observable:M009:M009W0:333870,"NEUTRAL ONLY, e+ e-",rho(770)0 | rho(770)+ | rho(770)-,WIDTH,147.4+-0.8,147.4+-0.8,MeV,UNAVAILABLE_IN_SNAPSHOT,UNAVAILABLE_IN_SNAPSHOT,NONE,UNAVAILABLE,0.82096324211264493,0.82096324211264493,COMP-MESON,EXTERNAL_RECORD_ACCOUNTED__INDIVIDUAL_HMT_REALIZATION_NOT_YET_JOINED,named_meson_binding_map,ONLY_AFTER_INTERNAL_FREEZE,NO,2026,2026-01-15,40dc2587d9ae912d26fafb6b41f300f341d2a1f4bd620ff5b5f03827c39453fe
anchuras,158,EXTERNAL_WIDTH_INVENTORY,1,PDG2026:observable:M009:M009W5:333871,"CHARGED ONLY, tau DECAYS and e+ e-",rho(770)0 | rho(770)+ | rho(770)-,WIDTH,149.1+-0.8,149.1+-0.8,MeV,UNAVAILABLE_IN_SNAPSHOT,UNAVAILABLE_IN_SNAPSHOT,NONE,UNAVAILABLE,0.84906762313788198,0.84906762313788198,COMP-MESON,EXTERNAL_RECORD_ACCOUNTED__INDIVIDUAL_HMT_REALIZATION_NOT_YET_JOINED,named_meson_binding_map,ONLY_AFTER_INTERNAL_FREEZE,NO,2026,2026-01-15,40dc2587d9ae912d26fafb6b41f300f341d2a1f4bd620ff5b5f03827c39453fe
anchuras,159,EXTERNAL_WIDTH_INVENTORY,1,PDG2026:observable:M009:M009W7:333873,"MIXED CHARGES, OTHER REACTIONS",rho(770)0 | rho(770)+ | rho(770)-,WIDTH,149.5+-1.3,149.5+-1.3,MeV,UNAVAILABLE_IN_SNAPSHOT,UNAVAILABLE_IN_SNAPSHOT,NONE,UNAVAILABLE,1.3,1.3,COMP-MESON,EXTERNAL_RECORD_ACCOUNTED__INDIVIDUAL_HMT_REALIZATION_NOT_YET_JOINED,named_meson_binding_map,ONLY_AFTER_INTERNAL_FREEZE,NO,2026,2026-01-15,40dc2587d9ae912d26fafb6b41f300f341d2a1f4bd620ff5b5f03827c39453fe
anchuras,160,EXTERNAL_WIDTH_INVENTORY,1,PDG2026:observable:M009:M009W2:333874,"CHARGED ONLY, HADROPRODUCED",rho(770)0 | rho(770)+ | rho(770)-,WIDTH,150.2+-2.4,150.2+-2.4,MeV,UNAVAILABLE_IN_SNAPSHOT,UNAVAILABLE_IN_SNAPSHOT,NONE,UNAVAILABLE,2.3925241925869849,2.3925241925869849,COMP-MESON,EXTERNAL_RECORD_ACCOUNTED__INDIVIDUAL_HMT_REALIZATION_NOT_YET_JOINED,named_meson_binding_map,ONLY_AFTER_INTERNAL_FREEZE,NO,2026,2026-01-15,40dc2587d9ae912d26fafb6b41f300f341d2a1f4bd620ff5b5f03827c39453fe
anchuras,161,EXTERNAL_WIDTH_INVENTORY,1,PDG2026:observable:M009:M009W0P:333876,"NEUTRAL ONLY, PHOTOPRODUCED",rho(770)0 | rho(770)+ | rho(770)-,WIDTH,152.3+-1.7,152.3+-1.7,MeV,UNAVAILABLE_IN_SNAPSHOT,UNAVAILABLE_IN_SNAPSHOT,NONE,UNAVAILABLE,1.6144196138431619,1.7476550950891081,COMP-MESON,EXTERNAL_RECORD_ACCOUNTED__INDIVIDUAL_HMT_REALIZATION_NOT_YET_JOINED,named_meson_binding_map,ONLY_AFTER_INTERNAL_FREEZE,NO,2026,2026-01-15,40dc2587d9ae912d26fafb6b41f300f341d2a1f4bd620ff5b5f03827c39453fe
anchuras,162,EXTERNAL_WIDTH_INVENTORY,1,PDG2026:observable:M009:M009W0R:333877,"NEUTRAL ONLY, OTHER REACTIONS",rho(770)0 | rho(770)+ | rho(770)-,WIDTH,150.9+-1.7,150.9+-1.7,MeV,UNAVAILABLE_IN_SNAPSHOT,UNAVAILABLE_IN_SNAPSHOT,NONE,UNAVAILABLE,1.7341880321909591,1.7341880321909591,COMP-MESON,EXTERNAL_RECORD_ACCOUNTED__INDIVIDUAL_HMT_REALIZATION_NOT_YET_JOINED,named_meson_binding_map,ONLY_AFTER_INTERNAL_FREEZE,NO,2026,2026-01-15,40dc2587d9ae912d26fafb6b41f300f341d2a1f4bd620ff5b5f03827c39453fe
anchuras,163,EXTERNAL_WIDTH_INVENTORY,1,PDG2026:observable:M010:M010W:334333,a_1(1260) WIDTH,a_1(1260)0 | a_1(1260)+ | a_1(1260)-,WIDTH,250 to 600,250 to 600,MeV,UNAVAILABLE_IN_SNAPSHOT,UNAVAILABLE_IN_SNAPSHOT,R,UNAVAILABLE,NOT_APPLICABLE,NOT_APPLICABLE,COMP-MESON,EXTERNAL_RECORD_ACCOUNTED__INDIVIDUAL_HMT_REALIZATION_NOT_YET_JOINED,named_meson_binding_map,ONLY_AFTER_INTERNAL_FREEZE,NO,2026,2026-01-15,40dc2587d9ae912d26fafb6b41f300f341d2a1f4bd620ff5b5f03827c39453fe
anchuras,164,EXTERNAL_WIDTH_INVENTORY,1,PDG2026:observable:M011:M011W:334310,b_1(1235) WIDTH,b_1(1235)0 | b_1(1235)+ | b_1(1235)-,WIDTH,142+-9,142+-9,MeV,UNAVAILABLE_IN_SNAPSHOT,UNAVAILABLE_IN_SNAPSHOT,NONE,UNAVAILABLE,8.5057630105759703,8.5057630105759703,COMP-MESON,EXTERNAL_RECORD_ACCOUNTED__INDIVIDUAL_HMT_REALIZATION_NOT_YET_JOINED,named_meson_binding_map,ONLY_AFTER_INTERNAL_FREEZE,NO,2026,2026-01-15,40dc2587d9ae912d26fafb6b41f300f341d2a1f4bd620ff5b5f03827c39453fe
anchuras,165,EXTERNAL_WIDTH_INVENTORY,1,PDG2026:observable:M012:M012W:334474,a_2(1320) WIDTH,a_2(1320)0 | a_2(1320)+ | a_2(1320)-,WIDTH,107+-5,107+-5,MeV,UNAVAILABLE_IN_SNAPSHOT,UNAVAILABLE_IN_SNAPSHOT,NONE,UNAVAILABLE,5,5,COMP-MESON,EXTERNAL_RECORD_ACCOUNTED__INDIVIDUAL_HMT_REALIZATION_NOT_YET_JOINED,named_meson_binding_map,ONLY_AFTER_INTERNAL_FREEZE,NO,2026,2026-01-15,40dc2587d9ae912d26fafb6b41f300f341d2a1f4bd620ff5b5f03827c39453fe
anchuras,166,EXTERNAL_WIDTH_INVENTORY,1,PDG2026:observable:M012:M012W1:334476,3pi MODE,a_2(1320)0 | a_2(1320)+ | a_2(1320)-,WIDTH,105.0+1.7-1.9,105.0+1.7-1.9,MeV,UNAVAILABLE_IN_SNAPSHOT,UNAVAILABLE_IN_SNAPSHOT,NONE,UNAVAILABLE,1.672423941919887,1.8523961583384709,COMP-MESON,EXTERNAL_RECORD_ACCOUNTED__INDIVIDUAL_HMT_REALIZATION_NOT_YET_JOINED,named_meson_binding_map,ONLY_AFTER_INTERNAL_FREEZE,NO,2026,2026-01-15,40dc2587d9ae912d26fafb6b41f300f341d2a1f4bd620ff5b5f03827c39453fe
anchuras,167,EXTERNAL_WIDTH_INVENTORY,1,PDG2026:observable:M012:M012W2:334477,K Kbar MODE,a_2(1320)0 | a_2(1320)+ | a_2(1320)-,WIDTH,109.8+-2.4,109.8+-2.4,MeV,UNAVAILABLE_IN_SNAPSHOT,UNAVAILABLE_IN_SNAPSHOT,NONE,UNAVAILABLE,2.3748902427360412,2.3748902427360412,COMP-MESON,EXTERNAL_RECORD_ACCOUNTED__INDIVIDUAL_HMT_REALIZATION_NOT_YET_JOINED,named_meson_binding_map,ONLY_AFTER_INTERNAL_FREEZE,NO,2026,2026-01-15,40dc2587d9ae912d26fafb6b41f300f341d2a1f4bd620ff5b5f03827c39453fe
anchuras,168,EXTERNAL_WIDTH_INVENTORY,1,PDG2026:observable:M012:M012W3:334478,eta pi MODE,a_2(1320)0 | a_2(1320)+ | a_2(1320)-,WIDTH,111.1+-2.4,111.1+-2.4,MeV,UNAVAILABLE_IN_SNAPSHOT,UNAVAILABLE_IN_SNAPSHOT,NONE,UNAVAILABLE,2.448965935023065,2.448965935023065,COMP-MESON,EXTERNAL_RECORD_ACCOUNTED__INDIVIDUAL_HMT_REALIZATION_NOT_YET_JOINED,named_meson_binding_map,ONLY_AFTER_INTERNAL_FREEZE,NO,2026,2026-01-15,40dc2587d9ae912d26fafb6b41f300f341d2a1f4bd620ff5b5f03827c39453fe
anchuras,169,EXTERNAL_WIDTH_INVENTORY,1,PDG2026:observable:M012:M012W4:334479,eta' pi MODE,a_2(1320)0 | a_2(1320)+ | a_2(1320)-,WIDTH,119+-25,119+-25,MeV,UNAVAILABLE_IN_SNAPSHOT,UNAVAILABLE_IN_SNAPSHOT,NONE,UNAVAILABLE,25.063151645472001,25.063151645472001,COMP-MESON,EXTERNAL_RECORD_ACCOUNTED__INDIVIDUAL_HMT_REALIZATION_NOT_YET_JOINED,named_meson_binding_map,ONLY_AFTER_INTERNAL_FREEZE,NO,2026,2026-01-15,40dc2587d9ae912d26fafb6b41f300f341d2a1f4bd620ff5b5f03827c39453fe
anchuras,170,EXTERNAL_WIDTH_INVENTORY,1,PDG2026:observable:M013:M013WX:334671,f_2'(1525) WIDTH,f_2^'(1525)0,WIDTH,72+7-6,72+7-6,MeV,UNAVAILABLE_IN_SNAPSHOT,UNAVAILABLE_IN_SNAPSHOT,NONE,UNAVAILABLE,6.8828574538793053,5.7886890416736358,COMP-MESON,EXTERNAL_RECORD_ACCOUNTED__INDIVIDUAL_HMT_REALIZATION_NOT_YET_JOINED,named_meson_binding_map,ONLY_AFTER_INTERNAL_FREEZE,NO,2026,2026-01-15,40dc2587d9ae912d26fafb6b41f300f341d2a1f4bd620ff5b5f03827c39453fe
anchuras,171,EXTERNAL_WIDTH_INVENTORY,1,PDG2026:observable:M013:M013W2:334673,PRODUCED BY K+- BEAM,f_2^'(1525)0,WIDTH,82+-6,82+-6,MeV,UNAVAILABLE_IN_SNAPSHOT,UNAVAILABLE_IN_SNAPSHOT,NONE,UNAVAILABLE,6.0690031263411646,5.743699645561148,COMP-MESON,EXTERNAL_RECORD_ACCOUNTED__INDIVIDUAL_HMT_REALIZATION_NOT_YET_JOINED,named_meson_binding_map,ONLY_AFTER_INTERNAL_FREEZE,NO,2026,2026-01-15,40dc2587d9ae912d26fafb6b41f300f341d2a1f4bd620ff5b5f03827c39453fe
anchuras,172,EXTERNAL_WIDTH_INVENTORY,1,PDG2026:observable:M013:M013W3:334674,PRODUCED IN e+ e- ANNIHILATION AND PARTICLE DECAYS,f_2^'(1525)0,WIDTH,86+-4,86+-4,MeV,UNAVAILABLE_IN_SNAPSHOT,UNAVAILABLE_IN_SNAPSHOT,NONE,UNAVAILABLE,4.2724130046702271,3.9578983915293739,COMP-MESON,EXTERNAL_RECORD_ACCOUNTED__INDIVIDUAL_HMT_REALIZATION_NOT_YET_JOINED,named_meson_binding_map,ONLY_AFTER_INTERNAL_FREEZE,NO,2026,2026-01-15,40dc2587d9ae912d26fafb6b41f300f341d2a1f4bd620ff5b5f03827c39453fe
anchuras,173,EXTERNAL_WIDTH_INVENTORY,1,PDG2026:observable:M013:M013W9:334675,PRODUCED IN pbar p ANNIHILATION,f_2^'(1525)0,WIDTH,77+-5,77+-5,MeV,UNAVAILABLE_IN_SNAPSHOT,UNAVAILABLE_IN_SNAPSHOT,NONE,UNAVAILABLE,4.7999999999999998,4.7999999999999998,COMP-MESON,EXTERNAL_RECORD_ACCOUNTED__INDIVIDUAL_HMT_REALIZATION_NOT_YET_JOINED,named_meson_binding_map,ONLY_AFTER_INTERNAL_FREEZE,NO,2026,2026-01-15,40dc2587d9ae912d26fafb6b41f300f341d2a1f4bd620ff5b5f03827c39453fe
anchuras,174,EXTERNAL_WIDTH_INVENTORY,1,PDG2026:observable:M013:M013W4:334676,CENTRAL PRODUCTION,f_2^'(1525)0,WIDTH,70+-25,70+-25,MeV,UNAVAILABLE_IN_SNAPSHOT,UNAVAILABLE_IN_SNAPSHOT,NONE,UNAVAILABLE,25,25,COMP-MESON,EXTERNAL_RECORD_ACCOUNTED__INDIVIDUAL_HMT_REALIZATION_NOT_YET_JOINED,named_meson_binding_map,ONLY_AFTER_INTERNAL_FREEZE,NO,2026,2026-01-15,40dc2587d9ae912d26fafb6b41f300f341d2a1f4bd620ff5b5f03827c39453fe
anchuras,175,EXTERNAL_WIDTH_INVENTORY,1,PDG2026:observable:M013:M013W10:334677,PRODUCED IN e p COLLISIONS,f_2^'(1525)0,WIDTH,83+-10,83+-10,MeV,UNAVAILABLE_IN_SNAPSHOT,UNAVAILABLE_IN_SNAPSHOT,NONE,UNAVAILABLE,10.295630140987001,9.8488578017961039,COMP-MESON,EXTERNAL_RECORD_ACCOUNTED__INDIVIDUAL_HMT_REALIZATION_NOT_YET_JOINED,named_meson_binding_map,ONLY_AFTER_INTERNAL_FREEZE,NO,2026,2026-01-15,40dc2587d9ae912d26fafb6b41f300f341d2a1f4bd620ff5b5f03827c39453fe
anchuras,176,EXTERNAL_WIDTH_INVENTORY,1,PDG2026:observable:M014:M014W:333858,f_0(500) BREIT-WIGNER WIDTH,f_0(500)0,WIDTH,100 to 800,100 to 800,MeV,UNAVAILABLE_IN_SNAPSHOT,UNAVAILABLE_IN_SNAPSHOT,R,UNAVAILABLE,NOT_APPLICABLE,NOT_APPLICABLE,COMP-MESON,EXTERNAL_RECORD_ACCOUNTED__INDIVIDUAL_HMT_REALIZATION_NOT_YET_JOINED,named_meson_binding_map,ONLY_AFTER_INTERNAL_FREEZE,NO,2026,2026-01-15,40dc2587d9ae912d26fafb6b41f300f341d2a1f4bd620ff5b5f03827c39453fe
anchuras,177,EXTERNAL_WIDTH_INVENTORY,1,PDG2026:observable:M015:M015W:334848,"2pi, K Kbar, AND K Kbar pi MODES",rho_3(1690)0 | rho_3(1690)+ | rho_3(1690)-,WIDTH,161+-10,161+-10,MeV,UNAVAILABLE_IN_SNAPSHOT,UNAVAILABLE_IN_SNAPSHOT,NONE,UNAVAILABLE,9.7014800918649904,9.6537321264976139,COMP-MESON,EXTERNAL_RECORD_ACCOUNTED__INDIVIDUAL_HMT_REALIZATION_NOT_YET_JOINED,named_meson_binding_map,ONLY_AFTER_INTERNAL_FREEZE,NO,2026,2026-01-15,40dc2587d9ae912d26fafb6b41f300f341d2a1f4bd620ff5b5f03827c39453fe
anchuras,178,EXTERNAL_WIDTH_INVENTORY,1,PDG2026:observable:M015:M015W1:334849,2pi MODE,rho_3(1690)0 | rho_3(1690)+ | rho_3(1690)-,WIDTH,186+-14,186+-14,MeV,UNAVAILABLE_IN_SNAPSHOT,UNAVAILABLE_IN_SNAPSHOT,NONE,UNAVAILABLE,14.046724973634189,14.046724973634189,COMP-MESON,EXTERNAL_RECORD_ACCOUNTED__INDIVIDUAL_HMT_REALIZATION_NOT_YET_JOINED,named_meson_binding_map,ONLY_AFTER_INTERNAL_FREEZE,NO,2026,2026-01-15,40dc2587d9ae912d26fafb6b41f300f341d2a1f4bd620ff5b5f03827c39453fe
anchuras,179,EXTERNAL_WIDTH_INVENTORY,1,PDG2026:observable:M015:M015W2:334850,K Kbar AND K Kbar pi MODES,rho_3(1690)0 | rho_3(1690)+ | rho_3(1690)-,WIDTH,204+-18,204+-18,MeV,UNAVAILABLE_IN_SNAPSHOT,UNAVAILABLE_IN_SNAPSHOT,NONE,UNAVAILABLE,17.888543819998318,17.888543819998318,COMP-MESON,EXTERNAL_RECORD_ACCOUNTED__INDIVIDUAL_HMT_REALIZATION_NOT_YET_JOINED,named_meson_binding_map,ONLY_AFTER_INTERNAL_FREEZE,NO,2026,2026-01-15,40dc2587d9ae912d26fafb6b41f300f341d2a1f4bd620ff5b5f03827c39453fe
anchuras,180,EXTERNAL_WIDTH_INVENTORY,1,PDG2026:observable:M015:M015W3:334851,(4pi)+- MODE,rho_3(1690)0 | rho_3(1690)+ | rho_3(1690)-,WIDTH,129+-10,129+-10,MeV,UNAVAILABLE_IN_SNAPSHOT,UNAVAILABLE_IN_SNAPSHOT,NONE,UNAVAILABLE,10.284400967958939,10.16157273699389,COMP-MESON,EXTERNAL_RECORD_ACCOUNTED__INDIVIDUAL_HMT_REALIZATION_NOT_YET_JOINED,named_meson_binding_map,ONLY_AFTER_INTERNAL_FREEZE,NO,2026,2026-01-15,40dc2587d9ae912d26fafb6b41f300f341d2a1f4bd620ff5b5f03827c39453fe
anchuras,181,EXTERNAL_WIDTH_INVENTORY,1,PDG2026:observable:M015:M015W5:334852,omega pi MODE,rho_3(1690)0 | rho_3(1690)+ | rho_3(1690)-,WIDTH,190+-40,190+-40,MeV,UNAVAILABLE_IN_SNAPSHOT,UNAVAILABLE_IN_SNAPSHOT,NONE,UNAVAILABLE,35.527838423396418,35.527838423396418,COMP-MESON,EXTERNAL_RECORD_ACCOUNTED__INDIVIDUAL_HMT_REALIZATION_NOT_YET_JOINED,named_meson_binding_map,ONLY_AFTER_INTERNAL_FREEZE,NO,2026,2026-01-15,40dc2587d9ae912d26fafb6b41f300f341d2a1f4bd620ff5b5f03827c39453fe
anchuras,182,EXTERNAL_WIDTH_INVENTORY,1,PDG2026:observable:M015:M015W6:334853,eta pi+ pi- MODE,rho_3(1690)0 | rho_3(1690)+ | rho_3(1690)-,WIDTH,130+-40,130+-40,MeV,UNAVAILABLE_IN_SNAPSHOT,UNAVAILABLE_IN_SNAPSHOT,NONE,UNAVAILABLE,43.467351876049257,43.467351876049257,COMP-MESON,EXTERNAL_RECORD_ACCOUNTED__INDIVIDUAL_HMT_REALIZATION_NOT_YET_JOINED,named_meson_binding_map,ONLY_AFTER_INTERNAL_FREEZE,NO,2026,2026-01-15,40dc2587d9ae912d26fafb6b41f300f341d2a1f4bd620ff5b5f03827c39453fe
anchuras,183,EXTERNAL_WIDTH_INVENTORY,1,PDG2026:observable:M016:M016W:335131,f_4(2050) WIDTH,f_4(2050)0,WIDTH,237+-18,237+-18,MeV,UNAVAILABLE_IN_SNAPSHOT,UNAVAILABLE_IN_SNAPSHOT,NONE,UNAVAILABLE,17.88029943252717,18.179532837552909,COMP-MESON,EXTERNAL_RECORD_ACCOUNTED__INDIVIDUAL_HMT_REALIZATION_NOT_YET_JOINED,named_meson_binding_map,ONLY_AFTER_INTERNAL_FREEZE,NO,2026,2026-01-15,40dc2587d9ae912d26fafb6b41f300f341d2a1f4bd620ff5b5f03827c39453fe
anchuras,184,EXTERNAL_WIDTH_INVENTORY,1,PDG2026:observable:M017:M017W:335091,a_4(1970) WIDTH,a_4(1970)0 | a_4(1970)+ | a_4(1970)-,WIDTH,324+15-18,324+15-18,MeV,UNAVAILABLE_IN_SNAPSHOT,UNAVAILABLE_IN_SNAPSHOT,NONE,UNAVAILABLE,14.533393315985499,18.100116797853431,COMP-MESON,EXTERNAL_RECORD_ACCOUNTED__INDIVIDUAL_HMT_REALIZATION_NOT_YET_JOINED,named_meson_binding_map,ONLY_AFTER_INTERNAL_FREEZE,NO,2026,2026-01-15,40dc2587d9ae912d26fafb6b41f300f341d2a1f4bd620ff5b5f03827c39453fe
anchuras,185,EXTERNAL_WIDTH_INVENTORY,1,PDG2026:observable:M018:M018W1:335795,"CHARGED ONLY, HADROPRODUCED",K^*(892)0 | Kbar^*(892)0 | K^*(892)+ | K^*(892)-,WIDTH,48.5+-1.2,48.5+-1.2,MeV,UNAVAILABLE_IN_SNAPSHOT,UNAVAILABLE_IN_SNAPSHOT,NONE,UNAVAILABLE,1.189202181804293,1.189202181804293,COMP-MESON,EXTERNAL_RECORD_ACCOUNTED__INDIVIDUAL_HMT_REALIZATION_NOT_YET_JOINED,named_meson_binding_map,ONLY_AFTER_INTERNAL_FREEZE,NO,2026,2026-01-15,40dc2587d9ae912d26fafb6b41f300f341d2a1f4bd620ff5b5f03827c39453fe
anchuras,186,EXTERNAL_WIDTH_INVENTORY,1,PDG2026:observable:M018:M018W5:335797,"CHARGED ONLY, PRODUCED IN tau LEPTON DECAYS",K^*(892)0 | Kbar^*(892)0 | K^*(892)+ | K^*(892)-,WIDTH,46.2+-1.3,46.2+-1.3,MeV,UNAVAILABLE_IN_SNAPSHOT,UNAVAILABLE_IN_SNAPSHOT,NONE,UNAVAILABLE,1.3416407864998741,1.3416407864998741,COMP-MESON,EXTERNAL_RECORD_ACCOUNTED__INDIVIDUAL_HMT_REALIZATION_NOT_YET_JOINED,named_meson_binding_map,ONLY_AFTER_INTERNAL_FREEZE,NO,2026,2026-01-15,40dc2587d9ae912d26fafb6b41f300f341d2a1f4bd620ff5b5f03827c39453fe
anchuras,187,EXTERNAL_WIDTH_INVENTORY,1,PDG2026:observable:M018:M018W2:335798,NEUTRAL ONLY,K^*(892)0 | Kbar^*(892)0 | K^*(892)+ | K^*(892)-,WIDTH,47.1+-0.5,47.1+-0.5,MeV,UNAVAILABLE_IN_SNAPSHOT,UNAVAILABLE_IN_SNAPSHOT,NONE,UNAVAILABLE,0.49347496850837202,0.49347496850837202,COMP-MESON,EXTERNAL_RECORD_ACCOUNTED__INDIVIDUAL_HMT_REALIZATION_NOT_YET_JOINED,named_meson_binding_map,ONLY_AFTER_INTERNAL_FREEZE,NO,2026,2026-01-15,40dc2587d9ae912d26fafb6b41f300f341d2a1f4bd620ff5b5f03827c39453fe
anchuras,188,EXTERNAL_WIDTH_INVENTORY,1,PDG2026:observable:M019:M019W:335879,K_0*(1430) WIDTH,K_0^*(1430)0 | Kbar_0^*(1430)0 | K_0^*(1430)+ | K_0^*(1430)-,WIDTH,270+-80,270+-80,MeV,UNAVAILABLE_IN_SNAPSHOT,UNAVAILABLE_IN_SNAPSHOT,NONE,UNAVAILABLE,80,80,COMP-MESON,EXTERNAL_RECORD_ACCOUNTED__INDIVIDUAL_HMT_REALIZATION_NOT_YET_JOINED,named_meson_binding_map,ONLY_AFTER_INTERNAL_FREEZE,NO,2026,2026-01-15,40dc2587d9ae912d26fafb6b41f300f341d2a1f4bd620ff5b5f03827c39453fe
anchuras,189,EXTERNAL_WIDTH_INVENTORY,1,PDG2026:observable:M020:M020W:335147,pi_2(2100) WIDTH,pi_2(2100)0 | pi_2(2100)+ | pi_2(2100)-,WIDTH,620+-50,620+-50,MeV,UNAVAILABLE_IN_SNAPSHOT,UNAVAILABLE_IN_SNAPSHOT,NONE,UNAVAILABLE,52.400001025245267,52.400001025245267,COMP-MESON,EXTERNAL_RECORD_ACCOUNTED__INDIVIDUAL_HMT_REALIZATION_NOT_YET_JOINED,named_meson_binding_map,ONLY_AFTER_INTERNAL_FREEZE,NO,2026,2026-01-15,40dc2587d9ae912d26fafb6b41f300f341d2a1f4bd620ff5b5f03827c39453fe
anchuras,190,EXTERNAL_WIDTH_INVENTORY,1,PDG2026:observable:M022:M022W1:335890,"CHARGED ONLY, WITH FINAL STATE K pi",K_2^*(1430)0 | Kbar_2^*(1430)0 | K_2^*(1430)+ | K_2^*(1430)-,WIDTH,100.0+-2.2,100.0+-2.2,MeV,UNAVAILABLE_IN_SNAPSHOT,UNAVAILABLE_IN_SNAPSHOT,NONE,UNAVAILABLE,2.2364281468619742,2.1785326327209291,COMP-MESON,EXTERNAL_RECORD_ACCOUNTED__INDIVIDUAL_HMT_REALIZATION_NOT_YET_JOINED,named_meson_binding_map,ONLY_AFTER_INTERNAL_FREEZE,NO,2026,2026-01-15,40dc2587d9ae912d26fafb6b41f300f341d2a1f4bd620ff5b5f03827c39453fe
anchuras,191,EXTERNAL_WIDTH_INVENTORY,1,PDG2026:observable:M022:M022W4:335892,NEUTRAL ONLY,K_2^*(1430)0 | Kbar_2^*(1430)0 | K_2^*(1430)+ | K_2^*(1430)-,WIDTH,109+-5,109+-5,MeV,UNAVAILABLE_IN_SNAPSHOT,UNAVAILABLE_IN_SNAPSHOT,NONE,UNAVAILABLE,5.4778171395550794,5.4778171395550794,COMP-MESON,EXTERNAL_RECORD_ACCOUNTED__INDIVIDUAL_HMT_REALIZATION_NOT_YET_JOINED,named_meson_binding_map,ONLY_AFTER_INTERNAL_FREEZE,NO,2026,2026-01-15,40dc2587d9ae912d26fafb6b41f300f341d2a1f4bd620ff5b5f03827c39453fe
anchuras,192,EXTERNAL_WIDTH_INVENTORY,1,PDG2026:observable:M023:M023W:335964,K_2(1770) WIDTH,K_2(1770)0 | Kbar_2(1770)0 | K_2(1770)+ | K_2(1770)-,WIDTH,186+-14,186+-14,MeV,UNAVAILABLE_IN_SNAPSHOT,UNAVAILABLE_IN_SNAPSHOT,NONE,UNAVAILABLE,13.978028299828869,13.96323582174179,COMP-MESON,EXTERNAL_RECORD_ACCOUNTED__INDIVIDUAL_HMT_REALIZATION_NOT_YET_JOINED,named_meson_binding_map,ONLY_AFTER_INTERNAL_FREEZE,NO,2026,2026-01-15,40dc2587d9ae912d26fafb6b41f300f341d2a1f4bd620ff5b5f03827c39453fe
anchuras,193,EXTERNAL_WIDTH_INVENTORY,1,PDG2026:observable:M025:M025W:346344,psi(4160) WIDTH,psi(4160),WIDTH,69+-10,69+-10,MeV,UNAVAILABLE_IN_SNAPSHOT,UNAVAILABLE_IN_SNAPSHOT,NONE,UNAVAILABLE,10.537685232070819,9.6022233874145346,COMP-MESON,EXTERNAL_RECORD_ACCOUNTED__INDIVIDUAL_HMT_REALIZATION_NOT_YET_JOINED,named_meson_binding_map,ONLY_AFTER_INTERNAL_FREEZE,NO,2026,2026-01-15,40dc2587d9ae912d26fafb6b41f300f341d2a1f4bd620ff5b5f03827c39453fe
anchuras,194,EXTERNAL_WIDTH_INVENTORY,1,PDG2026:observable:M026:M026W:343287,eta_c(1S) WIDTH,eta_c(1S),WIDTH,30.0+-0.5,30.0+-0.5,MeV,UNAVAILABLE_IN_SNAPSHOT,UNAVAILABLE_IN_SNAPSHOT,NONE,UNAVAILABLE,0.46062178744488053,0.46062178744488053,COMP-MESON,EXTERNAL_RECORD_ACCOUNTED__INDIVIDUAL_HMT_REALIZATION_NOT_YET_JOINED,named_meson_binding_map,ONLY_AFTER_INTERNAL_FREEZE,NO,2026,2026-01-15,40dc2587d9ae912d26fafb6b41f300f341d2a1f4bd620ff5b5f03827c39453fe
anchuras,195,EXTERNAL_WIDTH_INVENTORY,1,PDG2026:observable:M027:M027WX:334530,eta(1405) WIDTH,eta(1405)0,WIDTH,49.8+2.3-2.0,49.8+2.3-2.0,MeV,UNAVAILABLE_IN_SNAPSHOT,UNAVAILABLE_IN_SNAPSHOT,NONE,UNAVAILABLE,2.2980645831526521,1.9821207426120699,COMP-MESON,EXTERNAL_RECORD_ACCOUNTED__INDIVIDUAL_HMT_REALIZATION_NOT_YET_JOINED,named_meson_binding_map,ONLY_AFTER_INTERNAL_FREEZE,NO,2026,2026-01-15,40dc2587d9ae912d26fafb6b41f300f341d2a1f4bd620ff5b5f03827c39453fe
anchuras,196,EXTERNAL_WIDTH_INVENTORY,1,PDG2026:observable:M027:M027W1:334531,eta pi pi MODE,eta(1405)0,WIDTH,51.1+2.8-2.1,51.1+2.8-2.1,MeV,UNAVAILABLE_IN_SNAPSHOT,UNAVAILABLE_IN_SNAPSHOT,NONE,UNAVAILABLE,2.7979258032466028,2.0581322794155499,COMP-MESON,EXTERNAL_RECORD_ACCOUNTED__INDIVIDUAL_HMT_REALIZATION_NOT_YET_JOINED,named_meson_binding_map,ONLY_AFTER_INTERNAL_FREEZE,NO,2026,2026-01-15,40dc2587d9ae912d26fafb6b41f300f341d2a1f4bd620ff5b5f03827c39453fe
anchuras,197,EXTERNAL_WIDTH_INVENTORY,1,PDG2026:observable:M027:M027W4:334532,K Kbar pi MODE (a_0(980) pi or direct K Kbar pi),eta(1405)0,WIDTH,49+-4,49+-4,MeV,UNAVAILABLE_IN_SNAPSHOT,UNAVAILABLE_IN_SNAPSHOT,NONE,UNAVAILABLE,3.9129589597273662,4.1089639617502112,COMP-MESON,EXTERNAL_RECORD_ACCOUNTED__INDIVIDUAL_HMT_REALIZATION_NOT_YET_JOINED,named_meson_binding_map,ONLY_AFTER_INTERNAL_FREEZE,NO,2026,2026-01-15,40dc2587d9ae912d26fafb6b41f300f341d2a1f4bd620ff5b5f03827c39453fe
anchuras,198,EXTERNAL_WIDTH_INVENTORY,1,PDG2026:observable:M027:M027W2:334533,pi pi gamma MODE,eta(1405)0,WIDTH,89+-17,89+-17,MeV,UNAVAILABLE_IN_SNAPSHOT,UNAVAILABLE_IN_SNAPSHOT,NONE,UNAVAILABLE,17.307932545234081,17.307932545234081,COMP-MESON,EXTERNAL_RECORD_ACCOUNTED__INDIVIDUAL_HMT_REALIZATION_NOT_YET_JOINED,named_meson_binding_map,ONLY_AFTER_INTERNAL_FREEZE,NO,2026,2026-01-15,40dc2587d9ae912d26fafb6b41f300f341d2a1f4bd620ff5b5f03827c39453fe
anchuras,199,EXTERNAL_WIDTH_INVENTORY,1,PDG2026:observable:M027:M027W7:334534,phi gamma MODE,eta(1405)0,WIDTH,86+7-18,86+7-18,MeV,UNAVAILABLE_IN_SNAPSHOT,UNAVAILABLE_IN_SNAPSHOT,NONE,UNAVAILABLE,7.1309185944028277,17.60823670899503,COMP-MESON,EXTERNAL_RECORD_ACCOUNTED__INDIVIDUAL_HMT_REALIZATION_NOT_YET_JOINED,named_meson_binding_map,ONLY_AFTER_INTERNAL_FREEZE,NO,2026,2026-01-15,40dc2587d9ae912d26fafb6b41f300f341d2a1f4bd620ff5b5f03827c39453fe
anchuras,200,EXTERNAL_WIDTH_INVENTORY,1,PDG2026:observable:M028:M028WX:335822,K_1(1270) WIDTH,K_1(1270)0 | Kbar_1(1270)0 | K_1(1270)+ | K_1(1270)-,WIDTH,90+-20,90+-20,MeV,UNAVAILABLE_IN_SNAPSHOT,UNAVAILABLE_IN_SNAPSHOT,NONE,UNAVAILABLE,20,20,COMP-MESON,EXTERNAL_RECORD_ACCOUNTED__INDIVIDUAL_HMT_REALIZATION_NOT_YET_JOINED,named_meson_binding_map,ONLY_AFTER_INTERNAL_FREEZE,NO,2026,2026-01-15,40dc2587d9ae912d26fafb6b41f300f341d2a1f4bd620ff5b5f03827c39453fe
anchuras,201,EXTERNAL_WIDTH_INVENTORY,1,PDG2026:observable:M028:M028W2:335824,"PRODUCED BY K-, BACKWARD SCATTERING, HYPERON EXCHANGE",K_1(1270)0 | Kbar_1(1270)0 | K_1(1270)+ | K_1(1270)-,WIDTH,75+-15,75+-15,MeV,UNAVAILABLE_IN_SNAPSHOT,UNAVAILABLE_IN_SNAPSHOT,NONE,UNAVAILABLE,15,15,COMP-MESON,EXTERNAL_RECORD_ACCOUNTED__INDIVIDUAL_HMT_REALIZATION_NOT_YET_JOINED,named_meson_binding_map,ONLY_AFTER_INTERNAL_FREEZE,NO,2026,2026-01-15,40dc2587d9ae912d26fafb6b41f300f341d2a1f4bd620ff5b5f03827c39453fe
anchuras,202,EXTERNAL_WIDTH_INVENTORY,1,PDG2026:observable:M028:M028W3:335825,PRODUCED BY K BEAMS,K_1(1270)0 | Kbar_1(1270)0 | K_1(1270)+ | K_1(1270)-,WIDTH,90+-8,90+-8,MeV,UNAVAILABLE_IN_SNAPSHOT,UNAVAILABLE_IN_SNAPSHOT,NONE,UNAVAILABLE,8,8,COMP-MESON,EXTERNAL_RECORD_ACCOUNTED__INDIVIDUAL_HMT_REALIZATION_NOT_YET_JOINED,named_meson_binding_map,ONLY_AFTER_INTERNAL_FREEZE,NO,2026,2026-01-15,40dc2587d9ae912d26fafb6b41f300f341d2a1f4bd620ff5b5f03827c39453fe
anchuras,203,EXTERNAL_WIDTH_INVENTORY,1,PDG2026:observable:M028:M028W1:335826,PRODUCED BY BEAMS OTHER THAN K MESONS,K_1(1270)0 | Kbar_1(1270)0 | K_1(1270)+ | K_1(1270)-,WIDTH,126+-16,126+-16,MeV,UNAVAILABLE_IN_SNAPSHOT,UNAVAILABLE_IN_SNAPSHOT,NONE,UNAVAILABLE,16.081957783066429,16.081957783066429,COMP-MESON,EXTERNAL_RECORD_ACCOUNTED__INDIVIDUAL_HMT_REALIZATION_NOT_YET_JOINED,named_meson_binding_map,ONLY_AFTER_INTERNAL_FREEZE,NO,2026,2026-01-15,40dc2587d9ae912d26fafb6b41f300f341d2a1f4bd620ff5b5f03827c39453fe
anchuras,204,EXTERNAL_WIDTH_INVENTORY,1,PDG2026:observable:M028:M028WT:335827,PRODUCED IN tau LEPTON DECAYS,K_1(1270)0 | Kbar_1(1270)0 | K_1(1270)+ | K_1(1270)-,WIDTH,260+120-110,260+120-110,MeV,UNAVAILABLE_IN_SNAPSHOT,UNAVAILABLE_IN_SNAPSHOT,NONE,UNAVAILABLE,120.41594578792299,106.30145812734651,COMP-MESON,EXTERNAL_RECORD_ACCOUNTED__INDIVIDUAL_HMT_REALIZATION_NOT_YET_JOINED,named_meson_binding_map,ONLY_AFTER_INTERNAL_FREEZE,NO,2026,2026-01-15,40dc2587d9ae912d26fafb6b41f300f341d2a1f4bd620ff5b5f03827c39453fe
anchuras,205,EXTERNAL_WIDTH_INVENTORY,1,PDG2026:observable:M029:M029W:346245,X(3940) WIDTH,X(3940),WIDTH,43+28-18,43+28-18,MeV,UNAVAILABLE_IN_SNAPSHOT,UNAVAILABLE_IN_SNAPSHOT,NONE,UNAVAILABLE,28.102438182886321,17.56265521056736,COMP-MESON,EXTERNAL_RECORD_ACCOUNTED__INDIVIDUAL_HMT_REALIZATION_NOT_YET_JOINED,named_meson_binding_map,ONLY_AFTER_INTERNAL_FREEZE,NO,2026,2026-01-15,40dc2587d9ae912d26fafb6b41f300f341d2a1f4bd620ff5b5f03827c39453fe
anchuras,206,EXTERNAL_WIDTH_INVENTORY,1,PDG2026:observable:M030:M030W:334307,h_1(1170) WIDTH,h_1(1170)0,WIDTH,375+-35,375+-35,MeV,UNAVAILABLE_IN_SNAPSHOT,UNAVAILABLE_IN_SNAPSHOT,NONE,UNAVAILABLE,34.525353003264136,34.525353003264136,COMP-MESON,EXTERNAL_RECORD_ACCOUNTED__INDIVIDUAL_HMT_REALIZATION_NOT_YET_JOINED,named_meson_binding_map,ONLY_AFTER_INTERNAL_FREEZE,NO,2026,2026-01-15,40dc2587d9ae912d26fafb6b41f300f341d2a1f4bd620ff5b5f03827c39453fe
anchuras,207,EXTERNAL_WIDTH_INVENTORY,1,PDG2026:observable:M033:M033W3:335260,pi- p --> omega pi0 n,rho_5(2350)0 | rho_5(2350)+ | rho_5(2350)-,WIDTH,400+-100,400+-100,MeV,UNAVAILABLE_IN_SNAPSHOT,UNAVAILABLE_IN_SNAPSHOT,NONE,UNAVAILABLE,100,100,COMP-MESON,EXTERNAL_RECORD_ACCOUNTED__INDIVIDUAL_HMT_REALIZATION_NOT_YET_JOINED,named_meson_binding_map,ONLY_AFTER_INTERNAL_FREEZE,NO,2026,2026-01-15,40dc2587d9ae912d26fafb6b41f300f341d2a1f4bd620ff5b5f03827c39453fe
anchuras,208,EXTERNAL_WIDTH_INVENTORY,1,PDG2026:observable:M034:M034W:334784,pi_2(1670) WIDTH,pi_2(1670)0 | pi_2(1670)+ | pi_2(1670)-,WIDTH,258+8-9,258+8-9,MeV,UNAVAILABLE_IN_SNAPSHOT,UNAVAILABLE_IN_SNAPSHOT,NONE,UNAVAILABLE,7.9945231964062842,9.0326516323147512,COMP-MESON,EXTERNAL_RECORD_ACCOUNTED__INDIVIDUAL_HMT_REALIZATION_NOT_YET_JOINED,named_meson_binding_map,ONLY_AFTER_INTERNAL_FREEZE,NO,2026,2026-01-15,40dc2587d9ae912d26fafb6b41f300f341d2a1f4bd620ff5b5f03827c39453fe
anchuras,209,EXTERNAL_WIDTH_INVENTORY,1,PDG2026:observable:M035:M035W:336017,K_4*(2045) WIDTH,K_4^*(2045)0 | Kbar_4^*(2045)0 | K_4^*(2045)+ | K_4^*(2045)-,WIDTH,199+27-19,199+27-19,MeV,UNAVAILABLE_IN_SNAPSHOT,UNAVAILABLE_IN_SNAPSHOT,NONE,UNAVAILABLE,26.508871026900351,19.300507563547299,COMP-MESON,EXTERNAL_RECORD_ACCOUNTED__INDIVIDUAL_HMT_REALIZATION_NOT_YET_JOINED,named_meson_binding_map,ONLY_AFTER_INTERNAL_FREEZE,NO,2026,2026-01-15,40dc2587d9ae912d26fafb6b41f300f341d2a1f4bd620ff5b5f03827c39453fe
anchuras,210,EXTERNAL_WIDTH_INVENTORY,1,PDG2026:observable:M036:M036W1:334172,a_0(980) WIDTH,a_0(980)0 | a_0(980)+ | a_0(980)-,WIDTH,50 to 100,50 to 100,MeV,UNAVAILABLE_IN_SNAPSHOT,UNAVAILABLE_IN_SNAPSHOT,R,UNAVAILABLE,NOT_APPLICABLE,NOT_APPLICABLE,COMP-MESON,EXTERNAL_RECORD_ACCOUNTED__INDIVIDUAL_HMT_REALIZATION_NOT_YET_JOINED,named_meson_binding_map,ONLY_AFTER_INTERNAL_FREEZE,NO,2026,2026-01-15,40dc2587d9ae912d26fafb6b41f300f341d2a1f4bd620ff5b5f03827c39453fe
anchuras,211,EXTERNAL_WIDTH_INVENTORY,1,PDG2026:observable:M037:M037W:334452,eta(1295) WIDTH,eta(1295)0,WIDTH,55+-5,55+-5,MeV,UNAVAILABLE_IN_SNAPSHOT,UNAVAILABLE_IN_SNAPSHOT,NONE,UNAVAILABLE,5.3662816306481913,5.3662816306481913,COMP-MESON,EXTERNAL_RECORD_ACCOUNTED__INDIVIDUAL_HMT_REALIZATION_NOT_YET_JOINED,named_meson_binding_map,ONLY_AFTER_INTERNAL_FREEZE,NO,2026,2026-01-15,40dc2587d9ae912d26fafb6b41f300f341d2a1f4bd620ff5b5f03827c39453fe
anchuras,212,EXTERNAL_WIDTH_INVENTORY,1,PDG2026:observable:M038:M038W:335003,f_2(1810) WIDTH,f_2(1810)0,WIDTH,197+-22,197+-22,MeV,UNAVAILABLE_IN_SNAPSHOT,UNAVAILABLE_IN_SNAPSHOT,NONE,UNAVAILABLE,21.979426688512731,22.153970300247611,COMP-MESON,EXTERNAL_RECORD_ACCOUNTED__INDIVIDUAL_HMT_REALIZATION_NOT_YET_JOINED,named_meson_binding_map,ONLY_AFTER_INTERNAL_FREEZE,NO,2026,2026-01-15,40dc2587d9ae912d26fafb6b41f300f341d2a1f4bd620ff5b5f03827c39453fe
anchuras,213,EXTERNAL_WIDTH_INVENTORY,1,PDG2026:observable:M040:M040W:336033,K_2(2250) WIDTH,K_2(2250)0 | Kbar_2(2250)0 | K_2(2250)+ | K_2(2250)-,WIDTH,180+-30,180+-30,MeV,UNAVAILABLE_IN_SNAPSHOT,UNAVAILABLE_IN_SNAPSHOT,NONE,UNAVAILABLE,29.99999948657187,29.99999948657187,COMP-MESON,EXTERNAL_RECORD_ACCOUNTED__INDIVIDUAL_HMT_REALIZATION_NOT_YET_JOINED,named_meson_binding_map,ONLY_AFTER_INTERNAL_FREEZE,NO,2026,2026-01-15,40dc2587d9ae912d26fafb6b41f300f341d2a1f4bd620ff5b5f03827c39453fe
anchuras,214,EXTERNAL_WIDTH_INVENTORY,1,PDG2026:observable:M041:M041W4:335245,p p CENTRAL PRODUCTION,f_4(2300)0,WIDTH,250+-80,250+-80,MeV,UNAVAILABLE_IN_SNAPSHOT,UNAVAILABLE_IN_SNAPSHOT,NONE,UNAVAILABLE,80,80,COMP-MESON,EXTERNAL_RECORD_ACCOUNTED__INDIVIDUAL_HMT_REALIZATION_NOT_YET_JOINED,named_meson_binding_map,ONLY_AFTER_INTERNAL_FREEZE,NO,2026,2026-01-15,40dc2587d9ae912d26fafb6b41f300f341d2a1f4bd620ff5b5f03827c39453fe
anchuras,215,EXTERNAL_WIDTH_INVENTORY,1,PDG2026:observable:M042:M042W:335160,"f_2(2150) WIDTH, COMBINED MODES",f_2(2150)0,WIDTH,152+-30,152+-30,MeV,UNAVAILABLE_IN_SNAPSHOT,UNAVAILABLE_IN_SNAPSHOT,NONE,UNAVAILABLE,30.187002348708841,30.187002348708841,COMP-MESON,EXTERNAL_RECORD_ACCOUNTED__INDIVIDUAL_HMT_REALIZATION_NOT_YET_JOINED,named_meson_binding_map,ONLY_AFTER_INTERNAL_FREEZE,NO,2026,2026-01-15,40dc2587d9ae912d26fafb6b41f300f341d2a1f4bd620ff5b5f03827c39453fe
anchuras,216,EXTERNAL_WIDTH_INVENTORY,1,PDG2026:observable:M042:M042W3:335161,eta eta MODE,f_2(2150)0,WIDTH,152+-30,152+-30,MeV,UNAVAILABLE_IN_SNAPSHOT,UNAVAILABLE_IN_SNAPSHOT,NONE,UNAVAILABLE,30.187002348708841,30.187002348708841,COMP-MESON,EXTERNAL_RECORD_ACCOUNTED__INDIVIDUAL_HMT_REALIZATION_NOT_YET_JOINED,named_meson_binding_map,ONLY_AFTER_INTERNAL_FREEZE,NO,2026,2026-01-15,40dc2587d9ae912d26fafb6b41f300f341d2a1f4bd620ff5b5f03827c39453fe
anchuras,217,EXTERNAL_WIDTH_INVENTORY,1,PDG2026:observable:M042:M042W1:335162,pbar p --> pi pi,f_2(2150)0,WIDTH,250,250,MeV,UNAVAILABLE_IN_SNAPSHOT,UNAVAILABLE_IN_SNAPSHOT,NONE,UNAVAILABLE,UNAVAILABLE,UNAVAILABLE,COMP-MESON,EXTERNAL_RECORD_ACCOUNTED__INDIVIDUAL_HMT_REALIZATION_NOT_YET_JOINED,named_meson_binding_map,ONLY_AFTER_INTERNAL_FREEZE,NO,2026,2026-01-15,40dc2587d9ae912d26fafb6b41f300f341d2a1f4bd620ff5b5f03827c39453fe
anchuras,218,EXTERNAL_WIDTH_INVENTORY,1,PDG2026:observable:M045:M045W:334779,omega_3(1670) WIDTH,omega_3(1670)0,WIDTH,168+-10,168+-10,MeV,UNAVAILABLE_IN_SNAPSHOT,UNAVAILABLE_IN_SNAPSHOT,NONE,UNAVAILABLE,10.0179720379382,10.0179720379382,COMP-MESON,EXTERNAL_RECORD_ACCOUNTED__INDIVIDUAL_HMT_REALIZATION_NOT_YET_JOINED,named_meson_binding_map,ONLY_AFTER_INTERNAL_FREEZE,NO,2026,2026-01-15,40dc2587d9ae912d26fafb6b41f300f341d2a1f4bd620ff5b5f03827c39453fe
anchuras,219,EXTERNAL_WIDTH_INVENTORY,1,PDG2026:observable:M047:M047W:347745,Upsilon(4S) WIDTH,Upsilon(4S),WIDTH,20.5+-2.5,20.5+-2.5,MeV,UNAVAILABLE_IN_SNAPSHOT,UNAVAILABLE_IN_SNAPSHOT,NONE,UNAVAILABLE,2.473041036470411,2.473041036470411,COMP-MESON,EXTERNAL_RECORD_ACCOUNTED__INDIVIDUAL_HMT_REALIZATION_NOT_YET_JOINED,named_meson_binding_map,ONLY_AFTER_INTERNAL_FREEZE,NO,2026,2026-01-15,40dc2587d9ae912d26fafb6b41f300f341d2a1f4bd620ff5b5f03827c39453fe
anchuras,220,EXTERNAL_WIDTH_INVENTORY,1,PDG2026:observable:M048:M048W:347661,Upsilon(3S) WIDTH,Upsilon(3S),WIDTH,20.32+-1.85,20.32+-1.85,keV,UNAVAILABLE_IN_SNAPSHOT,UNAVAILABLE_IN_SNAPSHOT,NONE,UNAVAILABLE,1.8500000000000001,1.8500000000000001,COMP-MESON,EXTERNAL_RECORD_ACCOUNTED__INDIVIDUAL_HMT_REALIZATION_NOT_YET_JOINED,named_meson_binding_map,ONLY_AFTER_INTERNAL_FREEZE,NO,2026,2026-01-15,40dc2587d9ae912d26fafb6b41f300f341d2a1f4bd620ff5b5f03827c39453fe
anchuras,221,EXTERNAL_WIDTH_INVENTORY,1,PDG2026:observable:M049:M049W:346838,Upsilon(1S) WIDTH,Upsilon(1S),WIDTH,54.02+-1.25,54.02+-1.25,keV,UNAVAILABLE_IN_SNAPSHOT,UNAVAILABLE_IN_SNAPSHOT,NONE,UNAVAILABLE,1.25,1.25,COMP-MESON,EXTERNAL_RECORD_ACCOUNTED__INDIVIDUAL_HMT_REALIZATION_NOT_YET_JOINED,named_meson_binding_map,ONLY_AFTER_INTERNAL_FREEZE,NO,2026,2026-01-15,40dc2587d9ae912d26fafb6b41f300f341d2a1f4bd620ff5b5f03827c39453fe
anchuras,222,EXTERNAL_WIDTH_INVENTORY,1,PDG2026:observable:M050:M050W:346229,chi_c2(3930) WIDTH,chi_c2(3930),WIDTH,35.2+-2.2,35.2+-2.2,MeV,UNAVAILABLE_IN_SNAPSHOT,UNAVAILABLE_IN_SNAPSHOT,NONE,UNAVAILABLE,2.2286730591186932,2.2286730591186932,COMP-MESON,EXTERNAL_RECORD_ACCOUNTED__INDIVIDUAL_HMT_REALIZATION_NOT_YET_JOINED,named_meson_binding_map,ONLY_AFTER_INTERNAL_FREEZE,NO,2026,2026-01-15,40dc2587d9ae912d26fafb6b41f300f341d2a1f4bd620ff5b5f03827c39453fe
anchuras,223,EXTERNAL_WIDTH_INVENTORY,1,PDG2026:observable:M052:M052W:347288,Upsilon(2S) WIDTH,Upsilon(2S),WIDTH,31.98+-2.63,31.98+-2.63,keV,UNAVAILABLE_IN_SNAPSHOT,UNAVAILABLE_IN_SNAPSHOT,NONE,UNAVAILABLE,2.6299999999999999,2.6299999999999999,COMP-MESON,EXTERNAL_RECORD_ACCOUNTED__INDIVIDUAL_HMT_REALIZATION_NOT_YET_JOINED,named_meson_binding_map,ONLY_AFTER_INTERNAL_FREEZE,NO,2026,2026-01-15,40dc2587d9ae912d26fafb6b41f300f341d2a1f4bd620ff5b5f03827c39453fe
anchuras,224,EXTERNAL_WIDTH_INVENTORY,1,PDG2026:observable:M053:M053W:345870,psi(3770) WIDTH,psi(3770),WIDTH,27.2+-1.0,27.2+-1.0,MeV,UNAVAILABLE_IN_SNAPSHOT,UNAVAILABLE_IN_SNAPSHOT,NONE,UNAVAILABLE,0.9592482270788617,0.9592482270788617,COMP-MESON,EXTERNAL_RECORD_ACCOUNTED__INDIVIDUAL_HMT_REALIZATION_NOT_YET_JOINED,named_meson_binding_map,ONLY_AFTER_INTERNAL_FREEZE,NO,2026,2026-01-15,40dc2587d9ae912d26fafb6b41f300f341d2a1f4bd620ff5b5f03827c39453fe
anchuras,225,EXTERNAL_WIDTH_INVENTORY,1,PDG2026:observable:M054:M054W:335024,phi_3(1850) WIDTH,phi_3(1850)0,WIDTH,87+28-23,87+28-23,MeV,UNAVAILABLE_IN_SNAPSHOT,UNAVAILABLE_IN_SNAPSHOT,NONE,UNAVAILABLE,27.578792949203059,23.092499274786309,COMP-MESON,EXTERNAL_RECORD_ACCOUNTED__INDIVIDUAL_HMT_REALIZATION_NOT_YET_JOINED,named_meson_binding_map,ONLY_AFTER_INTERNAL_FREEZE,NO,2026,2026-01-15,40dc2587d9ae912d26fafb6b41f300f341d2a1f4bd620ff5b5f03827c39453fe
anchuras,226,EXTERNAL_WIDTH_INVENTORY,1,PDG2026:observable:M055:M055W:344599,chi_c1(1P) WIDTH,chi_c1(1P),WIDTH,0.82+-0.04,0.82+-0.04,MeV,UNAVAILABLE_IN_SNAPSHOT,UNAVAILABLE_IN_SNAPSHOT,NONE,UNAVAILABLE,0.041623417330381482,0.041623417330381482,COMP-MESON,EXTERNAL_RECORD_ACCOUNTED__INDIVIDUAL_HMT_REALIZATION_NOT_YET_JOINED,named_meson_binding_map,ONLY_AFTER_INTERNAL_FREEZE,NO,2026,2026-01-15,40dc2587d9ae912d26fafb6b41f300f341d2a1f4bd620ff5b5f03827c39453fe
anchuras,227,EXTERNAL_WIDTH_INVENTORY,1,PDG2026:observable:M056:M056W:344305,chi_c0(1P) WIDTH,chi_c0(1P),WIDTH,12.40+-0.27,12.40+-0.27,MeV,UNAVAILABLE_IN_SNAPSHOT,UNAVAILABLE_IN_SNAPSHOT,NONE,UNAVAILABLE,0.26507716522265817,0.26507716522265817,COMP-MESON,EXTERNAL_RECORD_ACCOUNTED__INDIVIDUAL_HMT_REALIZATION_NOT_YET_JOINED,named_meson_binding_map,ONLY_AFTER_INTERNAL_FREEZE,NO,2026,2026-01-15,40dc2587d9ae912d26fafb6b41f300f341d2a1f4bd620ff5b5f03827c39453fe
anchuras,228,EXTERNAL_WIDTH_INVENTORY,1,PDG2026:observable:M057:M057W:344927,chi_c2(1P) WIDTH,chi_c2(1P),WIDTH,1.94+-0.09,1.94+-0.09,MeV,UNAVAILABLE_IN_SNAPSHOT,UNAVAILABLE_IN_SNAPSHOT,NONE,UNAVAILABLE,0.089048410157366226,0.089048410157366226,COMP-MESON,EXTERNAL_RECORD_ACCOUNTED__INDIVIDUAL_HMT_REALIZATION_NOT_YET_JOINED,named_meson_binding_map,ONLY_AFTER_INTERNAL_FREEZE,NO,2026,2026-01-15,40dc2587d9ae912d26fafb6b41f300f341d2a1f4bd620ff5b5f03827c39453fe
anchuras,229,EXTERNAL_WIDTH_INVENTORY,1,PDG2026:observable:M058:M058W:334464,pi(1300) WIDTH,pi(1300)0 | pi(1300)+ | pi(1300)-,WIDTH,200 TO 600,200 to 600,MeV,UNAVAILABLE_IN_SNAPSHOT,UNAVAILABLE_IN_SNAPSHOT,R,UNAVAILABLE,NOT_APPLICABLE,NOT_APPLICABLE,COMP-MESON,EXTERNAL_RECORD_ACCOUNTED__INDIVIDUAL_HMT_REALIZATION_NOT_YET_JOINED,named_meson_binding_map,ONLY_AFTER_INTERNAL_FREEZE,NO,2026,2026-01-15,40dc2587d9ae912d26fafb6b41f300f341d2a1f4bd620ff5b5f03827c39453fe
anchuras,230,EXTERNAL_WIDTH_INVENTORY,1,PDG2026:observable:M059:M059W:345229,eta_c(2S) WIDTH,eta_c(2S),WIDTH,11.6+-1.4,11.6+-1.4,MeV,UNAVAILABLE_IN_SNAPSHOT,UNAVAILABLE_IN_SNAPSHOT,NONE,UNAVAILABLE,1.4614052143583021,1.424822737204585,COMP-MESON,EXTERNAL_RECORD_ACCOUNTED__INDIVIDUAL_HMT_REALIZATION_NOT_YET_JOINED,named_meson_binding_map,ONLY_AFTER_INTERNAL_FREEZE,NO,2026,2026-01-15,40dc2587d9ae912d26fafb6b41f300f341d2a1f4bd620ff5b5f03827c39453fe
anchuras,231,EXTERNAL_WIDTH_INVENTORY,1,PDG2026:observable:M060:M060W:335976,K_3*(1780) WIDTH,K_3^*(1780)0 | Kbar_3^*(1780)0 | K_3^*(1780)+ | K_3^*(1780)-,WIDTH,161+-17,161+-17,MeV,UNAVAILABLE_IN_SNAPSHOT,UNAVAILABLE_IN_SNAPSHOT,NONE,UNAVAILABLE,16.775777759141921,17.687369336790258,COMP-MESON,EXTERNAL_RECORD_ACCOUNTED__INDIVIDUAL_HMT_REALIZATION_NOT_YET_JOINED,named_meson_binding_map,ONLY_AFTER_INTERNAL_FREEZE,NO,2026,2026-01-15,40dc2587d9ae912d26fafb6b41f300f341d2a1f4bd620ff5b5f03827c39453fe
anchuras,232,EXTERNAL_WIDTH_INVENTORY,1,PDG2026:observable:M061:M061W:337780,D*(2007)0 WIDTH,D^*(2007)0 | Dbar^*(2007)0,WIDTH,<2.1,<2.1,MeV,UNAVAILABLE_IN_SNAPSHOT,UNAVAILABLE_IN_SNAPSHOT,U,90,NOT_APPLICABLE,NOT_APPLICABLE,COMP-MESON,EXTERNAL_RECORD_ACCOUNTED__INDIVIDUAL_HMT_REALIZATION_NOT_YET_JOINED,named_meson_binding_map,ONLY_AFTER_INTERNAL_FREEZE,NO,2026,2026-01-15,40dc2587d9ae912d26fafb6b41f300f341d2a1f4bd620ff5b5f03827c39453fe
anchuras,233,EXTERNAL_WIDTH_INVENTORY,1,PDG2026:observable:M062:M062W:337799,D*(2010)+- WIDTH,D^*(2010)+ | D^*(2010)-,WIDTH,83.4+-1.8,83.4+-1.8,keV,UNAVAILABLE_IN_SNAPSHOT,UNAVAILABLE_IN_SNAPSHOT,NONE,UNAVAILABLE,1.8376713944967871,1.8376713944967871,COMP-MESON,EXTERNAL_RECORD_ACCOUNTED__INDIVIDUAL_HMT_REALIZATION_NOT_YET_JOINED,named_meson_binding_map,ONLY_AFTER_INTERNAL_FREEZE,NO,2026,2026-01-15,40dc2587d9ae912d26fafb6b41f300f341d2a1f4bd620ff5b5f03827c39453fe
anchuras,234,EXTERNAL_WIDTH_INVENTORY,1,PDG2026:observable:M064:M064W:335846,K_1(1400) WIDTH,K_1(1400)0 | Kbar_1(1400)0 | K_1(1400)+ | K_1(1400)-,WIDTH,174+-13,174+-13,MeV,UNAVAILABLE_IN_SNAPSHOT,UNAVAILABLE_IN_SNAPSHOT,NONE,UNAVAILABLE,12.611123655153699,12.601160968977361,COMP-MESON,EXTERNAL_RECORD_ACCOUNTED__INDIVIDUAL_HMT_REALIZATION_NOT_YET_JOINED,named_meson_binding_map,ONLY_AFTER_INTERNAL_FREEZE,NO,2026,2026-01-15,40dc2587d9ae912d26fafb6b41f300f341d2a1f4bd620ff5b5f03827c39453fe
anchuras,235,EXTERNAL_WIDTH_INVENTORY,1,PDG2026:observable:M065:M065W0:334881,eta rho0 AND pi+ pi- MODES,rho(1700)0 | rho(1700)+ | rho(1700)-,WIDTH,250+-100,250+-100,MeV,UNAVAILABLE_IN_SNAPSHOT,UNAVAILABLE_IN_SNAPSHOT,NONE,UNAVAILABLE,100,100,COMP-MESON,EXTERNAL_RECORD_ACCOUNTED__INDIVIDUAL_HMT_REALIZATION_NOT_YET_JOINED,named_meson_binding_map,ONLY_AFTER_INTERNAL_FREEZE,NO,2026,2026-01-15,40dc2587d9ae912d26fafb6b41f300f341d2a1f4bd620ff5b5f03827c39453fe
anchuras,236,EXTERNAL_WIDTH_INVENTORY,1,PDG2026:observable:M067:M067W1:334826,e+ e- PRODUCTION,phi(1680)0,WIDTH,150+-50,150+-50,MeV,UNAVAILABLE_IN_SNAPSHOT,UNAVAILABLE_IN_SNAPSHOT,NONE,UNAVAILABLE,50,50,COMP-MESON,EXTERNAL_RECORD_ACCOUNTED__INDIVIDUAL_HMT_REALIZATION_NOT_YET_JOINED,named_meson_binding_map,ONLY_AFTER_INTERNAL_FREEZE,NO,2026,2026-01-15,40dc2587d9ae912d26fafb6b41f300f341d2a1f4bd620ff5b5f03827c39453fe
anchuras,237,EXTERNAL_WIDTH_INVENTORY,1,PDG2026:observable:M068:M068W:334928,f_0(1710) Breit-Wigner WIDTH,f_0(1710)0,WIDTH,149+-10,149+-10,MeV,UNAVAILABLE_IN_SNAPSHOT,UNAVAILABLE_IN_SNAPSHOT,NONE,UNAVAILABLE,10.92532406271617,9.8917234176496365,COMP-MESON,EXTERNAL_RECORD_ACCOUNTED__INDIVIDUAL_HMT_REALIZATION_NOT_YET_JOINED,named_meson_binding_map,ONLY_AFTER_INTERNAL_FREEZE,NO,2026,2026-01-15,40dc2587d9ae912d26fafb6b41f300f341d2a1f4bd620ff5b5f03827c39453fe
anchuras,238,EXTERNAL_WIDTH_INVENTORY,1,PDG2026:observable:M070:M070W:343506,J/psi(1S) WIDTH,J/psi(1S),WIDTH,92.6+-1.7,92.6+-1.7,keV,UNAVAILABLE_IN_SNAPSHOT,UNAVAILABLE_IN_SNAPSHOT,NONE,UNAVAILABLE,1.7182511605720709,1.7119132837100099,COMP-MESON,EXTERNAL_RECORD_ACCOUNTED__INDIVIDUAL_HMT_REALIZATION_NOT_YET_JOINED,named_meson_binding_map,ONLY_AFTER_INTERNAL_FREEZE,NO,2026,2026-01-15,40dc2587d9ae912d26fafb6b41f300f341d2a1f4bd620ff5b5f03827c39453fe
anchuras,239,EXTERNAL_WIDTH_INVENTORY,1,PDG2026:observable:M071:M071W:345302,psi(2S) WIDTH,psi(2S),WIDTH,293+-9,293+-9,keV,UNAVAILABLE_IN_SNAPSHOT,UNAVAILABLE_IN_SNAPSHOT,NONE,UNAVAILABLE,9.1216171327147304,9.1216171327147304,COMP-MESON,EXTERNAL_RECORD_ACCOUNTED__INDIVIDUAL_HMT_REALIZATION_NOT_YET_JOINED,named_meson_binding_map,ONLY_AFTER_INTERNAL_FREEZE,NO,2026,2026-01-15,40dc2587d9ae912d26fafb6b41f300f341d2a1f4bd620ff5b5f03827c39453fe
anchuras,240,EXTERNAL_WIDTH_INVENTORY,1,PDG2026:observable:M072:M072W:346250,psi(4040) WIDTH,psi(4040),WIDTH,84+-12,84+-12,MeV,UNAVAILABLE_IN_SNAPSHOT,UNAVAILABLE_IN_SNAPSHOT,NONE,UNAVAILABLE,12.300000000000001,12.300000000000001,COMP-MESON,EXTERNAL_RECORD_ACCOUNTED__INDIVIDUAL_HMT_REALIZATION_NOT_YET_JOINED,named_meson_binding_map,ONLY_AFTER_INTERNAL_FREEZE,NO,2026,2026-01-15,40dc2587d9ae912d26fafb6b41f300f341d2a1f4bd620ff5b5f03827c39453fe
anchuras,241,EXTERNAL_WIDTH_INVENTORY,1,PDG2026:observable:M073:M073W:346685,psi(4415) WIDTH,psi(4415),WIDTH,110+-13,110+-13,MeV,UNAVAILABLE_IN_SNAPSHOT,UNAVAILABLE_IN_SNAPSHOT,NONE,UNAVAILABLE,13.28782789930157,13.28782789930157,COMP-MESON,EXTERNAL_RECORD_ACCOUNTED__INDIVIDUAL_HMT_REALIZATION_NOT_YET_JOINED,named_meson_binding_map,ONLY_AFTER_INTERNAL_FREEZE,NO,2026,2026-01-15,40dc2587d9ae912d26fafb6b41f300f341d2a1f4bd620ff5b5f03827c39453fe
anchuras,242,EXTERNAL_WIDTH_INVENTORY,1,PDG2026:observable:M074:M074W:346461,psi(4230) WIDTH,psi(4230),WIDTH,51+-7,51+-7,MeV,UNAVAILABLE_IN_SNAPSHOT,UNAVAILABLE_IN_SNAPSHOT,NONE,UNAVAILABLE,6.9972903898004102,6.8824149029832364,COMP-MESON,EXTERNAL_RECORD_ACCOUNTED__INDIVIDUAL_HMT_REALIZATION_NOT_YET_JOINED,named_meson_binding_map,ONLY_AFTER_INTERNAL_FREEZE,NO,2026,2026-01-15,40dc2587d9ae912d26fafb6b41f300f341d2a1f4bd620ff5b5f03827c39453fe
anchuras,243,EXTERNAL_WIDTH_INVENTORY,1,PDG2026:observable:M075:M075W:334967,pi(1800) WIDTH,pi(1800)0 | pi(1800)+ | pi(1800)-,WIDTH,215+7-8,215+7-8,MeV,UNAVAILABLE_IN_SNAPSHOT,UNAVAILABLE_IN_SNAPSHOT,NONE,UNAVAILABLE,6.706577420969178,8.1998993000281608,COMP-MESON,EXTERNAL_RECORD_ACCOUNTED__INDIVIDUAL_HMT_REALIZATION_NOT_YET_JOINED,named_meson_binding_map,ONLY_AFTER_INTERNAL_FREEZE,NO,2026,2026-01-15,40dc2587d9ae912d26fafb6b41f300f341d2a1f4bd620ff5b5f03827c39453fe
anchuras,244,EXTERNAL_WIDTH_INVENTORY,1,PDG2026:observable:M082:M082W:335204,f_J(2220) WIDTH,f_J(2220)0,WIDTH,23+8-7,23+8-7,MeV,UNAVAILABLE_IN_SNAPSHOT,UNAVAILABLE_IN_SNAPSHOT,NONE,UNAVAILABLE,8.2907233968204679,6.995398154183702,COMP-MESON,EXTERNAL_RECORD_ACCOUNTED__INDIVIDUAL_HMT_REALIZATION_NOT_YET_JOINED,named_meson_binding_map,ONLY_AFTER_INTERNAL_FREEZE,NO,2026,2026-01-15,40dc2587d9ae912d26fafb6b41f300f341d2a1f4bd620ff5b5f03827c39453fe
anchuras,245,EXTERNAL_WIDTH_INVENTORY,1,PDG2026:observable:M084:M084W:334659,f_1(1510) WIDTH,f_1(1510)0,WIDTH,73+-25,73+-25,MeV,UNAVAILABLE_IN_SNAPSHOT,UNAVAILABLE_IN_SNAPSHOT,NONE,UNAVAILABLE,25.12449045628555,25.12449045628555,COMP-MESON,EXTERNAL_RECORD_ACCOUNTED__INDIVIDUAL_HMT_REALIZATION_NOT_YET_JOINED,named_meson_binding_map,ONLY_AFTER_INTERNAL_FREEZE,NO,2026,2026-01-15,40dc2587d9ae912d26fafb6b41f300f341d2a1f4bd620ff5b5f03827c39453fe
anchuras,246,EXTERNAL_WIDTH_INVENTORY,1,PDG2026:observable:M085:M085W:335012,X(1835) WIDTH,X(1835)0,WIDTH,130+-50,130+-50,MeV,UNAVAILABLE_IN_SNAPSHOT,UNAVAILABLE_IN_SNAPSHOT,NONE,UNAVAILABLE,46.521424857963467,48.805761882116528,COMP-MESON,EXTERNAL_RECORD_ACCOUNTED__INDIVIDUAL_HMT_REALIZATION_NOT_YET_JOINED,named_meson_binding_map,ONLY_AFTER_INTERNAL_FREEZE,NO,2026,2026-01-15,40dc2587d9ae912d26fafb6b41f300f341d2a1f4bd620ff5b5f03827c39453fe
anchuras,247,EXTERNAL_WIDTH_INVENTORY,1,PDG2026:observable:M089:M089W:335278,f_6(2510) WIDTH,f_6(2510)0,WIDTH,260+-40,260+-40,MeV,UNAVAILABLE_IN_SNAPSHOT,UNAVAILABLE_IN_SNAPSHOT,NONE,UNAVAILABLE,42.426406871192853,42.426406871192853,COMP-MESON,EXTERNAL_RECORD_ACCOUNTED__INDIVIDUAL_HMT_REALIZATION_NOT_YET_JOINED,named_meson_binding_map,ONLY_AFTER_INTERNAL_FREEZE,NO,2026,2026-01-15,40dc2587d9ae912d26fafb6b41f300f341d2a1f4bd620ff5b5f03827c39453fe
anchuras,248,EXTERNAL_WIDTH_INVENTORY,1,PDG2026:observable:M090:M090W:336035,K_3(2320) WIDTH,K_3(2320)0 | Kbar_3(2320)0 | K_3(2320)+ | K_3(2320)-,WIDTH,150+-30,150+-30,MeV,UNAVAILABLE_IN_SNAPSHOT,UNAVAILABLE_IN_SNAPSHOT,NONE,UNAVAILABLE,30,30,COMP-MESON,EXTERNAL_RECORD_ACCOUNTED__INDIVIDUAL_HMT_REALIZATION_NOT_YET_JOINED,named_meson_binding_map,ONLY_AFTER_INTERNAL_FREEZE,NO,2026,2026-01-15,40dc2587d9ae912d26fafb6b41f300f341d2a1f4bd620ff5b5f03827c39453fe
anchuras,249,EXTERNAL_WIDTH_INVENTORY,1,PDG2026:observable:M092:M092W:347805,Upsilon(10860) WIDTH,Upsilon(10860),WIDTH,37+-4,37+-4,MeV,UNAVAILABLE_IN_SNAPSHOT,UNAVAILABLE_IN_SNAPSHOT,NONE,UNAVAILABLE,4.2665620718053896,3.9767365312397489,COMP-MESON,EXTERNAL_RECORD_ACCOUNTED__INDIVIDUAL_HMT_REALIZATION_NOT_YET_JOINED,named_meson_binding_map,ONLY_AFTER_INTERNAL_FREEZE,NO,2026,2026-01-15,40dc2587d9ae912d26fafb6b41f300f341d2a1f4bd620ff5b5f03827c39453fe
anchuras,250,EXTERNAL_WIDTH_INVENTORY,1,PDG2026:observable:M093:M093W:347906,Upsilon(11020) WIDTH,Upsilon(11020),WIDTH,24+8-6,24+8-6,MeV,UNAVAILABLE_IN_SNAPSHOT,UNAVAILABLE_IN_SNAPSHOT,NONE,UNAVAILABLE,7.7077065645708283,6.4571558257821966,COMP-MESON,EXTERNAL_RECORD_ACCOUNTED__INDIVIDUAL_HMT_REALIZATION_NOT_YET_JOINED,named_meson_binding_map,ONLY_AFTER_INTERNAL_FREEZE,NO,2026,2026-01-15,40dc2587d9ae912d26fafb6b41f300f341d2a1f4bd620ff5b5f03827c39453fe
anchuras,251,EXTERNAL_WIDTH_INVENTORY,1,PDG2026:observable:M094:M094W:335866,K*(1410) WIDTH,K^*(1410)0 | Kbar^*(1410)0 | K^*(1410)+ | K^*(1410)-,WIDTH,232+-21,232+-21,MeV,UNAVAILABLE_IN_SNAPSHOT,UNAVAILABLE_IN_SNAPSHOT,NONE,UNAVAILABLE,21.38237216053956,21.38237216053956,COMP-MESON,EXTERNAL_RECORD_ACCOUNTED__INDIVIDUAL_HMT_REALIZATION_NOT_YET_JOINED,named_meson_binding_map,ONLY_AFTER_INTERNAL_FREEZE,NO,2026,2026-01-15,40dc2587d9ae912d26fafb6b41f300f341d2a1f4bd620ff5b5f03827c39453fe
anchuras,252,EXTERNAL_WIDTH_INVENTORY,1,PDG2026:observable:M095:M095W:335947,K*(1680) WIDTH,K^*(1680)0 | Kbar^*(1680)0 | K^*(1680)+ | K^*(1680)-,WIDTH,320+-110,320+-110,MeV,UNAVAILABLE_IN_SNAPSHOT,UNAVAILABLE_IN_SNAPSHOT,NONE,UNAVAILABLE,107.33834598069571,107.80756648292591,COMP-MESON,EXTERNAL_RECORD_ACCOUNTED__INDIVIDUAL_HMT_REALIZATION_NOT_YET_JOINED,named_meson_binding_map,ONLY_AFTER_INTERNAL_FREEZE,NO,2026,2026-01-15,40dc2587d9ae912d26fafb6b41f300f341d2a1f4bd620ff5b5f03827c39453fe
anchuras,253,EXTERNAL_WIDTH_INVENTORY,1,PDG2026:observable:M098:M098W:336037,K_5*(2380) WIDTH,K_5^*(2380)0 | Kbar_5^*(2380)0 | K_5^*(2380)+ | K_5^*(2380)-,WIDTH,180+-50,180+-50,MeV,UNAVAILABLE_IN_SNAPSHOT,UNAVAILABLE_IN_SNAPSHOT,NONE,UNAVAILABLE,48.918299234540036,48.918299234540036,COMP-MESON,EXTERNAL_RECORD_ACCOUNTED__INDIVIDUAL_HMT_REALIZATION_NOT_YET_JOINED,named_meson_binding_map,ONLY_AFTER_INTERNAL_FREEZE,NO,2026,2026-01-15,40dc2587d9ae912d26fafb6b41f300f341d2a1f4bd620ff5b5f03827c39453fe
anchuras,254,EXTERNAL_WIDTH_INVENTORY,1,PDG2026:observable:M099:M099W:335945,K_1(1650) WIDTH,K_1(1650)0 | Kbar_1(1650)0 | K_1(1650)+ | K_1(1650)-,WIDTH,150+-50,150+-50,MeV,UNAVAILABLE_IN_SNAPSHOT,UNAVAILABLE_IN_SNAPSHOT,NONE,UNAVAILABLE,50,50,COMP-MESON,EXTERNAL_RECORD_ACCOUNTED__INDIVIDUAL_HMT_REALIZATION_NOT_YET_JOINED,named_meson_binding_map,ONLY_AFTER_INTERNAL_FREEZE,NO,2026,2026-01-15,40dc2587d9ae912d26fafb6b41f300f341d2a1f4bd620ff5b5f03827c39453fe
anchuras,255,EXTERNAL_WIDTH_INVENTORY,1,PDG2026:observable:M101:M101W:335033,eta_2(1870) WIDTH,eta_2(1870)0,WIDTH,225+-14,225+-14,MeV,UNAVAILABLE_IN_SNAPSHOT,UNAVAILABLE_IN_SNAPSHOT,NONE,UNAVAILABLE,14.06500754800965,14.06500754800965,COMP-MESON,EXTERNAL_RECORD_ACCOUNTED__INDIVIDUAL_HMT_REALIZATION_NOT_YET_JOINED,named_meson_binding_map,ONLY_AFTER_INTERNAL_FREEZE,NO,2026,2026-01-15,40dc2587d9ae912d26fafb6b41f300f341d2a1f4bd620ff5b5f03827c39453fe
anchuras,256,EXTERNAL_WIDTH_INVENTORY,1,PDG2026:observable:M103:M103W:335181,phi(2170) WIDTH,phi(2170)0 | phi(2170)+ | phi(2170)-,WIDTH,88+26-21,88+26-21,MeV,UNAVAILABLE_IN_SNAPSHOT,UNAVAILABLE_IN_SNAPSHOT,NONE,UNAVAILABLE,25.84561826322167,20.63586514647379,COMP-MESON,EXTERNAL_RECORD_ACCOUNTED__INDIVIDUAL_HMT_REALIZATION_NOT_YET_JOINED,named_meson_binding_map,ONLY_AFTER_INTERNAL_FREEZE,NO,2026,2026-01-15,40dc2587d9ae912d26fafb6b41f300f341d2a1f4bd620ff5b5f03827c39453fe
anchuras,257,EXTERNAL_WIDTH_INVENTORY,1,PDG2026:observable:M104:M104W:336004,K_2*(1980) WIDTH,K_2^*(1980)0 | Kbar_2^*(1980)0 | K_2^*(1980)+ | K_2^*(1980)-,WIDTH,348+50-30,348+50-30,MeV,UNAVAILABLE_IN_SNAPSHOT,UNAVAILABLE_IN_SNAPSHOT,NONE,UNAVAILABLE,47.995015852124311,29.822700392743499,COMP-MESON,EXTERNAL_RECORD_ACCOUNTED__INDIVIDUAL_HMT_REALIZATION_NOT_YET_JOINED,named_meson_binding_map,ONLY_AFTER_INTERNAL_FREEZE,NO,2026,2026-01-15,40dc2587d9ae912d26fafb6b41f300f341d2a1f4bd620ff5b5f03827c39453fe
anchuras,258,EXTERNAL_WIDTH_INVENTORY,1,PDG2026:observable:M105:M105W0:334593,rho(1450) WIDTH,rho(1450)0 | rho(1450)+ | rho(1450)-,WIDTH,400 +-60,400+-60,MeV,UNAVAILABLE_IN_SNAPSHOT,UNAVAILABLE_IN_SNAPSHOT,NONE,UNAVAILABLE,60,60,COMP-MESON,EXTERNAL_RECORD_ACCOUNTED__INDIVIDUAL_HMT_REALIZATION_NOT_YET_JOINED,named_meson_binding_map,ONLY_AFTER_INTERNAL_FREEZE,NO,2026,2026-01-15,40dc2587d9ae912d26fafb6b41f300f341d2a1f4bd620ff5b5f03827c39453fe
anchuras,259,EXTERNAL_WIDTH_INVENTORY,1,PDG2026:observable:M106:M106W:335113,f_2(2010) WIDTH,f_2(2010)0,WIDTH,200+-60,200+-60,MeV,UNAVAILABLE_IN_SNAPSHOT,UNAVAILABLE_IN_SNAPSHOT,NONE,UNAVAILABLE,67,62,COMP-MESON,EXTERNAL_RECORD_ACCOUNTED__INDIVIDUAL_HMT_REALIZATION_NOT_YET_JOINED,named_meson_binding_map,ONLY_AFTER_INTERNAL_FREEZE,NO,2026,2026-01-15,40dc2587d9ae912d26fafb6b41f300f341d2a1f4bd620ff5b5f03827c39453fe
anchuras,260,EXTERNAL_WIDTH_INVENTORY,1,PDG2026:observable:M107:M107W:335235,f_2(2300) WIDTH,f_2(2300)0,WIDTH,150+-40,150+-40,MeV,UNAVAILABLE_IN_SNAPSHOT,UNAVAILABLE_IN_SNAPSHOT,NONE,UNAVAILABLE,41,41,COMP-MESON,EXTERNAL_RECORD_ACCOUNTED__INDIVIDUAL_HMT_REALIZATION_NOT_YET_JOINED,named_meson_binding_map,ONLY_AFTER_INTERNAL_FREEZE,NO,2026,2026-01-15,40dc2587d9ae912d26fafb6b41f300f341d2a1f4bd620ff5b5f03827c39453fe
anchuras,261,EXTERNAL_WIDTH_INVENTORY,1,PDG2026:observable:M108:M108W:335253,f_2(2340) WIDTH,f_2(2340)0,WIDTH,331+27-18,331+27-18,MeV,UNAVAILABLE_IN_SNAPSHOT,UNAVAILABLE_IN_SNAPSHOT,NONE,UNAVAILABLE,27.40609495783065,17.599089776866538,COMP-MESON,EXTERNAL_RECORD_ACCOUNTED__INDIVIDUAL_HMT_REALIZATION_NOT_YET_JOINED,named_meson_binding_map,ONLY_AFTER_INTERNAL_FREEZE,NO,2026,2026-01-15,40dc2587d9ae912d26fafb6b41f300f341d2a1f4bd620ff5b5f03827c39453fe
anchuras,262,EXTERNAL_WIDTH_INVENTORY,1,PDG2026:observable:M109:M109W:334553,h_1(1415) WIDTH,h_1(1415)0,WIDTH,78+-11,78+-11,MeV,UNAVAILABLE_IN_SNAPSHOT,UNAVAILABLE_IN_SNAPSHOT,NONE,UNAVAILABLE,10.894768418419931,10.35476102684496,COMP-MESON,EXTERNAL_RECORD_ACCOUNTED__INDIVIDUAL_HMT_REALIZATION_NOT_YET_JOINED,named_meson_binding_map,ONLY_AFTER_INTERNAL_FREEZE,NO,2026,2026-01-15,40dc2587d9ae912d26fafb6b41f300f341d2a1f4bd620ff5b5f03827c39453fe
anchuras,263,EXTERNAL_WIDTH_INVENTORY,1,PDG2026:observable:M112:M112W:335200,f_0(2200) WIDTH,f_0(2200)0,WIDTH,210+-40,210+-40,MeV,UNAVAILABLE_IN_SNAPSHOT,UNAVAILABLE_IN_SNAPSHOT,NONE,UNAVAILABLE,41.638656568206237,42.173251605545943,COMP-MESON,EXTERNAL_RECORD_ACCOUNTED__INDIVIDUAL_HMT_REALIZATION_NOT_YET_JOINED,named_meson_binding_map,ONLY_AFTER_INTERNAL_FREEZE,NO,2026,2026-01-15,40dc2587d9ae912d26fafb6b41f300f341d2a1f4bd620ff5b5f03827c39453fe
anchuras,264,EXTERNAL_WIDTH_INVENTORY,1,PDG2026:observable:M114:M114W:334951,eta(1760) WIDTH,eta(1760)0,WIDTH,240+-30,240+-30,MeV,UNAVAILABLE_IN_SNAPSHOT,UNAVAILABLE_IN_SNAPSHOT,NONE,UNAVAILABLE,30.76700000392665,28.819843599945798,COMP-MESON,EXTERNAL_RECORD_ACCOUNTED__INDIVIDUAL_HMT_REALIZATION_NOT_YET_JOINED,named_meson_binding_map,ONLY_AFTER_INTERNAL_FREEZE,NO,2026,2026-01-15,40dc2587d9ae912d26fafb6b41f300f341d2a1f4bd620ff5b5f03827c39453fe
anchuras,265,EXTERNAL_WIDTH_INVENTORY,1,PDG2026:observable:M115:M115W:335233,eta(2225) WIDTH,eta(2225)0,WIDTH,185+40-20,185+40-20,MeV,UNAVAILABLE_IN_SNAPSHOT,UNAVAILABLE_IN_SNAPSHOT,NONE,UNAVAILABLE,36.894036523364868,19.6088060392476,COMP-MESON,EXTERNAL_RECORD_ACCOUNTED__INDIVIDUAL_HMT_REALIZATION_NOT_YET_JOINED,named_meson_binding_map,ONLY_AFTER_INTERNAL_FREEZE,NO,2026,2026-01-15,40dc2587d9ae912d26fafb6b41f300f341d2a1f4bd620ff5b5f03827c39453fe
anchuras,266,EXTERNAL_WIDTH_INVENTORY,1,PDG2026:observable:M117:M117W:334753,f_2(1640) WIDTH,f_2(1640)0,WIDTH,100+60-40,100+60-40,MeV,UNAVAILABLE_IN_SNAPSHOT,UNAVAILABLE_IN_SNAPSHOT,NONE,UNAVAILABLE,55.007270965809873,40.999999045433803,COMP-MESON,EXTERNAL_RECORD_ACCOUNTED__INDIVIDUAL_HMT_REALIZATION_NOT_YET_JOINED,named_meson_binding_map,ONLY_AFTER_INTERNAL_FREEZE,NO,2026,2026-01-15,40dc2587d9ae912d26fafb6b41f300f341d2a1f4bd620ff5b5f03827c39453fe
anchuras,267,EXTERNAL_WIDTH_INVENTORY,1,PDG2026:observable:M121:M121W:338489,D_s1(2536)+- WIDTH,D_s1(2536)+ | D_s1(2536)-,WIDTH,0.92+-0.05,0.92+-0.05,MeV,UNAVAILABLE_IN_SNAPSHOT,UNAVAILABLE_IN_SNAPSHOT,NONE,UNAVAILABLE,0.049965313904947829,0.049965313904947829,COMP-MESON,EXTERNAL_RECORD_ACCOUNTED__INDIVIDUAL_HMT_REALIZATION_NOT_YET_JOINED,named_meson_binding_map,ONLY_AFTER_INTERNAL_FREEZE,NO,2026,2026-01-15,40dc2587d9ae912d26fafb6b41f300f341d2a1f4bd620ff5b5f03827c39453fe
anchuras,268,EXTERNAL_WIDTH_INVENTORY,1,PDG2026:observable:M123:M123W:334704,f_2(1565) WIDTH,f_2(1565)0,WIDTH,132+-23,132+-23,MeV,UNAVAILABLE_IN_SNAPSHOT,UNAVAILABLE_IN_SNAPSHOT,NONE,UNAVAILABLE,22.499999212159828,22.499999212159828,COMP-MESON,EXTERNAL_RECORD_ACCOUNTED__INDIVIDUAL_HMT_REALIZATION_NOT_YET_JOINED,named_meson_binding_map,ONLY_AFTER_INTERNAL_FREEZE,NO,2026,2026-01-15,40dc2587d9ae912d26fafb6b41f300f341d2a1f4bd620ff5b5f03827c39453fe
anchuras,269,EXTERNAL_WIDTH_INVENTORY,1,PDG2026:observable:M125:M125W:334568,omega(1420) WIDTH,omega(1420)0,WIDTH,290+-190,290+-190,MeV,UNAVAILABLE_IN_SNAPSHOT,UNAVAILABLE_IN_SNAPSHOT,NONE,UNAVAILABLE,190,190,COMP-MESON,EXTERNAL_RECORD_ACCOUNTED__INDIVIDUAL_HMT_REALIZATION_NOT_YET_JOINED,named_meson_binding_map,ONLY_AFTER_INTERNAL_FREEZE,NO,2026,2026-01-15,40dc2587d9ae912d26fafb6b41f300f341d2a1f4bd620ff5b5f03827c39453fe
anchuras,270,EXTERNAL_WIDTH_INVENTORY,1,PDG2026:observable:M126:M126W:334769,omega(1650) WIDTH,omega(1650)0,WIDTH,150+-50,150+-50,MeV,UNAVAILABLE_IN_SNAPSHOT,UNAVAILABLE_IN_SNAPSHOT,NONE,UNAVAILABLE,50,50,COMP-MESON,EXTERNAL_RECORD_ACCOUNTED__INDIVIDUAL_HMT_REALIZATION_NOT_YET_JOINED,named_meson_binding_map,ONLY_AFTER_INTERNAL_FREEZE,NO,2026,2026-01-15,40dc2587d9ae912d26fafb6b41f300f341d2a1f4bd620ff5b5f03827c39453fe
anchuras,271,EXTERNAL_WIDTH_INVENTORY,1,PDG2026:observable:M134:M134W:336000,K_0*(1950) WIDTH,K_0^*(1950)0 | Kbar_0^*(1950)0 | K_0^*(1950)+ | K_0^*(1950)-,WIDTH,170+-50,170+-50,MeV,UNAVAILABLE_IN_SNAPSHOT,UNAVAILABLE_IN_SNAPSHOT,NONE,UNAVAILABLE,49.977634624979267,49.977634624979267,COMP-MESON,EXTERNAL_RECORD_ACCOUNTED__INDIVIDUAL_HMT_REALIZATION_NOT_YET_JOINED,named_meson_binding_map,ONLY_AFTER_INTERNAL_FREEZE,NO,2026,2026-01-15,40dc2587d9ae912d26fafb6b41f300f341d2a1f4bd620ff5b5f03827c39453fe
anchuras,272,EXTERNAL_WIDTH_INVENTORY,1,PDG2026:observable:M135:M135W:335076,f_2(1950) WIDTH,f_2(1950)0,WIDTH,464+-24,464+-24,MeV,UNAVAILABLE_IN_SNAPSHOT,UNAVAILABLE_IN_SNAPSHOT,NONE,UNAVAILABLE,24.233608393520051,23.858175111592871,COMP-MESON,EXTERNAL_RECORD_ACCOUNTED__INDIVIDUAL_HMT_REALIZATION_NOT_YET_JOINED,named_meson_binding_map,ONLY_AFTER_INTERNAL_FREEZE,NO,2026,2026-01-15,40dc2587d9ae912d26fafb6b41f300f341d2a1f4bd620ff5b5f03827c39453fe
anchuras,273,EXTERNAL_WIDTH_INVENTORY,1,PDG2026:observable:M142:M142W2:335059,f_2(1910) omega omega MODE,f_2(1910)0,WIDTH,167+-21,167+-21,MeV,UNAVAILABLE_IN_SNAPSHOT,UNAVAILABLE_IN_SNAPSHOT,NONE,UNAVAILABLE,20.593210779464879,20.593210779464879,COMP-MESON,EXTERNAL_RECORD_ACCOUNTED__INDIVIDUAL_HMT_REALIZATION_NOT_YET_JOINED,named_meson_binding_map,ONLY_AFTER_INTERNAL_FREEZE,NO,2026,2026-01-15,40dc2587d9ae912d26fafb6b41f300f341d2a1f4bd620ff5b5f03827c39453fe
anchuras,274,EXTERNAL_WIDTH_INVENTORY,1,PDG2026:observable:M142:M142W3:335060,f_2(1910) eta eta' MODE,f_2(1910)0,WIDTH,140+-40,140+-40,MeV,UNAVAILABLE_IN_SNAPSHOT,UNAVAILABLE_IN_SNAPSHOT,NONE,UNAVAILABLE,41,41,COMP-MESON,EXTERNAL_RECORD_ACCOUNTED__INDIVIDUAL_HMT_REALIZATION_NOT_YET_JOINED,named_meson_binding_map,ONLY_AFTER_INTERNAL_FREEZE,NO,2026,2026-01-15,40dc2587d9ae912d26fafb6b41f300f341d2a1f4bd620ff5b5f03827c39453fe
anchuras,275,EXTERNAL_WIDTH_INVENTORY,1,PDG2026:observable:M144:M144W:344852,h_c(1P) WIDTH,h_c(1P),WIDTH,0.78+-0.28,0.78+-0.28,MeV,UNAVAILABLE_IN_SNAPSHOT,UNAVAILABLE_IN_SNAPSHOT,NONE,UNAVAILABLE,0.29546573405388321,0.26832815729997478,COMP-MESON,EXTERNAL_RECORD_ACCOUNTED__INDIVIDUAL_HMT_REALIZATION_NOT_YET_JOINED,named_meson_binding_map,ONLY_AFTER_INTERNAL_FREEZE,NO,2026,2026-01-15,40dc2587d9ae912d26fafb6b41f300f341d2a1f4bd620ff5b5f03827c39453fe
anchuras,276,EXTERNAL_WIDTH_INVENTORY,1,PDG2026:observable:M146:M146W:335991,K_2(1820) WIDTH,K_2(1820)0 | Kbar_2(1820)0 | K_2(1820)+ | K_2(1820)-,WIDTH,264+-34,264+-34,MeV,UNAVAILABLE_IN_SNAPSHOT,UNAVAILABLE_IN_SNAPSHOT,NONE,UNAVAILABLE,33.911162815562037,33.585154163911888,COMP-MESON,EXTERNAL_RECORD_ACCOUNTED__INDIVIDUAL_HMT_REALIZATION_NOT_YET_JOINED,named_meson_binding_map,ONLY_AFTER_INTERNAL_FREEZE,NO,2026,2026-01-15,40dc2587d9ae912d26fafb6b41f300f341d2a1f4bd620ff5b5f03827c39453fe
anchuras,277,EXTERNAL_WIDTH_INVENTORY,1,PDG2026:observable:M147:M147W:334507,Full width (Breit-Wigner),f_0(1370)0,WIDTH,200 to 500,200 to 500,MeV,UNAVAILABLE_IN_SNAPSHOT,UNAVAILABLE_IN_SNAPSHOT,R,UNAVAILABLE,NOT_APPLICABLE,NOT_APPLICABLE,COMP-MESON,EXTERNAL_RECORD_ACCOUNTED__INDIVIDUAL_HMT_REALIZATION_NOT_YET_JOINED,named_meson_binding_map,ONLY_AFTER_INTERNAL_FREEZE,NO,2026,2026-01-15,40dc2587d9ae912d26fafb6b41f300f341d2a1f4bd620ff5b5f03827c39453fe
anchuras,278,EXTERNAL_WIDTH_INVENTORY,1,PDG2026:observable:M148:M148W:338511,D_s2*(2573) WIDTH,D_s2^*(2573)+ | D_s2^*(2573)-,WIDTH,16.9+-0.7,16.9+-0.7,MeV,UNAVAILABLE_IN_SNAPSHOT,UNAVAILABLE_IN_SNAPSHOT,NONE,UNAVAILABLE,0.73972013426443928,0.73758653054042789,COMP-MESON,EXTERNAL_RECORD_ACCOUNTED__INDIVIDUAL_HMT_REALIZATION_NOT_YET_JOINED,named_meson_binding_map,ONLY_AFTER_INTERNAL_FREEZE,NO,2026,2026-01-15,40dc2587d9ae912d26fafb6b41f300f341d2a1f4bd620ff5b5f03827c39453fe
anchuras,279,EXTERNAL_WIDTH_INVENTORY,1,PDG2026:observable:M149:M149W:334580,a_0(1450) WIDTH,a_0(1450)0 | a_0(1450)+ | a_0(1450)-,WIDTH,258+-14,258+-14,MeV,UNAVAILABLE_IN_SNAPSHOT,UNAVAILABLE_IN_SNAPSHOT,NONE,UNAVAILABLE,14.000000098926851,14.000000098926851,COMP-MESON,EXTERNAL_RECORD_ACCOUNTED__INDIVIDUAL_HMT_REALIZATION_NOT_YET_JOINED,named_meson_binding_map,ONLY_AFTER_INTERNAL_FREEZE,NO,2026,2026-01-15,40dc2587d9ae912d26fafb6b41f300f341d2a1f4bd620ff5b5f03827c39453fe
anchuras,280,EXTERNAL_WIDTH_INVENTORY,1,PDG2026:observable:M151:M151W:342552,B_J*(5732) WIDTH,B_J^*(5732)0 | Bbar_J^*(5732)0 | B_J^*(5732)+ | B_J^*(5732)-,WIDTH,128+-18,128+-18,MeV,UNAVAILABLE_IN_SNAPSHOT,UNAVAILABLE_IN_SNAPSHOT,NONE,UNAVAILABLE,18.222158456767119,18.222158456767119,COMP-MESON,EXTERNAL_RECORD_ACCOUNTED__INDIVIDUAL_HMT_REALIZATION_NOT_YET_JOINED,named_meson_binding_map,ONLY_AFTER_INTERNAL_FREEZE,NO,2026,2026-01-15,40dc2587d9ae912d26fafb6b41f300f341d2a1f4bd620ff5b5f03827c39453fe
anchuras,281,EXTERNAL_WIDTH_INVENTORY,1,PDG2026:observable:M152:M152W:334629,f_0(1500) WIDTH,f_0(1500)0,WIDTH,108+-33,108+-33,MeV,UNAVAILABLE_IN_SNAPSHOT,UNAVAILABLE_IN_SNAPSHOT,NONE,UNAVAILABLE,33,33,COMP-MESON,EXTERNAL_RECORD_ACCOUNTED__INDIVIDUAL_HMT_REALIZATION_NOT_YET_JOINED,named_meson_binding_map,ONLY_AFTER_INTERNAL_FREEZE,NO,2026,2026-01-15,40dc2587d9ae912d26fafb6b41f300f341d2a1f4bd620ff5b5f03827c39453fe
anchuras,282,EXTERNAL_WIDTH_INVENTORY,1,PDG2026:observable:M153:M153W:343152,B_sJ*(5850) WIDTH,B_sJ^*(5850)0 | Bbar_sJ^*(5850)0,WIDTH,47+-22,47+-22,MeV,UNAVAILABLE_IN_SNAPSHOT,UNAVAILABLE_IN_SNAPSHOT,NONE,UNAVAILABLE,22,22,COMP-MESON,EXTERNAL_RECORD_ACCOUNTED__INDIVIDUAL_HMT_REALIZATION_NOT_YET_JOINED,named_meson_binding_map,ONLY_AFTER_INTERNAL_FREEZE,NO,2026,2026-01-15,40dc2587d9ae912d26fafb6b41f300f341d2a1f4bd620ff5b5f03827c39453fe
anchuras,283,EXTERNAL_WIDTH_INVENTORY,1,PDG2026:observable:M154:M154W:334759,eta_2(1645) WIDTH,eta_2(1645)0,WIDTH,181+-11,181+-11,MeV,UNAVAILABLE_IN_SNAPSHOT,UNAVAILABLE_IN_SNAPSHOT,NONE,UNAVAILABLE,10.785744799202121,10.49166410643209,COMP-MESON,EXTERNAL_RECORD_ACCOUNTED__INDIVIDUAL_HMT_REALIZATION_NOT_YET_JOINED,named_meson_binding_map,ONLY_AFTER_INTERNAL_FREEZE,NO,2026,2026-01-15,40dc2587d9ae912d26fafb6b41f300f341d2a1f4bd620ff5b5f03827c39453fe
anchuras,284,EXTERNAL_WIDTH_INVENTORY,1,PDG2026:observable:M156:M156W:335121,f_0(2020) WIDTH,f_0(2020)0,WIDTH,440+-50,440+-50,MeV,UNAVAILABLE_IN_SNAPSHOT,UNAVAILABLE_IN_SNAPSHOT,NONE,UNAVAILABLE,46.173585522460783,49.162994213127419,COMP-MESON,EXTERNAL_RECORD_ACCOUNTED__INDIVIDUAL_HMT_REALIZATION_NOT_YET_JOINED,named_meson_binding_map,ONLY_AFTER_INTERNAL_FREEZE,NO,2026,2026-01-15,40dc2587d9ae912d26fafb6b41f300f341d2a1f4bd620ff5b5f03827c39453fe
anchuras,285,EXTERNAL_WIDTH_INVENTORY,1,PDG2026:observable:M158:M158W:337855,D*(2640)+- WIDTH,D^*(2640)0 | Dbar^*(2640)0 | D^*(2640)+ | D^*(2640)-,WIDTH,<15,<15,MeV,UNAVAILABLE_IN_SNAPSHOT,UNAVAILABLE_IN_SNAPSHOT,U,95,NOT_APPLICABLE,NOT_APPLICABLE,COMP-MESON,EXTERNAL_RECORD_ACCOUNTED__INDIVIDUAL_HMT_REALIZATION_NOT_YET_JOINED,named_meson_binding_map,ONLY_AFTER_INTERNAL_FREEZE,NO,2026,2026-01-15,40dc2587d9ae912d26fafb6b41f300f341d2a1f4bd620ff5b5f03827c39453fe
anchuras,286,EXTERNAL_WIDTH_INVENTORY,1,PDG2026:observable:M159:M159W:346205,chi_c0(3915) WIDTH,chi_c0(3915),WIDTH,20+-4,20+-4,MeV,UNAVAILABLE_IN_SNAPSHOT,UNAVAILABLE_IN_SNAPSHOT,NONE,UNAVAILABLE,3.923709318376599,3.8485732714118699,COMP-MESON,EXTERNAL_RECORD_ACCOUNTED__INDIVIDUAL_HMT_REALIZATION_NOT_YET_JOINED,named_meson_binding_map,ONLY_AFTER_INTERNAL_FREEZE,NO,2026,2026-01-15,40dc2587d9ae912d26fafb6b41f300f341d2a1f4bd620ff5b5f03827c39453fe
anchuras,287,EXTERNAL_WIDTH_INVENTORY,1,PDG2026:observable:M160:M160W:335943,K(1630) WIDTH,K(1630)0 | Kbar(1630)0 | K(1630)+ | K(1630)-,WIDTH,16+19-16,16+19-16,MeV,UNAVAILABLE_IN_SNAPSHOT,UNAVAILABLE_IN_SNAPSHOT,NONE,UNAVAILABLE,19,16,COMP-MESON,EXTERNAL_RECORD_ACCOUNTED__INDIVIDUAL_HMT_REALIZATION_NOT_YET_JOINED,named_meson_binding_map,ONLY_AFTER_INTERNAL_FREEZE,NO,2026,2026-01-15,40dc2587d9ae912d26fafb6b41f300f341d2a1f4bd620ff5b5f03827c39453fe
anchuras,288,EXTERNAL_WIDTH_INVENTORY,1,PDG2026:observable:M161:M161W:334741,a_1(1640) WIDTH,a_1(1640)0 | a_1(1640)+ | a_1(1640)-,WIDTH,250+-40,250+-40,MeV,UNAVAILABLE_IN_SNAPSHOT,UNAVAILABLE_IN_SNAPSHOT,NONE,UNAVAILABLE,38.768026106973267,38.004464447238831,COMP-MESON,EXTERNAL_RECORD_ACCOUNTED__INDIVIDUAL_HMT_REALIZATION_NOT_YET_JOINED,named_meson_binding_map,ONLY_AFTER_INTERNAL_FREEZE,NO,2026,2026-01-15,40dc2587d9ae912d26fafb6b41f300f341d2a1f4bd620ff5b5f03827c39453fe
anchuras,289,EXTERNAL_WIDTH_INVENTORY,1,PDG2026:observable:M162:M162W:334904,a_2(1700) WIDTH,a_2(1700)0 | a_2(1700)+ | a_2(1700)-,WIDTH,380+60-50,380+60-50,MeV,UNAVAILABLE_IN_SNAPSHOT,UNAVAILABLE_IN_SNAPSHOT,NONE,UNAVAILABLE,56.802156616143733,49.91978684730767,COMP-MESON,EXTERNAL_RECORD_ACCOUNTED__INDIVIDUAL_HMT_REALIZATION_NOT_YET_JOINED,named_meson_binding_map,ONLY_AFTER_INTERNAL_FREEZE,NO,2026,2026-01-15,40dc2587d9ae912d26fafb6b41f300f341d2a1f4bd620ff5b5f03827c39453fe
anchuras,290,EXTERNAL_WIDTH_INVENTORY,1,PDG2026:observable:M164:M164WEP:334726,pi_1(1600) WIDTH (eta pi mode),pi_1(1600)0 | pi_1(1600)+ | pi_1(1600)-,WIDTH,330+-35,330+-35,MeV,UNAVAILABLE_IN_SNAPSHOT,UNAVAILABLE_IN_SNAPSHOT,NONE,UNAVAILABLE,34.727689315250451,34.693151629682987,COMP-MESON,EXTERNAL_RECORD_ACCOUNTED__INDIVIDUAL_HMT_REALIZATION_NOT_YET_JOINED,named_meson_binding_map,ONLY_AFTER_INTERNAL_FREEZE,NO,2026,2026-01-15,40dc2587d9ae912d26fafb6b41f300f341d2a1f4bd620ff5b5f03827c39453fe
anchuras,291,EXTERNAL_WIDTH_INVENTORY,1,PDG2026:observable:M164:M164W:334727,pi_1(1600) WIDTH (non-eta pi mode),pi_1(1600)0 | pi_1(1600)+ | pi_1(1600)-,WIDTH,370+50-60,370+50-60,MeV,UNAVAILABLE_IN_SNAPSHOT,UNAVAILABLE_IN_SNAPSHOT,NONE,UNAVAILABLE,50.324516391842117,56.454714048381128,COMP-MESON,EXTERNAL_RECORD_ACCOUNTED__INDIVIDUAL_HMT_REALIZATION_NOT_YET_JOINED,named_meson_binding_map,ONLY_AFTER_INTERNAL_FREEZE,NO,2026,2026-01-15,40dc2587d9ae912d26fafb6b41f300f341d2a1f4bd620ff5b5f03827c39453fe
anchuras,292,EXTERNAL_WIDTH_INVENTORY,1,PDG2026:observable:M166:M166W:334721,h_1(1595) WIDTH,h_1(1595)0,WIDTH,380+90-120,380+90-120,MeV,UNAVAILABLE_IN_SNAPSHOT,UNAVAILABLE_IN_SNAPSHOT,NONE,UNAVAILABLE,92.195444572928878,116.61903789690599,COMP-MESON,EXTERNAL_RECORD_ACCOUNTED__INDIVIDUAL_HMT_REALIZATION_NOT_YET_JOINED,named_meson_binding_map,ONLY_AFTER_INTERNAL_FREEZE,NO,2026,2026-01-15,40dc2587d9ae912d26fafb6b41f300f341d2a1f4bd620ff5b5f03827c39453fe
anchuras,293,EXTERNAL_WIDTH_INVENTORY,1,PDG2026:observable:M168:M168W:335157,f_0(2100) WIDTH,f_0(2100)0,WIDTH,287+32-24,287+32-24,MeV,UNAVAILABLE_IN_SNAPSHOT,UNAVAILABLE_IN_SNAPSHOT,NONE,UNAVAILABLE,31.594915701364421,24.048675270055991,COMP-MESON,EXTERNAL_RECORD_ACCOUNTED__INDIVIDUAL_HMT_REALIZATION_NOT_YET_JOINED,named_meson_binding_map,ONLY_AFTER_INTERNAL_FREEZE,NO,2026,2026-01-15,40dc2587d9ae912d26fafb6b41f300f341d2a1f4bd620ff5b5f03827c39453fe
anchuras,294,EXTERNAL_WIDTH_INVENTORY,1,PDG2026:observable:M171:M171W:346826,eta_b(1S) WIDTH,eta_b(1S),WIDTH,10+5-4,10+5-4,MeV,UNAVAILABLE_IN_SNAPSHOT,UNAVAILABLE_IN_SNAPSHOT,NONE,UNAVAILABLE,4.7684157959520306,3.6148198760107491,COMP-MESON,EXTERNAL_RECORD_ACCOUNTED__INDIVIDUAL_HMT_REALIZATION_NOT_YET_JOINED,named_meson_binding_map,ONLY_AFTER_INTERNAL_FREEZE,NO,2026,2026-01-15,40dc2587d9ae912d26fafb6b41f300f341d2a1f4bd620ff5b5f03827c39453fe
anchuras,295,EXTERNAL_WIDTH_INVENTORY,1,PDG2026:observable:M172:M172W:338433,D_s0*(2317)+- WIDTH,D_s0^*(2317)+ | D_s0^*(2317)-,WIDTH,< 3.8,<3.8,MeV,UNAVAILABLE_IN_SNAPSHOT,UNAVAILABLE_IN_SNAPSHOT,U,95,NOT_APPLICABLE,NOT_APPLICABLE,COMP-MESON,EXTERNAL_RECORD_ACCOUNTED__INDIVIDUAL_HMT_REALIZATION_NOT_YET_JOINED,named_meson_binding_map,ONLY_AFTER_INTERNAL_FREEZE,NO,2026,2026-01-15,40dc2587d9ae912d26fafb6b41f300f341d2a1f4bd620ff5b5f03827c39453fe
anchuras,296,EXTERNAL_WIDTH_INVENTORY,1,PDG2026:observable:M173:M173W:338454,D_s1(2460)+- WIDTH,D_s1(2460)+ | D_s1(2460)-,WIDTH,< 3.5,<3.5,MeV,UNAVAILABLE_IN_SNAPSHOT,UNAVAILABLE_IN_SNAPSHOT,U,95,NOT_APPLICABLE,NOT_APPLICABLE,COMP-MESON,EXTERNAL_RECORD_ACCOUNTED__INDIVIDUAL_HMT_REALIZATION_NOT_YET_JOINED,named_meson_binding_map,ONLY_AFTER_INTERNAL_FREEZE,NO,2026,2026-01-15,40dc2587d9ae912d26fafb6b41f300f341d2a1f4bd620ff5b5f03827c39453fe
anchuras,297,EXTERNAL_WIDTH_INVENTORY,1,PDG2026:observable:M174:M174W:335787,K_0*(700) Breit-Wigner Width,K_0^*(700)0 | Kbar_0^*(700)0 | K_0^*(700)+ | K_0^*(700)-,WIDTH,463+-27,463+-27,MeV,UNAVAILABLE_IN_SNAPSHOT,UNAVAILABLE_IN_SNAPSHOT,NONE,UNAVAILABLE,28.018020010586849,25.969205598480212,COMP-MESON,EXTERNAL_RECORD_ACCOUNTED__INDIVIDUAL_HMT_REALIZATION_NOT_YET_JOINED,named_meson_binding_map,ONLY_AFTER_INTERNAL_FREEZE,NO,2026,2026-01-15,40dc2587d9ae912d26fafb6b41f300f341d2a1f4bd620ff5b5f03827c39453fe
anchuras,298,EXTERNAL_WIDTH_INVENTORY,1,PDG2026:observable:M175:M175W5:334617,eta(1475) WIDTH,eta(1475)0,WIDTH,96+-9,96+-9,MeV,UNAVAILABLE_IN_SNAPSHOT,UNAVAILABLE_IN_SNAPSHOT,NONE,UNAVAILABLE,9.1647781281613359,8.6589105601013205,COMP-MESON,EXTERNAL_RECORD_ACCOUNTED__INDIVIDUAL_HMT_REALIZATION_NOT_YET_JOINED,named_meson_binding_map,ONLY_AFTER_INTERNAL_FREEZE,NO,2026,2026-01-15,40dc2587d9ae912d26fafb6b41f300f341d2a1f4bd620ff5b5f03827c39453fe
anchuras,299,EXTERNAL_WIDTH_INVENTORY,1,PDG2026:observable:M176:M176W:346132,chi_c1(3872) WIDTH,chi_c1(3872),WIDTH,1.19+-0.21,1.19+-0.21,MeV,UNAVAILABLE_IN_SNAPSHOT,UNAVAILABLE_IN_SNAPSHOT,NONE,UNAVAILABLE,0.21446141015052739,0.21212796092607489,COMP-MESON,EXTERNAL_RECORD_ACCOUNTED__INDIVIDUAL_HMT_REALIZATION_NOT_YET_JOINED,named_meson_binding_map,ONLY_AFTER_INTERNAL_FREEZE,NO,2026,2026-01-15,40dc2587d9ae912d26fafb6b41f300f341d2a1f4bd620ff5b5f03827c39453fe
anchuras,300,EXTERNAL_WIDTH_INVENTORY,1,PDG2026:observable:M180:M180W:337828,D_1(2430)0 WIDTH,D_1(2430)0 | Dbar_1(2430)0,WIDTH,314+-29,314+-29,MeV,UNAVAILABLE_IN_SNAPSHOT,UNAVAILABLE_IN_SNAPSHOT,NONE,UNAVAILABLE,28.68695276836397,28.327914686041321,COMP-MESON,EXTERNAL_RECORD_ACCOUNTED__INDIVIDUAL_HMT_REALIZATION_NOT_YET_JOINED,named_meson_binding_map,ONLY_AFTER_INTERNAL_FREEZE,NO,2026,2026-01-15,40dc2587d9ae912d26fafb6b41f300f341d2a1f4bd620ff5b5f03827c39453fe
anchuras,301,EXTERNAL_WIDTH_INVENTORY,1,PDG2026:observable:M181:M181W:346636,psi(4360) WIDTH,psi(4360),WIDTH,124+-13,124+-13,MeV,UNAVAILABLE_IN_SNAPSHOT,UNAVAILABLE_IN_SNAPSHOT,NONE,UNAVAILABLE,13.061124706808121,13.28650418227447,COMP-MESON,EXTERNAL_RECORD_ACCOUNTED__INDIVIDUAL_HMT_REALIZATION_NOT_YET_JOINED,named_meson_binding_map,ONLY_AFTER_INTERNAL_FREEZE,NO,2026,2026-01-15,40dc2587d9ae912d26fafb6b41f300f341d2a1f4bd620ff5b5f03827c39453fe
anchuras,302,EXTERNAL_WIDTH_INVENTORY,1,PDG2026:observable:M182:M182W:338525,D_s1*(2700)+ WIDTH,D_s1^*(2700)+ | D_s1^*(2700)-,WIDTH,122+-10,122+-10,MeV,UNAVAILABLE_IN_SNAPSHOT,UNAVAILABLE_IN_SNAPSHOT,NONE,UNAVAILABLE,10.543417520412129,10.06094705301401,COMP-MESON,EXTERNAL_RECORD_ACCOUNTED__INDIVIDUAL_HMT_REALIZATION_NOT_YET_JOINED,named_meson_binding_map,ONLY_AFTER_INTERNAL_FREEZE,NO,2026,2026-01-15,40dc2587d9ae912d26fafb6b41f300f341d2a1f4bd620ff5b5f03827c39453fe
anchuras,303,EXTERNAL_WIDTH_INVENTORY,1,PDG2026:observable:M185:M185W:335044,pi_2(1880) WIDTH,pi_2(1880)0,WIDTH,237+33-30,237+33-30,MeV,UNAVAILABLE_IN_SNAPSHOT,UNAVAILABLE_IN_SNAPSHOT,NONE,UNAVAILABLE,33.317197463990517,29.502658037886111,COMP-MESON,EXTERNAL_RECORD_ACCOUNTED__INDIVIDUAL_HMT_REALIZATION_NOT_YET_JOINED,named_meson_binding_map,ONLY_AFTER_INTERNAL_FREEZE,NO,2026,2026-01-15,40dc2587d9ae912d26fafb6b41f300f341d2a1f4bd620ff5b5f03827c39453fe
anchuras,304,EXTERNAL_WIDTH_INVENTORY,1,PDG2026:observable:M186:M186W:343141,B_s2*(5840)0 WIDTH,B_s2^*(5840)0 | Bbar_s2^*(5840)0,WIDTH,1.49+-0.27,1.49+-0.27,MeV,UNAVAILABLE_IN_SNAPSHOT,UNAVAILABLE_IN_SNAPSHOT,NONE,UNAVAILABLE,0.26660479598163422,0.26660479598163422,COMP-MESON,EXTERNAL_RECORD_ACCOUNTED__INDIVIDUAL_HMT_REALIZATION_NOT_YET_JOINED,named_meson_binding_map,ONLY_AFTER_INTERNAL_FREEZE,NO,2026,2026-01-15,40dc2587d9ae912d26fafb6b41f300f341d2a1f4bd620ff5b5f03827c39453fe
anchuras,305,EXTERNAL_WIDTH_INVENTORY,1,PDG2026:observable:M187:M187W:343133,B_s1(5830)0 WIDTH,B_s1(5830)0 | Bbar_s1(5830)0,WIDTH,0.5+-0.4,0.5+-0.4,MeV,UNAVAILABLE_IN_SNAPSHOT,UNAVAILABLE_IN_SNAPSHOT,NONE,UNAVAILABLE,0.42426406871192851,0.42426406871192851,COMP-MESON,EXTERNAL_RECORD_ACCOUNTED__INDIVIDUAL_HMT_REALIZATION_NOT_YET_JOINED,named_meson_binding_map,ONLY_AFTER_INTERNAL_FREEZE,NO,2026,2026-01-15,40dc2587d9ae912d26fafb6b41f300f341d2a1f4bd620ff5b5f03827c39453fe
anchuras,306,EXTERNAL_WIDTH_INVENTORY,1,PDG2026:observable:M188:M188W:334715,rho(1570) WIDTH,rho(1570)0,WIDTH,140+-90,140+-90,MeV,UNAVAILABLE_IN_SNAPSHOT,UNAVAILABLE_IN_SNAPSHOT,NONE,UNAVAILABLE,86.452298986203942,86.452298986203942,COMP-MESON,EXTERNAL_RECORD_ACCOUNTED__INDIVIDUAL_HMT_REALIZATION_NOT_YET_JOINED,named_meson_binding_map,ONLY_AFTER_INTERNAL_FREEZE,NO,2026,2026-01-15,40dc2587d9ae912d26fafb6b41f300f341d2a1f4bd620ff5b5f03827c39453fe
anchuras,307,EXTERNAL_WIDTH_INVENTORY,1,PDG2026:observable:M189:M189W:346768,psi(4660) WIDTH,psi(4660),WIDTH,55+-9,55+-9,MeV,UNAVAILABLE_IN_SNAPSHOT,UNAVAILABLE_IN_SNAPSHOT,NONE,UNAVAILABLE,8.889722918699217,8.4099139618655006,COMP-MESON,EXTERNAL_RECORD_ACCOUNTED__INDIVIDUAL_HMT_REALIZATION_NOT_YET_JOINED,named_meson_binding_map,ONLY_AFTER_INTERNAL_FREEZE,NO,2026,2026-01-15,40dc2587d9ae912d26fafb6b41f300f341d2a1f4bd620ff5b5f03827c39453fe
anchuras,308,EXTERNAL_WIDTH_INVENTORY,1,PDG2026:observable:M190:M190W:346452,X(4160) WIDTH,X(4160),WIDTH,136+60-35,136+60-35,MeV,UNAVAILABLE_IN_SNAPSHOT,UNAVAILABLE_IN_SNAPSHOT,NONE,UNAVAILABLE,56.539220923817354,34.625230725662142,COMP-MESON,EXTERNAL_RECORD_ACCOUNTED__INDIVIDUAL_HMT_REALIZATION_NOT_YET_JOINED,named_meson_binding_map,ONLY_AFTER_INTERNAL_FREEZE,NO,2026,2026-01-15,40dc2587d9ae912d26fafb6b41f300f341d2a1f4bd620ff5b5f03827c39453fe
anchuras,309,EXTERNAL_WIDTH_INVENTORY,1,PDG2026:observable:M191:M191W:347991,T_c_cbar(4050)+ WIDTH,T_c_cbar(4050)+,WIDTH,82+50-28,82+50-28,MeV,UNAVAILABLE_IN_SNAPSHOT,UNAVAILABLE_IN_SNAPSHOT,NONE,UNAVAILABLE,51.478150704934997,27.802877548915689,COMP-MESON,EXTERNAL_RECORD_ACCOUNTED__INDIVIDUAL_HMT_REALIZATION_NOT_YET_JOINED,named_meson_binding_map,ONLY_AFTER_INTERNAL_FREEZE,NO,2026,2026-01-15,40dc2587d9ae912d26fafb6b41f300f341d2a1f4bd620ff5b5f03827c39453fe
anchuras,310,EXTERNAL_WIDTH_INVENTORY,1,PDG2026:observable:M192:M192W:348027,T_c_cbar(4250)+ WIDTH,T_c_cbar(4250)+,WIDTH,180+320-70,180+320-70,MeV,UNAVAILABLE_IN_SNAPSHOT,UNAVAILABLE_IN_SNAPSHOT,NONE,UNAVAILABLE,320.58072306363027,72.401657439591816,COMP-MESON,EXTERNAL_RECORD_ACCOUNTED__INDIVIDUAL_HMT_REALIZATION_NOT_YET_JOINED,named_meson_binding_map,ONLY_AFTER_INTERNAL_FREEZE,NO,2026,2026-01-15,40dc2587d9ae912d26fafb6b41f300f341d2a1f4bd620ff5b5f03827c39453fe
anchuras,311,EXTERNAL_WIDTH_INVENTORY,1,PDG2026:observable:M193:M193W:346337,chi_c1(4140) WIDTH,chi_c1(4140),WIDTH,19+7-5,19+7-5,MeV,UNAVAILABLE_IN_SNAPSHOT,UNAVAILABLE_IN_SNAPSHOT,NONE,UNAVAILABLE,6.5586673407753064,5.2758202510488337,COMP-MESON,EXTERNAL_RECORD_ACCOUNTED__INDIVIDUAL_HMT_REALIZATION_NOT_YET_JOINED,named_meson_binding_map,ONLY_AFTER_INTERNAL_FREEZE,NO,2026,2026-01-15,40dc2587d9ae912d26fafb6b41f300f341d2a1f4bd620ff5b5f03827c39453fe
anchuras,312,EXTERNAL_WIDTH_INVENTORY,1,PDG2026:observable:M194:M194W:346629,X(4350) WIDTH,X(4350),WIDTH,13+18-10,13+18-10,MeV,UNAVAILABLE_IN_SNAPSHOT,UNAVAILABLE_IN_SNAPSHOT,NONE,UNAVAILABLE,18.439088914585771,9.8488578017961039,COMP-MESON,EXTERNAL_RECORD_ACCOUNTED__INDIVIDUAL_HMT_REALIZATION_NOT_YET_JOINED,named_meson_binding_map,ONLY_AFTER_INTERNAL_FREEZE,NO,2026,2026-01-15,40dc2587d9ae912d26fafb6b41f300f341d2a1f4bd620ff5b5f03827c39453fe
anchuras,313,EXTERNAL_WIDTH_INVENTORY,1,PDG2026:observable:M195:M195W:348031,T_c_cbar_1(4430)+ WIDTH,T_c_cbar_1(4430)+,WIDTH,189+-29,189+-29,MeV,UNAVAILABLE_IN_SNAPSHOT,UNAVAILABLE_IN_SNAPSHOT,NONE,UNAVAILABLE,28.960862620750699,29.212281692432189,COMP-MESON,EXTERNAL_RECORD_ACCOUNTED__INDIVIDUAL_HMT_REALIZATION_NOT_YET_JOINED,named_meson_binding_map,ONLY_AFTER_INTERNAL_FREEZE,NO,2026,2026-01-15,40dc2587d9ae912d26fafb6b41f300f341d2a1f4bd620ff5b5f03827c39453fe
anchuras,314,EXTERNAL_WIDTH_INVENTORY,1,PDG2026:observable:M196:M196W:338534,D_s1*(2860)+ WIDTH,D_s1^*(2860)+ | D_s1^*(2860)-,WIDTH,160+-80,160+-80,MeV,UNAVAILABLE_IN_SNAPSHOT,UNAVAILABLE_IN_SNAPSHOT,NONE,UNAVAILABLE,80.361682411457764,80.361682411457764,COMP-MESON,EXTERNAL_RECORD_ACCOUNTED__INDIVIDUAL_HMT_REALIZATION_NOT_YET_JOINED,named_meson_binding_map,ONLY_AFTER_INTERNAL_FREEZE,NO,2026,2026-01-15,40dc2587d9ae912d26fafb6b41f300f341d2a1f4bd620ff5b5f03827c39453fe
anchuras,315,EXTERNAL_WIDTH_INVENTORY,1,PDG2026:observable:M197:M197W:338545,D_sJ(3040)+ WIDTH,D_sJ(3040)+ | D_sJ(3040)-,WIDTH,240+-60,240+-60,MeV,UNAVAILABLE_IN_SNAPSHOT,UNAVAILABLE_IN_SNAPSHOT,NONE,UNAVAILABLE,57.801384066473702,54.671747731346578,COMP-MESON,EXTERNAL_RECORD_ACCOUNTED__INDIVIDUAL_HMT_REALIZATION_NOT_YET_JOINED,named_meson_binding_map,ONLY_AFTER_INTERNAL_FREEZE,NO,2026,2026-01-15,40dc2587d9ae912d26fafb6b41f300f341d2a1f4bd620ff5b5f03827c39453fe
anchuras,316,EXTERNAL_WIDTH_INVENTORY,1,PDG2026:observable:M198:M198W:337844,D_0(2550)0 WIDTH,D_0(2550)0 | Dbar_0(2550)0 | D_0(2550)+ | D_0(2550)-,WIDTH,165+-24,165+-24,MeV,UNAVAILABLE_IN_SNAPSHOT,UNAVAILABLE_IN_SNAPSHOT,NONE,UNAVAILABLE,23.747553397709549,23.747553397709549,COMP-MESON,EXTERNAL_RECORD_ACCOUNTED__INDIVIDUAL_HMT_REALIZATION_NOT_YET_JOINED,named_meson_binding_map,ONLY_AFTER_INTERNAL_FREEZE,NO,2026,2026-01-15,40dc2587d9ae912d26fafb6b41f300f341d2a1f4bd620ff5b5f03827c39453fe
anchuras,317,EXTERNAL_WIDTH_INVENTORY,1,PDG2026:observable:M199:M199W:337847,D_1*(2600)0 WIDTH,D_1^*(2600)0 | Dbar_1^*(2600)0 | D_1^*(2600)+ | D_1^*(2600)-,WIDTH,141+-23,141+-23,MeV,UNAVAILABLE_IN_SNAPSHOT,UNAVAILABLE_IN_SNAPSHOT,NONE,UNAVAILABLE,22.836524044183388,22.836524044183388,COMP-MESON,EXTERNAL_RECORD_ACCOUNTED__INDIVIDUAL_HMT_REALIZATION_NOT_YET_JOINED,named_meson_binding_map,ONLY_AFTER_INTERNAL_FREEZE,NO,2026,2026-01-15,40dc2587d9ae912d26fafb6b41f300f341d2a1f4bd620ff5b5f03827c39453fe
anchuras,318,EXTERNAL_WIDTH_INVENTORY,1,PDG2026:observable:M200:M200W:347283,eta_b(2S) WIDTH,eta_b(2S),WIDTH,< 24,<24,MeV,UNAVAILABLE_IN_SNAPSHOT,UNAVAILABLE_IN_SNAPSHOT,U,90,NOT_APPLICABLE,NOT_APPLICABLE,COMP-MESON,EXTERNAL_RECORD_ACCOUNTED__INDIVIDUAL_HMT_REALIZATION_NOT_YET_JOINED,named_meson_binding_map,ONLY_AFTER_INTERNAL_FREEZE,NO,2026,2026-01-15,40dc2587d9ae912d26fafb6b41f300f341d2a1f4bd620ff5b5f03827c39453fe
anchuras,319,EXTERNAL_WIDTH_INVENTORY,1,PDG2026:observable:M203:M203W:337861,D_3*(2750) WIDTH,D_3^*(2750)0 | Dbar_3^*(2750)0 | D_3^*(2750)+ | D_3^*(2750)-,WIDTH,66+-5,66+-5,MeV,UNAVAILABLE_IN_SNAPSHOT,UNAVAILABLE_IN_SNAPSHOT,NONE,UNAVAILABLE,4.6026930917312541,4.6026930917312541,COMP-MESON,EXTERNAL_RECORD_ACCOUNTED__INDIVIDUAL_HMT_REALIZATION_NOT_YET_JOINED,named_meson_binding_map,ONLY_AFTER_INTERNAL_FREEZE,NO,2026,2026-01-15,40dc2587d9ae912d26fafb6b41f300f341d2a1f4bd620ff5b5f03827c39453fe
anchuras,320,EXTERNAL_WIDTH_INVENTORY,1,PDG2026:observable:M207:M207W:348054,T_b_bbar_1(10610)+- WIDTH,T_b_bbar_1(10610)+,WIDTH,18.4+-2.4,18.4+-2.4,MeV,UNAVAILABLE_IN_SNAPSHOT,UNAVAILABLE_IN_SNAPSHOT,NONE,UNAVAILABLE,2.3999999999999999,2.3999999999999999,COMP-MESON,EXTERNAL_RECORD_ACCOUNTED__INDIVIDUAL_HMT_REALIZATION_NOT_YET_JOINED,named_meson_binding_map,ONLY_AFTER_INTERNAL_FREEZE,NO,2026,2026-01-15,40dc2587d9ae912d26fafb6b41f300f341d2a1f4bd620ff5b5f03827c39453fe
anchuras,321,EXTERNAL_WIDTH_INVENTORY,1,PDG2026:observable:M208:M208W:348076,T_b_bbar_1(10650)+ WIDTH,T_b_bbar_1(10650)+,WIDTH,11.5+-2.2,11.5+-2.2,MeV,UNAVAILABLE_IN_SNAPSHOT,UNAVAILABLE_IN_SNAPSHOT,NONE,UNAVAILABLE,2.2000000000000002,2.2000000000000002,COMP-MESON,EXTERNAL_RECORD_ACCOUNTED__INDIVIDUAL_HMT_REALIZATION_NOT_YET_JOINED,named_meson_binding_map,ONLY_AFTER_INTERNAL_FREEZE,NO,2026,2026-01-15,40dc2587d9ae912d26fafb6b41f300f341d2a1f4bd620ff5b5f03827c39453fe
anchuras,322,EXTERNAL_WIDTH_INVENTORY,1,PDG2026:observable:M210:M210W:347939,T_c_cbar_1(3900) WIDTH,T_c_cbar_1(3900)+,WIDTH,29.5+-2.4,29.5+-2.4,MeV,UNAVAILABLE_IN_SNAPSHOT,UNAVAILABLE_IN_SNAPSHOT,NONE,UNAVAILABLE,2.425749286587477,2.4174014844353149,COMP-MESON,EXTERNAL_RECORD_ACCOUNTED__INDIVIDUAL_HMT_REALIZATION_NOT_YET_JOINED,named_meson_binding_map,ONLY_AFTER_INTERNAL_FREEZE,NO,2026,2026-01-15,40dc2587d9ae912d26fafb6b41f300f341d2a1f4bd620ff5b5f03827c39453fe
anchuras,323,EXTERNAL_WIDTH_INVENTORY,1,PDG2026:observable:M212:M212W:346101,psi_2(3823) WIDTH,psi_2(3823),WIDTH,< 2.9,<2.9,MeV,UNAVAILABLE_IN_SNAPSHOT,UNAVAILABLE_IN_SNAPSHOT,U,90,NOT_APPLICABLE,NOT_APPLICABLE,COMP-MESON,EXTERNAL_RECORD_ACCOUNTED__INDIVIDUAL_HMT_REALIZATION_NOT_YET_JOINED,named_meson_binding_map,ONLY_AFTER_INTERNAL_FREEZE,NO,2026,2026-01-15,40dc2587d9ae912d26fafb6b41f300f341d2a1f4bd620ff5b5f03827c39453fe
anchuras,324,EXTERNAL_WIDTH_INVENTORY,1,PDG2026:observable:M213:M213W:347977,T_c_cbar(4020) WIDTH,T_c_cbar(4020)+,WIDTH,13+-5,13+-5,MeV,UNAVAILABLE_IN_SNAPSHOT,UNAVAILABLE_IN_SNAPSHOT,NONE,UNAVAILABLE,5.2742104610962652,5.2742104610962652,COMP-MESON,EXTERNAL_RECORD_ACCOUNTED__INDIVIDUAL_HMT_REALIZATION_NOT_YET_JOINED,named_meson_binding_map,ONLY_AFTER_INTERNAL_FREEZE,NO,2026,2026-01-15,40dc2587d9ae912d26fafb6b41f300f341d2a1f4bd620ff5b5f03827c39453fe
anchuras,325,EXTERNAL_WIDTH_INVENTORY,1,PDG2026:observable:M216:M216W:348023,T_c_cbar_0(4240)+ WIDTH,T_c_cbar_0(4240)0,WIDTH,220+120-90,220+120-90,MeV,UNAVAILABLE_IN_SNAPSHOT,UNAVAILABLE_IN_SNAPSHOT,NONE,UNAVAILABLE,117.78370006074699,87.664131775772461,COMP-MESON,EXTERNAL_RECORD_ACCOUNTED__INDIVIDUAL_HMT_REALIZATION_NOT_YET_JOINED,named_meson_binding_map,ONLY_AFTER_INTERNAL_FREEZE,NO,2026,2026-01-15,40dc2587d9ae912d26fafb6b41f300f341d2a1f4bd620ff5b5f03827c39453fe
anchuras,326,EXTERNAL_WIDTH_INVENTORY,1,PDG2026:observable:M223:M223W:348001,T_c_cbar(4055)+ WIDTH,T_c_cbar(4055)+,WIDTH,45+-13,45+-13,MeV,UNAVAILABLE_IN_SNAPSHOT,UNAVAILABLE_IN_SNAPSHOT,NONE,UNAVAILABLE,12.529964086141669,12.529964086141669,COMP-MESON,EXTERNAL_RECORD_ACCOUNTED__INDIVIDUAL_HMT_REALIZATION_NOT_YET_JOINED,named_meson_binding_map,ONLY_AFTER_INTERNAL_FREEZE,NO,2026,2026-01-15,40dc2587d9ae912d26fafb6b41f300f341d2a1f4bd620ff5b5f03827c39453fe
anchuras,327,EXTERNAL_WIDTH_INVENTORY,1,PDG2026:observable:M226:M226W:338536,D_s3*(2860)+ WIDTH,D_s3^*(2860)+ | D_s3^*(2860)-,WIDTH,53+-10,53+-10,MeV,UNAVAILABLE_IN_SNAPSHOT,UNAVAILABLE_IN_SNAPSHOT,NONE,UNAVAILABLE,9.8994949366116654,9.8994949366116654,COMP-MESON,EXTERNAL_RECORD_ACCOUNTED__INDIVIDUAL_HMT_REALIZATION_NOT_YET_JOINED,named_meson_binding_map,ONLY_AFTER_INTERNAL_FREEZE,NO,2026,2026-01-15,40dc2587d9ae912d26fafb6b41f300f341d2a1f4bd620ff5b5f03827c39453fe
anchuras,328,EXTERNAL_WIDTH_INVENTORY,1,PDG2026:observable:M227:M227W:335071,a_0(1950) WIDTH,a_0(1950)0,WIDTH,270+-40,270+-40,MeV,UNAVAILABLE_IN_SNAPSHOT,UNAVAILABLE_IN_SNAPSHOT,NONE,UNAVAILABLE,36.400549446402593,36.400549446402593,COMP-MESON,EXTERNAL_RECORD_ACCOUNTED__INDIVIDUAL_HMT_REALIZATION_NOT_YET_JOINED,named_meson_binding_map,ONLY_AFTER_INTERNAL_FREEZE,NO,2026,2026-01-15,40dc2587d9ae912d26fafb6b41f300f341d2a1f4bd620ff5b5f03827c39453fe
anchuras,329,EXTERNAL_WIDTH_INVENTORY,1,PDG2026:observable:M228:M228W:337858,D_2(2740)0 WIDTH,D_2(2740)0 | Dbar_2(2740)0 | D_2(2740)+ | D_2(2740)-,WIDTH,88+-19,88+-19,MeV,UNAVAILABLE_IN_SNAPSHOT,UNAVAILABLE_IN_SNAPSHOT,NONE,UNAVAILABLE,19.435218021172709,19.435218021172709,COMP-MESON,EXTERNAL_RECORD_ACCOUNTED__INDIVIDUAL_HMT_REALIZATION_NOT_YET_JOINED,named_meson_binding_map,ONLY_AFTER_INTERNAL_FREEZE,NO,2026,2026-01-15,40dc2587d9ae912d26fafb6b41f300f341d2a1f4bd620ff5b5f03827c39453fe
anchuras,330,EXTERNAL_WIDTH_INVENTORY,1,PDG2026:observable:M229:M229W:337873,D_2*(3000)0 WIDTH,D_2^*(3000)0 | Dbar_2^*(3000)0 | D_2^*(3000)+ | D_2^*(3000)-,WIDTH,190+-80,190+-80,MeV,UNAVAILABLE_IN_SNAPSHOT,UNAVAILABLE_IN_SNAPSHOT,NONE,UNAVAILABLE,81.412529748190479,81.412529748190479,COMP-MESON,EXTERNAL_RECORD_ACCOUNTED__INDIVIDUAL_HMT_REALIZATION_NOT_YET_JOINED,named_meson_binding_map,ONLY_AFTER_INTERNAL_FREEZE,NO,2026,2026-01-15,40dc2587d9ae912d26fafb6b41f300f341d2a1f4bd620ff5b5f03827c39453fe
anchuras,331,EXTERNAL_WIDTH_INVENTORY,1,PDG2026:observable:M231:M231W:348013,T_c_cbar_1(4200)+ WIDTH,T_c_cbar_1(4200)+,WIDTH,310+-40,310+-40,MeV,UNAVAILABLE_IN_SNAPSHOT,UNAVAILABLE_IN_SNAPSHOT,NONE,UNAVAILABLE,35.260965800649629,36.587057375401727,COMP-MESON,EXTERNAL_RECORD_ACCOUNTED__INDIVIDUAL_HMT_REALIZATION_NOT_YET_JOINED,named_meson_binding_map,ONLY_AFTER_INTERNAL_FREEZE,NO,2026,2026-01-15,40dc2587d9ae912d26fafb6b41f300f341d2a1f4bd620ff5b5f03827c39453fe
anchuras,332,EXTERNAL_WIDTH_INVENTORY,1,PDG2026:observable:M232:M232W:348037,T_b_sbar(5568)+ WIDTH,T_b_sbar(5568)+,WIDTH,19+9-7,19+9-7,MeV,UNAVAILABLE_IN_SNAPSHOT,UNAVAILABLE_IN_SNAPSHOT,NONE,UNAVAILABLE,8.6406018308911801,7.1867934435323786,COMP-MESON,EXTERNAL_RECORD_ACCOUNTED__INDIVIDUAL_HMT_REALIZATION_NOT_YET_JOINED,named_meson_binding_map,ONLY_AFTER_INTERNAL_FREEZE,NO,2026,2026-01-15,40dc2587d9ae912d26fafb6b41f300f341d2a1f4bd620ff5b5f03827c39453fe
anchuras,333,EXTERNAL_WIDTH_INVENTORY,1,PDG2026:observable:M233:M233W:346625,chi_c1(4274) WIDTH,chi_c1(4274),WIDTH,54+-8,54+-8,MeV,UNAVAILABLE_IN_SNAPSHOT,UNAVAILABLE_IN_SNAPSHOT,NONE,UNAVAILABLE,8.1968525494933324,7.7933837739246821,COMP-MESON,EXTERNAL_RECORD_ACCOUNTED__INDIVIDUAL_HMT_REALIZATION_NOT_YET_JOINED,named_meson_binding_map,ONLY_AFTER_INTERNAL_FREEZE,NO,2026,2026-01-15,40dc2587d9ae912d26fafb6b41f300f341d2a1f4bd620ff5b5f03827c39453fe
anchuras,334,EXTERNAL_WIDTH_INVENTORY,1,PDG2026:observable:M234:M234W:346756,chi_c0(4500) WIDTH,chi_c0(4500),WIDTH,87+30-24,87+30-24,MeV,UNAVAILABLE_IN_SNAPSHOT,UNAVAILABLE_IN_SNAPSHOT,NONE,UNAVAILABLE,29.927160405061439,24.399652435665001,COMP-MESON,EXTERNAL_RECORD_ACCOUNTED__INDIVIDUAL_HMT_REALIZATION_NOT_YET_JOINED,named_meson_binding_map,ONLY_AFTER_INTERNAL_FREEZE,NO,2026,2026-01-15,40dc2587d9ae912d26fafb6b41f300f341d2a1f4bd620ff5b5f03827c39453fe
anchuras,335,EXTERNAL_WIDTH_INVENTORY,1,PDG2026:observable:M235:M235W:346817,chi_c0(4700) WIDTH,chi_c0(4700),WIDTH,78+15-11,78+15-11,MeV,UNAVAILABLE_IN_SNAPSHOT,UNAVAILABLE_IN_SNAPSHOT,NONE,UNAVAILABLE,14.53972996408401,10.852931317094249,COMP-MESON,EXTERNAL_RECORD_ACCOUNTED__INDIVIDUAL_HMT_REALIZATION_NOT_YET_JOINED,named_meson_binding_map,ONLY_AFTER_INTERNAL_FREEZE,NO,2026,2026-01-15,40dc2587d9ae912d26fafb6b41f300f341d2a1f4bd620ff5b5f03827c39453fe
anchuras,336,EXTERNAL_WIDTH_INVENTORY,1,PDG2026:observable:M237:M237W:346123,chi_c0(3860) WIDTH,chi_c0(3860),WIDTH,200+180-110,200+180-110,MeV,UNAVAILABLE_IN_SNAPSHOT,UNAVAILABLE_IN_SNAPSHOT,NONE,UNAVAILABLE,177.36967046256811,105.89145385724009,COMP-MESON,EXTERNAL_RECORD_ACCOUNTED__INDIVIDUAL_HMT_REALIZATION_NOT_YET_JOINED,named_meson_binding_map,ONLY_AFTER_INTERNAL_FREEZE,NO,2026,2026-01-15,40dc2587d9ae912d26fafb6b41f300f341d2a1f4bd620ff5b5f03827c39453fe
anchuras,337,EXTERNAL_WIDTH_INVENTORY,1,PDG2026:observable:M239:M239W:335107,pi_2(2005) WIDTH,pi_2(2005)0,WIDTH,370+16-90,370+16-90,MeV,UNAVAILABLE_IN_SNAPSHOT,UNAVAILABLE_IN_SNAPSHOT,NONE,UNAVAILABLE,15.91185264772162,94.13731621266399,COMP-MESON,EXTERNAL_RECORD_ACCOUNTED__INDIVIDUAL_HMT_REALIZATION_NOT_YET_JOINED,named_meson_binding_map,ONLY_AFTER_INTERNAL_FREEZE,NO,2026,2026-01-15,40dc2587d9ae912d26fafb6b41f300f341d2a1f4bd620ff5b5f03827c39453fe
anchuras,338,EXTERNAL_WIDTH_INVENTORY,1,PDG2026:observable:M240:M240W:348007,T_c_cbar(4100)+ WIDTH,T_c_cbar(4100)+,WIDTH,150+80-70,150+80-70,MeV,UNAVAILABLE_IN_SNAPSHOT,UNAVAILABLE_IN_SNAPSHOT,NONE,UNAVAILABLE,83.450584180100265,67.742158217759794,COMP-MESON,EXTERNAL_RECORD_ACCOUNTED__INDIVIDUAL_HMT_REALIZATION_NOT_YET_JOINED,named_meson_binding_map,ONLY_AFTER_INTERNAL_FREEZE,NO,2026,2026-01-15,40dc2587d9ae912d26fafb6b41f300f341d2a1f4bd620ff5b5f03827c39453fe
anchuras,339,EXTERNAL_WIDTH_INVENTORY,1,PDG2026:observable:M241:M241W:346117,psi_3(3842) WIDTH,psi_3(3842),WIDTH,2.8+-0.6,2.8+-0.6,MeV,UNAVAILABLE_IN_SNAPSHOT,UNAVAILABLE_IN_SNAPSHOT,NONE,UNAVAILABLE,0.61854668376768462,0.61854668376768462,COMP-MESON,EXTERNAL_RECORD_ACCOUNTED__INDIVIDUAL_HMT_REALIZATION_NOT_YET_JOINED,named_meson_binding_map,ONLY_AFTER_INTERNAL_FREEZE,NO,2026,2026-01-15,40dc2587d9ae912d26fafb6b41f300f341d2a1f4bd620ff5b5f03827c39453fe
anchuras,340,EXTERNAL_WIDTH_INVENTORY,1,PDG2026:observable:M243:M243W:347801,Upsilon(10753) WIDTH,Upsilon(10753),WIDTH,29+-9,29+-9,MeV,UNAVAILABLE_IN_SNAPSHOT,UNAVAILABLE_IN_SNAPSHOT,NONE,UNAVAILABLE,8.8814413244698081,8.8814413244698081,COMP-MESON,EXTERNAL_RECORD_ACCOUNTED__INDIVIDUAL_HMT_REALIZATION_NOT_YET_JOINED,named_meson_binding_map,ONLY_AFTER_INTERNAL_FREEZE,NO,2026,2026-01-15,40dc2587d9ae912d26fafb6b41f300f341d2a1f4bd620ff5b5f03827c39453fe
anchuras,341,EXTERNAL_WIDTH_INVENTORY,1,PDG2026:observable:M244:M244W+:342547,B_1(5721)+ width,B_1(5721)0 | Bbar_1(5721)0 | B_1(5721)+ | B_1(5721)-,WIDTH,31+-6,31+-6,MeV,UNAVAILABLE_IN_SNAPSHOT,UNAVAILABLE_IN_SNAPSHOT,NONE,UNAVAILABLE,5.84704469385892,6.0921042006092243,COMP-MESON,EXTERNAL_RECORD_ACCOUNTED__INDIVIDUAL_HMT_REALIZATION_NOT_YET_JOINED,named_meson_binding_map,ONLY_AFTER_INTERNAL_FREEZE,NO,2026,2026-01-15,40dc2587d9ae912d26fafb6b41f300f341d2a1f4bd620ff5b5f03827c39453fe
anchuras,342,EXTERNAL_WIDTH_INVENTORY,1,PDG2026:observable:M244:M244W0:342548,B_1(5721)0 width,B_1(5721)0 | Bbar_1(5721)0 | B_1(5721)+ | B_1(5721)-,WIDTH,27.5+-3.4,27.5+-3.4,MeV,UNAVAILABLE_IN_SNAPSHOT,UNAVAILABLE_IN_SNAPSHOT,NONE,UNAVAILABLE,3.4222778451865001,3.4222778451865001,COMP-MESON,EXTERNAL_RECORD_ACCOUNTED__INDIVIDUAL_HMT_REALIZATION_NOT_YET_JOINED,named_meson_binding_map,ONLY_AFTER_INTERNAL_FREEZE,NO,2026,2026-01-15,40dc2587d9ae912d26fafb6b41f300f341d2a1f4bd620ff5b5f03827c39453fe
anchuras,343,EXTERNAL_WIDTH_INVENTORY,1,PDG2026:observable:M245:M245W+:342564,B_2*(5747)+ width,B_2^*(5747)0 | Bbar_2^*(5747)0 | B_2^*(5747)+ | B_2^*(5747)-,WIDTH,20+-5,20+-5,MeV,UNAVAILABLE_IN_SNAPSHOT,UNAVAILABLE_IN_SNAPSHOT,NONE,UNAVAILABLE,5.4684229158432851,5.4684229158432851,COMP-MESON,EXTERNAL_RECORD_ACCOUNTED__INDIVIDUAL_HMT_REALIZATION_NOT_YET_JOINED,named_meson_binding_map,ONLY_AFTER_INTERNAL_FREEZE,NO,2026,2026-01-15,40dc2587d9ae912d26fafb6b41f300f341d2a1f4bd620ff5b5f03827c39453fe
anchuras,344,EXTERNAL_WIDTH_INVENTORY,1,PDG2026:observable:M245:M245W0:342565,B_2*(5747)0 width,B_2^*(5747)0 | Bbar_2^*(5747)0 | B_2^*(5747)+ | B_2^*(5747)-,WIDTH,24.2+-1.7,24.2+-1.7,MeV,UNAVAILABLE_IN_SNAPSHOT,UNAVAILABLE_IN_SNAPSHOT,NONE,UNAVAILABLE,1.6959086634280349,1.7095264315461871,COMP-MESON,EXTERNAL_RECORD_ACCOUNTED__INDIVIDUAL_HMT_REALIZATION_NOT_YET_JOINED,named_meson_binding_map,ONLY_AFTER_INTERNAL_FREEZE,NO,2026,2026-01-15,40dc2587d9ae912d26fafb6b41f300f341d2a1f4bd620ff5b5f03827c39453fe
anchuras,345,EXTERNAL_WIDTH_INVENTORY,1,PDG2026:observable:M246:M246W+:342577,B_J(5840)+ WIDTH,B_J(5840)0 | Bbar_J(5840)0 | B_J(5840)+ | B_J(5840)-,WIDTH,220+-80,220+-80,MeV,UNAVAILABLE_IN_SNAPSHOT,UNAVAILABLE_IN_SNAPSHOT,NONE,UNAVAILABLE,83.522452071284405,83.522452071284405,COMP-MESON,EXTERNAL_RECORD_ACCOUNTED__INDIVIDUAL_HMT_REALIZATION_NOT_YET_JOINED,named_meson_binding_map,ONLY_AFTER_INTERNAL_FREEZE,NO,2026,2026-01-15,40dc2587d9ae912d26fafb6b41f300f341d2a1f4bd620ff5b5f03827c39453fe
anchuras,346,EXTERNAL_WIDTH_INVENTORY,1,PDG2026:observable:M246:M246W0:342578,B_J(5840)0 WIDTH,B_J(5840)0 | Bbar_J(5840)0 | B_J(5840)+ | B_J(5840)-,WIDTH,130+-40,130+-40,MeV,UNAVAILABLE_IN_SNAPSHOT,UNAVAILABLE_IN_SNAPSHOT,NONE,UNAVAILABLE,38.013155617496423,38.013155617496423,COMP-MESON,EXTERNAL_RECORD_ACCOUNTED__INDIVIDUAL_HMT_REALIZATION_NOT_YET_JOINED,named_meson_binding_map,ONLY_AFTER_INTERNAL_FREEZE,NO,2026,2026-01-15,40dc2587d9ae912d26fafb6b41f300f341d2a1f4bd620ff5b5f03827c39453fe
anchuras,347,EXTERNAL_WIDTH_INVENTORY,1,PDG2026:observable:M247:M247W:335262,eta(2370) WIDTH,eta(2370)0,WIDTH,148+80-28,148+80-28,MeV,UNAVAILABLE_IN_SNAPSHOT,UNAVAILABLE_IN_SNAPSHOT,NONE,UNAVAILABLE,77.222243700673161,28.36717772063778,COMP-MESON,EXTERNAL_RECORD_ACCOUNTED__INDIVIDUAL_HMT_REALIZATION_NOT_YET_JOINED,named_meson_binding_map,ONLY_AFTER_INTERNAL_FREEZE,NO,2026,2026-01-15,40dc2587d9ae912d26fafb6b41f300f341d2a1f4bd620ff5b5f03827c39453fe
anchuras,348,EXTERNAL_WIDTH_INVENTORY,1,PDG2026:observable:M248:M248W+:342589,B_J(5970)+ WIDTH,B_J(5970)0 | Bbar_J(5970)0 | B_J(5970)+ | B_J(5970)-,WIDTH,62+-20,62+-20,MeV,UNAVAILABLE_IN_SNAPSHOT,UNAVAILABLE_IN_SNAPSHOT,NONE,UNAVAILABLE,20.648092630154419,20.22152574413818,COMP-MESON,EXTERNAL_RECORD_ACCOUNTED__INDIVIDUAL_HMT_REALIZATION_NOT_YET_JOINED,named_meson_binding_map,ONLY_AFTER_INTERNAL_FREEZE,NO,2026,2026-01-15,40dc2587d9ae912d26fafb6b41f300f341d2a1f4bd620ff5b5f03827c39453fe
anchuras,349,EXTERNAL_WIDTH_INVENTORY,1,PDG2026:observable:M248:M248W0:342590,B_J(5970)0 WIDTH,B_J(5970)0 | Bbar_J(5970)0 | B_J(5970)+ | B_J(5970)-,WIDTH,81+-12,81+-12,MeV,UNAVAILABLE_IN_SNAPSHOT,UNAVAILABLE_IN_SNAPSHOT,NONE,UNAVAILABLE,11.58405073203963,11.42146343467506,COMP-MESON,EXTERNAL_RECORD_ACCOUNTED__INDIVIDUAL_HMT_REALIZATION_NOT_YET_JOINED,named_meson_binding_map,ONLY_AFTER_INTERNAL_FREEZE,NO,2026,2026-01-15,40dc2587d9ae912d26fafb6b41f300f341d2a1f4bd620ff5b5f03827c39453fe
anchuras,350,EXTERNAL_WIDTH_INVENTORY,1,PDG2026:observable:M249:M249W:337869,D_1*(2760)0 WIDTH,D_1^*(2760)0 | Dbar_1^*(2760)0 | D_1^*(2760)+ | D_1^*(2760)-,WIDTH,180+-40,180+-40,MeV,UNAVAILABLE_IN_SNAPSHOT,UNAVAILABLE_IN_SNAPSHOT,NONE,UNAVAILABLE,38.275318418009277,38.275318418009277,COMP-MESON,EXTERNAL_RECORD_ACCOUNTED__INDIVIDUAL_HMT_REALIZATION_NOT_YET_JOINED,named_meson_binding_map,ONLY_AFTER_INTERNAL_FREEZE,NO,2026,2026-01-15,40dc2587d9ae912d26fafb6b41f300f341d2a1f4bd620ff5b5f03827c39453fe
anchuras,351,EXTERNAL_WIDTH_INVENTORY,1,PDG2026:observable:M250:M250W:347917,T_cbar_sbar_0*(2870)0 WIDTH,T_cbar_sbar_0^*(2870)0,WIDTH,68+-17,68+-17,MeV,UNAVAILABLE_IN_SNAPSHOT,UNAVAILABLE_IN_SNAPSHOT,NONE,UNAVAILABLE,16.282833932268769,17.2087901693615,COMP-MESON,EXTERNAL_RECORD_ACCOUNTED__INDIVIDUAL_HMT_REALIZATION_NOT_YET_JOINED,named_meson_binding_map,ONLY_AFTER_INTERNAL_FREEZE,NO,2026,2026-01-15,40dc2587d9ae912d26fafb6b41f300f341d2a1f4bd620ff5b5f03827c39453fe
anchuras,352,EXTERNAL_WIDTH_INVENTORY,1,PDG2026:observable:M251:M251W:347923,T_cbar_sbar_1*(2900)0 WIDTH,T_cbar_sbar_1^*(2900)0,WIDTH,106+-10,106+-10,MeV,UNAVAILABLE_IN_SNAPSHOT,UNAVAILABLE_IN_SNAPSHOT,NONE,UNAVAILABLE,10.39615906316193,10.39615906316193,COMP-MESON,EXTERNAL_RECORD_ACCOUNTED__INDIVIDUAL_HMT_REALIZATION_NOT_YET_JOINED,named_meson_binding_map,ONLY_AFTER_INTERNAL_FREEZE,NO,2026,2026-01-15,40dc2587d9ae912d26fafb6b41f300f341d2a1f4bd620ff5b5f03827c39453fe
anchuras,353,EXTERNAL_WIDTH_INVENTORY,1,PDG2026:observable:M252:M252W:337814,D_0*(2300) WIDTH,D_0^*(2300)0 | Dbar_0^*(2300)0 | D_0^*(2300)+ | D_0^*(2300)-,WIDTH,229+-16,229+-16,MeV,UNAVAILABLE_IN_SNAPSHOT,UNAVAILABLE_IN_SNAPSHOT,NONE,UNAVAILABLE,16.014886897955751,16.014886897955751,COMP-MESON,EXTERNAL_RECORD_ACCOUNTED__INDIVIDUAL_HMT_REALIZATION_NOT_YET_JOINED,named_meson_binding_map,ONLY_AFTER_INTERNAL_FREEZE,NO,2026,2026-01-15,40dc2587d9ae912d26fafb6b41f300f341d2a1f4bd620ff5b5f03827c39453fe
anchuras,354,EXTERNAL_WIDTH_INVENTORY,1,PDG2026:observable:M253:M253W:337822,D_1(2420) WIDTH,D_1(2420)0 | Dbar_1(2420)0 | D_1(2420)+ | D_1(2420)-,WIDTH,31.3+-1.9,31.3+-1.9,MeV,UNAVAILABLE_IN_SNAPSHOT,UNAVAILABLE_IN_SNAPSHOT,NONE,UNAVAILABLE,1.939893766488169,1.931511994340549,COMP-MESON,EXTERNAL_RECORD_ACCOUNTED__INDIVIDUAL_HMT_REALIZATION_NOT_YET_JOINED,named_meson_binding_map,ONLY_AFTER_INTERNAL_FREEZE,NO,2026,2026-01-15,40dc2587d9ae912d26fafb6b41f300f341d2a1f4bd620ff5b5f03827c39453fe
anchuras,355,EXTERNAL_WIDTH_INVENTORY,1,PDG2026:observable:M254:M254W:337837,D_2*(2460) WIDTH,D_2^*(2460)0 | Dbar_2^*(2460)0 | D_2^*(2460)+ | D_2^*(2460)-,WIDTH,47.3+-0.8,47.3+-0.8,MeV,UNAVAILABLE_IN_SNAPSHOT,UNAVAILABLE_IN_SNAPSHOT,NONE,UNAVAILABLE,0.77431347668341055,0.77362957674648969,COMP-MESON,EXTERNAL_RECORD_ACCOUNTED__INDIVIDUAL_HMT_REALIZATION_NOT_YET_JOINED,named_meson_binding_map,ONLY_AFTER_INTERNAL_FREEZE,NO,2026,2026-01-15,40dc2587d9ae912d26fafb6b41f300f341d2a1f4bd620ff5b5f03827c39453fe
anchuras,356,EXTERNAL_WIDTH_INVENTORY,1,PDG2026:observable:M255:M255W:334942,X(1750) WIDTH,X(1750)0,WIDTH,120+-10,120+-10,MeV,UNAVAILABLE_IN_SNAPSHOT,UNAVAILABLE_IN_SNAPSHOT,NONE,UNAVAILABLE,9.2901225622471255,9.8222008027276093,COMP-MESON,EXTERNAL_RECORD_ACCOUNTED__INDIVIDUAL_HMT_REALIZATION_NOT_YET_JOINED,named_meson_binding_map,ONLY_AFTER_INTERNAL_FREEZE,NO,2026,2026-01-15,40dc2587d9ae912d26fafb6b41f300f341d2a1f4bd620ff5b5f03827c39453fe
anchuras,357,EXTERNAL_WIDTH_INVENTORY,1,PDG2026:observable:M256:M256W:338521,D_s0(2590)+ WIDTH,D_s0(2590)+ | D_s0(2590)-,WIDTH,89+-20,89+-20,MeV,UNAVAILABLE_IN_SNAPSHOT,UNAVAILABLE_IN_SNAPSHOT,NONE,UNAVAILABLE,20,20,COMP-MESON,EXTERNAL_RECORD_ACCOUNTED__INDIVIDUAL_HMT_REALIZATION_NOT_YET_JOINED,named_meson_binding_map,ONLY_AFTER_INTERNAL_FREEZE,NO,2026,2026-01-15,40dc2587d9ae912d26fafb6b41f300f341d2a1f4bd620ff5b5f03827c39453fe
anchuras,358,EXTERNAL_WIDTH_INVENTORY,1,PDG2026:observable:M257:M257W:343154,B_sJ(6063)0 WIDTH,B_sJ(6063)0 | Bbar_sJ(6063)0,WIDTH,26+-6,26+-6,MeV,UNAVAILABLE_IN_SNAPSHOT,UNAVAILABLE_IN_SNAPSHOT,NONE,UNAVAILABLE,5.6568542494923806,5.6568542494923806,COMP-MESON,EXTERNAL_RECORD_ACCOUNTED__INDIVIDUAL_HMT_REALIZATION_NOT_YET_JOINED,named_meson_binding_map,ONLY_AFTER_INTERNAL_FREEZE,NO,2026,2026-01-15,40dc2587d9ae912d26fafb6b41f300f341d2a1f4bd620ff5b5f03827c39453fe
anchuras,359,EXTERNAL_WIDTH_INVENTORY,1,PDG2026:observable:M258:M258W:343158,B_sJ(6114)0 WIDTH,B_sJ(6114)0 | Bbar_sJ(6114)0,WIDTH,66+-28,66+-28,MeV,UNAVAILABLE_IN_SNAPSHOT,UNAVAILABLE_IN_SNAPSHOT,NONE,UNAVAILABLE,27.658633371878661,27.658633371878661,COMP-MESON,EXTERNAL_RECORD_ACCOUNTED__INDIVIDUAL_HMT_REALIZATION_NOT_YET_JOINED,named_meson_binding_map,ONLY_AFTER_INTERNAL_FREEZE,NO,2026,2026-01-15,40dc2587d9ae912d26fafb6b41f300f341d2a1f4bd620ff5b5f03827c39453fe
anchuras,360,EXTERNAL_WIDTH_INVENTORY,1,PDG2026:observable:M259:M259W:347965,T_c cbar sbar 1(4000) WIDTH,T_c_cbar_sbar_1(4000)0,WIDTH,5 -- 150,5--150,MeV,UNAVAILABLE_IN_SNAPSHOT,UNAVAILABLE_IN_SNAPSHOT,R,UNAVAILABLE,NOT_APPLICABLE,NOT_APPLICABLE,COMP-MESON,EXTERNAL_RECORD_ACCOUNTED__INDIVIDUAL_HMT_REALIZATION_NOT_YET_JOINED,named_meson_binding_map,ONLY_AFTER_INTERNAL_FREEZE,NO,2026,2026-01-15,40dc2587d9ae912d26fafb6b41f300f341d2a1f4bd620ff5b5f03827c39453fe
anchuras,361,EXTERNAL_WIDTH_INVENTORY,1,PDG2026:observable:M260:M260W:348019,T_c cbar sbar 1(4220)+ WIDTH,T_c_cbar_sbar_1(4220)+,WIDTH,230+110-90,230+110-90,MeV,UNAVAILABLE_IN_SNAPSHOT,UNAVAILABLE_IN_SNAPSHOT,NONE,UNAVAILABLE,110.05907504608609,89.627004859026727,COMP-MESON,EXTERNAL_RECORD_ACCOUNTED__INDIVIDUAL_HMT_REALIZATION_NOT_YET_JOINED,named_meson_binding_map,ONLY_AFTER_INTERNAL_FREEZE,NO,2026,2026-01-15,40dc2587d9ae912d26fafb6b41f300f341d2a1f4bd620ff5b5f03827c39453fe
anchuras,362,EXTERNAL_WIDTH_INVENTORY,1,PDG2026:observable:M261:M261W:346811,chi_c1(4685) WIDTH,chi_c1(4685),WIDTH,180+-50,180+-50,MeV,UNAVAILABLE_IN_SNAPSHOT,UNAVAILABLE_IN_SNAPSHOT,NONE,UNAVAILABLE,49.868992214526223,51.68253103772755,COMP-MESON,EXTERNAL_RECORD_ACCOUNTED__INDIVIDUAL_HMT_REALIZATION_NOT_YET_JOINED,named_meson_binding_map,ONLY_AFTER_INTERNAL_FREEZE,NO,2026,2026-01-15,40dc2587d9ae912d26fafb6b41f300f341d2a1f4bd620ff5b5f03827c39453fe
anchuras,363,EXTERNAL_WIDTH_INVENTORY,1,PDG2026:observable:M262:M262W:346762,X(4630) WIDTH,X(4630),WIDTH,350+140-100,350+140-100,MeV,UNAVAILABLE_IN_SNAPSHOT,UNAVAILABLE_IN_SNAPSHOT,NONE,UNAVAILABLE,137.97165629659631,102.5281698672277,COMP-MESON,EXTERNAL_RECORD_ACCOUNTED__INDIVIDUAL_HMT_REALIZATION_NOT_YET_JOINED,named_meson_binding_map,ONLY_AFTER_INTERNAL_FREEZE,NO,2026,2026-01-15,40dc2587d9ae912d26fafb6b41f300f341d2a1f4bd620ff5b5f03827c39453fe
anchuras,364,EXTERNAL_WIDTH_INVENTORY,1,PDG2026:observable:M263:M263W:334918,a_0(1710) WIDTH,a_0(1710)0,WIDTH,107+-15,107+-15,MeV,UNAVAILABLE_IN_SNAPSHOT,UNAVAILABLE_IN_SNAPSHOT,NONE,UNAVAILABLE,14.82500717857968,14.82500717857968,COMP-MESON,EXTERNAL_RECORD_ACCOUNTED__INDIVIDUAL_HMT_REALIZATION_NOT_YET_JOINED,named_meson_binding_map,ONLY_AFTER_INTERNAL_FREEZE,NO,2026,2026-01-15,40dc2587d9ae912d26fafb6b41f300f341d2a1f4bd620ff5b5f03827c39453fe
anchuras,365,EXTERNAL_WIDTH_INVENTORY,1,PDG2026:observable:M264:M264W:334993,f_0(1810) Breit-Wigner WIDTH,f_0(1810)0,WIDTH,137+15-17,137+15-17,MeV,UNAVAILABLE_IN_SNAPSHOT,UNAVAILABLE_IN_SNAPSHOT,NONE,UNAVAILABLE,15.027393581054231,16.785983289291,COMP-MESON,EXTERNAL_RECORD_ACCOUNTED__INDIVIDUAL_HMT_REALIZATION_NOT_YET_JOINED,named_meson_binding_map,ONLY_AFTER_INTERNAL_FREEZE,NO,2026,2026-01-15,40dc2587d9ae912d26fafb6b41f300f341d2a1f4bd620ff5b5f03827c39453fe
anchuras,366,EXTERNAL_WIDTH_INVENTORY,1,PDG2026:observable:M265:M265W:347935,T_c_c(3875)+ WIDTH,T_c_c(3875)+,WIDTH,0.048+0.0020-0.0141,0.048+0.0020-0.0141,MeV,UNAVAILABLE_IN_SNAPSHOT,UNAVAILABLE_IN_SNAPSHOT,NONE,UNAVAILABLE,0.002,0.014142135623730951,COMP-MESON,EXTERNAL_RECORD_ACCOUNTED__INDIVIDUAL_HMT_REALIZATION_NOT_YET_JOINED,named_meson_binding_map,ONLY_AFTER_INTERNAL_FREEZE,NO,2026,2026-01-15,40dc2587d9ae912d26fafb6b41f300f341d2a1f4bd620ff5b5f03827c39453fe
anchuras,367,EXTERNAL_WIDTH_INVENTORY,1,PDG2026:observable:M266:M266W:335274,f_0(2470) WIDTH,f_0(2470)0,WIDTH,75+14-12,75+14-12,MeV,UNAVAILABLE_IN_SNAPSHOT,UNAVAILABLE_IN_SNAPSHOT,NONE,UNAVAILABLE,14.2126704035519,12.041594578792299,COMP-MESON,EXTERNAL_RECORD_ACCOUNTED__INDIVIDUAL_HMT_REALIZATION_NOT_YET_JOINED,named_meson_binding_map,ONLY_AFTER_INTERNAL_FREEZE,NO,2026,2026-01-15,40dc2587d9ae912d26fafb6b41f300f341d2a1f4bd620ff5b5f03827c39453fe
anchuras,368,EXTERNAL_WIDTH_INVENTORY,1,PDG2026:observable:M267:M267W:335029,eta_1(1855) WIDTH,eta_1(1855)0,WIDTH,188+-19,188+-19,MeV,UNAVAILABLE_IN_SNAPSHOT,UNAVAILABLE_IN_SNAPSHOT,NONE,UNAVAILABLE,18.248287590894659,19.697715603592211,COMP-MESON,EXTERNAL_RECORD_ACCOUNTED__INDIVIDUAL_HMT_REALIZATION_NOT_YET_JOINED,named_meson_binding_map,ONLY_AFTER_INTERNAL_FREEZE,NO,2026,2026-01-15,40dc2587d9ae912d26fafb6b41f300f341d2a1f4bd620ff5b5f03827c39453fe
anchuras,369,EXTERNAL_WIDTH_INVENTORY,1,PDG2026:observable:M268:M268W:348045,T_c_c_cbar_cbar(6900)0 WIDTH,T_c_c_cbar_cbar(6900)+,WIDTH,161+-26,161+-26,MeV,UNAVAILABLE_IN_SNAPSHOT,UNAVAILABLE_IN_SNAPSHOT,NONE,UNAVAILABLE,27.00038424522608,25.460154585260579,COMP-MESON,EXTERNAL_RECORD_ACCOUNTED__INDIVIDUAL_HMT_REALIZATION_NOT_YET_JOINED,named_meson_binding_map,ONLY_AFTER_INTERNAL_FREEZE,NO,2026,2026-01-15,40dc2587d9ae912d26fafb6b41f300f341d2a1f4bd620ff5b5f03827c39453fe
anchuras,370,EXTERNAL_WIDTH_INVENTORY,1,PDG2026:observable:M269:M269W:347928,T_c_sbar_0*(2900)0 WIDTH,T_c_sbar_0^*(2900)+,WIDTH,119+-29,119+-29,MeV,UNAVAILABLE_IN_SNAPSHOT,UNAVAILABLE_IN_SNAPSHOT,NONE,UNAVAILABLE,29.068883707497271,29.068883707497271,COMP-MESON,EXTERNAL_RECORD_ACCOUNTED__INDIVIDUAL_HMT_REALIZATION_NOT_YET_JOINED,named_meson_binding_map,ONLY_AFTER_INTERNAL_FREEZE,NO,2026,2026-01-15,40dc2587d9ae912d26fafb6b41f300f341d2a1f4bd620ff5b5f03827c39453fe
anchuras,371,EXTERNAL_WIDTH_INVENTORY,1,PDG2026:observable:M269:M269W++:347929,T_c_sbar_0*(2900)++ WIDTH,T_c_sbar_0^*(2900)+,WIDTH,140+-40,140+-40,MeV,UNAVAILABLE_IN_SNAPSHOT,UNAVAILABLE_IN_SNAPSHOT,NONE,UNAVAILABLE,36.235341863986868,36.235341863986868,COMP-MESON,EXTERNAL_RECORD_ACCOUNTED__INDIVIDUAL_HMT_REALIZATION_NOT_YET_JOINED,named_meson_binding_map,ONLY_AFTER_INTERNAL_FREEZE,NO,2026,2026-01-15,40dc2587d9ae912d26fafb6b41f300f341d2a1f4bd620ff5b5f03827c39453fe
anchuras,372,EXTERNAL_WIDTH_INVENTORY,1,PDG2026:observable:M270:M270W:335222,omega(2220) WIDTH,omega(2220)0,WIDTH,105+-34,105+-34,MeV,UNAVAILABLE_IN_SNAPSHOT,UNAVAILABLE_IN_SNAPSHOT,NONE,UNAVAILABLE,33.807267697768303,33.807267697768303,COMP-MESON,EXTERNAL_RECORD_ACCOUNTED__INDIVIDUAL_HMT_REALIZATION_NOT_YET_JOINED,named_meson_binding_map,ONLY_AFTER_INTERNAL_FREEZE,NO,2026,2026-01-15,40dc2587d9ae912d26fafb6b41f300f341d2a1f4bd620ff5b5f03827c39453fe
anchuras,373,EXTERNAL_WIDTH_INVENTORY,1,PDG2026:observable:M272:M272W:348041,T_c c cbar cbar(6600) WIDTH,T_c c cbar cbar(6600)+,WIDTH,440+-70,440+-70,MeV,UNAVAILABLE_IN_SNAPSHOT,UNAVAILABLE_IN_SNAPSHOT,NONE,UNAVAILABLE,74.676988436660039,68.966189416634236,COMP-MESON,EXTERNAL_RECORD_ACCOUNTED__INDIVIDUAL_HMT_REALIZATION_NOT_YET_JOINED,named_meson_binding_map,ONLY_AFTER_INTERNAL_FREEZE,NO,2026,2026-01-15,40dc2587d9ae912d26fafb6b41f300f341d2a1f4bd620ff5b5f03827c39453fe
anchuras,374,EXTERNAL_WIDTH_INVENTORY,1,PDG2026:observable:M273:M273W:348049,T_c c cbar cbar(7100) WIDTH,T_c c cbar cbar(7100)+,WIDTH,100+50-40,100+50-40,MeV,UNAVAILABLE_IN_SNAPSHOT,UNAVAILABLE_IN_SNAPSHOT,NONE,UNAVAILABLE,49.406477308142499,38.948684188300888,COMP-MESON,EXTERNAL_RECORD_ACCOUNTED__INDIVIDUAL_HMT_REALIZATION_NOT_YET_JOINED,named_meson_binding_map,ONLY_AFTER_INTERNAL_FREEZE,NO,2026,2026-01-15,40dc2587d9ae912d26fafb6b41f300f341d2a1f4bd620ff5b5f03827c39453fe
anchuras,375,EXTERNAL_WIDTH_INVENTORY,1,PDG2026:observable:Q007:Q007W:333618,t-quark DECAY WIDTH,t | tbar,WIDTH,1.42+0.19-0.15,1.42+0.19-0.15,GeV,UNAVAILABLE_IN_SNAPSHOT,UNAVAILABLE_IN_SNAPSHOT,NONE,UNAVAILABLE,0.19051342973542351,0.15256041171179069,QUARK_EXTENDED,EXTERNAL_RECORD_ACCOUNTED__INDIVIDUAL_HMT_REALIZATION_NOT_YET_JOINED,quark_identity_scheme_scale_map,ONLY_AFTER_INTERNAL_FREEZE,NO,2026,2026-01-15,40dc2587d9ae912d26fafb6b41f300f341d2a1f4bd620ff5b5f03827c39453fe
anchuras,376,EXTERNAL_WIDTH_INVENTORY,1,PDG2026:observable:S014:S014W:333730,eta WIDTH,eta,WIDTH,1.31+-0.05,1.31+-0.05,keV,UNAVAILABLE_IN_SNAPSHOT,UNAVAILABLE_IN_SNAPSHOT,NONE,UNAVAILABLE,0.045198908079192503,0.045198908079192503,ELEMENTARY_OR_EXTENDED,EXTERNAL_RECORD_ACCOUNTED__INDIVIDUAL_HMT_REALIZATION_NOT_YET_JOINED,identity_to_public_sector_or_new_typed_sector,ONLY_AFTER_INTERNAL_FREEZE,NO,2026,2026-01-15,40dc2587d9ae912d26fafb6b41f300f341d2a1f4bd620ff5b5f03827c39453fe
anchuras,377,EXTERNAL_WIDTH_INVENTORY,1,PDG2026:observable:S026:S026W+:351720,Sigma_b+ WIDTH,Sigma_b()- | Sigmabar_b()+ | Sigma_b()0 | Sigmabar_b()0 | Sigma_b()+ | Sigmabar_b()-,WIDTH,5.0+-0.5,5.0+-0.5,MeV,UNAVAILABLE_IN_SNAPSHOT,UNAVAILABLE_IN_SNAPSHOT,NONE,UNAVAILABLE,0.47919801016756203,0.47660443013974058,ELEMENTARY_OR_EXTENDED,EXTERNAL_RECORD_ACCOUNTED__INDIVIDUAL_HMT_REALIZATION_NOT_YET_JOINED,identity_to_public_sector_or_new_typed_sector,ONLY_AFTER_INTERNAL_FREEZE,NO,2026,2026-01-15,40dc2587d9ae912d26fafb6b41f300f341d2a1f4bd620ff5b5f03827c39453fe
anchuras,378,EXTERNAL_WIDTH_INVENTORY,1,PDG2026:observable:S026:S026W-:351721,Sigma_b- WIDTH,Sigma_b()- | Sigmabar_b()+ | Sigma_b()0 | Sigmabar_b()0 | Sigma_b()+ | Sigmabar_b()-,WIDTH,5.3+-0.5,5.3+-0.5,MeV,UNAVAILABLE_IN_SNAPSHOT,UNAVAILABLE_IN_SNAPSHOT,NONE,UNAVAILABLE,0.55180022333948409,0.54475371590490007,ELEMENTARY_OR_EXTENDED,EXTERNAL_RECORD_ACCOUNTED__INDIVIDUAL_HMT_REALIZATION_NOT_YET_JOINED,identity_to_public_sector_or_new_typed_sector,ONLY_AFTER_INTERNAL_FREEZE,NO,2026,2026-01-15,40dc2587d9ae912d26fafb6b41f300f341d2a1f4bd620ff5b5f03827c39453fe
anchuras,379,EXTERNAL_WIDTH_INVENTORY,1,PDG2026:observable:S043:S043W:332468,W WIDTH,W+ | W-,WIDTH,2.14+-0.05,2.14+-0.05,GeV,UNAVAILABLE_IN_SNAPSHOT,UNAVAILABLE_IN_SNAPSHOT,NONE,UNAVAILABLE,0.053656225003149413,0.053656225003149413,ELEMENTARY_OR_EXTENDED,EXTERNAL_RECORD_ACCOUNTED__INDIVIDUAL_HMT_REALIZATION_NOT_YET_JOINED,identity_to_public_sector_or_new_typed_sector,ONLY_AFTER_INTERNAL_FREEZE,NO,2026,2026-01-15,40dc2587d9ae912d26fafb6b41f300f341d2a1f4bd620ff5b5f03827c39453fe
anchuras,380,EXTERNAL_WIDTH_INVENTORY,1,PDG2026:observable:S044:S044W:332514,Z WIDTH,Z0,WIDTH,2.4955+-0.0023,2.4955+-0.0023,GeV,UNAVAILABLE_IN_SNAPSHOT,UNAVAILABLE_IN_SNAPSHOT,NONE,UNAVAILABLE,0.0023,0.0023,ELEMENTARY_OR_EXTENDED,EXTERNAL_RECORD_ACCOUNTED__INDIVIDUAL_HMT_REALIZATION_NOT_YET_JOINED,identity_to_public_sector_or_new_typed_sector,ONLY_AFTER_INTERNAL_FREEZE,NO,2026,2026-01-15,40dc2587d9ae912d26fafb6b41f300f341d2a1f4bd620ff5b5f03827c39453fe
anchuras,381,EXTERNAL_WIDTH_INVENTORY,1,PDG2026:observable:S062:S062W+:351729,Sigma_b*+ WIDTH,Sigma_b^*()- | Sigmabar_b^*()+ | Sigma_b^*()0 | Sigmabar_b^*()0 | Sigma_b^*()+ | Sigmabar_b^*()-,WIDTH,9.4+-0.5,9.4+-0.5,MeV,UNAVAILABLE_IN_SNAPSHOT,UNAVAILABLE_IN_SNAPSHOT,NONE,UNAVAILABLE,0.52801285527312969,0.52651649982212589,ELEMENTARY_OR_EXTENDED,EXTERNAL_RECORD_ACCOUNTED__INDIVIDUAL_HMT_REALIZATION_NOT_YET_JOINED,identity_to_public_sector_or_new_typed_sector,ONLY_AFTER_INTERNAL_FREEZE,NO,2026,2026-01-15,40dc2587d9ae912d26fafb6b41f300f341d2a1f4bd620ff5b5f03827c39453fe
anchuras,382,EXTERNAL_WIDTH_INVENTORY,1,PDG2026:observable:S062:S062W-:351730,Sigma_b*- WIDTH,Sigma_b^*()- | Sigmabar_b^*()+ | Sigma_b^*()0 | Sigmabar_b^*()0 | Sigma_b^*()+ | Sigmabar_b^*()-,WIDTH,10.4+-0.8,10.4+-0.8,MeV,UNAVAILABLE_IN_SNAPSHOT,UNAVAILABLE_IN_SNAPSHOT,NONE,UNAVAILABLE,0.8458982463825464,0.84310730525944599,ELEMENTARY_OR_EXTENDED,EXTERNAL_RECORD_ACCOUNTED__INDIVIDUAL_HMT_REALIZATION_NOT_YET_JOINED,identity_to_public_sector_or_new_typed_sector,ONLY_AFTER_INTERNAL_FREEZE,NO,2026,2026-01-15,40dc2587d9ae912d26fafb6b41f300f341d2a1f4bd620ff5b5f03827c39453fe
anchuras,383,EXTERNAL_WIDTH_INVENTORY,1,PDG2026:observable:S074:S074W:338419,D_s*+- WIDTH,D_s^*()+ | D_s^*()-,WIDTH,<1.9,<1.9,MeV,UNAVAILABLE_IN_SNAPSHOT,UNAVAILABLE_IN_SNAPSHOT,U,90,NOT_APPLICABLE,NOT_APPLICABLE,ELEMENTARY_OR_EXTENDED,EXTERNAL_RECORD_ACCOUNTED__INDIVIDUAL_HMT_REALIZATION_NOT_YET_JOINED,identity_to_public_sector_or_new_typed_sector,ONLY_AFTER_INTERNAL_FREEZE,NO,2026,2026-01-15,40dc2587d9ae912d26fafb6b41f300f341d2a1f4bd620ff5b5f03827c39453fe
anchuras,384,EXTERNAL_WIDTH_INVENTORY,1,PDG2026:observable:S126:S126W:332734,H DECAY WIDTH,H,WIDTH,3.0+1.5-0.7,3.0+1.5-0.7,MeV,UNAVAILABLE_IN_SNAPSHOT,UNAVAILABLE_IN_SNAPSHOT,NONE,UNAVAILABLE,1.4529736900176831,0.71501191940991071,ELEMENTARY_OR_EXTENDED,EXTERNAL_RECORD_ACCOUNTED__INDIVIDUAL_HMT_REALIZATION_NOT_YET_JOINED,identity_to_public_sector_or_new_typed_sector,ONLY_AFTER_INTERNAL_FREEZE,NO,2026,2026-01-15,40dc2587d9ae912d26fafb6b41f300f341d2a1f4bd620ff5b5f03827c39453fe
